sec_code,filer_name,current_assets,total_liabilities,total_assets,equity_value,equity_type,equity_ratio,equity_basis,equity_total,equity_total_type,equity_ratio_total,equity_parent,equity_parent_type,equity_ratio_parent,cash_and_equivalents,cash_basis,cash_bs,cash_cf,shares_outstanding,shares_as_of,shares_source,doc_id,submit_date,doc_type,accounting_standard,consolidated,fiscal_period,bs_date
3955,株式会社イムラ,8767000000,9543000000,27781000000,18238000000,NetAssets,65.65,total,18238000000,NetAssets,65.65,16320000000.0,ShareholdersEquity,58.75,2112000000,bs,2112000000.0,1980000000,10729370.0,2026-09-14,NumberOfIssuedSharesAsOfFilingDateIssuedSharesTotalNumberOfSharesEtc,S100Z1WA,2026-09-15,160,J-GAAP,連結,2027-01-31,2026-07-31
3191,株式会社ジョイフル本田,57948000000,41234000000,167672000000,126438000000,NetAssets,75.41,total,126438000000,NetAssets,75.41,124831000000.0,ShareholdersEquity,74.45,25193000000,bs,25193000000.0,24974000000,63784612.0,2026-09-15,NumberOfIssuedSharesAsOfFilingDateIssuedSharesTotalNumberOfSharesEtc,S100Z1T7,2026-09-15,120,J-GAAP,連結,2026-06-20,2026-06-20
6757,株式会社ＯＳＧコーポレーション,4188578000,4031346000,6767115000,2735769000,NetAssets,40.43,total,2735769000,NetAssets,40.43,2305482000.0,ShareholdersEquity,34.07,2342549000,bs,2342549000.0,596014000,5500000.0,2026-09-14,NumberOfIssuedSharesAsOfFilingDateIssuedSharesTotalNumberOfSharesEtc,S100Z1RH,2026-09-14,160,J-GAAP,連結,2027-01-31,2026-07-31
4369,株式会社　トリケミカル研究所,24444625000,10871649000,49121227000,38249578000,NetAssets,77.87,total,38249578000,NetAssets,77.87,37361880000.0,ShareholdersEquity,76.06,10078603000,bs,10078603000.0,10078603000,32498640.0,2026-09-14,NumberOfIssuedSharesAsOfFilingDateIssuedSharesTotalNumberOfSharesEtc,S100Z10P,2026-09-14,160,J-GAAP,連結,2026-07-31,2026-07-31
6336,株式会社石井表記,10767000000,4647000000,15861000000,11213000000,NetAssets,70.7,total,11213000000,NetAssets,70.7,9574000000.0,ShareholdersEquity,60.36,3608000000,bs,3608000000.0,1965000000,8176452.0,2026-09-14,NumberOfIssuedSharesAsOfFilingDateIssuedSharesTotalNumberOfSharesEtc,S100Z1X7,2026-09-14,160,J-GAAP,連結,2027-01-31,2026-07-31
4334,株式会社ユークス,2689586000,1219482000,3804111000,2584628000,NetAssets,67.94,total,2584628000,NetAssets,67.94,2463281000.0,ShareholdersEquity,64.75,1079732000,bs,1079732000.0,1079732000,11096000.0,2026-09-14,NumberOfIssuedSharesAsOfFilingDateIssuedSharesTotalNumberOfSharesEtc,S100Z1QW,2026-09-14,160,J-GAAP,連結,2027-01-31,2026-07-31
9517,イーレックス株式会社,63824000000,92431000000,170095000000,77663000000,EquityIFRS,45.66,total,77663000000,EquityIFRS,45.66,70388000000.0,EquityAttributableToOwnersOfParentIFRS,41.38,27569000000,cf,,27569000000,78161608.0,2026-06-25,NumberOfIssuedSharesAsOfFilingDateIssuedSharesTotalNumberOfSharesEtc,S100YKV1,2026-06-25,120,IFRS,連結,2026-03-31,2026-03-31
9743,株式会社丹青社,42577000000,16099000000,54405000000,38305000000,NetAssets,70.41,total,38305000000,NetAssets,70.41,36209000000.0,ShareholdersEquity,66.55,13836000000,bs,13836000000.0,14332000000,48424071.0,2026-09-14,NumberOfIssuedSharesAsOfFilingDateIssuedSharesTotalNumberOfSharesEtc,S100Z1E2,2026-09-14,160,J-GAAP,連結,2027-01-31,2026-07-31
3399,株式会社丸千代山岡家,8991051000,7259173000,18235671000,10976498000,NetAssets,60.19,total,10976498000,NetAssets,60.19,10903097000.0,ShareholdersEquity,59.79,5443123000,bs,5443123000.0,5211804000,20112800.0,2026-09-14,NumberOfIssuedSharesAsOfFilingDateIssuedSharesTotalNumberOfSharesEtc,S100Z21U,2026-09-14,160,J-GAAP,個別,2027-01-31,2026-07-31
8013,株式会社ナイガイ,8344000000,5998000000,13240000000,7242000000,NetAssets,54.7,total,7242000000,NetAssets,54.7,4608000000.0,ShareholdersEquity,34.8,2882000000,bs,2882000000.0,2866000000,8217281.0,2026-09-14,NumberOfIssuedSharesAsOfFilingDateIssuedSharesTotalNumberOfSharesEtc,S100Z1JI,2026-09-14,160,J-GAAP,連結,2027-01-31,2026-07-31
6898,トミタ電機株式会社,2529000000,650482000,4736336000,4085853000,NetAssets,86.27,total,4085853000,NetAssets,86.27,3393387000.0,ShareholdersEquity,71.65,1148971000,bs,1148971000.0,1148971000,816979.0,2026-09-14,NumberOfIssuedSharesAsOfFilingDateIssuedSharesTotalNumberOfSharesEtc,S100Z1RL,2026-09-14,160,J-GAAP,連結,2027-01-31,2026-07-31
9632,スバル興業株式会社,23003859000,6556844000,44787575000,38230731000,NetAssets,85.36,total,38230731000,NetAssets,85.36,38121046000.0,ShareholdersEquity,85.12,16352604000,bs,16352604000.0,16322604000,13310000.0,2026-09-14,NumberOfIssuedSharesAsOfFilingDateIssuedSharesTotalNumberOfSharesEtc,S100Z20G,2026-09-14,160,J-GAAP,連結,2027-01-31,2026-07-31
6497,株式会社ハマイ,11125088000,4351773000,21375011000,17023237000,NetAssets,79.64,total,17023237000,NetAssets,79.64,14544367000.0,ShareholdersEquity,68.04,2633716000,bs,2633716000.0,2685576000,7424140.0,2026-09-14,NumberOfIssuedSharesAsOfFilingDateIssuedSharesTotalNumberOfSharesEtc,S100Z21B,2026-09-14,160,J-GAAP,連結,2026-12-31,2026-06-30
5248,株式会社テクノロジーズ,14365833000,20338924000,25537208000,5198284000,NetAssets,20.36,total,5198284000,NetAssets,20.36,1511143000.0,ShareholdersEquity,5.92,1999231000,bs,1999231000.0,1900024000,16922400.0,2026-09-14,NumberOfIssuedSharesAsOfFilingDateIssuedSharesTotalNumberOfSharesEtc,S100Z1ZU,2026-09-14,160,J-GAAP,連結,2027-01-31,2026-07-31
3665,株式会社エニグモ,7116916000,2505930000,12286270000,9780339000,NetAssets,79.6,total,9780339000,NetAssets,79.6,8794599000.0,ShareholdersEquity,71.58,6485255000,bs,6485255000.0,6185255000,42642000.0,2026-09-14,NumberOfIssuedSharesAsOfFilingDateIssuedSharesTotalNumberOfSharesEtc,S100Z1XS,2026-09-14,160,J-GAAP,連結,2027-01-31,2026-07-31
2776,新都ホールディングス株式会社,9879536000,10980995000,15416792000,4435797000,NetAssets,28.77,total,4435797000,NetAssets,28.77,3530545000.0,ShareholdersEquity,22.9,1475250000,bs,1475250000.0,1431128000,55827500.0,2026-09-14,NumberOfIssuedSharesAsOfFilingDateIssuedSharesTotalNumberOfSharesEtc,S100Z12G,2026-09-14,160,J-GAAP,連結,2027-01-31,2026-07-31
5888,ＤＡＩＷＡ　ＣＹＣＬＥ株式会社,6941868000,3459298000,10138119000,6678820000,NetAssets,65.88,total,6678820000,NetAssets,65.88,6678820000.0,ShareholdersEquity,65.88,851156000,bs,851156000.0,851156000,2758600.0,2026-09-14,NumberOfIssuedSharesAsOfFilingDateIssuedSharesTotalNumberOfSharesEtc,S100Z1SI,2026-09-14,160,J-GAAP,個別,2027-01-31,2026-07-31
4174,株式会社アピリッツ,4575140000,3926036000,5822814000,1896777000,NetAssets,32.57,total,1896777000,NetAssets,32.57,1810105000.0,ShareholdersEquity,31.09,1985796000,bs,1985796000.0,1985257000,4220262.0,2026-09-14,NumberOfIssuedSharesAsOfFilingDateIssuedSharesTotalNumberOfSharesEtc,S100Z1JK,2026-09-14,160,J-GAAP,連結,2027-01-31,2026-07-31
5889,Ｊａｐａｎ　Ｅｙｅｗｅａｒ　Ｈｏｌｄｉｎｇｓ株式会社,7999000000,21671000000,41177000000,19506000000,EquityIFRS,47.37,total,19506000000,EquityIFRS,47.37,19506000000.0,EquityAttributableToOwnersOfParentIFRS,47.37,3617000000,cf,,3617000000,24244460.0,2026-09-14,NumberOfIssuedSharesAsOfFilingDateIssuedSharesTotalNumberOfSharesEtc,S100Z264,2026-09-14,160,IFRS,連結,2027-01-31,2026-07-31
5075,アップコン株式会社,1377255000,330042000,2290049000,1960007000,NetAssets,85.59,total,1960007000,NetAssets,85.59,1882917000.0,ShareholdersEquity,82.22,1101203000,bs,1101203000.0,1104990000,4247200.0,2026-09-14,NumberOfIssuedSharesAsOfFilingDateIssuedSharesTotalNumberOfSharesEtc,S100Z1UC,2026-09-14,160,J-GAAP,個別,2027-01-31,2026-07-31
4592,サンバイオ株式会社,13380807000,1920351000,13645346000,11724995000,NetAssets,85.93,total,11724995000,NetAssets,85.93,17726414000.0,ShareholdersEquity,129.91,12748210000,bs,12748210000.0,12677111000,78058883.0,2026-09-14,NumberOfIssuedSharesAsOfFilingDateIssuedSharesTotalNumberOfSharesEtc,S100Z25X,2026-09-14,160,J-GAAP,連結,2027-01-31,2026-07-31
3415,株式会社ＴＯＫＹＯ　ＢＡＳＥ,9723365000,9235413000,15294415000,6059002000,NetAssets,39.62,total,6059002000,NetAssets,39.62,6158666000.0,ShareholdersEquity,40.27,3523338000,bs,3523338000.0,3523338000,43959482.0,2026-09-14,NumberOfIssuedSharesAsOfFilingDateIssuedSharesTotalNumberOfSharesEtc,S100Z20T,2026-09-14,160,J-GAAP,連結,2027-01-31,2026-07-31
3565,アセンテック株式会社,28735409000,25355917000,31938985000,6583068000,NetAssets,20.61,total,6583068000,NetAssets,20.61,6570945000.0,ShareholdersEquity,20.57,10027054000,bs,10027054000.0,2527054000,43740000.0,2026-09-14,NumberOfIssuedSharesAsOfFilingDateIssuedSharesTotalNumberOfSharesEtc,S100Z25I,2026-09-14,160,J-GAAP,連結,2027-01-31,2026-07-31
7073,株式会社ジェイック,1965951000,2015513000,2887120000,871607000,NetAssets,30.19,total,871607000,NetAssets,30.19,879218000.0,ShareholdersEquity,30.45,1420871000,bs,1420871000.0,1420871000,937300.0,2026-09-14,NumberOfIssuedSharesAsOfFilingDateIssuedSharesTotalNumberOfSharesEtc,S100Z22O,2026-09-14,160,J-GAAP,連結,2027-01-31,2026-07-31
3169,株式会社ミサワ,3731286000,2307613000,5505580000,3197967000,NetAssets,58.09,total,3197967000,NetAssets,58.09,3197967000.0,ShareholdersEquity,58.09,1379691000,bs,1379691000.0,1379691000,7112400.0,2026-09-14,NumberOfIssuedSharesAsOfFilingDateIssuedSharesTotalNumberOfSharesEtc,S100Z26J,2026-09-14,160,J-GAAP,個別,2027-01-31,2026-07-31
7614,株式会社オーエムツーネットワーク,14270699000,5159782000,23511266000,18351483000,NetAssets,78.05,total,18351483000,NetAssets,78.05,18195328000.0,ShareholdersEquity,77.39,8592887000,bs,8592887000.0,11149687000,7335634.0,2026-09-14,NumberOfIssuedSharesAsOfFilingDateIssuedSharesTotalNumberOfSharesEtc,S100Z1QF,2026-09-14,160,J-GAAP,連結,2027-01-31,2026-07-31
3070,株式会社ジェリービーンズグループ,3187606000,1610588000,6238158000,4627569000,NetAssets,74.18,total,4627569000,NetAssets,74.18,4486093000.0,ShareholdersEquity,71.91,346989000,bs,346989000.0,346989000,83143500.0,2026-09-14,NumberOfIssuedSharesAsOfFilingDateIssuedSharesTotalNumberOfSharesEtc,S100Z26U,2026-09-14,160,J-GAAP,連結,2027-01-31,2026-07-31
456A,ＨＵＭＡＮ　ＭＡＤＥ株式会社,13383727000,3384358000,16948876000,13564518000,NetAssets,80.03,total,13564518000,NetAssets,80.03,13546774000.0,ShareholdersEquity,79.93,10409472000,bs,10409472000.0,10409472000,91666322.0,2026-09-14,NumberOfIssuedSharesAsOfFilingDateIssuedSharesTotalNumberOfSharesEtc,S100Z26N,2026-09-14,160,J-GAAP,連結,2027-01-31,2026-07-31
4053,株式会社Ｓｕｎ　Ａｓｔｅｒｉｓｋ,15365000000,7439000000,19299000000,11859000000,NetAssets,61.45,total,11859000000,NetAssets,61.45,10640000000.0,ShareholdersEquity,55.13,12269000000,bs,12269000000.0,6352000000,40096800.0,2026-09-14,NumberOfIssuedSharesAsOfFilingDateIssuedSharesTotalNumberOfSharesEtc,S100Z279,2026-09-14,160,J-GAAP,連結,2026-12-31,2026-06-30
7683,株式会社ダブルエー,10787814000,3283006000,14260785000,10977778000,NetAssets,76.98,total,10977778000,NetAssets,76.98,10657592000.0,ShareholdersEquity,74.73,2933735000,bs,2933735000.0,2863555000,19084400.0,2026-09-14,NumberOfIssuedSharesAsOfFilingDateIssuedSharesTotalNumberOfSharesEtc,S100Z27F,2026-09-14,160,J-GAAP,連結,2027-01-31,2026-07-31
2997,株式会社ストレージ王,3974588000,4498128000,5571515000,1073387000,NetAssets,19.27,total,1073387000,NetAssets,19.27,1071350000.0,ShareholdersEquity,19.23,716569000,bs,716569000.0,700058000,1891500.0,2026-09-14,NumberOfIssuedSharesAsOfFilingDateIssuedSharesTotalNumberOfSharesEtc,S100Z27Q,2026-09-14,160,J-GAAP,個別,2027-01-31,2026-07-31
3931,株式会社バリューゴルフ,2727678000,2159857000,3192679000,1032821000,NetAssets,32.35,total,1032821000,NetAssets,32.35,1030421000.0,ShareholdersEquity,32.27,745040000,bs,745040000.0,705723000,1807000.0,2026-09-14,NumberOfIssuedSharesAsOfFilingDateIssuedSharesTotalNumberOfSharesEtc,S100Z22D,2026-09-14,160,J-GAAP,連結,2026-07-31,2026-07-31
2217,モロゾフ株式会社,10340887000,7222431000,27175056000,19952625000,NetAssets,73.42,total,19952625000,NetAssets,73.42,18826199000.0,ShareholdersEquity,69.28,2544452000,bs,2544452000.0,2544452000,20565356.0,2026-09-14,NumberOfIssuedSharesAsOfFilingDateIssuedSharesTotalNumberOfSharesEtc,S100Z1Z3,2026-09-14,160,J-GAAP,連結,2027-01-31,2026-07-31
278A,Ｔｅｒｒａ　Ｄｒｏｎｅ株式会社,9667130000,1857414000,11746461000,9889047000,NetAssets,84.19,total,9889047000,NetAssets,84.19,9712217000.0,ShareholdersEquity,82.68,7285361000,bs,7285361000.0,7285361000,10805300.0,2026-09-14,NumberOfIssuedSharesAsOfFilingDateIssuedSharesTotalNumberOfSharesEtc,S100Z276,2026-09-14,160,J-GAAP,連結,2027-01-31,2026-07-31
3657,ポールトゥウィンホールディングス株式会社,15929889000,13392722000,21781943000,8389220000,NetAssets,38.51,total,8389220000,NetAssets,38.51,7358391000.0,ShareholdersEquity,33.78,7112867000,bs,7112867000.0,7112867000,38156000.0,2026-09-14,NumberOfIssuedSharesAsOfFilingDateIssuedSharesTotalNumberOfSharesEtc,S100Z1JW,2026-09-14,160,J-GAAP,連結,2027-01-31,2026-07-31
168A,株式会社イタミアート,1804254000,4472132000,5804200000,1332067000,NetAssets,22.95,total,1332067000,NetAssets,22.95,1329696000.0,ShareholdersEquity,22.91,705243000,bs,705243000.0,471818000,1470000.0,2026-09-14,NumberOfIssuedSharesAsOfFilingDateIssuedSharesTotalNumberOfSharesEtc,S100Z1T9,2026-09-14,160,J-GAAP,連結,2027-01-31,2026-07-31
4380,株式会社Ｍマート,3269033000,1081979000,3346048000,2264069000,NetAssets,67.66,total,2264069000,NetAssets,67.66,2264069000.0,ShareholdersEquity,67.66,2721501000,bs,2721501000.0,2393879000,9781600.0,2026-09-14,NumberOfIssuedSharesAsOfFilingDateIssuedSharesTotalNumberOfSharesEtc,S100Z27W,2026-09-14,160,J-GAAP,個別,2027-01-31,2026-07-31
9942,株式会社ジョイフル,7144000000,18588000000,34189000000,15601000000,NetAssets,45.63,total,15601000000,NetAssets,45.63,15132000000.0,ShareholdersEquity,44.26,2205000000,bs,2205000000.0,2195000000,31931900.0,2026-09-14,NumberOfIssuedSharesAsOfFilingDateIssuedSharesTotalNumberOfSharesEtc,S100Z1WR,2026-09-14,120,J-GAAP,連結,2026-06-30,2026-06-30
3246,株式会社コーセーアールイー,16645155000,8756359000,19148643000,10392284000,NetAssets,54.27,total,10392284000,NetAssets,54.27,10392284000.0,ShareholdersEquity,54.27,2263882000,bs,2263882000.0,2049144000,10368000.0,2026-09-11,NumberOfIssuedSharesAsOfFilingDateIssuedSharesTotalNumberOfSharesEtc,S100Z19D,2026-09-11,160,J-GAAP,連結,2027-01-31,2026-07-31
6654,不二電機工業株式会社,6671131000,1022373000,11657550000,10635177000,NetAssets,91.23,total,10635177000,NetAssets,91.23,9815435000.0,ShareholdersEquity,84.2,4108407000,bs,4108407000.0,908407000,6299000.0,2026-09-11,NumberOfIssuedSharesAsOfFilingDateIssuedSharesTotalNumberOfSharesEtc,S100Z1M9,2026-09-11,160,J-GAAP,個別,2027-01-31,2026-07-31
3071,株式会社ストリーム,6690411000,4639206000,7634526000,2995319000,NetAssets,39.23,total,2995319000,NetAssets,39.23,2960604000.0,ShareholdersEquity,38.78,1316856000,bs,1316856000.0,1316856000,28525000.0,2026-09-11,NumberOfIssuedSharesAsOfFilingDateIssuedSharesTotalNumberOfSharesEtc,S100Z1IC,2026-09-11,160,J-GAAP,連結,2027-01-31,2026-07-31
9692,株式会社シーイーシー,44322000000,19125000000,62159000000,43034000000,NetAssets,69.23,total,43034000000,NetAssets,69.23,40989000000.0,ShareholdersEquity,65.94,26405000000,bs,26405000000.0,26405000000,35168200.0,2026-09-11,NumberOfIssuedSharesAsOfFilingDateIssuedSharesTotalNumberOfSharesEtc,S100Z1H1,2026-09-11,160,J-GAAP,連結,2027-01-31,2026-07-31
2163,株式会社アルトナー,6514225000,3243660000,8762837000,5519176000,NetAssets,62.98,total,5519176000,NetAssets,62.98,5392062000.0,ShareholdersEquity,61.53,4326507000,bs,4326507000.0,4322905000,21255840.0,2026-09-11,NumberOfIssuedSharesAsOfFilingDateIssuedSharesTotalNumberOfSharesEtc,S100Z1LM,2026-09-11,160,J-GAAP,連結,2027-01-31,2026-07-31
6619,ダブル・スコープ株式会社,2959000000,9964000000,49281000000,39317000000,NetAssets,79.78,total,39317000000,NetAssets,79.78,27831000000.0,ShareholdersEquity,56.47,681000000,bs,681000000.0,681000000,60625500.0,2026-09-11,NumberOfIssuedSharesAsOfFilingDateIssuedSharesTotalNumberOfSharesEtc,S100Z1N7,2026-09-11,160,J-GAAP,連結,2027-01-31,2026-07-31
1928,積水ハウス株式会社,4040660000000,2812327000000,5115320000000,2302992000000,NetAssets,45.02,total,2302992000000,NetAssets,45.02,1908081000000.0,ShareholdersEquity,37.3,427080000000,bs,427080000000.0,426188000000,651585566.0,2026-09-11,NumberOfIssuedSharesAsOfFilingDateIssuedSharesTotalNumberOfSharesEtc,S100Z1QA,2026-09-11,160,J-GAAP,連結,2027-01-31,2026-07-31
7678,株式会社あさくま,2439883000,1531189000,4583261000,3052071000,NetAssets,66.59,total,3052071000,NetAssets,66.59,3052071000.0,ShareholdersEquity,66.59,1727219000,bs,1727219000.0,1727219000,10770040.0,2026-09-11,NumberOfIssuedSharesAsOfFilingDateIssuedSharesTotalNumberOfSharesEtc,S100Z1U3,2026-09-11,160,J-GAAP,個別,2027-01-31,2026-07-31
6696,株式会社トラース・オン・プロダクト,340864000,170176000,464335000,294158000,NetAssets,63.35,total,294158000,NetAssets,63.35,293245000.0,ShareholdersEquity,63.15,247877000,bs,247877000.0,247877000,4826991.0,2026-09-11,NumberOfIssuedSharesAsOfFilingDateIssuedSharesTotalNumberOfSharesEtc,S100Z1N3,2026-09-11,160,J-GAAP,連結,2027-01-31,2026-07-31
6184,株式会社鎌倉新書,5329691000,1632458000,7711091000,6078633000,NetAssets,78.83,total,6078633000,NetAssets,78.83,5793021000.0,ShareholdersEquity,75.13,3624481000,bs,3624481000.0,3614481000,41194972.0,2026-09-11,NumberOfIssuedSharesAsOfFilingDateIssuedSharesTotalNumberOfSharesEtc,S100Z1I1,2026-09-11,160,J-GAAP,連結,2027-01-31,2026-07-31
446A,株式会社ノースサンド,19297000000,5137000000,24376000000,19238000000,NetAssets,78.92,total,19238000000,NetAssets,78.92,19238000000.0,ShareholdersEquity,78.92,14394000000,bs,14394000000.0,13389000000,69000000.0,2026-09-11,NumberOfIssuedSharesAsOfFilingDateIssuedSharesTotalNumberOfSharesEtc,S100Z1HY,2026-09-11,160,J-GAAP,個別,2027-01-31,2026-07-31
3921,株式会社ネオジャパン,8424996000,3224798000,11257673000,8032875000,NetAssets,71.35,total,8032875000,NetAssets,71.35,7880384000.0,ShareholdersEquity,70.0,7151468000,bs,7151468000.0,7177481000,14087600.0,2026-09-11,NumberOfIssuedSharesAsOfFilingDateIssuedSharesTotalNumberOfSharesEtc,S100Z1HQ,2026-09-11,160,J-GAAP,連結,2027-01-31,2026-07-31
1433,ベステラ株式会社,12612451000,8447357000,13700446000,5253089000,NetAssets,38.34,total,5253089000,NetAssets,38.34,5138180000.0,ShareholdersEquity,37.5,7650106000,bs,7650106000.0,7650106000,9297200.0,2026-09-11,NumberOfIssuedSharesAsOfFilingDateIssuedSharesTotalNumberOfSharesEtc,S100Z1V2,2026-09-11,160,J-GAAP,連結,2027-01-31,2026-07-31
8142,株式会社トーホー,55836000000,63769000000,99995000000,36226000000,NetAssets,36.23,total,36226000000,NetAssets,36.23,30308000000.0,ShareholdersEquity,30.31,10408000000,bs,10408000000.0,10188000000,33036498.0,2026-09-11,NumberOfIssuedSharesAsOfFilingDateIssuedSharesTotalNumberOfSharesEtc,S100Z1AJ,2026-09-11,160,J-GAAP,連結,2027-01-31,2026-07-31
4175,株式会社ｃｏｌｙ,3061711000,1423965000,6051766000,4627800000,NetAssets,76.47,total,4627800000,NetAssets,76.47,4449967000.0,ShareholdersEquity,73.53,1950007000,bs,1950007000.0,1950007000,5502900.0,2026-09-11,NumberOfIssuedSharesAsOfFilingDateIssuedSharesTotalNumberOfSharesEtc,S100Z1LF,2026-09-11,160,J-GAAP,個別,2027-01-31,2026-07-31
3159,丸善ＣＨＩホールディングス株式会社,96158000000,77431000000,134415000000,56984000000,NetAssets,42.39,total,56984000000,NetAssets,42.39,54791000000.0,ShareholdersEquity,40.76,34534000000,bs,34534000000.0,31806000000,92554085.0,2026-09-11,NumberOfIssuedSharesAsOfFilingDateIssuedSharesTotalNumberOfSharesEtc,S100Z1SQ,2026-09-11,160,J-GAAP,連結,2027-01-31,2026-07-31
4287,株式会社ジャストプランニング,3587680000,395364000,4164280000,3768915000,NetAssets,90.51,total,3768915000,NetAssets,90.51,3765957000.0,ShareholdersEquity,90.43,3182043000,bs,3182043000.0,1682043000,12229888.0,2026-09-11,NumberOfIssuedSharesAsOfFilingDateIssuedSharesTotalNumberOfSharesEtc,S100Z1OQ,2026-09-11,160,J-GAAP,連結,2027-01-31,2026-07-31
3320,クロスプラス株式会社,17443000000,9749000000,29095000000,19345000000,NetAssets,66.49,total,19345000000,NetAssets,66.49,15936000000.0,ShareholdersEquity,54.77,4819000000,bs,4819000000.0,4788000000,7718800.0,2026-09-11,NumberOfIssuedSharesAsOfFilingDateIssuedSharesTotalNumberOfSharesEtc,S100Z1JY,2026-09-11,160,J-GAAP,連結,2027-01-31,2026-07-31
7674,株式会社ＮＡＴＴＹ　ＳＷＡＮＫＹホールディングス,1487526000,1902183000,3221032000,1318849000,NetAssets,40.94,total,1318849000,NetAssets,40.94,1315982000.0,ShareholdersEquity,40.86,695655000,bs,695655000.0,695655000,2466320.0,2026-09-11,NumberOfIssuedSharesAsOfFilingDateIssuedSharesTotalNumberOfSharesEtc,S100Z1L6,2026-09-11,160,J-GAAP,連結,2027-01-31,2026-07-31
4813,株式会社ＡＣＣＥＳＳ,12552033000,10656089000,16750845000,6094755000,NetAssets,36.38,total,6094755000,NetAssets,36.38,7872436000.0,ShareholdersEquity,47.0,6245388000,bs,6245388000.0,6827677000,39962100.0,2026-09-11,NumberOfIssuedSharesAsOfFilingDateIssuedSharesTotalNumberOfSharesEtc,S100Z1SU,2026-09-11,160,J-GAAP,連結,2027-01-31,2026-07-31
7878,株式会社光・彩,3197911000,2156995000,3960491000,1803495000,NetAssets,45.54,total,1803495000,NetAssets,45.54,1767240000.0,ShareholdersEquity,44.62,573686000,bs,573686000.0,573686000,1584000.0,2026-09-11,NumberOfIssuedSharesAsOfFilingDateIssuedSharesTotalNumberOfSharesEtc,S100Z1JC,2026-09-11,160,J-GAAP,個別,2027-01-31,2026-07-31
9166,株式会社ＧＥＮＤＡ,65833000000,163653000000,228581000000,64928000000,NetAssets,28.4,total,64928000000,NetAssets,28.4,60486000000.0,ShareholdersEquity,26.46,31461000000,bs,31461000000.0,31277000000,188468582.0,2026-09-11,NumberOfIssuedSharesAsOfFilingDateIssuedSharesTotalNumberOfSharesEtc,S100Z1UW,2026-09-11,160,J-GAAP,連結,2027-01-31,2026-07-31
7509,アイエーグループ株式会社,11248350000,10801063000,27857538000,17056474000,NetAssets,61.23,total,17056474000,NetAssets,61.23,16744760000.0,ShareholdersEquity,60.11,1455854000,bs,1455854000.0,1455854000,1645360.0,2026-06-23,NumberOfIssuedSharesAsOfFilingDateIssuedSharesTotalNumberOfSharesEtc,S100YGK3,2026-06-23,120,J-GAAP,連結,2026-03-31,2026-03-31
7196,株式会社Ｃａｓａ,9372583000,9553464000,15899120000,6345656000,NetAssets,39.91,total,6345656000,NetAssets,39.91,6287401000.0,ShareholdersEquity,39.55,3385096000,bs,3385096000.0,3385096000,11522500.0,2026-09-10,NumberOfIssuedSharesAsOfFilingDateIssuedSharesTotalNumberOfSharesEtc,S100Z13Y,2026-09-10,160,J-GAAP,連結,2027-01-31,2026-07-31
1758,太洋基礎工業株式会社,7863885000,2917253000,12754350000,9837097000,NetAssets,77.13,total,9837097000,NetAssets,77.13,8936027000.0,ShareholdersEquity,70.06,3547933000,bs,3547933000.0,3215933000,2458800.0,2026-09-10,NumberOfIssuedSharesAsOfFilingDateIssuedSharesTotalNumberOfSharesEtc,S100Z1AY,2026-09-10,160,J-GAAP,個別,2027-01-31,2026-07-31
5031,モイ株式会社,4657090000,2033703000,5050420000,3016716000,NetAssets,59.73,total,3016716000,NetAssets,59.73,3016716000.0,ShareholdersEquity,59.73,3824741000,bs,3824741000.0,2325425000,17317000.0,2026-09-10,NumberOfIssuedSharesAsOfFilingDateIssuedSharesTotalNumberOfSharesEtc,S100Z1JD,2026-09-10,160,J-GAAP,個別,2027-01-31,2026-07-31
2983,株式会社アールプランナー,38478451000,31148730000,40391167000,9242437000,NetAssets,22.88,total,9242437000,NetAssets,22.88,9242437000.0,ShareholdersEquity,22.88,6578780000,bs,6578780000.0,6324807000,10798960.0,2026-09-10,NumberOfIssuedSharesAsOfFilingDateIssuedSharesTotalNumberOfSharesEtc,S100Z1KP,2026-09-10,160,J-GAAP,連結,2027-01-31,2026-07-31
9636,株式会社きんえい,853482000,3028263000,5847954000,2819691000,NetAssets,48.22,total,2819691000,NetAssets,48.22,2794320000.0,ShareholdersEquity,47.78,86631000,bs,86631000.0,86631000,2821000.0,2026-09-09,NumberOfIssuedSharesAsOfFilingDateIssuedSharesTotalNumberOfSharesEtc,S100Z0KM,2026-09-09,160,J-GAAP,個別,2027-01-31,2026-07-31
9267,Ｇｅｎｋｙ　ＤｒｕｇＳｔｏｒｅｓ株式会社,46121000000,84224000000,145598000000,61373000000,NetAssets,42.15,total,61373000000,NetAssets,42.15,61144000000.0,ShareholdersEquity,42.0,7866000000,bs,7866000000.0,7866000000,31044568.0,2026-09-09,NumberOfIssuedSharesAsOfFilingDateIssuedSharesTotalNumberOfSharesEtc,S100Z0OS,2026-09-09,120,J-GAAP,連結,2026-06-20,2026-06-20
1764,工藤建設株式会社,9169463000,13576015000,19240431000,5664415000,NetAssets,29.44,total,5664415000,NetAssets,29.44,5490625000.0,ShareholdersEquity,28.54,3657690000,bs,3657690000.0,2784571000,1331220.0,2026-02-13,NumberOfIssuedSharesAsOfFilingDateIssuedSharesTotalNumberOfSharesEtc,S100XL1E,2026-02-13,160,J-GAAP,連結,2026-06-30,2025-12-31
7064,株式会社ハウテレビジョン,1745946000,1792662000,3429355000,1636693000,NetAssets,47.73,total,1636693000,NetAssets,47.73,1598220000.0,ShareholdersEquity,46.6,1539328000,bs,1539328000.0,1539328000,2717485.0,2026-09-09,NumberOfIssuedSharesAsOfFilingDateIssuedSharesTotalNumberOfSharesEtc,S100Z13E,2026-09-09,160,J-GAAP,連結,2027-01-31,2026-07-31
6966,株式会社三井ハイテック,121401000000,142443000000,267332000000,124889000000,NetAssets,46.72,total,124889000000,NetAssets,46.72,105670000000.0,ShareholdersEquity,39.53,53514000000,bs,53514000000.0,53205000000,197334325.0,2026-09-09,NumberOfIssuedSharesAsOfFilingDateIssuedSharesTotalNumberOfSharesEtc,S100Z167,2026-09-09,160,J-GAAP,連結,2027-01-31,2026-07-31
4238,ミライアル株式会社,12880583000,9022485000,31489948000,22467462000,NetAssets,71.35,total,22467462000,NetAssets,71.35,22294934000.0,ShareholdersEquity,70.8,5780983000,bs,5780983000.0,5660171000,9110000.0,2026-09-09,NumberOfIssuedSharesAsOfFilingDateIssuedSharesTotalNumberOfSharesEtc,S100Z1AF,2026-09-09,160,J-GAAP,連結,2027-01-31,2026-07-31
0000,クラサスケミカル株式会社,139379000000,140416000000,217123000000,76707000000,NetAssets,35.33,total,76707000000,NetAssets,35.33,58465000000.0,ShareholdersEquity,26.93,9459000000,bs,9459000000.0,9459000000,234415443.0,2026-09-07,NumberOfIssuedSharesAsOfFilingDateIssuedSharesTotalNumberOfSharesEtc,S100Z0VF,2026-09-07,120,J-GAAP,連結,2025-12-31,2026-06-30
4465,株式会社ニイタカ,15464835000,7572748000,23840804000,16268055000,NetAssets,68.24,total,16268055000,NetAssets,68.24,15771994000.0,ShareholdersEquity,66.16,8350834000,bs,8350834000.0,7888434000,5943052.0,2026-08-26,NumberOfIssuedSharesAsOfFilingDateIssuedSharesTotalNumberOfSharesEtc,S100YYMP,2026-08-26,120,J-GAAP,連結,2026-05-31,2026-05-31
9816,株式会社　ストライダーズ,3561912000,2702573000,5516908000,2814335000,NetAssets,51.01,total,2814335000,NetAssets,51.01,2784840000.0,ShareholdersEquity,50.48,2011547000,bs,2011547000.0,1980660000,9712089.0,2026-06-18,NumberOfIssuedSharesAsOfFilingDateIssuedSharesTotalNumberOfSharesEtc,S100YDYC,2026-06-18,120,J-GAAP,連結,2026-03-31,2026-03-31
208A,株式会社構造計画研究所ホールディングス,9492105000,10935923000,22495654000,11559730000,NetAssets,51.39,total,11559730000,NetAssets,51.39,10152377000.0,ShareholdersEquity,45.13,3428638000,bs,3428638000.0,3428638000,11000000.0,2026-09-04,NumberOfIssuedSharesAsOfFilingDateIssuedSharesTotalNumberOfSharesEtc,S100Z0JO,2026-09-04,120,J-GAAP,連結,2026-06-30,2026-06-30
2590,ダイドーグループホールディングス株式会社,96487000000,96632000000,166402000000,69769000000,NetAssets,41.93,total,69769000000,NetAssets,41.93,64289000000.0,ShareholdersEquity,38.63,24095000000,bs,24095000000.0,23332000000,33137000.0,2026-09-03,NumberOfIssuedSharesAsOfFilingDateIssuedSharesTotalNumberOfSharesEtc,S100Z07E,2026-09-03,160,J-GAAP,連結,2027-01-20,2026-07-20
3154,メディアスホールディングス株式会社,104367055000,107353196000,127639011000,20285814000,NetAssets,15.89,total,20285814000,NetAssets,15.89,18408756000.0,ShareholdersEquity,14.42,19249684000,bs,19249684000.0,19235884000,22238217.0,2026-02-12,NumberOfIssuedSharesAsOfFilingDateIssuedSharesTotalNumberOfSharesEtc,S100XKN4,2026-02-12,160,J-GAAP,連結,2026-06-30,2025-12-31
7865,ピープル株式会社,1557903000,142166000,1671563000,1529397000,NetAssets,91.5,total,1529397000,NetAssets,91.5,1507650000.0,ShareholdersEquity,90.19,1038663000,bs,1038663000.0,1038269000,4437500.0,2026-09-02,NumberOfIssuedSharesAsOfFilingDateIssuedSharesTotalNumberOfSharesEtc,S100YZYW,2026-09-02,160,J-GAAP,個別,2027-01-20,2026-07-20
7590,株式会社タカショー,16727623000,12571183000,25751565000,13180381000,NetAssets,51.18,total,13180381000,NetAssets,51.18,11296045000.0,ShareholdersEquity,43.87,5025868000,bs,5025868000.0,4667818000,17590114.0,2026-09-01,NumberOfIssuedSharesAsOfFilingDateIssuedSharesTotalNumberOfSharesEtc,S100YZJN,2026-09-01,160,J-GAAP,連結,2027-01-20,2026-07-20
4099,四国化成ホールディングス株式会社,90485000000,56417000000,159348000000,102931000000,NetAssets,64.6,total,102931000000,NetAssets,64.6,84029000000.0,ShareholdersEquity,52.73,36756000000,bs,36756000000.0,36706000000,89739126.0,2026-08-12,NumberOfIssuedSharesAsOfFilingDateIssuedSharesTotalNumberOfSharesEtc,S100YVMI,2026-08-12,160,J-GAAP,連結,2026-12-31,2026-06-30
4923,コタ株式会社,9895549000,3761951000,15848607000,12086656000,NetAssets,76.26,total,12086656000,NetAssets,76.26,12086259000.0,ShareholdersEquity,76.26,6050705000,bs,6050705000.0,3550705000,32373036.0,2026-08-31,NumberOfIssuedSharesAsOfFilingDateIssuedSharesTotalNumberOfSharesEtc,S100YYQN,2026-08-31,120,J-GAAP,個別,2026-03-31,2026-03-31
192A,インテグループ株式会社,2078504000,317755000,2238301000,1920546000,NetAssets,85.8,total,1920546000,NetAssets,85.8,1920546000.0,ShareholdersEquity,85.8,2022388000,bs,2022388000.0,822388000,2184200.0,2026-08-31,NumberOfIssuedSharesAsOfFilingDateIssuedSharesTotalNumberOfSharesEtc,S100YZEV,2026-08-31,120,J-GAAP,個別,2026-05-31,2026-05-31
288A,ラクサス・テクノロジーズ株式会社,1606901000,1278169000,4364143000,3085974000,NetAssets,70.71,total,3085974000,NetAssets,70.71,3085974000.0,ShareholdersEquity,70.71,1180518000,bs,1180518000.0,1180518000,25867483.0,2026-06-23,NumberOfIssuedSharesAsOfFilingDateIssuedSharesTotalNumberOfSharesEtc,S100YI4C,2026-06-23,120,J-GAAP,個別,2026-03-31,2026-03-31
4088,エア・ウォーター株式会社,466627000000,805316000000,1216287000000,410970000000,EquityIFRS,33.79,total,410970000000,EquityIFRS,33.79,390229000000.0,EquityAttributableToOwnersOfParentIFRS,32.08,87139000000,cf,,87139000000,229755057.0,2026-07-31,NumberOfIssuedSharesAsOfFilingDateIssuedSharesTotalNumberOfSharesEtc,S100YTII,2026-07-31,120,IFRS,連結,2026-03-31,2026-03-31
7888,三光合成株式会社,46481000000,52971000000,88363000000,35391000000,NetAssets,40.05,total,35391000000,NetAssets,40.05,29623000000.0,ShareholdersEquity,33.52,14955000000,bs,14955000000.0,14955000000,30688569.0,2026-08-28,NumberOfIssuedSharesAsOfFilingDateIssuedSharesTotalNumberOfSharesEtc,S100YZ2B,2026-08-28,120,J-GAAP,連結,2026-05-31,2026-05-31
9023,東京地下鉄株式会社,311950000000,1312416000000,2047168000000,734751000000,NetAssets,35.89,total,734751000000,NetAssets,35.89,722946000000.0,ShareholdersEquity,35.31,53291000000,bs,53291000000.0,68280000000,581000000.0,2026-06-23,NumberOfIssuedSharesAsOfFilingDateIssuedSharesTotalNumberOfSharesEtc,S100YHLQ,2026-06-23,120,J-GAAP,連結,2026-03-31,2026-03-31
6380,オリエンタルチエン工業株式会社,2633403000,2746698000,4895597000,2148898000,NetAssets,43.89,total,2148898000,NetAssets,43.89,2117294000.0,ShareholdersEquity,43.25,481446000,bs,481446000.0,431446000,1855733.0,2026-06-24,NumberOfIssuedSharesAsOfFilingDateIssuedSharesTotalNumberOfSharesEtc,S100YHXB,2026-06-24,120,J-GAAP,連結,2026-03-31,2026-03-31
5105,ＴＯＹＯ　ＴＩＲＥ株式会社,418219000000,218334000000,768188000000,549853000000,NetAssets,71.58,total,549853000000,NetAssets,71.58,448735000000.0,ShareholdersEquity,58.41,112652000000,bs,112652000000.0,112143000000,154111029.0,2026-08-07,NumberOfIssuedSharesAsOfFilingDateIssuedSharesTotalNumberOfSharesEtc,S100YV7N,2026-08-07,160,J-GAAP,連結,2026-12-31,2026-06-30
4568,第一三共株式会社,2142509000000,2341210000000,4005390000000,1664179000000,EquityIFRS,41.55,total,1664179000000,EquityIFRS,41.55,1664179000000.0,EquityAttributableToOwnersOfParentIFRS,41.55,449807000000,cf,,449807000000,1862893329.0,2026-06-19,NumberOfIssuedSharesAsOfFilingDateIssuedSharesTotalNumberOfSharesEtc,S100YEY0,2026-06-19,120,IFRS,連結,2026-03-31,2026-03-31
2462,ライク株式会社,17830176000,22235951000,41242797000,19006845000,NetAssets,46.09,total,19006845000,NetAssets,46.09,18755907000.0,ShareholdersEquity,45.48,9958468000,bs,9958468000.0,9898268000,20464800.0,2026-08-28,NumberOfIssuedSharesAsOfFilingDateIssuedSharesTotalNumberOfSharesEtc,S100YZCT,2026-08-28,120,J-GAAP,連結,2026-05-31,2026-05-31
5967,ＴＯＮＥ株式会社,11572822000,5452625000,18108665000,12656040000,NetAssets,69.89,total,12656040000,NetAssets,69.89,11111286000.0,ShareholdersEquity,61.36,5869902000,bs,5869902000.0,5069902000,23426000.0,2026-08-28,NumberOfIssuedSharesAsOfFilingDateIssuedSharesTotalNumberOfSharesEtc,S100YZDE,2026-08-28,120,J-GAAP,連結,2026-05-31,2026-05-31
6150,タケダ機械株式会社,5296601000,2303995000,7767353000,5463358000,NetAssets,70.34,total,5463358000,NetAssets,70.34,5405940000.0,ShareholdersEquity,69.6,1491971000,bs,1491971000.0,934371000,1020000.0,2026-08-28,NumberOfIssuedSharesAsOfFilingDateIssuedSharesTotalNumberOfSharesEtc,S100YZ4M,2026-08-28,120,J-GAAP,連結,2026-05-31,2026-05-31
8798,株式会社アドバンスクリエイト,7800034000,8417791000,8865605000,447814000,NetAssets,5.05,total,447814000,NetAssets,5.05,447599000.0,ShareholdersEquity,5.05,3139893000,bs,3139893000.0,3085594000,69654900.0,2026-08-14,NumberOfIssuedSharesAsOfFilingDateIssuedSharesTotalNumberOfSharesEtc,S100YWG0,2026-08-14,160,J-GAAP,連結,2026-09-30,2026-03-31
3810,サイバーステップホールディングス株式会社,6091000000,695000000,7226000000,6530000000,NetAssets,90.37,total,6530000000,NetAssets,90.37,6443000000.0,ShareholdersEquity,89.16,3634000000,bs,3634000000.0,3634000000,81913082.0,2026-08-28,NumberOfIssuedSharesAsOfFilingDateIssuedSharesTotalNumberOfSharesEtc,S100YZC8,2026-08-28,120,J-GAAP,連結,2026-05-31,2026-05-31
353A,エレベーターコミュニケーションズ株式会社,1601339000,1330781000,1903852000,573070000,NetAssets,30.1,total,573070000,NetAssets,30.1,572254000.0,ShareholdersEquity,30.06,646692000,bs,646692000.0,646692000,2143280.0,2026-08-28,NumberOfIssuedSharesAsOfFilingDateIssuedSharesTotalNumberOfSharesEtc,S100YZBZ,2026-08-28,120,J-GAAP,個別,2026-05-31,2026-05-31
3236,株式会社プロパスト,44996000000,29692000000,46809000000,17117000000,NetAssets,36.57,total,17117000000,NetAssets,36.57,13694000000.0,ShareholdersEquity,29.26,11551000000,bs,11551000000.0,11548000000,35147915.0,2026-08-28,NumberOfIssuedSharesAsOfFilingDateIssuedSharesTotalNumberOfSharesEtc,S100YZF9,2026-08-28,120,J-GAAP,連結,2026-05-31,2026-05-31
2437,Ｓｈｉｎｗａ　Ｗｉｓｅ　Ｈｏｌｄｉｎｇｓ株式会社,2929345000,1421641000,3532198000,2110557000,NetAssets,59.75,total,2110557000,NetAssets,59.75,2105908000.0,ShareholdersEquity,59.62,1008874000,bs,1008874000.0,1008874000,11017818.0,2026-08-28,NumberOfIssuedSharesAsOfFilingDateIssuedSharesTotalNumberOfSharesEtc,S100YZC3,2026-08-28,120,J-GAAP,連結,2026-05-31,2026-05-31
8887,株式会社シーラホールディングス,48863000000,51651000000,70482000000,18831000000,NetAssets,26.72,total,18831000000,NetAssets,26.72,17951000000.0,ShareholdersEquity,25.47,10149000000,bs,10149000000.0,7272000000,41738564.0,2026-08-28,NumberOfIssuedSharesAsOfFilingDateIssuedSharesTotalNumberOfSharesEtc,S100YZFP,2026-08-28,120,J-GAAP,連結,2026-05-31,2026-05-31
581A,ＧＯ株式会社,68625000000,48624000000,76471000000,27846000000,NetAssets,36.41,total,27846000000,NetAssets,36.41,24929000000.0,ShareholdersEquity,32.6,34584000000,bs,34584000000.0,34584000000,81721200.0,2026-08-28,NumberOfIssuedSharesAsOfFilingDateIssuedSharesTotalNumberOfSharesEtc,S100YZFU,2026-08-28,120,J-GAAP,連結,2026-05-31,2026-05-31
7808,株式会社シー・エス・ランバー,9233561000,18396167000,30279517000,11883349000,NetAssets,39.25,total,11883349000,NetAssets,39.25,11722149000.0,ShareholdersEquity,38.71,5054462000,bs,5054462000.0,2475506000,1850100.0,2026-08-27,NumberOfIssuedSharesAsOfFilingDateIssuedSharesTotalNumberOfSharesEtc,S100YYY4,2026-08-27,120,J-GAAP,連結,2026-05-31,2026-05-31
3321,ミタチ産業株式会社,38847154000,23011953000,40943099000,17931145000,NetAssets,43.8,total,17931145000,NetAssets,43.8,15892347000.0,ShareholdersEquity,38.82,5213296000,bs,5213296000.0,5183296000,7971853.0,2026-08-27,NumberOfIssuedSharesAsOfFilingDateIssuedSharesTotalNumberOfSharesEtc,S100YYVJ,2026-08-27,120,J-GAAP,連結,2026-05-31,2026-05-31
505A,株式会社ギークリー,5042466000,2346370000,6469155000,4122784000,NetAssets,63.73,total,4122784000,NetAssets,63.73,4121818000.0,ShareholdersEquity,63.71,3917587000,bs,3917587000.0,3917587000,12805000.0,2026-08-27,NumberOfIssuedSharesAsOfFilingDateIssuedSharesTotalNumberOfSharesEtc,S100YZ0G,2026-08-27,120,J-GAAP,個別,2026-05-31,2026-05-31
3760,株式会社ケイブ,7175698000,5762274000,9407093000,3644818000,NetAssets,38.75,total,3644818000,NetAssets,38.75,2273284000.0,ShareholdersEquity,24.17,5261071000,bs,5261071000.0,5251633000,6838500.0,2026-08-27,NumberOfIssuedSharesAsOfFilingDateIssuedSharesTotalNumberOfSharesEtc,S100YXXZ,2026-08-27,120,J-GAAP,連結,2026-05-31,2026-05-31
7673,ダイコー通産株式会社,13189493000,8682903000,17700098000,9017194000,NetAssets,50.94,total,9017194000,NetAssets,50.94,8991189000.0,ShareholdersEquity,50.8,8003780000,bs,8003780000.0,2093830000,5332780.0,2026-08-27,NumberOfIssuedSharesAsOfFilingDateIssuedSharesTotalNumberOfSharesEtc,S100YYF5,2026-08-27,120,J-GAAP,個別,2026-05-31,2026-05-31
3877,中越パルプ工業株式会社,51586000000,59134000000,119086000000,59952000000,NetAssets,50.34,total,59952000000,NetAssets,50.34,53987000000.0,ShareholdersEquity,45.33,4882000000,bs,4882000000.0,4882000000,13354688.0,2026-06-25,NumberOfIssuedSharesAsOfFilingDateIssuedSharesTotalNumberOfSharesEtc,S100YJ03,2026-06-25,120,J-GAAP,連結,2026-03-31,2026-03-31
7725,株式会社インターアクション,10523063000,1269219000,12061253000,10792034000,NetAssets,89.48,total,10792034000,NetAssets,89.48,10725447000.0,ShareholdersEquity,88.92,8529377000,bs,8529377000.0,8519358000,11510200.0,2026-08-27,NumberOfIssuedSharesAsOfFilingDateIssuedSharesTotalNumberOfSharesEtc,S100YYJX,2026-08-27,120,J-GAAP,連結,2026-05-31,2026-05-31
3501,ＳＵＭＩＮＯＥ株式会社,49728000000,51925000000,91748000000,39822000000,NetAssets,43.4,total,39822000000,NetAssets,43.4,20459000000.0,ShareholdersEquity,22.3,8914000000,bs,8914000000.0,8276000000,15364324.0,2026-08-27,NumberOfIssuedSharesAsOfFilingDateIssuedSharesTotalNumberOfSharesEtc,S100YYVN,2026-08-27,120,J-GAAP,連結,2026-05-31,2026-05-31
4113,田岡化学工業株式会社,17360000000,11378000000,30928000000,19550000000,NetAssets,63.21,total,19550000000,NetAssets,63.21,19175000000.0,ShareholdersEquity,62.0,1387000000,bs,1387000000.0,2937000000,14440000.0,2026-06-22,NumberOfIssuedSharesAsOfFilingDateIssuedSharesTotalNumberOfSharesEtc,S100YCNV,2026-06-22,120,J-GAAP,連結,2026-03-31,2026-03-31
4430,東海ソフト株式会社,5112067000,4218542000,11038299000,6819757000,NetAssets,61.78,total,6819757000,NetAssets,61.78,6559095000.0,ShareholdersEquity,59.42,2057387000,bs,2057387000.0,2057387000,4920300.0,2026-08-27,NumberOfIssuedSharesAsOfFilingDateIssuedSharesTotalNumberOfSharesEtc,S100YYUD,2026-08-27,120,J-GAAP,連結,2026-05-31,2026-05-31
8795,株式会社Ｔ＆Ｄホールディングス,29207000000,15700692000000,17318329000000,1617637000000,NetAssets,9.34,total,1617637000000,NetAssets,9.34,705720000000.0,ShareholdersEquity,4.07,27829000000,bs,27829000000.0,696151000000,488000000.0,2026-06-11,NumberOfIssuedSharesAsOfFilingDateIssuedSharesTotalNumberOfSharesEtc,S100Y9UP,2026-06-11,120,J-GAAP,個別,2026-03-31,2026-03-31
4829,日本エンタープライズ株式会社,4727645000,744629000,5638172000,4893542000,NetAssets,86.79,total,4893542000,NetAssets,86.79,4754206000.0,ShareholdersEquity,84.32,3967752000,bs,3967752000.0,3930962000,38534900.0,2026-08-27,NumberOfIssuedSharesAsOfFilingDateIssuedSharesTotalNumberOfSharesEtc,S100YZ0T,2026-08-27,120,J-GAAP,連結,2026-05-31,2026-05-31
2769,株式会社ヴィレッジヴァンガードコーポレーション,16996000000,16348000000,18938000000,2589000000,NetAssets,13.67,total,2589000000,NetAssets,13.67,2625000000.0,ShareholdersEquity,13.86,4868000000,bs,4868000000.0,4868000000,7863200.0,2026-08-27,NumberOfIssuedSharesAsOfFilingDateIssuedSharesTotalNumberOfSharesEtc,S100YZ31,2026-08-27,120,J-GAAP,連結,2026-05-31,2026-05-31
6044,株式会社三機サービス,8319557000,4521954000,10151666000,5629711000,NetAssets,55.46,total,5629711000,NetAssets,55.46,5442132000.0,ShareholdersEquity,53.61,2292233000,bs,2292233000.0,1786182000,6583485.0,2026-08-27,NumberOfIssuedSharesAsOfFilingDateIssuedSharesTotalNumberOfSharesEtc,S100YYT4,2026-08-27,120,J-GAAP,連結,2026-05-31,2026-05-31
198A,ＰｏｓｔＰｒｉｍｅ株式会社,1007271000,243831000,1016045000,772214000,NetAssets,76.0,total,772214000,NetAssets,76.0,772214000.0,ShareholdersEquity,76.0,631064000,bs,631064000.0,618334000,12350060.0,2026-08-27,NumberOfIssuedSharesAsOfFilingDateIssuedSharesTotalNumberOfSharesEtc,S100YZ4E,2026-08-27,120,J-GAAP,連結,2026-05-31,2026-05-31
189A,株式会社Ｄ＆Ｍカンパニー,10189851000,8275273000,10624227000,2348953000,NetAssets,22.11,total,2348953000,NetAssets,22.11,2343908000.0,ShareholdersEquity,22.06,636294000,bs,636294000.0,611255000,2317000.0,2026-08-27,NumberOfIssuedSharesAsOfFilingDateIssuedSharesTotalNumberOfSharesEtc,S100YZ57,2026-08-27,120,J-GAAP,連結,2026-05-31,2026-05-31
2153,Ｅ・Ｊホールディングス株式会社,37083000000,16476000000,56752000000,40276000000,NetAssets,70.97,total,40276000000,NetAssets,70.97,38605000000.0,ShareholdersEquity,68.02,24658000000,bs,24658000000.0,23911000000,18378920.0,2026-08-26,NumberOfIssuedSharesAsOfFilingDateIssuedSharesTotalNumberOfSharesEtc,S100YYLT,2026-08-26,120,J-GAAP,連結,2026-05-31,2026-05-31
6505,東洋電機製造株式会社,30437000000,23201000000,53812000000,30611000000,NetAssets,56.89,total,30611000000,NetAssets,56.89,23651000000.0,ShareholdersEquity,43.95,4529000000,bs,4529000000.0,4172000000,9735000.0,2026-08-26,NumberOfIssuedSharesAsOfFilingDateIssuedSharesTotalNumberOfSharesEtc,S100YYOS,2026-08-26,120,J-GAAP,連結,2026-05-31,2026-05-31
2984,ヤマイチエステート株式会社,37702608000,48312328000,62427464000,14115135000,NetAssets,22.61,total,14115135000,NetAssets,22.61,13942239000.0,ShareholdersEquity,22.33,5126211000,bs,5126211000.0,3895862000,8672012.0,2026-06-24,NumberOfIssuedSharesAsOfFilingDateIssuedSharesTotalNumberOfSharesEtc,S100YH26,2026-06-24,120,J-GAAP,連結,2026-03-31,2026-03-31
7921,株式会社ＴＡＫＡＲＡ　＆　ＣＯＭＰＡＮＹ,24784664000,9720451000,42527390000,32806939000,NetAssets,77.14,total,32806939000,NetAssets,77.14,29916264000.0,ShareholdersEquity,70.35,17694523000,bs,17694523000.0,17590023000,13153293.0,2026-08-26,NumberOfIssuedSharesAsOfFilingDateIssuedSharesTotalNumberOfSharesEtc,S100YYNO,2026-08-26,120,J-GAAP,連結,2026-05-31,2026-05-31
6496,株式会社中北製作所,23020768000,11634225000,39736957000,28102732000,NetAssets,70.72,total,28102732000,NetAssets,70.72,25635273000.0,ShareholdersEquity,64.51,4880788000,bs,4880788000.0,4880788000,3832800.0,2026-08-26,NumberOfIssuedSharesAsOfFilingDateIssuedSharesTotalNumberOfSharesEtc,S100YYFP,2026-08-26,120,J-GAAP,連結,2026-05-31,2026-05-31
1376,カネコ種苗株式会社,40449597000,27441090000,54186785000,26745694000,NetAssets,49.36,total,26745694000,NetAssets,49.36,24312714000.0,ShareholdersEquity,44.87,1909628000,bs,1909628000.0,1583128000,11772626.0,2026-08-26,NumberOfIssuedSharesAsOfFilingDateIssuedSharesTotalNumberOfSharesEtc,S100YYEO,2026-08-26,120,J-GAAP,連結,2026-05-31,2026-05-31
9651,日本プロセス株式会社,12937868000,2967960000,14594319000,11626358000,NetAssets,79.66,total,11626358000,NetAssets,79.66,11496624000.0,ShareholdersEquity,78.77,5642373000,bs,5642373000.0,5642373000,10645020.0,2026-08-26,NumberOfIssuedSharesAsOfFilingDateIssuedSharesTotalNumberOfSharesEtc,S100YYEW,2026-08-26,120,J-GAAP,連結,2026-05-31,2026-05-31
5869,株式会社早稲田学習研究会,3894899000,2059682000,9340039000,7280356000,NetAssets,77.95,total,7280356000,NetAssets,77.95,7290557000.0,ShareholdersEquity,78.06,3193588000,bs,3193588000.0,3193588000,10211250.0,2026-08-26,NumberOfIssuedSharesAsOfFilingDateIssuedSharesTotalNumberOfSharesEtc,S100YYSK,2026-08-26,120,J-GAAP,個別,2026-05-31,2026-05-31
4076,株式会社シイエヌエス,4795649000,1524162000,5856508000,4332346000,NetAssets,73.97,total,4332346000,NetAssets,73.97,4332346000.0,ShareholdersEquity,73.97,3786738000,bs,3786738000.0,3026058000,2906000.0,2026-08-26,NumberOfIssuedSharesAsOfFilingDateIssuedSharesTotalNumberOfSharesEtc,S100YYRG,2026-08-26,120,J-GAAP,連結,2026-05-31,2026-05-31
6460,セガサミーホールディングス株式会社,374711000000,272420000000,627388000000,354967000000,NetAssets,56.58,total,354967000000,NetAssets,56.58,311096000000.0,ShareholdersEquity,49.59,153366000000,bs,153366000000.0,153776000000,213545376.0,2026-06-17,NumberOfIssuedSharesAsOfFilingDateIssuedSharesTotalNumberOfSharesEtc,S100YD3K,2026-06-17,120,J-GAAP,連結,2026-03-31,2026-03-31
205A,株式会社ロゴスホールディングス,16195411000,19180495000,23225355000,4044859000,NetAssets,17.42,total,4044859000,NetAssets,17.42,4033950000.0,ShareholdersEquity,17.37,9163390000,bs,9163390000.0,9113390000,3923885.0,2026-08-26,NumberOfIssuedSharesAsOfFilingDateIssuedSharesTotalNumberOfSharesEtc,S100YYTC,2026-08-26,120,J-GAAP,連結,2026-05-31,2026-05-31
3645,株式会社メディカルネット,3600618000,2503036000,4568668000,2065632000,NetAssets,45.21,total,2065632000,NetAssets,45.21,1944603000.0,ShareholdersEquity,42.56,1956379000,bs,1956379000.0,1920480000,10773000.0,2026-08-26,NumberOfIssuedSharesAsOfFilingDateIssuedSharesTotalNumberOfSharesEtc,S100YYS4,2026-08-26,120,J-GAAP,連結,2026-05-31,2026-05-31
3824,メディアファイブ株式会社,682275000,424282000,834658000,410375000,NetAssets,49.17,total,410375000,NetAssets,49.17,410375000.0,ShareholdersEquity,49.17,486913000,bs,486913000.0,486913000,986000.0,2026-08-26,NumberOfIssuedSharesAsOfFilingDateIssuedSharesTotalNumberOfSharesEtc,S100YYIA,2026-08-26,120,J-GAAP,個別,2026-05-31,2026-05-31
4577,ダイト株式会社,36629000000,20352000000,73291000000,52938000000,NetAssets,72.23,total,52938000000,NetAssets,72.23,51101000000.0,ShareholdersEquity,69.72,954000000,bs,954000000.0,954000000,28854880.0,2026-08-26,NumberOfIssuedSharesAsOfFilingDateIssuedSharesTotalNumberOfSharesEtc,S100YYNI,2026-08-26,120,J-GAAP,連結,2026-05-31,2026-05-31
277A,グロービング株式会社,9126678000,4384403000,12017431000,7633027000,EquityIFRS,63.52,total,7633027000,EquityIFRS,63.52,7633027000.0,EquityAttributableToOwnersOfParentIFRS,63.52,5693642000,cf,,5693642000,28728000.0,2026-08-26,NumberOfIssuedSharesAsOfFilingDateIssuedSharesTotalNumberOfSharesEtc,S100YYQX,2026-08-26,120,IFRS,連結,2026-05-31,2026-05-31
1419,タマホーム株式会社,63713000000,56768000000,86468000000,29700000000,NetAssets,34.35,total,29700000000,NetAssets,34.35,29929000000.0,ShareholdersEquity,34.61,21176000000,bs,21176000000.0,21176000000,29455800.0,2026-08-26,NumberOfIssuedSharesAsOfFilingDateIssuedSharesTotalNumberOfSharesEtc,S100YYFR,2026-08-26,120,J-GAAP,連結,2026-05-31,2026-05-31
4198,株式会社テンダ,2509449000,853395000,3543596000,2690201000,NetAssets,75.92,total,2690201000,NetAssets,75.92,2555305000.0,ShareholdersEquity,72.11,1746818000,bs,1746818000.0,1708850000,6637500.0,2026-08-26,NumberOfIssuedSharesAsOfFilingDateIssuedSharesTotalNumberOfSharesEtc,S100YXP8,2026-08-26,120,J-GAAP,連結,2026-05-31,2026-05-31
3791,株式会社ＩＧポート,12501595000,5157679000,15142121000,9984441000,NetAssets,65.94,total,9984441000,NetAssets,65.94,9969354000.0,ShareholdersEquity,65.84,6933682000,bs,6933682000.0,6123554000,20221600.0,2026-08-26,NumberOfIssuedSharesAsOfFilingDateIssuedSharesTotalNumberOfSharesEtc,S100YYRV,2026-08-26,120,J-GAAP,連結,2026-05-31,2026-05-31
340A,株式会社ジグザグ,2506208000,1217483000,2592330000,1374846000,NetAssets,53.04,total,1374846000,NetAssets,53.04,1374874000.0,ShareholdersEquity,53.04,1998468000,bs,1998468000.0,1698468000,7755435.0,2026-08-26,NumberOfIssuedSharesAsOfFilingDateIssuedSharesTotalNumberOfSharesEtc,S100YYUS,2026-08-26,120,J-GAAP,連結,2026-05-31,2026-05-31
4043,株式会社トクヤマ,212070000000,259620000000,557432000000,297811000000,NetAssets,53.43,total,297811000000,NetAssets,53.43,260564000000.0,ShareholdersEquity,46.74,47193000000,bs,47193000000.0,46466000000,72088327.0,2026-06-19,NumberOfIssuedSharesAsOfFilingDateIssuedSharesTotalNumberOfSharesEtc,S100YDQ3,2026-06-19,120,J-GAAP,連結,2026-03-31,2026-03-31
2722,株式会社ＩＫホールディングス,4904174000,3289482000,5842447000,2552965000,NetAssets,43.7,total,2552965000,NetAssets,43.7,2539519000.0,ShareholdersEquity,43.47,393661000,bs,393661000.0,393661000,8308000.0,2026-08-26,NumberOfIssuedSharesAsOfFilingDateIssuedSharesTotalNumberOfSharesEtc,S100YYQQ,2026-08-26,120,J-GAAP,連結,2026-05-31,2026-05-31
5932,三協立山株式会社,151254000000,211750000000,305992000000,94241000000,NetAssets,30.8,total,94241000000,NetAssets,30.8,56899000000.0,ShareholdersEquity,18.59,29732000000,bs,29732000000.0,27937000000,31554629.0,2026-08-26,NumberOfIssuedSharesAsOfFilingDateIssuedSharesTotalNumberOfSharesEtc,S100YYN7,2026-08-26,120,J-GAAP,連結,2026-05-31,2026-05-31
1401,株式会社エムビーエス,3651123000,1231398000,5112319000,3880920000,NetAssets,75.91,total,3880920000,NetAssets,75.91,3886605000.0,ShareholdersEquity,76.02,2516980000,bs,2516980000.0,2416980000,7732000.0,2026-08-26,NumberOfIssuedSharesAsOfFilingDateIssuedSharesTotalNumberOfSharesEtc,S100YYQB,2026-08-26,120,J-GAAP,個別,2026-05-31,2026-05-31
6083,ＥＲＩホールディングス株式会社,12318350000,8670152000,17220036000,8549884000,NetAssets,49.65,total,8549884000,NetAssets,49.65,8498575000.0,ShareholdersEquity,49.35,8279023000,bs,8279023000.0,8154699000,23497200.0,2026-08-26,NumberOfIssuedSharesAsOfFilingDateIssuedSharesTotalNumberOfSharesEtc,S100YYGU,2026-08-26,120,J-GAAP,連結,2026-05-31,2026-05-31
463A,株式会社インテリックスホールディングス,45731456000,47641280000,64442549000,16801268000,NetAssets,26.07,total,16801268000,NetAssets,26.07,16460469000.0,ShareholdersEquity,25.54,6220455000,bs,6220455000.0,5376028000,10182100.0,2026-08-26,NumberOfIssuedSharesAsOfFilingDateIssuedSharesTotalNumberOfSharesEtc,S100YYT8,2026-08-26,120,J-GAAP,連結,2026-05-31,2026-05-31
372A,株式会社レント,18663789000,48135022000,68201670000,20066647000,NetAssets,29.42,total,20066647000,NetAssets,29.42,19787605000.0,ShareholdersEquity,29.01,8189818000,bs,8189818000.0,7965372000,3886000.0,2026-08-26,NumberOfIssuedSharesAsOfFilingDateIssuedSharesTotalNumberOfSharesEtc,S100YYO2,2026-08-26,120,J-GAAP,連結,2026-05-31,2026-05-31
3349,株式会社コスモス薬品,184911000000,312785000000,596485000000,283700000000,NetAssets,47.56,total,283700000000,NetAssets,47.56,283464000000.0,ShareholdersEquity,47.52,61341000000,bs,61341000000.0,53241000000,80001600.0,2026-08-26,NumberOfIssuedSharesAsOfFilingDateIssuedSharesTotalNumberOfSharesEtc,S100YYDI,2026-08-26,120,J-GAAP,連結,2026-05-31,2026-05-31
402A,株式会社アクセルスペースホールディングス,11025895000,7615865000,14609256000,6993391000,NetAssets,47.87,total,6993391000,NetAssets,47.87,6974229000.0,ShareholdersEquity,47.74,5815658000,bs,5815658000.0,4715658000,66682400.0,2026-08-26,NumberOfIssuedSharesAsOfFilingDateIssuedSharesTotalNumberOfSharesEtc,S100YYV1,2026-08-26,120,J-GAAP,連結,2026-05-31,2026-05-31
2938,株式会社オカムラ食品工業,49871000000,43722000000,61788000000,18065000000,NetAssets,29.24,total,18065000000,NetAssets,29.24,16965000000.0,ShareholdersEquity,27.46,6096000000,bs,6096000000.0,6095000000,50236640.0,2026-02-13,NumberOfIssuedSharesAsOfFilingDateIssuedSharesTotalNumberOfSharesEtc,S100XKQ1,2026-02-13,160,J-GAAP,連結,2026-06-30,2025-12-31
464A,株式会社ＱＰＳホールディングス,23443000000,10782000000,42463000000,31680000000,NetAssets,74.61,total,31680000000,NetAssets,74.61,31669000000.0,ShareholdersEquity,74.58,21248000000,bs,21248000000.0,8248000000,55957800.0,2026-08-26,NumberOfIssuedSharesAsOfFilingDateIssuedSharesTotalNumberOfSharesEtc,S100YYOW,2026-08-26,120,J-GAAP,連結,2026-05-31,2026-05-31
3297,株式会社東武住販,5398454000,1521328000,6241971000,4720643000,NetAssets,75.63,total,4720643000,NetAssets,75.63,4704373000.0,ShareholdersEquity,75.37,930916000,bs,930916000.0,806825000,2712400.0,2026-08-25,NumberOfIssuedSharesAsOfFilingDateIssuedSharesTotalNumberOfSharesEtc,S100YYGF,2026-08-25,120,J-GAAP,個別,2026-05-31,2026-05-31
2791,大黒天物産株式会社,30383000000,78085000000,139295000000,61210000000,NetAssets,43.94,total,61210000000,NetAssets,43.94,60900000000.0,ShareholdersEquity,43.72,10337000000,bs,10337000000.0,10337000000,14502400.0,2026-08-25,NumberOfIssuedSharesAsOfFilingDateIssuedSharesTotalNumberOfSharesEtc,S100YYHK,2026-08-25,120,J-GAAP,連結,2026-05-31,2026-05-31
9265,ヤマシタヘルスケアホールディングス株式会社,20494000000,17728000000,27089000000,9360000000,NetAssets,34.55,total,9360000000,NetAssets,34.55,8758000000.0,ShareholdersEquity,32.33,4127000000,bs,4127000000.0,4127000000,2553000.0,2026-08-25,NumberOfIssuedSharesAsOfFilingDateIssuedSharesTotalNumberOfSharesEtc,S100YXFY,2026-08-25,120,J-GAAP,連結,2026-05-31,2026-05-31
9216,ビーウィズ株式会社,11618000000,7669000000,16484000000,8815000000,NetAssets,53.48,total,8815000000,NetAssets,53.48,8689000000.0,ShareholdersEquity,52.71,6492000000,bs,6492000000.0,6357000000,14378200.0,2026-08-25,NumberOfIssuedSharesAsOfFilingDateIssuedSharesTotalNumberOfSharesEtc,S100YYAI,2026-08-25,120,J-GAAP,連結,2026-05-31,2026-05-31
9812,株式会社テーオーホールディングス,8714141000,17133293000,17659820000,526526000,NetAssets,2.98,total,526526000,NetAssets,2.98,280786000.0,ShareholdersEquity,1.59,1373538000,bs,1373538000.0,1363538000,8926896.0,2026-08-25,NumberOfIssuedSharesAsOfFilingDateIssuedSharesTotalNumberOfSharesEtc,S100YYIN,2026-08-25,120,J-GAAP,連結,2026-05-31,2026-05-31
3021,株式会社パシフィックネット,3104587000,11673821000,15669188000,3995366000,NetAssets,25.5,total,3995366000,NetAssets,25.5,3995328000.0,ShareholdersEquity,25.5,1722368000,bs,1722368000.0,1722368000,5396600.0,2026-08-25,NumberOfIssuedSharesAsOfFilingDateIssuedSharesTotalNumberOfSharesEtc,S100YYIV,2026-08-25,120,J-GAAP,連結,2026-05-31,2026-05-31
3892,株式会社岡山製紙,10417512000,4037419000,18518807000,14481388000,NetAssets,78.2,total,14481388000,NetAssets,78.2,11267146000.0,ShareholdersEquity,60.84,3262362000,bs,3262362000.0,5262362000,5500000.0,2026-08-25,NumberOfIssuedSharesAsOfFilingDateIssuedSharesTotalNumberOfSharesEtc,S100YYF7,2026-08-25,120,J-GAAP,個別,2026-05-31,2026-05-31
5290,株式会社ベルテクスコーポレーション,44321582000,21600307000,66032652000,44432345000,NetAssets,67.29,total,44432345000,NetAssets,67.29,42016593000.0,ShareholdersEquity,63.63,18013370000,bs,18013370000.0,17981301000,54906700.0,2026-06-24,NumberOfIssuedSharesAsOfFilingDateIssuedSharesTotalNumberOfSharesEtc,S100YGZE,2026-06-24,120,J-GAAP,連結,2026-03-31,2026-03-31
2934,ジェイフロンティア株式会社,6079104000,8051272000,9585351000,1534079000,NetAssets,16.0,total,1534079000,NetAssets,16.0,1246050000.0,ShareholdersEquity,13.0,2158254000,bs,2158254000.0,2131293000,5336369.0,2026-08-25,NumberOfIssuedSharesAsOfFilingDateIssuedSharesTotalNumberOfSharesEtc,S100YYK8,2026-08-25,120,J-GAAP,連結,2026-05-31,2026-05-31
9765,株式会社オオバ,10619813000,5972392000,20717631000,14745238000,NetAssets,71.17,total,14745238000,NetAssets,71.17,11896106000.0,ShareholdersEquity,57.42,2812131000,bs,2812131000.0,2812131000,16500000.0,2026-08-25,NumberOfIssuedSharesAsOfFilingDateIssuedSharesTotalNumberOfSharesEtc,S100YY0T,2026-08-25,120,J-GAAP,連結,2026-05-31,2026-05-31
7487,小津産業株式会社,14568292000,6407344000,25593004000,19185660000,NetAssets,74.96,total,19185660000,NetAssets,74.96,15188899000.0,ShareholdersEquity,59.35,9617685000,bs,9617685000.0,9617685000,8435225.0,2026-08-25,NumberOfIssuedSharesAsOfFilingDateIssuedSharesTotalNumberOfSharesEtc,S100YY6D,2026-08-25,120,J-GAAP,連結,2026-05-31,2026-05-31
4885,室町ケミカル株式会社,4932118000,3776126000,6352689000,2576562000,NetAssets,40.56,total,2576562000,NetAssets,40.56,2377597000.0,ShareholdersEquity,37.43,1947059000,bs,1947059000.0,1917059000,4095500.0,2026-08-25,NumberOfIssuedSharesAsOfFilingDateIssuedSharesTotalNumberOfSharesEtc,S100YYBG,2026-08-25,120,J-GAAP,個別,2026-05-31,2026-05-31
7269,スズキ株式会社,2913096000000,2483705000000,6636815000000,4153109000000,EquityIFRS,62.58,total,4153109000000,EquityIFRS,62.58,3382083000000.0,EquityAttributableToOwnersOfParentIFRS,50.96,973291000000,cf,,973291000000,1964586400.0,2026-06-23,NumberOfIssuedSharesAsOfFilingDateIssuedSharesTotalNumberOfSharesEtc,S100YFG2,2026-06-23,120,IFRS,連結,2026-03-31,2026-03-31
6047,株式会社Ｇｕｎｏｓｙ,6716000000,1748000000,12499000000,10751000000,NetAssets,86.01,total,10751000000,NetAssets,86.01,10390000000.0,ShareholdersEquity,83.13,5436000000,bs,5436000000.0,5435000000,24237774.0,2026-08-25,NumberOfIssuedSharesAsOfFilingDateIssuedSharesTotalNumberOfSharesEtc,S100YYKZ,2026-08-25,120,J-GAAP,連結,2026-05-31,2026-05-31
5575,株式会社Ｇｌｏｂｅｅ,2081549000,1492633000,2580075000,1087441000,NetAssets,42.15,total,1087441000,NetAssets,42.15,1087441000.0,ShareholdersEquity,42.15,1360220000,bs,1360220000.0,1360220000,5116869.0,2026-08-25,NumberOfIssuedSharesAsOfFilingDateIssuedSharesTotalNumberOfSharesEtc,S100YYMC,2026-08-25,120,J-GAAP,個別,2026-05-31,2026-05-31
6552,株式会社ＧａｍｅＷｉｔｈ,2963228000,854574000,3565144000,2710569000,NetAssets,76.03,total,2710569000,NetAssets,76.03,2694941000.0,ShareholdersEquity,75.59,2320604000,bs,2320604000.0,2320604000,18348200.0,2026-08-25,NumberOfIssuedSharesAsOfFilingDateIssuedSharesTotalNumberOfSharesEtc,S100YYH7,2026-08-25,120,J-GAAP,連結,2026-05-31,2026-05-31
523A,株式会社セイワホールディングス,8207000000,8453000000,14719000000,6266000000,EquityIFRS,42.57,total,6266000000,EquityIFRS,42.57,6266000000.0,EquityAttributableToOwnersOfParentIFRS,42.57,6170000000,cf,,6170000000,19107300.0,2026-08-25,NumberOfIssuedSharesAsOfFilingDateIssuedSharesTotalNumberOfSharesEtc,S100YYKB,2026-08-25,120,IFRS,連結,2026-05-31,2026-05-31
2459,アウンコンサルティング株式会社,591053000,361540000,668847000,307307000,NetAssets,45.95,total,307307000,NetAssets,45.95,218578000.0,ShareholdersEquity,32.68,421610000,bs,421610000.0,421610000,7502800.0,2026-08-24,NumberOfIssuedSharesAsOfFilingDateIssuedSharesTotalNumberOfSharesEtc,S100YY3G,2026-08-24,120,J-GAAP,連結,2026-05-31,2026-05-31
2792,株式会社ハニーズホールディングス,36030393000,8520238000,57607737000,49087498000,NetAssets,85.21,total,49087498000,NetAssets,85.21,47297826000.0,ShareholdersEquity,82.1,15113510000,bs,15113510000.0,15113510000,27900000.0,2026-08-24,NumberOfIssuedSharesAsOfFilingDateIssuedSharesTotalNumberOfSharesEtc,S100YY3Q,2026-08-24,120,J-GAAP,連結,2026-05-31,2026-05-31
7713,シグマ光機株式会社,12371023000,2474176000,21206304000,18732128000,NetAssets,88.33,total,18732128000,NetAssets,88.33,17029121000.0,ShareholdersEquity,80.3,3456026000,bs,3456026000.0,3679437000,7552628.0,2026-08-24,NumberOfIssuedSharesAsOfFilingDateIssuedSharesTotalNumberOfSharesEtc,S100YXKH,2026-08-24,120,J-GAAP,連結,2026-05-31,2026-05-31
1430,ファーストコーポレーション株式会社,31249322000,21139074000,32284194000,11145120000,NetAssets,34.52,total,11145120000,NetAssets,34.52,11141810000.0,ShareholdersEquity,34.51,2624627000,bs,2624627000.0,2624627000,13363540.0,2026-08-24,NumberOfIssuedSharesAsOfFilingDateIssuedSharesTotalNumberOfSharesEtc,S100YXXB,2026-08-24,120,J-GAAP,連結,2026-05-31,2026-05-31
8908,株式会社毎日コムネット,19951559000,13900870000,28138078000,14237208000,NetAssets,50.6,total,14237208000,NetAssets,50.6,13927091000.0,ShareholdersEquity,49.5,9204504000,bs,9204504000.0,9204504000,18000000.0,2026-08-24,NumberOfIssuedSharesAsOfFilingDateIssuedSharesTotalNumberOfSharesEtc,S100YY3A,2026-08-24,120,J-GAAP,連結,2026-05-31,2026-05-31
7068,フィードフォースグループ株式会社,7287000000,4717000000,8502000000,3784000000,NetAssets,44.51,total,3784000000,NetAssets,44.51,3686000000.0,ShareholdersEquity,43.35,4701000000,bs,4701000000.0,4701000000,23943258.0,2026-08-24,NumberOfIssuedSharesAsOfFilingDateIssuedSharesTotalNumberOfSharesEtc,S100YYE5,2026-08-24,120,J-GAAP,連結,2026-05-31,2026-05-31
2303,株式会社ドーン,2086121000,355393000,3343042000,2987648000,NetAssets,89.37,total,2987648000,NetAssets,89.37,2984193000.0,ShareholdersEquity,89.27,1801822000,bs,1801822000.0,1006822000,6600000.0,2026-08-21,NumberOfIssuedSharesAsOfFilingDateIssuedSharesTotalNumberOfSharesEtc,S100YXLE,2026-08-21,120,J-GAAP,個別,2026-05-31,2026-05-31
5885,株式会社ジーデップ・アドバンス,5610435000,2257884000,5793467000,3535582000,NetAssets,61.03,total,3535582000,NetAssets,61.03,3526001000.0,ShareholdersEquity,60.86,1771944000,bs,1771944000.0,1771944000,5498400.0,2026-08-21,NumberOfIssuedSharesAsOfFilingDateIssuedSharesTotalNumberOfSharesEtc,S100YXZQ,2026-08-21,120,J-GAAP,個別,2026-05-31,2026-05-31
4716,日本オラクル株式会社,326509000000,163687000000,368416000000,204728000000,NetAssets,55.57,total,204728000000,NetAssets,55.57,204697000000.0,ShareholdersEquity,55.56,84968000000,bs,84968000000.0,84968000000,128313071.0,2026-08-21,NumberOfIssuedSharesAsOfFilingDateIssuedSharesTotalNumberOfSharesEtc,S100YY0V,2026-08-21,120,J-GAAP,個別,2026-05-31,2026-05-31
9278,ブックオフグループホールディングス株式会社,35870000000,39505000000,60937000000,21431000000,NetAssets,35.17,total,21431000000,NetAssets,35.17,20629000000.0,ShareholdersEquity,33.85,6459000000,bs,6459000000.0,6459000000,20547000.0,2026-08-14,NumberOfIssuedSharesAsOfFilingDateIssuedSharesTotalNumberOfSharesEtc,S100YWGX,2026-08-14,120,J-GAAP,連結,2026-05-31,2026-05-31
1887,日本国土開発株式会社,129792000000,86580000000,157975000000,71395000000,NetAssets,45.19,total,71395000000,NetAssets,45.19,68264000000.0,ShareholdersEquity,43.21,19919000000,bs,19919000000.0,19709000000,89255000.0,2026-08-21,NumberOfIssuedSharesAsOfFilingDateIssuedSharesTotalNumberOfSharesEtc,S100YXXI,2026-08-21,120,J-GAAP,連結,2026-05-31,2026-05-31
1377,株式会社　サカタのタネ,129228000000,37795000000,216778000000,178983000000,NetAssets,82.57,total,178983000000,NetAssets,82.57,148984000000.0,ShareholdersEquity,68.73,30160000000,bs,30160000000.0,22518000000,45410750.0,2026-08-21,NumberOfIssuedSharesAsOfFilingDateIssuedSharesTotalNumberOfSharesEtc,S100YXUM,2026-08-21,120,J-GAAP,連結,2026-05-31,2026-05-31
7944,ローランド株式会社,59332000000,40660000000,84437000000,43777000000,NetAssets,51.85,total,43777000000,NetAssets,51.85,29312000000.0,ShareholdersEquity,34.71,16771000000,bs,16771000000.0,16771000000,26580659.0,2026-08-07,NumberOfIssuedSharesAsOfFilingDateIssuedSharesTotalNumberOfSharesEtc,S100YUPA,2026-08-07,160,J-GAAP,連結,2026-12-31,2026-06-30
7370,株式会社Ｅｎｊｉｎ,2864391000,694306000,5100540000,4406234000,NetAssets,86.39,total,4406234000,NetAssets,86.39,4386224000.0,ShareholdersEquity,86.0,1739599000,bs,1739599000.0,1739599000,7298200.0,2026-08-21,NumberOfIssuedSharesAsOfFilingDateIssuedSharesTotalNumberOfSharesEtc,S100YXYC,2026-08-21,120,J-GAAP,連結,2026-05-31,2026-05-31
3148,株式会社クリエイトＳＤホールディングス,118000000000,101029000000,255350000000,154321000000,NetAssets,60.44,total,154321000000,NetAssets,60.44,153375000000.0,ShareholdersEquity,60.06,37099000000,bs,37099000000.0,36699000000,66819342.0,2026-08-20,NumberOfIssuedSharesAsOfFilingDateIssuedSharesTotalNumberOfSharesEtc,S100YXNS,2026-08-20,120,J-GAAP,連結,2026-05-31,2026-05-31
137A,Ｃｏｃｏｌｉｖｅ株式会社,1130944000,154300000,1207333000,1053033000,NetAssets,87.22,total,1053033000,NetAssets,87.22,1042003000.0,ShareholdersEquity,86.31,899784000,cf,,899784000,3060840.0,2026-08-20,NumberOfIssuedSharesAsOfFilingDateIssuedSharesTotalNumberOfSharesEtc,S100YXSF,2026-08-20,120,J-GAAP,個別,2026-05-31,2026-05-31
4825,株式会社ウェザーニューズ,24696655000,4365676000,28259107000,23893431000,NetAssets,84.55,total,23893431000,NetAssets,84.55,23404463000.0,ShareholdersEquity,82.82,18835727000,bs,18835727000.0,18825836000,47376000.0,2026-08-20,NumberOfIssuedSharesAsOfFilingDateIssuedSharesTotalNumberOfSharesEtc,S100YXMM,2026-08-20,120,J-GAAP,連結,2026-05-31,2026-05-31
2796,ファーマライズホールディングス株式会社,13164000000,25820000000,32680000000,6859000000,NetAssets,20.99,total,6859000000,NetAssets,20.99,6570000000.0,ShareholdersEquity,20.1,6012000000,bs,6012000000.0,6012000000,12060381.0,2026-08-20,NumberOfIssuedSharesAsOfFilingDateIssuedSharesTotalNumberOfSharesEtc,S100YXWI,2026-08-20,120,J-GAAP,連結,2026-05-31,2026-05-31
3912,株式会社モバイルファクトリー,3104597000,769895000,3269207000,2499312000,NetAssets,76.45,total,2499312000,NetAssets,76.45,2496721000.0,ShareholdersEquity,76.37,2545172000,bs,2545172000.0,681605000,7925495.0,2026-08-07,NumberOfIssuedSharesAsOfFilingDateIssuedSharesTotalNumberOfSharesEtc,S100YTRE,2026-08-19,160,J-GAAP,連結,2026-12-31,2026-06-30
4057,株式会社インターファクトリー,1232832000,781842000,1993719000,1211877000,NetAssets,60.78,total,1211877000,NetAssets,60.78,1207826000.0,ShareholdersEquity,60.58,386660000,bs,386660000.0,386660000,4125700.0,2026-08-19,NumberOfIssuedSharesAsOfFilingDateIssuedSharesTotalNumberOfSharesEtc,S100YXG0,2026-08-19,120,J-GAAP,個別,2026-05-31,2026-05-31
3856,Ａｂａｌａｎｃｅ株式会社,103670000000,116618000000,168904000000,52285000000,NetAssets,30.96,total,52285000000,NetAssets,30.96,37401000000.0,ShareholdersEquity,22.14,22918000000,bs,22918000000.0,22573000000,19033193.0,2026-08-19,NumberOfIssuedSharesAsOfFilingDateIssuedSharesTotalNumberOfSharesEtc,S100YXMA,2026-08-19,120,J-GAAP,連結,2026-03-31,2026-03-31
4443,Ｓａｎｓａｎ株式会社,44088000000,33864000000,54958000000,21094000000,NetAssets,38.38,total,21094000000,NetAssets,38.38,19688000000.0,ShareholdersEquity,35.82,37006000000,bs,37006000000.0,36849000000,126833956.0,2026-08-19,NumberOfIssuedSharesAsOfFilingDateIssuedSharesTotalNumberOfSharesEtc,S100YXFQ,2026-08-19,120,J-GAAP,連結,2026-05-31,2026-05-31
3549,株式会社クスリのアオキホールディングス,164033000000,269898000000,410937000000,141038000000,NetAssets,34.32,total,141038000000,NetAssets,34.32,136559000000.0,ShareholdersEquity,33.23,58931000000,bs,58931000000.0,58654000000,95616980.0,2026-08-19,NumberOfIssuedSharesAsOfFilingDateIssuedSharesTotalNumberOfSharesEtc,S100YXF5,2026-08-19,120,J-GAAP,連結,2026-05-20,2026-05-20
3409,株式会社北紡,1146043000,1159036000,2789847000,1630810000,NetAssets,58.46,total,1630810000,NetAssets,58.46,1054659000.0,ShareholdersEquity,37.8,474850000,bs,474850000.0,474850000,31790394.0,2026-06-29,NumberOfIssuedSharesAsOfFilingDateIssuedSharesTotalNumberOfSharesEtc,S100YKBG,2026-06-29,120,J-GAAP,連結,2026-03-31,2026-03-31
9973,ＫＯＺＯホールディングス株式会社,2633390000,4253971000,4785899000,531928000,NetAssets,11.11,total,531928000,NetAssets,11.11,581140000.0,ShareholdersEquity,12.14,589129000,bs,589129000.0,587129000,337121340.0,2026-08-14,NumberOfIssuedSharesAsOfFilingDateIssuedSharesTotalNumberOfSharesEtc,S100YX0M,2026-08-18,160,J-GAAP,連結,2026-12-31,2026-06-30
8165,株式会社千趣会,17291000000,7009000000,24190000000,17181000000,NetAssets,71.03,total,17181000000,NetAssets,71.03,18049000000.0,ShareholdersEquity,74.61,6478000000,bs,6478000000.0,6478000000,52056993.0,2026-08-10,NumberOfIssuedSharesAsOfFilingDateIssuedSharesTotalNumberOfSharesEtc,S100YUYV,2026-08-18,160,J-GAAP,連結,2026-12-31,2026-06-30
9561,株式会社グラッドキューブ,1864376000,1358516000,2114185000,755668000,NetAssets,35.74,total,755668000,NetAssets,35.74,755160000.0,ShareholdersEquity,35.72,1360670000,bs,1360670000.0,1360670000,8436540.0,2026-08-14,NumberOfIssuedSharesAsOfFilingDateIssuedSharesTotalNumberOfSharesEtc,S100YWYO,2026-08-18,160,J-GAAP,連結,2026-12-31,2026-06-30
4350,株式会社　メディカルシステムネットワーク,31800000000,62686000000,80100000000,17413000000,NetAssets,21.74,total,17413000000,NetAssets,21.74,16897000000.0,ShareholdersEquity,21.09,7743000000,bs,7743000000.0,7743000000,30642600.0,2026-06-19,NumberOfIssuedSharesAsOfFilingDateIssuedSharesTotalNumberOfSharesEtc,S100YDT5,2026-06-19,120,J-GAAP,連結,2026-03-31,2026-03-31
9686,東洋テック株式会社,16302888000,16058962000,39389881000,23330919000,NetAssets,59.23,total,23330919000,NetAssets,59.23,23406293000.0,ShareholdersEquity,59.42,8665532000,bs,8665532000.0,8285868000,11432460.0,2026-06-18,NumberOfIssuedSharesAsOfFilingDateIssuedSharesTotalNumberOfSharesEtc,S100YCTH,2026-06-18,120,J-GAAP,連結,2026-03-31,2026-03-31
3976,株式会社シャノン,1686707000,1015773000,2400537000,1384764000,NetAssets,57.69,total,1384764000,NetAssets,57.69,1367528000.0,ShareholdersEquity,56.97,1286448000,bs,1286448000.0,1286448000,5926200.0,2026-08-14,NumberOfIssuedSharesAsOfFilingDateIssuedSharesTotalNumberOfSharesEtc,S100YX3Y,2026-08-18,160,J-GAAP,連結,2026-12-31,2026-06-30
3160,株式会社大光,16179816000,22661693000,28903327000,6241634000,NetAssets,21.59,total,6241634000,NetAssets,21.59,5840482000.0,ShareholdersEquity,20.21,716179000,bs,716179000.0,716179000,14883300.0,2026-08-18,NumberOfIssuedSharesAsOfFilingDateIssuedSharesTotalNumberOfSharesEtc,S100YX88,2026-08-18,120,J-GAAP,連結,2026-05-31,2026-05-31
9704,株式会社アゴーラホスピタリティーグループ,6000112000,11290098000,20398955000,9108857000,NetAssets,44.65,total,9108857000,NetAssets,44.65,5169809000.0,ShareholdersEquity,25.34,3356027000,bs,3356027000.0,3277680000,281708934.0,2026-08-14,NumberOfIssuedSharesAsOfFilingDateIssuedSharesTotalNumberOfSharesEtc,S100YVOO,2026-08-18,160,J-GAAP,連結,2026-12-31,2026-06-30
4011,株式会社ヘッドウォータース,3235860000,4149620000,10309272000,6159652000,NetAssets,59.75,total,6159652000,NetAssets,59.75,6144667000.0,ShareholdersEquity,59.6,1844881000,bs,1844881000.0,1844881000,6123553.0,2026-08-17,NumberOfIssuedSharesAsOfFilingDateIssuedSharesTotalNumberOfSharesEtc,S100YX6B,2026-08-17,160,J-GAAP,連結,2026-12-31,2026-06-30
7363,株式会社ベビーカレンダー,841443000,781786000,1561128000,779342000,NetAssets,49.92,total,779342000,NetAssets,49.92,762092000.0,ShareholdersEquity,48.82,614330000,bs,614330000.0,614330000,941700.0,2026-08-14,NumberOfIssuedSharesAsOfFilingDateIssuedSharesTotalNumberOfSharesEtc,S100YX2J,2026-08-14,160,J-GAAP,個別,2026-12-31,2026-06-30
9702,株式会社アイ・エス・ビー,16236000000,5902000000,20806000000,14904000000,NetAssets,71.63,total,14904000000,NetAssets,71.63,14450000000.0,ShareholdersEquity,69.45,9039000000,bs,9039000000.0,9039000000,11478497.0,2026-08-14,NumberOfIssuedSharesAsOfFilingDateIssuedSharesTotalNumberOfSharesEtc,S100YWEO,2026-08-14,160,J-GAAP,連結,2026-12-31,2026-06-30
9173,東海汽船株式会社,7493250000,14769111000,21021660000,6252548000,NetAssets,29.74,total,6252548000,NetAssets,29.74,4402417000.0,ShareholdersEquity,20.94,4467285000,bs,4467285000.0,4131682000,2200000.0,2026-08-14,NumberOfIssuedSharesAsOfFilingDateIssuedSharesTotalNumberOfSharesEtc,S100YW15,2026-08-14,160,J-GAAP,連結,2026-12-31,2026-06-30
2461,株式会社ファンコミュニケーションズ,15261524000,4969233000,21235755000,16266521000,NetAssets,76.6,total,16266521000,NetAssets,76.6,16090915000.0,ShareholdersEquity,75.77,12125064000,bs,12125064000.0,12126010000,66310429.0,2026-08-14,NumberOfIssuedSharesAsOfFilingDateIssuedSharesTotalNumberOfSharesEtc,S100YW9Y,2026-08-14,160,J-GAAP,連結,2026-12-31,2026-06-30
4248,竹本容器株式会社,9424258000,4539302000,17064354000,12525051000,NetAssets,73.4,total,12525051000,NetAssets,73.4,10556397000.0,ShareholdersEquity,61.86,3976965000,bs,3976965000.0,3730735000,12529200.0,2026-08-14,NumberOfIssuedSharesAsOfFilingDateIssuedSharesTotalNumberOfSharesEtc,S100YVT5,2026-08-14,160,J-GAAP,連結,2026-12-31,2026-06-30
7675,セントラルフォレストグループ株式会社,88644000000,76978000000,112256000000,35278000000,NetAssets,31.43,total,35278000000,NetAssets,31.43,30791000000.0,ShareholdersEquity,27.43,12603000000,bs,12603000000.0,19572000000,8781749.0,2026-08-14,NumberOfIssuedSharesAsOfFilingDateIssuedSharesTotalNumberOfSharesEtc,S100YVR7,2026-08-14,160,J-GAAP,連結,2026-12-31,2026-06-30
9621,株式会社建設技術研究所,65547000000,31109000000,99469000000,68360000000,NetAssets,68.72,total,68360000000,NetAssets,68.72,60131000000.0,ShareholdersEquity,60.45,32672000000,bs,32672000000.0,32588000000,28318172.0,2026-08-14,NumberOfIssuedSharesAsOfFilingDateIssuedSharesTotalNumberOfSharesEtc,S100YWVR,2026-08-14,160,J-GAAP,連結,2026-12-31,2026-06-30
3659,株式会社ネクソン,966053000000,270927000000,1356395000000,1085468000000,EquityIFRS,80.03,total,1085468000000,EquityIFRS,80.03,1076812000000.0,EquityAttributableToOwnersOfParentIFRS,79.39,546102000000,cf,,546102000000,793552908.0,2026-08-14,NumberOfIssuedSharesAsOfFilingDateIssuedSharesTotalNumberOfSharesEtc,S100YWN3,2026-08-14,160,IFRS,連結,2026-12-31,2026-06-30
4168,株式会社ヤプリ,3533019000,1664155000,5229135000,3564980000,NetAssets,68.18,total,3564980000,NetAssets,68.18,3434350000.0,ShareholdersEquity,65.68,2137394000,bs,2137394000.0,2137394000,12987500.0,2026-08-14,NumberOfIssuedSharesAsOfFilingDateIssuedSharesTotalNumberOfSharesEtc,S100YWX3,2026-08-14,160,J-GAAP,連結,2026-12-31,2026-06-30
4722,フューチャー株式会社,57017000000,31264000000,97702000000,66437000000,NetAssets,68.0,total,66437000000,NetAssets,68.0,61311000000.0,ShareholdersEquity,62.75,36361000000,bs,36361000000.0,36361000000,95328000.0,2026-08-14,NumberOfIssuedSharesAsOfFilingDateIssuedSharesTotalNumberOfSharesEtc,S100YWOI,2026-08-14,160,J-GAAP,連結,2026-12-31,2026-06-30
7256,河西工業株式会社,85242000000,118535000000,145329000000,26793000000,NetAssets,18.44,total,26793000000,NetAssets,18.44,7901000000.0,ShareholdersEquity,5.44,26669000000,bs,26669000000.0,23559000000,45339002.0,2026-06-30,NumberOfIssuedSharesAsOfFilingDateIssuedSharesTotalNumberOfSharesEtc,S100YNJP,2026-06-30,120,J-GAAP,連結,2026-03-31,2026-03-31
7776,株式会社セルシード,1951887000,310856000,2084835000,1773979000,NetAssets,85.09,total,1773979000,NetAssets,85.09,1759699000.0,ShareholdersEquity,84.4,1792266000,bs,1792266000.0,1792266000,39423819.0,2026-08-14,NumberOfIssuedSharesAsOfFilingDateIssuedSharesTotalNumberOfSharesEtc,S100YWQY,2026-08-14,160,J-GAAP,個別,2026-12-31,2026-06-30
9672,東京都競馬株式会社,29118750000,27844950000,126182532000,98337581000,NetAssets,77.93,total,98337581000,NetAssets,77.93,96928005000.0,ShareholdersEquity,76.82,16955352000,bs,16955352000.0,16732003000,28084854.0,2026-08-14,NumberOfIssuedSharesAsOfFilingDateIssuedSharesTotalNumberOfSharesEtc,S100YWPR,2026-08-14,160,J-GAAP,連結,2026-12-31,2026-06-30
3695,ＧＭＯプロダクトプラットフォーム株式会社,8758576000,8030315000,10538036000,2507721000,NetAssets,23.8,total,2507721000,NetAssets,23.8,2383945000.0,ShareholdersEquity,22.62,2293519000,bs,2293519000.0,2773832000,4446357.0,2026-08-14,NumberOfIssuedSharesAsOfFilingDateIssuedSharesTotalNumberOfSharesEtc,S100YW93,2026-08-14,160,J-GAAP,連結,2026-12-31,2026-06-30
4372,ユミルリンク株式会社,3258261000,594226000,3750480000,3156254000,NetAssets,84.16,total,3156254000,NetAssets,84.16,3156254000.0,ShareholdersEquity,84.16,2731616000,bs,2731616000.0,2731616000,3892600.0,2026-08-14,NumberOfIssuedSharesAsOfFilingDateIssuedSharesTotalNumberOfSharesEtc,S100YUEA,2026-08-14,160,J-GAAP,連結,2026-12-31,2026-06-30
2502,アサヒグループホールディングス株式会社,1152323000000,3082269000000,6275926000000,3193656000000,EquityIFRS,50.89,total,3193656000000,EquityIFRS,50.89,3188848000000.0,EquityAttributableToOwnersOfParentIFRS,50.81,243075000000,cf,,243075000000,1521010086.0,2026-08-14,NumberOfIssuedSharesAsOfFilingDateIssuedSharesTotalNumberOfSharesEtc,S100YWKK,2026-08-14,160,IFRS,連結,2026-12-31,2026-06-30
4284,株式会社　ソルクシーズ,8508160000,4838909000,12488914000,7650005000,NetAssets,61.25,total,7650005000,NetAssets,61.25,6488000000.0,ShareholdersEquity,51.95,4664645000,bs,4664645000.0,4661829000,26820594.0,2026-08-14,NumberOfIssuedSharesAsOfFilingDateIssuedSharesTotalNumberOfSharesEtc,S100YWZ2,2026-08-14,160,J-GAAP,連結,2026-12-31,2026-06-30
7039,ブリッジインターナショナル株式会社,4071495000,1266605000,5966731000,4700126000,NetAssets,78.77,total,4700126000,NetAssets,78.77,4703874000.0,ShareholdersEquity,78.84,1952260000,bs,1952260000.0,1932260000,3768600.0,2026-08-14,NumberOfIssuedSharesAsOfFilingDateIssuedSharesTotalNumberOfSharesEtc,S100YWWC,2026-08-14,160,J-GAAP,連結,2026-12-31,2026-06-30
261A,株式会社日水コン,21398763000,11747276000,27209923000,15462647000,NetAssets,56.83,total,15462647000,NetAssets,56.83,14710390000.0,ShareholdersEquity,54.06,16252091000,bs,16252091000.0,8242215000,12044600.0,2026-08-14,NumberOfIssuedSharesAsOfFilingDateIssuedSharesTotalNumberOfSharesEtc,S100YWZ8,2026-08-14,160,J-GAAP,連結,2026-12-31,2026-06-30
5616,株式会社雨風太陽,604858000,486917000,771406000,284489000,NetAssets,36.88,total,284489000,NetAssets,36.88,284489000.0,ShareholdersEquity,36.88,432977000,bs,432977000.0,432977000,2420550.0,2026-08-14,NumberOfIssuedSharesAsOfFilingDateIssuedSharesTotalNumberOfSharesEtc,S100YWVE,2026-08-14,160,J-GAAP,個別,2026-12-31,2026-06-30
5038,株式会社ｅＷｅＬＬ,3660878000,808389000,4345516000,3537126000,NetAssets,81.4,total,3537126000,NetAssets,81.4,3537126000.0,ShareholdersEquity,81.4,2811617000,bs,2811617000.0,2811617000,15271802.0,2026-08-14,NumberOfIssuedSharesAsOfFilingDateIssuedSharesTotalNumberOfSharesEtc,S100YWC6,2026-08-14,160,J-GAAP,個別,2026-12-31,2026-06-30
5619,マーソ株式会社,1879650000,238990000,2172868000,1933878000,NetAssets,89.0,total,1933878000,NetAssets,89.0,1937039000.0,ShareholdersEquity,89.15,1675594000,bs,1675594000.0,1675594000,3552750.0,2026-08-14,NumberOfIssuedSharesAsOfFilingDateIssuedSharesTotalNumberOfSharesEtc,S100YWE2,2026-08-14,160,J-GAAP,連結,2026-12-31,2026-06-30
3727,株式会社アプリックス,3891233000,4305382000,10942432000,6637050000,EquityIFRS,60.65,total,6637050000,EquityIFRS,60.65,6637050000.0,EquityAttributableToOwnersOfParentIFRS,60.65,1688822000,cf,,1688822000,43737832.0,2026-08-14,NumberOfIssuedSharesAsOfFilingDateIssuedSharesTotalNumberOfSharesEtc,S100YWZ7,2026-08-14,160,IFRS,連結,2026-12-31,2026-06-30
7814,株式会社日本創発グループ,37974000000,66974000000,92430000000,25456000000,NetAssets,27.54,total,25456000000,NetAssets,27.54,19564000000.0,ShareholdersEquity,21.17,14884000000,bs,14884000000.0,14868000000,51000000.0,2026-08-14,NumberOfIssuedSharesAsOfFilingDateIssuedSharesTotalNumberOfSharesEtc,S100YWTK,2026-08-14,160,J-GAAP,連結,2026-12-31,2026-06-30
5588,ファーストアカウンティング株式会社,1778554000,1299174000,2986325000,1687150000,NetAssets,56.5,total,1687150000,NetAssets,56.5,1590697000.0,ShareholdersEquity,53.27,1503234000,bs,1503234000.0,1503234000,11263700.0,2026-08-14,NumberOfIssuedSharesAsOfFilingDateIssuedSharesTotalNumberOfSharesEtc,S100YWZ0,2026-08-14,160,J-GAAP,連結,2026-12-31,2026-06-30
3928,株式会社マイネット,3505531000,3325231000,4692358000,1367127000,NetAssets,29.14,total,1367127000,NetAssets,29.14,1362274000.0,ShareholdersEquity,29.03,2225307000,bs,2225307000.0,2225307000,9581334.0,2026-08-14,NumberOfIssuedSharesAsOfFilingDateIssuedSharesTotalNumberOfSharesEtc,S100YS45,2026-08-14,160,J-GAAP,連結,2026-12-31,2026-06-30
3696,株式会社セレス,24881313000,25926872000,39865241000,13938368000,NetAssets,34.96,total,13938368000,NetAssets,34.96,13169402000.0,ShareholdersEquity,33.03,10269108000,bs,10269108000.0,10298052000,12187300.0,2026-08-14,NumberOfIssuedSharesAsOfFilingDateIssuedSharesTotalNumberOfSharesEtc,S100YWDR,2026-08-14,160,J-GAAP,連結,2026-12-31,2026-06-30
4020,ビートレンド株式会社,534238000,151548000,790687000,639139000,NetAssets,80.83,total,639139000,NetAssets,80.83,638512000.0,ShareholdersEquity,80.75,392790000,bs,392790000.0,392790000,2200400.0,2026-08-14,NumberOfIssuedSharesAsOfFilingDateIssuedSharesTotalNumberOfSharesEtc,S100YWQO,2026-08-14,160,J-GAAP,個別,2026-12-31,2026-06-30
9731,株式会社白洋舍,14207000000,22181000000,36375000000,14194000000,NetAssets,39.02,total,14194000000,NetAssets,39.02,12083000000.0,ShareholdersEquity,33.22,1104000000,bs,1104000000.0,1104000000,3900000.0,2026-08-14,NumberOfIssuedSharesAsOfFilingDateIssuedSharesTotalNumberOfSharesEtc,S100YWWX,2026-08-14,160,J-GAAP,連結,2026-12-31,2026-06-30
6977,株式会社日本抵抗器製作所,5375567000,5639972000,7367644000,1727671000,NetAssets,23.45,total,1727671000,NetAssets,23.45,677245000.0,ShareholdersEquity,9.19,2009752000,bs,2009752000.0,1808092000,1240000.0,2026-08-14,NumberOfIssuedSharesAsOfFilingDateIssuedSharesTotalNumberOfSharesEtc,S100YWA4,2026-08-14,160,J-GAAP,連結,2026-12-31,2026-06-30
6054,株式会社リブセンス,4473256000,520553000,4558679000,4038125000,NetAssets,88.58,total,4038125000,NetAssets,88.58,3980682000.0,ShareholdersEquity,87.32,3521494000,bs,3521494000.0,3521494000,28160000.0,2026-08-14,NumberOfIssuedSharesAsOfFilingDateIssuedSharesTotalNumberOfSharesEtc,S100YWRD,2026-08-14,160,J-GAAP,連結,2026-12-31,2026-06-30
4704,トレンドマイクロ株式会社,315076000000,286041000000,405188000000,119147000000,NetAssets,29.41,total,119147000000,NetAssets,29.41,64200000000.0,ShareholdersEquity,15.84,219902000000,bs,219902000000.0,214195000000,140901604.0,2026-08-14,NumberOfIssuedSharesAsOfFilingDateIssuedSharesTotalNumberOfSharesEtc,S100YX0R,2026-08-14,160,J-GAAP,連結,2026-12-31,2026-06-30
146A,コロンビア・ワークス株式会社,69611000000,61630000000,80308000000,18678000000,NetAssets,23.26,total,18678000000,NetAssets,23.26,18641000000.0,ShareholdersEquity,23.21,8929000000,bs,8929000000.0,8885000000,7716600.0,2026-08-14,NumberOfIssuedSharesAsOfFilingDateIssuedSharesTotalNumberOfSharesEtc,S100YX14,2026-08-14,160,J-GAAP,連結,2026-12-31,2026-06-30
9145,株式会社ビーイングホールディングス,8893000000,10804000000,19808000000,9003000000,NetAssets,45.45,total,9003000000,NetAssets,45.45,8440000000.0,ShareholdersEquity,42.61,4985000000,bs,4985000000.0,4592000000,24100000.0,2026-08-14,NumberOfIssuedSharesAsOfFilingDateIssuedSharesTotalNumberOfSharesEtc,S100YX15,2026-08-14,160,J-GAAP,連結,2026-12-31,2026-06-30
3997,株式会社トレードワークス,2074642000,1504484000,4030750000,2526266000,NetAssets,62.67,total,2526266000,NetAssets,62.67,2519975000.0,ShareholdersEquity,62.52,941588000,bs,941588000.0,882553000,41042000.0,2026-08-14,NumberOfIssuedSharesAsOfFilingDateIssuedSharesTotalNumberOfSharesEtc,S100YX1I,2026-08-14,160,J-GAAP,連結,2026-12-31,2026-06-30
4486,ユナイトアンドグロウ株式会社,3309995000,1185234000,3613526000,2428292000,NetAssets,67.2,total,2428292000,NetAssets,67.2,2428292000.0,ShareholdersEquity,67.2,3250098000,bs,3250098000.0,2408281000,7964400.0,2026-08-14,NumberOfIssuedSharesAsOfFilingDateIssuedSharesTotalNumberOfSharesEtc,S100YWDB,2026-08-14,160,J-GAAP,個別,2026-12-31,2026-06-30
6177,ＡｐｐＢａｎｋ株式会社,692991000,165528000,874720000,709191000,NetAssets,81.08,total,709191000,NetAssets,81.08,687116000.0,ShareholdersEquity,78.55,493349000,bs,493349000.0,493349000,25243500.0,2026-08-14,NumberOfIssuedSharesAsOfFilingDateIssuedSharesTotalNumberOfSharesEtc,S100YWS9,2026-08-14,160,J-GAAP,連結,2026-12-31,2026-06-30
145A,株式会社Ｌ　ｉｓ　Ｂ,2238564000,1465651000,3443990000,1978339000,NetAssets,57.44,total,1978339000,NetAssets,57.44,1978246000.0,ShareholdersEquity,57.44,1740387000,bs,1740387000.0,1374241000,5147665.0,2026-08-14,NumberOfIssuedSharesAsOfFilingDateIssuedSharesTotalNumberOfSharesEtc,S100YVMX,2026-08-14,160,J-GAAP,連結,2026-12-31,2026-06-30
3911,株式会社Ａｉｍｉｎｇ,8575250000,2746627000,10003366000,7256738000,NetAssets,72.54,total,7256738000,NetAssets,72.54,7259249000.0,ShareholdersEquity,72.57,5618095000,bs,5618095000.0,5618095000,46705300.0,2026-08-14,NumberOfIssuedSharesAsOfFilingDateIssuedSharesTotalNumberOfSharesEtc,S100YWKE,2026-08-14,160,J-GAAP,連結,2026-12-31,2026-06-30
4450,株式会社パワーソリューションズ,4408824000,2936633000,6886615000,3949982000,NetAssets,57.36,total,3949982000,NetAssets,57.36,3693227000.0,ShareholdersEquity,53.63,2052151000,bs,2052151000.0,2052151000,3143810.0,2026-08-14,NumberOfIssuedSharesAsOfFilingDateIssuedSharesTotalNumberOfSharesEtc,S100YWQ9,2026-08-14,160,J-GAAP,連結,2026-12-31,2026-06-30
9213,株式会社セイファート,989845000,542313000,1290089000,747776000,NetAssets,57.96,total,747776000,NetAssets,57.96,731579000.0,ShareholdersEquity,56.71,812864000,bs,812864000.0,702864000,1320800.0,2026-08-14,NumberOfIssuedSharesAsOfFilingDateIssuedSharesTotalNumberOfSharesEtc,S100YW74,2026-08-14,160,J-GAAP,連結,2026-12-31,2026-06-30
4476,ＡＩ　ＣＲＯＳＳ株式会社,2691892000,962572000,3162654000,2200081000,NetAssets,69.56,total,2200081000,NetAssets,69.56,2085342000.0,ShareholdersEquity,65.94,2009447000,bs,2009447000.0,2009447000,4087850.0,2026-08-14,NumberOfIssuedSharesAsOfFilingDateIssuedSharesTotalNumberOfSharesEtc,S100YWIU,2026-08-14,160,J-GAAP,連結,2026-12-31,2026-06-30
4881,株式会社ファンペップ,2093641000,433925000,2109172000,1675247000,NetAssets,79.43,total,1675247000,NetAssets,79.43,1647407000.0,ShareholdersEquity,78.11,1894935000,bs,1894935000.0,1894935000,50666700.0,2026-08-14,NumberOfIssuedSharesAsOfFilingDateIssuedSharesTotalNumberOfSharesEtc,S100YWZ3,2026-08-14,160,J-GAAP,連結,2026-12-31,2026-06-30
9345,ビズメイツ株式会社,1787201000,789865000,2715379000,1925514000,NetAssets,70.91,total,1925514000,NetAssets,70.91,1873898000.0,ShareholdersEquity,69.01,1640898000,bs,1640898000.0,1651980000,3249604.0,2026-08-14,NumberOfIssuedSharesAsOfFilingDateIssuedSharesTotalNumberOfSharesEtc,S100YWY9,2026-08-14,160,J-GAAP,連結,2026-12-31,2026-06-30
7354,株式会社ダイレクトマーケティングミックス,8388034000,11379821000,26901442000,15521621000,EquityIFRS,57.7,total,15521621000,EquityIFRS,57.7,15521621000.0,EquityAttributableToOwnersOfParentIFRS,57.7,4952118000,cf,,4952118000,47614836.0,2026-08-14,NumberOfIssuedSharesAsOfFilingDateIssuedSharesTotalNumberOfSharesEtc,S100YWZO,2026-08-14,160,IFRS,連結,2026-12-31,2026-06-30
2173,株式会社博展,7617590000,3474651000,8861596000,5386944000,NetAssets,60.79,total,5386944000,NetAssets,60.79,5378034000.0,ShareholdersEquity,60.69,3350586000,bs,3350586000.0,3350586000,16294320.0,2026-08-14,NumberOfIssuedSharesAsOfFilingDateIssuedSharesTotalNumberOfSharesEtc,S100YWAG,2026-08-14,160,J-GAAP,連結,2026-12-31,2026-06-30
2168,株式会社パソナグループ,139248000000,102552000000,235482000000,132929000000,NetAssets,56.45,total,132929000000,NetAssets,56.45,125647000000.0,ShareholdersEquity,53.36,76779000000,bs,76779000000.0,54577000000,40190300.0,2026-08-14,NumberOfIssuedSharesAsOfFilingDateIssuedSharesTotalNumberOfSharesEtc,S100YW7F,2026-08-14,120,J-GAAP,連結,2026-05-31,2026-05-31
6232,株式会社ＡＣＳＬ,5798608000,3132970000,6095838000,2962867000,NetAssets,48.6,total,2962867000,NetAssets,48.6,2824904000.0,ShareholdersEquity,46.34,2885103000,bs,2885103000.0,2885103000,19472474.0,2026-08-14,NumberOfIssuedSharesAsOfFilingDateIssuedSharesTotalNumberOfSharesEtc,S100YWSO,2026-08-14,160,J-GAAP,連結,2026-12-31,2026-06-30
219A,Ｈｅａｒｔｓｅｅｄ株式会社,6532988000,379414000,7042512000,6663098000,NetAssets,94.61,total,6663098000,NetAssets,94.61,6658849000.0,ShareholdersEquity,94.55,6335462000,bs,6335462000.0,6335462000,22897400.0,2026-08-14,NumberOfIssuedSharesAsOfFilingDateIssuedSharesTotalNumberOfSharesEtc,S100YX0K,2026-08-14,160,J-GAAP,個別,2026-12-31,2026-06-30
6071,株式会社ＩＢＪ,16052449000,21723135000,34536787000,12813652000,NetAssets,37.1,total,12813652000,NetAssets,37.1,11202620000.0,ShareholdersEquity,32.44,7090307000,bs,7090307000.0,7121048000,42001800.0,2026-08-14,NumberOfIssuedSharesAsOfFilingDateIssuedSharesTotalNumberOfSharesEtc,S100YX0D,2026-08-14,160,J-GAAP,連結,2026-12-31,2026-06-30
9160,株式会社オンザページ,8963351000,57830084000,71685358000,13855273000,EquityIFRS,19.33,total,13855273000,EquityIFRS,19.33,13855273000.0,EquityAttributableToOwnersOfParentIFRS,19.33,5621167000,cf,,5621167000,38204793.0,2026-08-14,NumberOfIssuedSharesAsOfFilingDateIssuedSharesTotalNumberOfSharesEtc,S100YWEC,2026-08-14,160,IFRS,連結,2026-12-31,2026-06-30
6630,ヤーマン株式会社,23930000000,2843000000,27191000000,24348000000,NetAssets,89.54,total,24348000000,NetAssets,89.54,23440000000.0,ShareholdersEquity,86.2,15640000000,bs,15640000000.0,15640000000,58348880.0,2026-08-14,NumberOfIssuedSharesAsOfFilingDateIssuedSharesTotalNumberOfSharesEtc,S100YWKQ,2026-08-14,160,J-GAAP,連結,2026-12-31,2026-06-30
6627,株式会社テラプローブ,30188019000,52641760000,116964373000,64322612000,NetAssets,54.99,total,64322612000,NetAssets,54.99,37844735000.0,ShareholdersEquity,32.36,11610199000,bs,11610199000.0,11610199000,9282500.0,2026-08-14,NumberOfIssuedSharesAsOfFilingDateIssuedSharesTotalNumberOfSharesEtc,S100YWK0,2026-08-14,160,J-GAAP,連結,2026-12-31,2026-06-30
4811,株式会社ドリーム・アーツ,5400460000,3439986000,6519753000,3079766000,NetAssets,47.24,total,3079766000,NetAssets,47.24,3027941000.0,ShareholdersEquity,46.44,4921378000,bs,4921378000.0,4901378000,12163800.0,2026-08-14,NumberOfIssuedSharesAsOfFilingDateIssuedSharesTotalNumberOfSharesEtc,S100YWQA,2026-08-14,160,J-GAAP,連結,2026-12-31,2026-06-30
4777,株式会社ガーラ,1435357000,2135089000,3486583000,1351493000,NetAssets,38.76,total,1351493000,NetAssets,38.76,1058102000.0,ShareholdersEquity,30.35,699576000,bs,699576000.0,391262000,28024900.0,2026-08-14,NumberOfIssuedSharesAsOfFilingDateIssuedSharesTotalNumberOfSharesEtc,S100YWBA,2026-08-14,160,J-GAAP,連結,2026-12-31,2026-06-30
153A,株式会社カウリス,1774365000,853962000,2375179000,1521216000,NetAssets,64.05,total,1521216000,NetAssets,64.05,1525898000.0,ShareholdersEquity,64.24,1631180000,bs,1631180000.0,1631844000,6534800.0,2026-08-14,NumberOfIssuedSharesAsOfFilingDateIssuedSharesTotalNumberOfSharesEtc,S100YWZI,2026-08-14,160,J-GAAP,個別,2026-12-31,2026-06-30
7038,フロンティア・マネジメント株式会社,10462681000,7333375000,17155822000,9822447000,NetAssets,57.25,total,9822447000,NetAssets,57.25,1356927000.0,ShareholdersEquity,7.91,3133896000,bs,3133896000.0,2259222000,11903219.0,2026-08-14,NumberOfIssuedSharesAsOfFilingDateIssuedSharesTotalNumberOfSharesEtc,S100YWQE,2026-08-14,160,J-GAAP,連結,2026-12-31,2026-06-30
472A,株式会社ミラティブ,4398796000,1318223000,5289849000,3971625000,NetAssets,75.08,total,3971625000,NetAssets,75.08,3971217000.0,ShareholdersEquity,75.07,3565240000,bs,3565240000.0,3565240000,16984150.0,2026-08-14,NumberOfIssuedSharesAsOfFilingDateIssuedSharesTotalNumberOfSharesEtc,S100YW20,2026-08-14,160,J-GAAP,連結,2026-12-31,2026-06-30
5591,株式会社ＡＶＩＬＥＮ,977232000,592219000,1424467000,832247000,NetAssets,58.43,total,832247000,NetAssets,58.43,831674000.0,ShareholdersEquity,58.38,588948000,bs,588948000.0,589846000,6107654.0,2026-08-14,NumberOfIssuedSharesAsOfFilingDateIssuedSharesTotalNumberOfSharesEtc,S100YX2D,2026-08-14,160,J-GAAP,連結,2026-12-31,2026-06-30
7044,株式会社ピアラ,4284405000,4283546000,5041301000,757755000,NetAssets,15.03,total,757755000,NetAssets,15.03,756910000.0,ShareholdersEquity,15.01,1676286000,bs,1676286000.0,1676286000,7367300.0,2026-08-14,NumberOfIssuedSharesAsOfFilingDateIssuedSharesTotalNumberOfSharesEtc,S100YWSH,2026-08-14,160,J-GAAP,連結,2026-12-31,2026-06-30
4892,株式会社サイフューズ,3565351000,1303622000,3925804000,2622181000,NetAssets,66.79,total,2622181000,NetAssets,66.79,2497024000.0,ShareholdersEquity,63.61,3391527000,bs,3391527000.0,1841527000,10092100.0,2026-08-14,NumberOfIssuedSharesAsOfFilingDateIssuedSharesTotalNumberOfSharesEtc,S100YWXA,2026-08-14,160,J-GAAP,個別,2026-12-31,2026-06-30
4261,アジアクエスト株式会社,2357440000,902858000,2854149000,1951290000,NetAssets,68.37,total,1951290000,NetAssets,68.37,1974594000.0,ShareholdersEquity,69.18,1425041000,bs,1425041000.0,1425041000,1477600.0,2026-08-14,NumberOfIssuedSharesAsOfFilingDateIssuedSharesTotalNumberOfSharesEtc,S100YWRO,2026-08-14,160,J-GAAP,連結,2026-12-31,2026-06-30
175A,株式会社Ｗｉｌｌ　Ｓｍａｒｔ,740037000,497559000,787719000,290160000,NetAssets,36.84,total,290160000,NetAssets,36.84,290160000.0,ShareholdersEquity,36.84,561352000,bs,561352000.0,561352000,2156500.0,2026-08-14,NumberOfIssuedSharesAsOfFilingDateIssuedSharesTotalNumberOfSharesEtc,S100YX0J,2026-08-14,160,J-GAAP,個別,2026-12-31,2026-06-30
4596,窪田製薬ホールディングス株式会社,1765938000,173960000,1776380000,1602420000,EquityIFRS,90.21,total,1602420000,EquityIFRS,90.21,1602420000.0,EquityAttributableToOwnersOfParentIFRS,90.21,1579970000,cf,,1579970000,162144288.0,2026-08-14,NumberOfIssuedSharesAsOfFilingDateIssuedSharesTotalNumberOfSharesEtc,S100YWOL,2026-08-14,160,IFRS,連結,2026-12-31,2026-06-30
4251,恵和株式会社,18855688000,6185955000,31029415000,24843460000,NetAssets,80.06,total,24843460000,NetAssets,80.06,23395860000.0,ShareholdersEquity,75.4,8767652000,bs,8767652000.0,8060658000,19285152.0,2026-08-14,NumberOfIssuedSharesAsOfFilingDateIssuedSharesTotalNumberOfSharesEtc,S100YWBN,2026-08-14,160,J-GAAP,連結,2026-12-31,2026-06-30
9218,株式会社メンタルヘルステクノロジーズ,2403053000,4106199000,5716296000,1610096000,NetAssets,28.17,total,1610096000,NetAssets,28.17,1412513000.0,ShareholdersEquity,24.71,1058845000,bs,1058845000.0,1058845000,10507300.0,2026-08-14,NumberOfIssuedSharesAsOfFilingDateIssuedSharesTotalNumberOfSharesEtc,S100YWYW,2026-08-14,160,J-GAAP,連結,2026-12-31,2026-06-30
298A,ＧＶＡ　ＴＥＣＨ株式会社,345654000,1205191000,1362338000,157146000,NetAssets,11.54,total,157146000,NetAssets,11.54,125617000.0,ShareholdersEquity,9.22,206815000,bs,206815000.0,206815000,4638298.0,2026-08-14,NumberOfIssuedSharesAsOfFilingDateIssuedSharesTotalNumberOfSharesEtc,S100YWCH,2026-08-14,160,J-GAAP,個別,2026-12-31,2026-06-30
2499,日本和装ホールディングス株式会社,8451463000,5034127000,8669673000,3635545000,NetAssets,41.93,total,3635545000,NetAssets,41.93,3613239000.0,ShareholdersEquity,41.68,2561192000,bs,2561192000.0,1885404000,9065600.0,2026-08-14,NumberOfIssuedSharesAsOfFilingDateIssuedSharesTotalNumberOfSharesEtc,S100YWIS,2026-08-14,160,J-GAAP,連結,2026-06-30,2026-06-30
3452,株式会社ビーロット,88000000000,80429000000,102626000000,22197000000,NetAssets,21.63,total,22197000000,NetAssets,21.63,22100000000.0,ShareholdersEquity,21.53,15811000000,bs,15811000000.0,13981000000,20032400.0,2026-08-14,NumberOfIssuedSharesAsOfFilingDateIssuedSharesTotalNumberOfSharesEtc,S100YWGV,2026-08-14,160,J-GAAP,連結,2026-12-31,2026-06-30
4883,株式会社モダリス,3083933000,662943000,3136316000,2473372000,NetAssets,78.86,total,2473372000,NetAssets,78.86,2395514000.0,ShareholdersEquity,76.38,3015530000,bs,3015530000.0,3015530000,104374098.0,2026-08-14,NumberOfIssuedSharesAsOfFilingDateIssuedSharesTotalNumberOfSharesEtc,S100YVRI,2026-08-14,160,J-GAAP,連結,2026-12-31,2026-06-30
4178,株式会社Ｓｈａｒｉｎｇ　Ｉｎｎｏｖａｔｉｏｎｓ,1858430000,697911000,2349229000,1651318000,NetAssets,70.29,total,1651318000,NetAssets,70.29,1651771000.0,ShareholdersEquity,70.31,1380236000,bs,1380236000.0,1379897000,3793300.0,2026-08-14,NumberOfIssuedSharesAsOfFilingDateIssuedSharesTotalNumberOfSharesEtc,S100YWTU,2026-08-14,160,J-GAAP,連結,2026-12-31,2026-06-30
3664,株式会社ＷＩＺＥ,2041393000,1709572000,3025750000,1316178000,NetAssets,43.5,total,1316178000,NetAssets,43.5,1216187000.0,ShareholdersEquity,40.19,609425000,bs,609425000.0,609425000,101563408.0,2026-08-14,NumberOfIssuedSharesAsOfFilingDateIssuedSharesTotalNumberOfSharesEtc,S100YWFX,2026-08-14,160,J-GAAP,連結,2026-12-31,2026-06-30
7082,株式会社ジモティー,2436345000,737519000,2664518000,1926999000,NetAssets,72.32,total,1926999000,NetAssets,72.32,1926956000.0,ShareholdersEquity,72.32,2124322000,bs,2124322000.0,2124322000,9970826.0,2026-08-14,NumberOfIssuedSharesAsOfFilingDateIssuedSharesTotalNumberOfSharesEtc,S100YWTG,2026-08-14,160,J-GAAP,個別,2026-12-31,2026-06-30
5039,株式会社キットアライブ,1120819000,193194000,1186951000,993757000,NetAssets,83.72,total,993757000,NetAssets,83.72,990022000.0,ShareholdersEquity,83.41,846067000,bs,846067000.0,846067000,1253000.0,2026-08-14,NumberOfIssuedSharesAsOfFilingDateIssuedSharesTotalNumberOfSharesEtc,S100YX26,2026-08-14,160,J-GAAP,個別,2026-12-31,2026-06-30
6361,株式会社荏原製作所,720797000000,558240000000,1102002000000,543762000000,EquityIFRS,49.34,total,543762000000,EquityIFRS,49.34,531913000000.0,EquityAttributableToOwnersOfParentIFRS,48.27,153023000000,cf,,153023000000,457442185.0,2026-08-14,NumberOfIssuedSharesAsOfFilingDateIssuedSharesTotalNumberOfSharesEtc,S100YVX1,2026-08-14,160,IFRS,連結,2026-12-31,2026-06-30
6533,株式会社Ｏｒｃｈｅｓｔｒａ　Ｈｏｌｄｉｎｇｓ,8298719000,11060678000,18317984000,7257306000,EquityIFRS,39.62,total,7257306000,EquityIFRS,39.62,6715760000.0,EquityAttributableToOwnersOfParentIFRS,36.66,4253811000,cf,,4253811000,10034200.0,2026-08-14,NumberOfIssuedSharesAsOfFilingDateIssuedSharesTotalNumberOfSharesEtc,S100YW87,2026-08-14,160,IFRS,連結,2026-12-31,2026-06-30
9612,株式会社ラックランド,20080000000,11984000000,25822000000,13837000000,NetAssets,53.59,total,13837000000,NetAssets,53.59,13860000000.0,ShareholdersEquity,53.68,11225000000,bs,11225000000.0,10939000000,11552500.0,2026-08-14,NumberOfIssuedSharesAsOfFilingDateIssuedSharesTotalNumberOfSharesEtc,S100YWKH,2026-08-14,160,J-GAAP,連結,2026-12-31,2026-06-30
4487,株式会社スペースマーケット,2578072000,2476591000,3549255000,1072664000,NetAssets,30.22,total,1072664000,NetAssets,30.22,977393000.0,ShareholdersEquity,27.54,1248911000,bs,1248911000.0,1248911000,12105900.0,2026-08-14,NumberOfIssuedSharesAsOfFilingDateIssuedSharesTotalNumberOfSharesEtc,S100YWYB,2026-08-14,160,J-GAAP,連結,2026-09-30,2026-06-30
5242,株式会社アイズ,772390000,452174000,1060731000,608557000,NetAssets,57.37,total,608557000,NetAssets,57.37,608557000.0,ShareholdersEquity,57.37,546126000,bs,546126000.0,546126000,1026100.0,2026-08-14,NumberOfIssuedSharesAsOfFilingDateIssuedSharesTotalNumberOfSharesEtc,S100YWQU,2026-08-14,160,J-GAAP,個別,2026-12-31,2026-06-30
5010,日本精蝋株式会社,15179000000,21886000000,29470000000,7584000000,NetAssets,25.73,total,7584000000,NetAssets,25.73,1849000000.0,ShareholdersEquity,6.27,2621000000,bs,2621000000.0,2521000000,22400000.0,2026-08-14,NumberOfIssuedSharesAsOfFilingDateIssuedSharesTotalNumberOfSharesEtc,S100YX2R,2026-08-14,160,J-GAAP,連結,2026-12-31,2026-06-30
4428,株式会社シノプス,1828215000,483986000,2385514000,1901527000,NetAssets,79.71,total,1901527000,NetAssets,79.71,1901719000.0,ShareholdersEquity,79.72,1303860000,bs,1303860000.0,803860000,6259000.0,2026-08-14,NumberOfIssuedSharesAsOfFilingDateIssuedSharesTotalNumberOfSharesEtc,S100YWX8,2026-08-14,160,J-GAAP,個別,2026-12-31,2026-06-30
6228,株式会社ジェイ・イー・ティ,17249000000,10717000000,19452000000,8735000000,NetAssets,44.91,total,8735000000,NetAssets,44.91,8064000000.0,ShareholdersEquity,41.46,2705000000,bs,2705000000.0,2683000000,13470000.0,2026-08-14,NumberOfIssuedSharesAsOfFilingDateIssuedSharesTotalNumberOfSharesEtc,S100YWRT,2026-08-14,160,J-GAAP,連結,2026-12-31,2026-06-30
8996,株式会社ハウスフリーダム,13475356000,14259081000,18215334000,3956253000,NetAssets,21.72,total,3956253000,NetAssets,21.72,3927474000.0,ShareholdersEquity,21.56,4475084000,bs,4475084000.0,4456573000,4110000.0,2026-08-14,NumberOfIssuedSharesAsOfFilingDateIssuedSharesTotalNumberOfSharesEtc,S100YWCC,2026-08-14,160,J-GAAP,連結,2026-12-31,2026-06-30
7061,日本ホスピスホールディングス株式会社,4332618000,15087977000,18750458000,3662480000,NetAssets,19.53,total,3662480000,NetAssets,19.53,3662480000.0,ShareholdersEquity,19.53,1928766000,bs,1928766000.0,1928766000,8484100.0,2026-08-14,NumberOfIssuedSharesAsOfFilingDateIssuedSharesTotalNumberOfSharesEtc,S100YWWR,2026-08-14,160,J-GAAP,連結,2026-12-31,2026-06-30
4170,株式会社Ｋａｉｚｅｎ　Ｐｌａｔｆｏｒｍ,3309149000,1101251000,4002669000,2901417000,NetAssets,72.49,total,2901417000,NetAssets,72.49,2499628000.0,ShareholdersEquity,62.45,2758448000,bs,2758448000.0,1731626000,17103711.0,2026-08-14,NumberOfIssuedSharesAsOfFilingDateIssuedSharesTotalNumberOfSharesEtc,S100YUG7,2026-08-14,160,J-GAAP,連結,2026-12-31,2026-06-30
4784,ＧＭＯインターネット株式会社,54174000000,40922000000,75239000000,34316000000,NetAssets,45.61,total,34316000000,NetAssets,45.61,33439000000.0,ShareholdersEquity,44.44,33493000000,bs,33493000000.0,33487000000,304698528.0,2026-08-14,NumberOfIssuedSharesAsOfFilingDateIssuedSharesTotalNumberOfSharesEtc,S100YX2U,2026-08-14,160,J-GAAP,連結,2026-12-31,2026-06-30
7353,ＫＩＹＯラーニング株式会社,4091512000,3069121000,4662180000,1593058000,NetAssets,34.17,total,1593058000,NetAssets,34.17,1593058000.0,ShareholdersEquity,34.17,3667765000,bs,3667765000.0,3667765000,6876500.0,2026-08-14,NumberOfIssuedSharesAsOfFilingDateIssuedSharesTotalNumberOfSharesEtc,S100YWN0,2026-08-14,160,J-GAAP,個別,2026-12-31,2026-06-30
7033,株式会社マネジメントソリューションズ,7385459000,2658009000,9358157000,6700147000,NetAssets,71.6,total,6700147000,NetAssets,71.6,6504680000.0,ShareholdersEquity,69.51,3443500000,bs,3443500000.0,3302169000,16891270.0,2026-08-14,NumberOfIssuedSharesAsOfFilingDateIssuedSharesTotalNumberOfSharesEtc,S100YWQF,2026-08-14,160,J-GAAP,連結,2026-12-31,2026-06-30
7048,ベルトラ株式会社,8089608000,6503810000,9206909000,2703099000,NetAssets,29.36,total,2703099000,NetAssets,29.36,2228580000.0,ShareholdersEquity,24.21,4941846000,bs,4941846000.0,4941846000,36603380.0,2026-08-14,NumberOfIssuedSharesAsOfFilingDateIssuedSharesTotalNumberOfSharesEtc,S100YX08,2026-08-14,160,J-GAAP,連結,2026-12-31,2026-06-30
7744,ノーリツ鋼機株式会社,129414000000,134413000000,367124000000,232710000000,EquityIFRS,63.39,total,232710000000,EquityIFRS,63.39,232608000000.0,EquityAttributableToOwnersOfParentIFRS,63.36,64946000000,cf,,64946000000,107402216.0,2026-08-14,NumberOfIssuedSharesAsOfFilingDateIssuedSharesTotalNumberOfSharesEtc,S100YWZ1,2026-08-14,160,IFRS,連結,2026-12-31,2026-06-30
5027,ＡｎｙＭｉｎｄ　Ｇｒｏｕｐ株式会社,33647000000,33787000000,51629000000,17841000000,EquityIFRS,34.56,total,17841000000,EquityIFRS,34.56,17670000000.0,EquityAttributableToOwnersOfParentIFRS,34.22,8317000000,cf,,8317000000,61402600.0,2026-08-14,NumberOfIssuedSharesAsOfFilingDateIssuedSharesTotalNumberOfSharesEtc,S100YWSJ,2026-08-14,160,IFRS,連結,2026-12-31,2026-06-30
4438,株式会社Ｗｅｌｂｙ,593945000,736049000,844128000,108078000,NetAssets,12.8,total,108078000,NetAssets,12.8,56663000.0,ShareholdersEquity,6.71,435628000,bs,435628000.0,435628000,8435582.0,2026-08-14,NumberOfIssuedSharesAsOfFilingDateIssuedSharesTotalNumberOfSharesEtc,S100YWEH,2026-08-14,160,J-GAAP,連結,2026-12-31,2026-06-30
4180,Ａｐｐｉｅｒ　Ｇｒｏｕｐ株式会社,37413000000,22957000000,62901000000,39944000000,EquityIFRS,63.5,total,39944000000,EquityIFRS,63.5,39944000000.0,EquityAttributableToOwnersOfParentIFRS,63.5,13083000000,cf,,13083000000,102762619.0,2026-08-14,NumberOfIssuedSharesAsOfFilingDateIssuedSharesTotalNumberOfSharesEtc,S100YWLM,2026-08-14,160,IFRS,連結,2026-12-31,2026-06-30
4891,㈱ティムス,2512583000,104014000,2514328000,2410313000,NetAssets,95.86,total,2410313000,NetAssets,95.86,2360314000.0,ShareholdersEquity,93.87,2459128000,bs,2459128000.0,2459128000,46341767.0,2026-08-14,NumberOfIssuedSharesAsOfFilingDateIssuedSharesTotalNumberOfSharesEtc,S100YX32,2026-08-14,160,J-GAAP,個別,2026-12-31,2026-06-30
3983,株式会社オロ,12018443000,3566580000,13557209000,9990629000,EquityIFRS,73.69,total,9990629000,EquityIFRS,73.69,9994628000.0,EquityAttributableToOwnersOfParentIFRS,73.72,9436546000,cf,,9436546000,15600453.0,2026-08-14,NumberOfIssuedSharesAsOfFilingDateIssuedSharesTotalNumberOfSharesEtc,S100YVZW,2026-08-14,160,IFRS,連結,2026-12-31,2026-06-30
4481,ベース株式会社,15901829000,3010897000,18569454000,15558556000,NetAssets,83.79,total,15558556000,NetAssets,83.79,14660425000.0,ShareholdersEquity,78.95,12652237000,bs,12652237000.0,12748738000,18817200.0,2026-08-14,NumberOfIssuedSharesAsOfFilingDateIssuedSharesTotalNumberOfSharesEtc,S100YX33,2026-08-14,160,J-GAAP,連結,2026-12-31,2026-06-30
3981,株式会社ビーグリー,7139657000,6722097000,14740932000,8018834000,NetAssets,54.4,total,8018834000,NetAssets,54.4,8001126000.0,ShareholdersEquity,54.28,4292289000,bs,4292289000.0,4292289000,6301986.0,2026-08-14,NumberOfIssuedSharesAsOfFilingDateIssuedSharesTotalNumberOfSharesEtc,S100YWBL,2026-08-14,160,J-GAAP,連結,2026-12-31,2026-06-30
6835,アライドテレシスホールディングス株式会社,37352012000,28054189000,49404963000,21350774000,NetAssets,43.22,total,21350774000,NetAssets,43.22,18414480000.0,ShareholdersEquity,37.27,16978882000,bs,16978882000.0,16978882000,104012157.0,2026-08-14,NumberOfIssuedSharesAsOfFilingDateIssuedSharesTotalNumberOfSharesEtc,S100YWSI,2026-08-14,160,J-GAAP,連結,2026-12-31,2026-06-30
4019,株式会社スタメン,1666587000,894813000,2539377000,1644564000,NetAssets,64.76,total,1644564000,NetAssets,64.76,1588953000.0,ShareholdersEquity,62.57,1179255000,bs,1179255000.0,1179255000,8781500.0,2026-08-14,NumberOfIssuedSharesAsOfFilingDateIssuedSharesTotalNumberOfSharesEtc,S100YX0Y,2026-08-14,160,J-GAAP,連結,2026-12-31,2026-06-30
3758,株式会社アエリア,16418000000,11285000000,20532000000,9246000000,NetAssets,45.03,total,9246000000,NetAssets,45.03,8301000000.0,ShareholdersEquity,40.43,7400000000,bs,7400000000.0,6655000000,21249428.0,2026-08-14,NumberOfIssuedSharesAsOfFilingDateIssuedSharesTotalNumberOfSharesEtc,S100YVUP,2026-08-14,160,J-GAAP,連結,2026-12-31,2026-06-30
6376,日機装株式会社,198925000000,200170000000,374083000000,173912000000,EquityIFRS,46.49,total,173912000000,EquityIFRS,46.49,171946000000.0,EquityAttributableToOwnersOfParentIFRS,45.96,37983000000,cf,,37983000000,69175664.0,2026-08-14,NumberOfIssuedSharesAsOfFilingDateIssuedSharesTotalNumberOfSharesEtc,S100YX2Y,2026-08-14,160,IFRS,連結,2026-12-31,2026-06-30
2330,株式会社フォーサイド,3848204000,1624212000,4626156000,3001943000,NetAssets,64.89,total,3001943000,NetAssets,64.89,2989543000.0,ShareholdersEquity,64.62,2643563000,bs,2643563000.0,2612236000,43687704.0,2026-08-14,NumberOfIssuedSharesAsOfFilingDateIssuedSharesTotalNumberOfSharesEtc,S100YWJ5,2026-08-14,160,J-GAAP,連結,2026-12-31,2026-06-30
9449,ＧＭＯインターネットグループ株式会社,1809017000000,1832963000000,2140251000000,307287000000,EquityIFRS,14.36,total,307287000000,EquityIFRS,14.36,155963000000.0,EquityAttributableToOwnersOfParentIFRS,7.29,546352000000,cf,,546352000000,107349121.0,2026-08-14,NumberOfIssuedSharesAsOfFilingDateIssuedSharesTotalNumberOfSharesEtc,S100YWD4,2026-08-14,160,IFRS,連結,2026-12-31,2026-06-30
290A,株式会社Ｓｙｎｓｐｅｃｔｉｖｅ,17955986000,12055365000,50001019000,37945653000,NetAssets,75.89,total,37945653000,NetAssets,75.89,36579197000.0,ShareholdersEquity,73.16,16209788000,bs,16209788000.0,16209788000,134127200.0,2026-08-14,NumberOfIssuedSharesAsOfFilingDateIssuedSharesTotalNumberOfSharesEtc,S100YWLH,2026-08-14,160,J-GAAP,連結,2026-12-31,2026-06-30
4235,ウルトラファブリックス・ホールディングス株式会社,11740000000,21273000000,39047000000,17774000000,EquityIFRS,45.52,total,17774000000,EquityIFRS,45.52,17774000000.0,EquityAttributableToOwnersOfParentIFRS,45.52,3159000000,cf,,3159000000,18815200.0,2026-08-14,NumberOfIssuedSharesAsOfFilingDateIssuedSharesTotalNumberOfSharesEtc,S100YW2Y,2026-08-14,160,IFRS,連結,2026-06-30,2026-06-30
4579,ラクオリア創薬株式会社,6190250000,3175698000,11006607000,7830908000,NetAssets,71.15,total,7830908000,NetAssets,71.15,7856115000.0,ShareholdersEquity,71.38,4575291000,bs,4575291000.0,4696315000,26031413.0,2026-08-14,NumberOfIssuedSharesAsOfFilingDateIssuedSharesTotalNumberOfSharesEtc,S100YWY3,2026-08-14,160,J-GAAP,連結,2026-12-31,2026-06-30
6268,ナブテスコ株式会社,237533000000,160025000000,456867000000,296842000000,EquityIFRS,64.97,total,296842000000,EquityIFRS,64.97,284971000000.0,EquityAttributableToOwnersOfParentIFRS,62.38,99583000000,cf,,99583000000,118064699.0,2026-08-14,NumberOfIssuedSharesAsOfFilingDateIssuedSharesTotalNumberOfSharesEtc,S100YWLA,2026-08-14,160,IFRS,連結,2026-06-30,2026-06-30
6573,ＣＲＡＶＩＡ株式会社,416810000,201171000,685316000,484144000,NetAssets,70.65,total,484144000,NetAssets,70.65,481332000.0,ShareholdersEquity,70.24,190726000,bs,190726000.0,190726000,66685080.0,2026-08-14,NumberOfIssuedSharesAsOfFilingDateIssuedSharesTotalNumberOfSharesEtc,S100YWEU,2026-08-14,160,J-GAAP,連結,2026-12-31,2026-06-30
268A,リガク・ホールディングス株式会社,77773000000,98452000000,187646000000,89193000000,EquityIFRS,47.53,total,89193000000,EquityIFRS,47.53,89193000000.0,EquityAttributableToOwnersOfParentIFRS,47.53,27251000000,cf,,27251000000,226516100.0,2026-08-14,NumberOfIssuedSharesAsOfFilingDateIssuedSharesTotalNumberOfSharesEtc,S100YWTA,2026-08-14,160,IFRS,連結,2026-12-31,2026-06-30
7112,株式会社キューブ,3070143000,533819000,4474083000,3940263000,NetAssets,88.07,total,3940263000,NetAssets,88.07,3940263000.0,ShareholdersEquity,88.07,1809414000,bs,1809414000.0,1028668000,6139647.0,2026-08-14,NumberOfIssuedSharesAsOfFilingDateIssuedSharesTotalNumberOfSharesEtc,S100YWXI,2026-08-14,160,J-GAAP,個別,2026-12-31,2026-06-30
4493,株式会社サイバーセキュリティクラウド,4477641000,1044922000,5598579000,4553657000,NetAssets,81.34,total,4553657000,NetAssets,81.34,4525122000.0,ShareholdersEquity,80.83,3422482000,bs,3422482000.0,3422482000,10390644.0,2026-08-14,NumberOfIssuedSharesAsOfFilingDateIssuedSharesTotalNumberOfSharesEtc,S100YX2X,2026-08-14,160,J-GAAP,連結,2026-12-31,2026-06-30
4448,株式会社ｋｕｂｅｌｌ,4643665000,4401019000,6968336000,2567316000,NetAssets,36.84,total,2567316000,NetAssets,36.84,2537422000.0,ShareholdersEquity,36.41,3620074000,bs,3620074000.0,3270074000,42643354.0,2026-08-14,NumberOfIssuedSharesAsOfFilingDateIssuedSharesTotalNumberOfSharesEtc,S100YX0P,2026-08-14,160,J-GAAP,連結,2026-12-31,2026-06-30
6034,ＭＲＴ株式会社,2785536000,1622498000,6367564000,4745066000,EquityIFRS,74.52,total,4745066000,EquityIFRS,74.52,4747198000.0,EquityAttributableToOwnersOfParentIFRS,74.55,1533991000,cf,,1533991000,5718600.0,2026-08-14,NumberOfIssuedSharesAsOfFilingDateIssuedSharesTotalNumberOfSharesEtc,S100YX1X,2026-08-14,160,IFRS,連結,2026-12-31,2026-06-30
4766,株式会社ピーエイ,1001083000,941638000,1428944000,487305000,NetAssets,34.1,total,487305000,NetAssets,34.1,488969000.0,ShareholdersEquity,34.22,733327000,bs,733327000.0,723327000,11229800.0,2026-08-14,NumberOfIssuedSharesAsOfFilingDateIssuedSharesTotalNumberOfSharesEtc,S100YVRL,2026-08-14,160,J-GAAP,連結,2026-12-31,2026-06-30
319A,株式会社技術承継機構,19892000000,25114000000,35969000000,10855000000,NetAssets,30.18,total,10855000000,NetAssets,30.18,10253000000.0,ShareholdersEquity,28.51,11222000000,bs,11222000000.0,10809000000,8845978.0,2026-08-14,NumberOfIssuedSharesAsOfFilingDateIssuedSharesTotalNumberOfSharesEtc,S100YVWW,2026-08-14,160,J-GAAP,連結,2026-12-31,2026-06-30
3904,株式会社カヤック,10186589000,7123109000,13559917000,6436808000,NetAssets,47.47,total,6436808000,NetAssets,47.47,5893564000.0,ShareholdersEquity,43.46,6160587000,bs,6160587000.0,6160587000,16108800.0,2026-08-14,NumberOfIssuedSharesAsOfFilingDateIssuedSharesTotalNumberOfSharesEtc,S100YWM0,2026-08-14,160,J-GAAP,連結,2026-12-31,2026-06-30
8202,ラオックスホールディングス株式会社,27638000000,17468000000,38903000000,21435000000,NetAssets,55.1,total,21435000000,NetAssets,55.1,20876000000.0,ShareholdersEquity,53.66,7090000000,bs,7090000000.0,5979000000,93335103.0,2026-08-14,NumberOfIssuedSharesAsOfFilingDateIssuedSharesTotalNumberOfSharesEtc,S100YWNW,2026-08-14,160,J-GAAP,連結,2026-12-31,2026-06-30
2721,株式会社ジェイホールディングス,565505000,409525000,807915000,398390000,NetAssets,49.31,total,398390000,NetAssets,49.31,388176000.0,ShareholdersEquity,48.05,396263000,bs,396263000.0,396263000,16528500.0,2026-08-14,NumberOfIssuedSharesAsOfFilingDateIssuedSharesTotalNumberOfSharesEtc,S100YWDH,2026-08-14,160,J-GAAP,連結,2026-12-31,2026-06-30
2160,株式会社ジーエヌアイグループ,35635000000,15263000000,81760000000,66497000000,EquityIFRS,81.33,total,66497000000,EquityIFRS,81.33,40441000000.0,EquityAttributableToOwnersOfParentIFRS,49.46,17164000000,cf,,17164000000,65828228.0,2026-08-14,NumberOfIssuedSharesAsOfFilingDateIssuedSharesTotalNumberOfSharesEtc,S100YX24,2026-08-14,160,IFRS,連結,2026-12-31,2026-06-30
4371,株式会社コアコンセプト・テクノロジー,6534361000,3427590000,8642583000,5214993000,NetAssets,60.34,total,5214993000,NetAssets,60.34,5214447000.0,ShareholdersEquity,60.33,2507993000,bs,2507993000.0,2267192000,17898800.0,2026-08-14,NumberOfIssuedSharesAsOfFilingDateIssuedSharesTotalNumberOfSharesEtc,S100YWTW,2026-08-14,160,J-GAAP,連結,2026-12-31,2026-06-30
9246,株式会社プロジェクトホールディングス,2675819000,2123528000,4413490000,2289962000,NetAssets,51.89,total,2289962000,NetAssets,51.89,2275494000.0,ShareholdersEquity,51.56,1759299000,bs,1759299000.0,1759299000,5487450.0,2026-08-14,NumberOfIssuedSharesAsOfFilingDateIssuedSharesTotalNumberOfSharesEtc,S100YWRM,2026-08-14,160,J-GAAP,連結,2026-12-31,2026-06-30
9211,株式会社エフ・コード,13862559000,24952589000,30091126000,5138536000,EquityIFRS,17.08,total,5138536000,EquityIFRS,17.08,8425954000.0,EquityAttributableToOwnersOfParentIFRS,28.0,9413716000,cf,,9413716000,12479400.0,2026-08-14,NumberOfIssuedSharesAsOfFilingDateIssuedSharesTotalNumberOfSharesEtc,S100YX39,2026-08-14,160,IFRS,連結,2026-12-31,2026-06-30
2215,第一屋製パン株式会社,6751000000,6844000000,15608000000,8763000000,NetAssets,56.14,total,8763000000,NetAssets,56.14,8740000000.0,ShareholdersEquity,56.0,3056000000,bs,3056000000.0,3030000000,6929900.0,2026-08-14,NumberOfIssuedSharesAsOfFilingDateIssuedSharesTotalNumberOfSharesEtc,S100YWS3,2026-08-14,160,J-GAAP,連結,2026-12-31,2026-06-30
7685,株式会社ＢｕｙＳｅｌｌ　Ｔｅｃｈｎｏｌｏｇｉｅｓ,41165180000,37790150000,65127938000,27337787000,NetAssets,41.98,total,27337787000,NetAssets,41.98,26499471000.0,ShareholdersEquity,40.69,28631567000,bs,28631567000.0,28633703000,61894000.0,2026-08-14,NumberOfIssuedSharesAsOfFilingDateIssuedSharesTotalNumberOfSharesEtc,S100YVNE,2026-08-14,160,J-GAAP,連結,2026-12-31,2026-06-30
5240,ｍｏｎｏＡＩ　ｔｅｃｈｎｏｌｏｇｙ株式会社,1043753000,137353000,1105753000,968400000,NetAssets,87.58,total,968400000,NetAssets,87.58,968372000.0,ShareholdersEquity,87.58,890903000,bs,890903000.0,860903000,12265280.0,2026-08-14,NumberOfIssuedSharesAsOfFilingDateIssuedSharesTotalNumberOfSharesEtc,S100YX03,2026-08-14,160,J-GAAP,連結,2026-12-31,2026-06-30
7782,株式会社シンシア,4883960000,2745812000,5585392000,2839579000,NetAssets,50.84,total,2839579000,NetAssets,50.84,2803046000.0,ShareholdersEquity,50.19,1882185000,bs,1882185000.0,1882185000,6862200.0,2026-08-14,NumberOfIssuedSharesAsOfFilingDateIssuedSharesTotalNumberOfSharesEtc,S100YWE7,2026-08-14,160,J-GAAP,連結,2026-12-31,2026-06-30
377A,株式会社エージェントＩＧホールディングス,4335869000,4152499000,6317396000,2164896000,NetAssets,34.27,total,2164896000,NetAssets,34.27,2044204000.0,ShareholdersEquity,32.36,2663047000,bs,2663047000.0,2663047000,2879848.0,2026-08-14,NumberOfIssuedSharesAsOfFilingDateIssuedSharesTotalNumberOfSharesEtc,S100YX2W,2026-08-14,160,J-GAAP,連結,2026-12-31,2026-06-30
7936,株式会社アシックス,491746000000,318955000000,679379000000,360424000000,NetAssets,53.05,total,360424000000,NetAssets,53.05,298438000000.0,ShareholdersEquity,43.93,141431000000,bs,141431000000.0,141395000000,734482236.0,2026-08-14,NumberOfIssuedSharesAsOfFilingDateIssuedSharesTotalNumberOfSharesEtc,S100YWS7,2026-08-14,160,J-GAAP,連結,2026-06-30,2026-06-30
3667,株式会社ｅｎｉｓｈ,1087457000,569234000,1356921000,787687000,NetAssets,58.05,total,787687000,NetAssets,58.05,779797000.0,ShareholdersEquity,57.47,754672000,bs,754672000.0,754672000,54422560.0,2026-08-14,NumberOfIssuedSharesAsOfFilingDateIssuedSharesTotalNumberOfSharesEtc,S100YWN8,2026-08-14,160,J-GAAP,個別,2026-12-31,2026-06-30
5255,株式会社モンスターラボ,5138005000,8307237000,8913313000,606076000,EquityIFRS,6.8,total,606076000,EquityIFRS,6.8,660667000.0,EquityAttributableToOwnersOfParentIFRS,7.41,3674327000,cf,,3674327000,97900722.0,2026-08-14,NumberOfIssuedSharesAsOfFilingDateIssuedSharesTotalNumberOfSharesEtc,S100YX3I,2026-08-14,160,IFRS,連結,2026-12-31,2026-06-30
4324,株式会社電通グループ,2141840000000,2580428000000,3066158000000,485730000000,EquityIFRS,15.84,total,485730000000,EquityIFRS,15.84,424611000000.0,EquityAttributableToOwnersOfParentIFRS,13.85,366363000000,cf,,366363000000,265800000.0,2026-08-14,NumberOfIssuedSharesAsOfFilingDateIssuedSharesTotalNumberOfSharesEtc,S100YWAP,2026-08-14,160,IFRS,連結,2026-12-31,2026-06-30
6081,アライドアーキテクツ株式会社,2045570000,1023344000,3182403000,2159058000,NetAssets,67.84,total,2159058000,NetAssets,67.84,2169921000.0,ShareholdersEquity,68.18,1083180000,bs,1083180000.0,1083180000,17519582.0,2026-08-14,NumberOfIssuedSharesAsOfFilingDateIssuedSharesTotalNumberOfSharesEtc,S100YWYL,2026-08-14,160,J-GAAP,連結,2026-12-31,2026-06-30
7362,株式会社Ｔ．Ｓ．Ｉ,1616009000,4479398000,5955832000,1476434000,NetAssets,24.79,total,1476434000,NetAssets,24.79,1476434000.0,ShareholdersEquity,24.79,829143000,bs,829143000.0,804022000,1533100.0,2026-08-14,NumberOfIssuedSharesAsOfFilingDateIssuedSharesTotalNumberOfSharesEtc,S100YWR4,2026-08-14,160,J-GAAP,連結,2026-12-31,2026-06-30
3775,株式会社ガイアックス,2067732000,922629000,2223888000,1301259000,NetAssets,58.51,total,1301259000,NetAssets,58.51,1126955000.0,ShareholdersEquity,50.67,1184275000,bs,1184275000.0,1134264000,5337452.0,2026-08-14,NumberOfIssuedSharesAsOfFilingDateIssuedSharesTotalNumberOfSharesEtc,S100YWS1,2026-08-14,160,J-GAAP,連結,2026-12-31,2026-06-30
3053,株式会社ペッパーフードサービス,3332000000,2497000000,5985000000,3487000000,NetAssets,58.26,total,3487000000,NetAssets,58.26,3477000000.0,ShareholdersEquity,58.1,2100000000,bs,2100000000.0,2100000000,61424000.0,2026-08-14,NumberOfIssuedSharesAsOfFilingDateIssuedSharesTotalNumberOfSharesEtc,S100YX3K,2026-08-14,160,J-GAAP,個別,2026-12-31,2026-06-30
6561,株式会社ＨＡＮＡＴＯＵＲ　ＪＡＰＡＮ,4896719000,5975531000,10680663000,4705131000,NetAssets,44.05,total,4705131000,NetAssets,44.05,4697871000.0,ShareholdersEquity,43.98,3135159000,bs,3135159000.0,2822816000,12664700.0,2026-08-14,NumberOfIssuedSharesAsOfFilingDateIssuedSharesTotalNumberOfSharesEtc,S100YWK7,2026-08-14,160,J-GAAP,連結,2026-12-31,2026-06-30
6276,シリウスビジョン株式会社,2331561000,718445000,2833897000,2115451000,NetAssets,74.65,total,2115451000,NetAssets,74.65,1941440000.0,ShareholdersEquity,68.51,1432736000,bs,1432736000.0,1432736000,5722500.0,2026-08-14,NumberOfIssuedSharesAsOfFilingDateIssuedSharesTotalNumberOfSharesEtc,S100YX3P,2026-08-14,160,J-GAAP,連結,2026-12-31,2026-06-30
2597,株式会社ユニカフェ,10496209000,8630720000,16085729000,7455009000,NetAssets,46.35,total,7455009000,NetAssets,46.35,7455009000.0,ShareholdersEquity,46.35,5221627000,bs,5221627000.0,5221627000,13869200.0,2026-08-14,NumberOfIssuedSharesAsOfFilingDateIssuedSharesTotalNumberOfSharesEtc,S100YX3N,2026-08-14,160,J-GAAP,連結,2026-12-31,2026-06-30
3196,株式会社ホットランドホールディングス,18405487000,19943121000,39371742000,19428621000,NetAssets,49.35,total,19428621000,NetAssets,49.35,18595347000.0,ShareholdersEquity,47.23,10210909000,bs,10210909000.0,10063835000,26324800.0,2026-08-14,NumberOfIssuedSharesAsOfFilingDateIssuedSharesTotalNumberOfSharesEtc,S100YX3T,2026-08-14,160,J-GAAP,連結,2026-12-31,2026-06-30
265A,Ｈｍｃｏｍｍ株式会社,1406280000,347239000,2024072000,1676832000,NetAssets,82.84,total,1676832000,NetAssets,82.84,1669708000.0,ShareholdersEquity,82.49,1098498000,bs,1098498000.0,1098418000,4097400.0,2026-08-14,NumberOfIssuedSharesAsOfFilingDateIssuedSharesTotalNumberOfSharesEtc,S100YX3J,2026-08-14,160,J-GAAP,連結,2026-12-31,2026-06-30
286A,株式会社ユカリア,29591730000,45150093000,67466086000,22315992000,NetAssets,33.08,total,22315992000,NetAssets,33.08,20995712000.0,ShareholdersEquity,31.12,10973757000,bs,10973757000.0,10937151000,37982900.0,2026-08-14,NumberOfIssuedSharesAsOfFilingDateIssuedSharesTotalNumberOfSharesEtc,S100YWR5,2026-08-14,160,J-GAAP,連結,2026-12-31,2026-06-30
6721,ウインテスト株式会社,655668000,320802000,691156000,370353000,NetAssets,53.58,total,370353000,NetAssets,53.58,-52805000.0,ShareholdersEquity,-7.64,111443000,bs,111443000.0,111443000,58849100.0,2026-08-14,NumberOfIssuedSharesAsOfFilingDateIssuedSharesTotalNumberOfSharesEtc,S100YX46,2026-08-14,160,J-GAAP,連結,2026-12-31,2026-06-30
6592,マブチモーター株式会社,261155000000,64781000000,408643000000,343861000000,NetAssets,84.15,total,343861000000,NetAssets,84.15,265394000000.0,ShareholdersEquity,64.95,134078000000,bs,134078000000.0,129927000000,260649848.0,2026-08-14,NumberOfIssuedSharesAsOfFilingDateIssuedSharesTotalNumberOfSharesEtc,S100YWZC,2026-08-14,160,J-GAAP,連結,2026-12-31,2026-06-30
7793,株式会社イメージ・マジック,2033516000,1456331000,3499812000,2043481000,NetAssets,58.39,total,2043481000,NetAssets,58.39,2043481000.0,ShareholdersEquity,58.39,552121000,bs,552121000.0,552121000,2572235.0,2026-08-14,NumberOfIssuedSharesAsOfFilingDateIssuedSharesTotalNumberOfSharesEtc,S100YX29,2026-08-14,160,J-GAAP,個別,2026-12-31,2026-06-30
5868,株式会社ロココ,3084633000,1750805000,4609960000,2859155000,NetAssets,62.02,total,2859155000,NetAssets,62.02,2787648000.0,ShareholdersEquity,60.47,1584476000,bs,1584476000.0,1210727000,3728700.0,2026-08-14,NumberOfIssuedSharesAsOfFilingDateIssuedSharesTotalNumberOfSharesEtc,S100YWZD,2026-08-14,160,J-GAAP,連結,2026-12-31,2026-06-30
5241,株式会社日本オーエー研究所,1243326000,635095000,1341075000,705980000,NetAssets,52.64,total,705980000,NetAssets,52.64,701073000.0,ShareholdersEquity,52.28,828481000,bs,828481000.0,803481000,1608000.0,2026-08-14,NumberOfIssuedSharesAsOfFilingDateIssuedSharesTotalNumberOfSharesEtc,S100YWES,2026-08-14,160,J-GAAP,個別,2026-12-31,2026-06-30
9563,Ａｔｌａｓ　Ｔｅｃｈｎｏｌｏｇｉｅｓ株式会社,1970716000,268235000,2011919000,1743684000,NetAssets,86.67,total,1743684000,NetAssets,86.67,1731622000.0,ShareholdersEquity,86.07,1700507000,bs,1700507000.0,1150507000,7430000.0,2026-08-14,NumberOfIssuedSharesAsOfFilingDateIssuedSharesTotalNumberOfSharesEtc,S100YWXJ,2026-08-14,160,J-GAAP,連結,2026-12-31,2026-06-30
7093,アディッシュ株式会社,1111878000,725135000,1313335000,588199000,NetAssets,44.79,total,588199000,NetAssets,44.79,577490000.0,ShareholdersEquity,43.97,623932000,bs,623932000.0,623932000,2164170.0,2026-08-14,NumberOfIssuedSharesAsOfFilingDateIssuedSharesTotalNumberOfSharesEtc,S100YWVJ,2026-08-14,160,J-GAAP,連結,2026-12-31,2026-06-30
3765,ガンホー・オンライン・エンターテイメント株式会社,147162000000,19452000000,165141000000,145689000000,NetAssets,88.22,total,145689000000,NetAssets,88.22,112749000000.0,ShareholdersEquity,68.27,124705000000,bs,124705000000.0,84455000000,53161416.0,2026-08-07,NumberOfIssuedSharesAsOfFilingDateIssuedSharesTotalNumberOfSharesEtc,S100YV1J,2026-08-14,160,J-GAAP,連結,2026-12-31,2026-06-30
3777,株式会社環境フレンドリーホールディングス,2870547000,3148453000,8998521000,5850068000,NetAssets,65.01,total,5850068000,NetAssets,65.01,5387913000.0,ShareholdersEquity,59.88,1396990000,bs,1396990000.0,1396990000,359659280.0,2026-08-14,NumberOfIssuedSharesAsOfFilingDateIssuedSharesTotalNumberOfSharesEtc,S100YX4K,2026-08-14,160,J-GAAP,連結,2026-12-31,2026-06-30
4563,アンジェス株式会社,2619621000,3454427000,3660109000,205682000,NetAssets,5.62,total,205682000,NetAssets,5.62,-5106513000.0,ShareholdersEquity,-139.52,281716000,bs,281716000.0,187718000,398835550.0,2026-08-14,NumberOfIssuedSharesAsOfFilingDateIssuedSharesTotalNumberOfSharesEtc,S100YWS4,2026-08-14,160,J-GAAP,連結,2026-12-31,2026-06-30
5028,セカンドサイトアナリティカ株式会社,935298000,274069000,1313508000,1039438000,NetAssets,79.13,total,1039438000,NetAssets,79.13,1039438000.0,ShareholdersEquity,79.13,600187000,bs,600187000.0,600187000,9989871.0,2026-08-14,NumberOfIssuedSharesAsOfFilingDateIssuedSharesTotalNumberOfSharesEtc,S100YWUE,2026-08-14,160,J-GAAP,連結,2026-12-31,2026-06-30
7790,株式会社バルコス,3771451000,5254224000,6343765000,1089540000,NetAssets,17.17,total,1089540000,NetAssets,17.17,1047857000.0,ShareholdersEquity,16.52,1612076000,bs,1612076000.0,1448902000,1208300.0,2026-08-14,NumberOfIssuedSharesAsOfFilingDateIssuedSharesTotalNumberOfSharesEtc,S100YX4E,2026-08-14,160,J-GAAP,連結,2026-12-31,2026-06-30
9656,グリーンランドリゾート株式会社,763345000,9367656000,20060016000,10692359000,NetAssets,53.3,total,10692359000,NetAssets,53.3,10515719000.0,ShareholdersEquity,52.42,373981000,bs,373981000.0,373981000,10346683.0,2026-08-13,NumberOfIssuedSharesAsOfFilingDateIssuedSharesTotalNumberOfSharesEtc,S100YVG3,2026-08-13,160,J-GAAP,連結,2026-12-31,2026-06-30
5257,ノバシステム株式会社,2053709000,1743375000,4178020000,2434644000,NetAssets,58.27,total,2434644000,NetAssets,58.27,2241666000.0,ShareholdersEquity,53.65,896554000,bs,896554000.0,896554000,1402500.0,2026-08-13,NumberOfIssuedSharesAsOfFilingDateIssuedSharesTotalNumberOfSharesEtc,S100YVXV,2026-08-13,160,J-GAAP,個別,2026-12-31,2026-06-30
6871,株式会社日本マイクロニクス,53992000000,47479000000,138802000000,91323000000,NetAssets,65.79,total,91323000000,NetAssets,65.79,64345000000.0,ShareholdersEquity,46.36,20049000000,bs,20049000000.0,17950000000,40025316.0,2026-08-13,NumberOfIssuedSharesAsOfFilingDateIssuedSharesTotalNumberOfSharesEtc,S100YW6O,2026-08-13,160,J-GAAP,連結,2026-12-31,2026-06-30
5214,日本電気硝子株式会社,258494000000,174531000000,674490000000,499959000000,NetAssets,74.12,total,499959000000,NetAssets,74.12,406894000000.0,ShareholdersEquity,60.33,100664000000,bs,100664000000.0,100255000000,89523246.0,2026-08-13,NumberOfIssuedSharesAsOfFilingDateIssuedSharesTotalNumberOfSharesEtc,S100YW5S,2026-08-13,160,J-GAAP,連結,2026-12-31,2026-06-30
1663,Ｋ＆Ｏエナジーグループ株式会社,55091000000,18966000000,132989000000,114022000000,NetAssets,85.74,total,114022000000,NetAssets,85.74,104822000000.0,ShareholdersEquity,78.82,18364000000,bs,18364000000.0,18474000000,56672122.0,2026-08-13,NumberOfIssuedSharesAsOfFilingDateIssuedSharesTotalNumberOfSharesEtc,S100YW3R,2026-08-13,160,J-GAAP,連結,2026-12-31,2026-06-30
4848,株式会社フルキャストホールディングス,42733000000,34338000000,68546000000,34208000000,NetAssets,49.91,total,34208000000,NetAssets,49.91,31720000000.0,ShareholdersEquity,46.28,28346000000,bs,28346000000.0,28285000000,35215449.0,2026-08-13,NumberOfIssuedSharesAsOfFilingDateIssuedSharesTotalNumberOfSharesEtc,S100YVJK,2026-08-13,160,J-GAAP,連結,2026-12-31,2026-06-30
4072,株式会社電算システムホールディングス,70251000000,53004000000,78906000000,25901000000,NetAssets,32.83,total,25901000000,NetAssets,32.83,25240000000.0,ShareholdersEquity,31.99,20705000000,bs,20705000000.0,17905000000,10800677.0,2026-08-13,NumberOfIssuedSharesAsOfFilingDateIssuedSharesTotalNumberOfSharesEtc,S100YVZ1,2026-08-13,160,J-GAAP,連結,2026-12-31,2026-06-30
1994,高橋カーテンウォール工業株式会社,7607265000,1687852000,12835826000,11147973000,NetAssets,86.85,total,11147973000,NetAssets,86.85,11077731000.0,ShareholdersEquity,86.3,1091137000,bs,1091137000.0,2090036000,9553011.0,2026-08-13,NumberOfIssuedSharesAsOfFilingDateIssuedSharesTotalNumberOfSharesEtc,S100YWA8,2026-08-13,160,J-GAAP,連結,2026-12-31,2026-06-30
7833,株式会社アイフィスジャパン,5982732000,1179019000,7178794000,5999775000,NetAssets,83.58,total,5999775000,NetAssets,83.58,5961561000.0,ShareholdersEquity,83.04,5261549000,bs,5261549000.0,4792766000,10242000.0,2026-08-13,NumberOfIssuedSharesAsOfFilingDateIssuedSharesTotalNumberOfSharesEtc,S100YVR6,2026-08-13,160,J-GAAP,連結,2026-12-31,2026-06-30
4896,株式会社ケイファーマ,2506221000,1794151000,2567798000,773646000,NetAssets,30.13,total,773646000,NetAssets,30.13,773646000.0,ShareholdersEquity,30.13,2364217000,bs,2364217000.0,2364217000,11622600.0,2026-08-13,NumberOfIssuedSharesAsOfFilingDateIssuedSharesTotalNumberOfSharesEtc,S100YW0C,2026-08-13,160,J-GAAP,個別,2026-12-31,2026-06-30
3663,株式会社セルシス,6411650000,3780143000,9218425000,5438281000,NetAssets,58.99,total,5438281000,NetAssets,58.99,5291736000.0,ShareholdersEquity,57.4,5408328000,bs,5408328000.0,5359908000,34771180.0,2026-08-13,NumberOfIssuedSharesAsOfFilingDateIssuedSharesTotalNumberOfSharesEtc,S100YW8H,2026-08-13,160,J-GAAP,個別,2026-12-31,2026-06-30
3968,セグエグループ株式会社,20333422000,15502102000,23342130000,7840028000,NetAssets,33.59,total,7840028000,NetAssets,33.59,7162204000.0,ShareholdersEquity,30.68,9938719000,bs,9938719000.0,10060295000,37164077.0,2026-08-13,NumberOfIssuedSharesAsOfFilingDateIssuedSharesTotalNumberOfSharesEtc,S100YTD5,2026-08-13,160,J-GAAP,連結,2026-12-31,2026-06-30
5035,ＨＯＵＳＥＩ株式会社,2697313000,1416539000,4395776000,2979237000,NetAssets,67.77,total,2979237000,NetAssets,67.77,2567450000.0,ShareholdersEquity,58.41,1007104000,bs,1007104000.0,1007104000,7094200.0,2026-08-13,NumberOfIssuedSharesAsOfFilingDateIssuedSharesTotalNumberOfSharesEtc,S100YW81,2026-08-13,160,J-GAAP,連結,2026-12-31,2026-06-30
6635,株式会社大日光・エンジニアリング,24314642000,22421779000,31729560000,9307781000,NetAssets,29.33,total,9307781000,NetAssets,29.33,4850302000.0,ShareholdersEquity,15.29,6163415000,bs,6163415000.0,6093415000,6800600.0,2026-08-13,NumberOfIssuedSharesAsOfFilingDateIssuedSharesTotalNumberOfSharesEtc,S100YWDA,2026-08-13,160,J-GAAP,連結,2026-12-31,2026-06-30
2418,株式会社ツカダ・グローバルホールディング,31252000000,100681000000,142568000000,41887000000,NetAssets,29.38,total,41887000000,NetAssets,29.38,36012000000.0,ShareholdersEquity,25.26,25152000000,bs,25152000000.0,25064000000,48960000.0,2026-08-13,NumberOfIssuedSharesAsOfFilingDateIssuedSharesTotalNumberOfSharesEtc,S100YW77,2026-08-13,160,J-GAAP,連結,2026-12-31,2026-06-30
1911,住友林業株式会社,2436145000000,2349216000000,3590048000000,1240832000000,NetAssets,34.56,total,1240832000000,NetAssets,34.56,773810000000.0,ShareholdersEquity,21.55,232579000000,bs,232579000000.0,235082000000,618566304.0,2026-08-13,NumberOfIssuedSharesAsOfFilingDateIssuedSharesTotalNumberOfSharesEtc,S100YW2X,2026-08-13,160,J-GAAP,連結,2026-12-31,2026-06-30
2492,株式会社インフォマート,23055980000,3751019000,33855207000,30104188000,NetAssets,88.92,total,30104188000,NetAssets,88.92,30105532000.0,ShareholdersEquity,88.92,18304456000,bs,18304456000.0,18304456000,267507864.0,2026-08-13,NumberOfIssuedSharesAsOfFilingDateIssuedSharesTotalNumberOfSharesEtc,S100YWER,2026-08-13,160,J-GAAP,連結,2026-12-31,2026-06-30
3913,ＧｒｅｅｎＢｅｅ株式会社,1048889000,618485000,1829302000,1210817000,NetAssets,66.19,total,1210817000,NetAssets,66.19,1150074000.0,ShareholdersEquity,62.87,725352000,bs,725352000.0,625352000,2348521.0,2026-08-13,NumberOfIssuedSharesAsOfFilingDateIssuedSharesTotalNumberOfSharesEtc,S100YW8N,2026-08-13,160,J-GAAP,連結,2026-12-31,2026-06-30
9539,京葉瓦斯株式会社,38939000000,72623000000,182429000000,109806000000,NetAssets,60.19,total,109806000000,NetAssets,60.19,88662000000.0,ShareholdersEquity,48.6,25870000000,bs,25870000000.0,19636000000,32805000.0,2026-08-13,NumberOfIssuedSharesAsOfFilingDateIssuedSharesTotalNumberOfSharesEtc,S100YVZ5,2026-08-13,160,J-GAAP,連結,2026-12-31,2026-06-30
4056,ニューラルグループ株式会社,2532160000,2923467000,4447324000,1523857000,NetAssets,34.26,total,1523857000,NetAssets,34.26,1514139000.0,ShareholdersEquity,34.05,1536052000,bs,1536052000.0,1439541000,17191031.0,2026-08-13,NumberOfIssuedSharesAsOfFilingDateIssuedSharesTotalNumberOfSharesEtc,S100YWF7,2026-08-13,160,J-GAAP,連結,2026-12-31,2026-06-30
9757,株式会社船井総研ホールディングス,19428832000,6722355000,33980453000,27258097000,NetAssets,80.22,total,27258097000,NetAssets,80.22,26117445000.0,ShareholdersEquity,76.86,13674113000,bs,13674113000.0,12674113000,100000000.0,2026-08-13,NumberOfIssuedSharesAsOfFilingDateIssuedSharesTotalNumberOfSharesEtc,S100YWB4,2026-08-13,160,J-GAAP,連結,2026-12-31,2026-06-30
3197,株式会社すかいらーくホールディングス,64386000000,350468000000,545247000000,194780000000,EquityIFRS,35.72,total,194780000000,EquityIFRS,35.72,194780000000.0,EquityAttributableToOwnersOfParentIFRS,35.72,31357000000,cf,,31357000000,227502200.0,2026-08-13,NumberOfIssuedSharesAsOfFilingDateIssuedSharesTotalNumberOfSharesEtc,S100YWCG,2026-08-13,160,IFRS,連結,2026-12-31,2026-06-30
7625,株式会社グローバルダイニング,2656562000,5435002000,11602529000,6167526000,NetAssets,53.16,total,6167526000,NetAssets,53.16,5595839000.0,ShareholdersEquity,48.23,1674409000,bs,1674409000.0,1673039000,10421300.0,2026-08-13,NumberOfIssuedSharesAsOfFilingDateIssuedSharesTotalNumberOfSharesEtc,S100YW14,2026-08-13,160,J-GAAP,連結,2026-12-31,2026-06-30
558A,株式会社ＳＱＵＥＥＺＥ,4677601000,2954739000,5344733000,2389994000,NetAssets,44.72,total,2389994000,NetAssets,44.72,2387463000.0,ShareholdersEquity,44.67,3609489000,bs,3609489000.0,2926412000,3257500.0,2026-08-13,NumberOfIssuedSharesAsOfFilingDateIssuedSharesTotalNumberOfSharesEtc,S100YWH5,2026-08-13,160,J-GAAP,連結,2026-12-31,2026-06-30
8252,株式会社　丸井グループ,834087000000,896454000000,1141276000000,244821000000,NetAssets,21.45,total,244821000000,NetAssets,21.45,233400000000.0,ShareholdersEquity,20.45,53548000000,bs,53548000000.0,53548000000,183660417.0,2026-06-19,NumberOfIssuedSharesAsOfFilingDateIssuedSharesTotalNumberOfSharesEtc,S100YEI3,2026-06-19,120,J-GAAP,連結,2026-03-31,2026-03-31
6063,日本エマージェンシーアシスタンス株式会社,3929228000,2147365000,4112561000,1965196000,NetAssets,47.79,total,1965196000,NetAssets,47.79,1720149000.0,ShareholdersEquity,41.83,2516728000,bs,2516728000.0,2295792000,2519600.0,2026-08-13,NumberOfIssuedSharesAsOfFilingDateIssuedSharesTotalNumberOfSharesEtc,S100YWD7,2026-08-13,160,J-GAAP,連結,2026-12-31,2026-06-30
4379,株式会社Ｐｈｏｔｏｓｙｎｔｈ,2408504000,1588258000,4269036000,2680777000,NetAssets,62.8,total,2680777000,NetAssets,62.8,2551962000.0,ShareholdersEquity,59.78,1983533000,bs,1983533000.0,1983533000,15651200.0,2026-08-13,NumberOfIssuedSharesAsOfFilingDateIssuedSharesTotalNumberOfSharesEtc,S100YWDX,2026-08-13,160,J-GAAP,連結,2026-12-31,2026-06-30
9755,応用地質株式会社,76756000000,25337000000,104643000000,79306000000,NetAssets,75.79,total,79306000000,NetAssets,75.79,72364000000.0,ShareholdersEquity,69.15,37435000000,bs,37435000000.0,32395000000,24322000.0,2026-08-13,NumberOfIssuedSharesAsOfFilingDateIssuedSharesTotalNumberOfSharesEtc,S100YWJA,2026-08-13,160,J-GAAP,連結,2026-12-31,2026-06-30
4725,株式会社ＣＡＣ　Ｈｏｌｄｉｎｇｓ,30058000000,20144000000,57712000000,37567000000,NetAssets,65.09,total,37567000000,NetAssets,65.09,29436000000.0,ShareholdersEquity,51.0,13316000000,bs,13316000000.0,13128000000,20541400.0,2026-08-13,NumberOfIssuedSharesAsOfFilingDateIssuedSharesTotalNumberOfSharesEtc,S100YW23,2026-08-13,160,J-GAAP,連結,2026-12-31,2026-06-30
338A,株式会社ＺｅｎｍｕＴｅｃｈ,993234000,373751000,1142113000,768361000,NetAssets,67.28,total,768361000,NetAssets,67.28,763084000.0,ShareholdersEquity,66.81,861011000,bs,861011000.0,861011000,2726000.0,2026-08-13,NumberOfIssuedSharesAsOfFilingDateIssuedSharesTotalNumberOfSharesEtc,S100YWF3,2026-08-13,160,J-GAAP,個別,2026-12-31,2026-06-30
4058,トヨクモ株式会社,5511000000,2712000000,7171000000,4459000000,NetAssets,62.18,total,4459000000,NetAssets,62.18,4431000000.0,ShareholdersEquity,61.79,5057000000,bs,5057000000.0,5057000000,11008000.0,2026-08-13,NumberOfIssuedSharesAsOfFilingDateIssuedSharesTotalNumberOfSharesEtc,S100YVPR,2026-08-13,160,J-GAAP,連結,2026-12-31,2026-06-30
5590,株式会社ネットスターズ,38719581000,31857600000,39775650000,7918049000,NetAssets,19.91,total,7918049000,NetAssets,19.91,7792695000.0,ShareholdersEquity,19.59,37425482000,bs,37425482000.0,37425482000,16950800.0,2026-08-13,NumberOfIssuedSharesAsOfFilingDateIssuedSharesTotalNumberOfSharesEtc,S100YW8T,2026-08-13,160,J-GAAP,連結,2026-12-31,2026-06-30
4480,株式会社メドレー,19047000000,30423000000,45384000000,14961000000,NetAssets,32.97,total,14961000000,NetAssets,32.97,15153000000.0,ShareholdersEquity,33.39,12042000000,bs,12042000000.0,12042000000,32738600.0,2026-08-13,NumberOfIssuedSharesAsOfFilingDateIssuedSharesTotalNumberOfSharesEtc,S100YW90,2026-08-13,160,J-GAAP,連結,2026-12-31,2026-06-30
2489,株式会社アドウェイズ,17577871000,7758773000,22408332000,14649559000,NetAssets,65.38,total,14649559000,NetAssets,65.38,13355547000.0,ShareholdersEquity,59.6,9980660000,bs,9980660000.0,9980660000,42006000.0,2026-08-13,NumberOfIssuedSharesAsOfFilingDateIssuedSharesTotalNumberOfSharesEtc,S100YW1S,2026-08-13,160,J-GAAP,連結,2026-12-31,2026-06-30
4576,株式会社デ・ウエスタン・セラピテクス研究所,1897726000,640523000,2049650000,1409126000,NetAssets,68.75,total,1409126000,NetAssets,68.75,1408688000.0,ShareholdersEquity,68.73,1581537000,bs,1581537000.0,986537000,57559412.0,2026-08-13,NumberOfIssuedSharesAsOfFilingDateIssuedSharesTotalNumberOfSharesEtc,S100YVEU,2026-08-13,160,J-GAAP,連結,2026-12-31,2026-06-30
479A,ＰＲＯＮＩ株式会社,3765313000,2271819000,4377325000,2105505000,NetAssets,48.1,total,2105505000,NetAssets,48.1,2069196000.0,ShareholdersEquity,47.27,3306828000,bs,3306828000.0,3306828000,4498860.0,2026-08-13,NumberOfIssuedSharesAsOfFilingDateIssuedSharesTotalNumberOfSharesEtc,S100YWJE,2026-08-13,160,J-GAAP,連結,2026-12-31,2026-06-30
148A,株式会社ハッチ・ワーク,2435730000,1931730000,3012365000,1080634000,NetAssets,35.87,total,1080634000,NetAssets,35.87,1076933000.0,ShareholdersEquity,35.75,1297801000,bs,1297801000.0,1167768000,1920600.0,2026-08-13,NumberOfIssuedSharesAsOfFilingDateIssuedSharesTotalNumberOfSharesEtc,S100YVL9,2026-08-13,160,J-GAAP,個別,2026-12-31,2026-06-30
410A,ＧＭＯコマース株式会社,4281366000,2019466000,4663157000,2643691000,NetAssets,56.69,total,2643691000,NetAssets,56.69,2643691000.0,ShareholdersEquity,56.69,3326896000,bs,3326896000.0,3463167000,5565168.0,2026-08-13,NumberOfIssuedSharesAsOfFilingDateIssuedSharesTotalNumberOfSharesEtc,S100YW8J,2026-08-13,160,J-GAAP,個別,2026-12-31,2026-06-30
2266,六甲バター株式会社,31535651000,27187024000,59706649000,32519625000,NetAssets,54.47,total,32519625000,NetAssets,54.47,29916472000.0,ShareholdersEquity,50.11,10443617000,bs,10443617000.0,10443617000,21452125.0,2026-08-13,NumberOfIssuedSharesAsOfFilingDateIssuedSharesTotalNumberOfSharesEtc,S100YW2Z,2026-08-13,160,J-GAAP,連結,2026-12-31,2026-06-30
3649,株式会社ファインデックス,3883907000,1238370000,6921456000,5683085000,NetAssets,82.11,total,5683085000,NetAssets,82.11,5713776000.0,ShareholdersEquity,82.55,2471266000,bs,2471266000.0,2351266000,26608800.0,2026-08-13,NumberOfIssuedSharesAsOfFilingDateIssuedSharesTotalNumberOfSharesEtc,S100YWBM,2026-08-13,160,J-GAAP,連結,2026-12-31,2026-06-30
3252,地主株式会社,142592000000,153312000000,206644000000,53331000000,NetAssets,25.81,total,53331000000,NetAssets,25.81,50648000000.0,ShareholdersEquity,24.51,26694000000,bs,26694000000.0,24777000000,21569700.0,2026-08-13,NumberOfIssuedSharesAsOfFilingDateIssuedSharesTotalNumberOfSharesEtc,S100YVTE,2026-08-13,160,J-GAAP,連結,2026-12-31,2026-06-30
4264,株式会社セキュア,6677210000,3631614000,7996851000,4365236000,NetAssets,54.59,total,4365236000,NetAssets,54.59,3981035000.0,ShareholdersEquity,49.78,3217691000,bs,3217691000.0,3217691000,6215120.0,2026-08-13,NumberOfIssuedSharesAsOfFilingDateIssuedSharesTotalNumberOfSharesEtc,S100YVLT,2026-08-13,160,J-GAAP,連結,2026-12-31,2026-06-30
4776,サイボウズ株式会社,17633000000,11836000000,29433000000,17597000000,NetAssets,59.79,total,17597000000,NetAssets,59.79,15964000000.0,ShareholdersEquity,54.24,8670000000,bs,8670000000.0,8570000000,52757800.0,2026-08-13,NumberOfIssuedSharesAsOfFilingDateIssuedSharesTotalNumberOfSharesEtc,S100YVIE,2026-08-13,160,J-GAAP,連結,2026-12-31,2026-06-30
5704,株式会社ＪＭＣ,1149716000,979497000,2656428000,1676931000,NetAssets,63.13,total,1676931000,NetAssets,63.13,1676931000.0,ShareholdersEquity,63.13,564455000,bs,564455000.0,564455000,5598500.0,2026-08-13,NumberOfIssuedSharesAsOfFilingDateIssuedSharesTotalNumberOfSharesEtc,S100YVIA,2026-08-13,160,J-GAAP,個別,2026-12-31,2026-06-30
3788,ＧＭＯグローバルサイン・ホールディングス株式会社,12864428000,9175616000,19540394000,10364778000,NetAssets,53.04,total,10364778000,NetAssets,53.04,8037554000.0,ShareholdersEquity,41.13,9269405000,bs,9269405000.0,9259405000,11693000.0,2026-08-13,NumberOfIssuedSharesAsOfFilingDateIssuedSharesTotalNumberOfSharesEtc,S100YW5I,2026-08-13,160,J-GAAP,連結,2026-12-31,2026-06-30
3474,Ｇ－ＦＡＣＴＯＲＹ株式会社,1670555000,2665428000,3741827000,1076399000,NetAssets,28.77,total,1076399000,NetAssets,28.77,881936000.0,ShareholdersEquity,23.57,1074791000,bs,1074791000.0,1073311000,6839000.0,2026-08-13,NumberOfIssuedSharesAsOfFilingDateIssuedSharesTotalNumberOfSharesEtc,S100YWEF,2026-08-13,160,J-GAAP,連結,2026-12-31,2026-06-30
6694,株式会社ズーム,15055032000,11126174000,18938766000,7812592000,NetAssets,41.25,total,7812592000,NetAssets,41.25,3666033000.0,ShareholdersEquity,19.36,3858862000,bs,3858862000.0,3797760000,4594824.0,2026-08-13,NumberOfIssuedSharesAsOfFilingDateIssuedSharesTotalNumberOfSharesEtc,S100YW0K,2026-08-13,160,J-GAAP,連結,2026-12-31,2026-06-30
4574,大幸薬品株式会社,7198000000,2666000000,11091000000,8425000000,NetAssets,75.96,total,8425000000,NetAssets,75.96,8096000000.0,ShareholdersEquity,73.0,2666000000,bs,2666000000.0,2666000000,50636900.0,2026-08-13,NumberOfIssuedSharesAsOfFilingDateIssuedSharesTotalNumberOfSharesEtc,S100YVYD,2026-08-13,160,J-GAAP,連結,2026-12-31,2026-06-30
485A,株式会社パワーエックス,26194000000,25709000000,33049000000,7340000000,NetAssets,22.21,total,7340000000,NetAssets,22.21,6351000000.0,ShareholdersEquity,19.22,5003000000,bs,5003000000.0,5003000000,116112750.0,2026-08-13,NumberOfIssuedSharesAsOfFilingDateIssuedSharesTotalNumberOfSharesEtc,S100YWEN,2026-08-13,160,J-GAAP,連結,2026-12-31,2026-06-30
9271,株式会社和心,1679438000,714264000,2732354000,2018090000,NetAssets,73.86,total,2018090000,NetAssets,73.86,1992454000.0,ShareholdersEquity,72.92,1160154000,bs,1160154000.0,1160154000,8534024.0,2026-08-13,NumberOfIssuedSharesAsOfFilingDateIssuedSharesTotalNumberOfSharesEtc,S100YW97,2026-08-13,160,J-GAAP,連結,2026-12-31,2026-06-30
4060,ｒａｋｕｍｏ株式会社,2455630000,2536373000,4528011000,1991637000,NetAssets,43.98,total,1991637000,NetAssets,43.98,1939387000.0,ShareholdersEquity,42.83,2252972000,bs,2252972000.0,2201793000,5838700.0,2026-08-13,NumberOfIssuedSharesAsOfFilingDateIssuedSharesTotalNumberOfSharesEtc,S100YWEK,2026-08-13,160,J-GAAP,連結,2026-12-31,2026-06-30
9419,株式会社ワイヤレスゲート,3038802000,2703123000,4413451000,1710328000,NetAssets,38.75,total,1710328000,NetAssets,38.75,1708339000.0,ShareholdersEquity,38.71,1864435000,bs,1864435000.0,1864435000,10938574.0,2026-08-13,NumberOfIssuedSharesAsOfFilingDateIssuedSharesTotalNumberOfSharesEtc,S100YW0D,2026-08-13,160,J-GAAP,連結,2026-12-31,2026-06-30
4893,ノイルイミューン・バイオテック株式会社,3637086000,90344000,3664871000,3574526000,NetAssets,97.53,total,3574526000,NetAssets,97.53,3567678000.0,ShareholdersEquity,97.35,3544964000,bs,3544964000.0,3544964000,43399118.0,2026-08-13,NumberOfIssuedSharesAsOfFilingDateIssuedSharesTotalNumberOfSharesEtc,S100YWIQ,2026-08-13,160,J-GAAP,個別,2026-12-31,2026-06-30
155A,株式会社情報戦略テクノロジー,3151544000,3003037000,4951020000,1947982000,NetAssets,39.35,total,1947982000,NetAssets,39.35,1942118000.0,ShareholdersEquity,39.23,2017035000,bs,2017035000.0,1697035000,10715031.0,2026-08-13,NumberOfIssuedSharesAsOfFilingDateIssuedSharesTotalNumberOfSharesEtc,S100YW95,2026-08-13,160,J-GAAP,連結,2026-12-31,2026-06-30
3807,株式会社フィスコ,281807000,1528662000,1736077000,207414000,NetAssets,11.95,total,207414000,NetAssets,11.95,-42982000.0,ShareholdersEquity,-2.48,152681000,bs,152681000.0,116466000,45908222.0,2026-08-13,NumberOfIssuedSharesAsOfFilingDateIssuedSharesTotalNumberOfSharesEtc,S100YW8A,2026-08-13,160,J-GAAP,個別,2026-12-31,2026-06-30
6560,株式会社エル・ティー・エス,6864000000,4861000000,9978000000,5117000000,NetAssets,51.28,total,5117000000,NetAssets,51.28,4995000000.0,ShareholdersEquity,50.06,3973000000,bs,3973000000.0,3973000000,4726085.0,2026-08-13,NumberOfIssuedSharesAsOfFilingDateIssuedSharesTotalNumberOfSharesEtc,S100YVVR,2026-08-13,160,J-GAAP,連結,2026-12-31,2026-06-30
4597,ソレイジア・ファーマ株式会社,1616000000,444000000,1897000000,1452000000,EquityIFRS,76.54,total,1452000000,EquityIFRS,76.54,,,,1289000000,cf,,1289000000,273414365.0,2026-08-13,NumberOfIssuedSharesAsOfFilingDateIssuedSharesTotalNumberOfSharesEtc,S100YWKT,2026-08-13,160,IFRS,連結,2026-12-31,2026-06-30
7347,株式会社マーキュリアホールディングス,20926058000,3258484000,22122263000,18863779000,NetAssets,85.27,total,18863779000,NetAssets,85.27,17254409000.0,ShareholdersEquity,78.0,2746783000,bs,2746783000.0,2746783000,21549900.0,2026-08-13,NumberOfIssuedSharesAsOfFilingDateIssuedSharesTotalNumberOfSharesEtc,S100YVXA,2026-08-13,160,J-GAAP,連結,2026-12-31,2026-06-30
3633,ＧＭＯペパボ株式会社,8798803000,7995234000,11296085000,3300851000,NetAssets,29.22,total,3300851000,NetAssets,29.22,3220074000.0,ShareholdersEquity,28.51,2069234000,bs,2069234000.0,5269234000,5468700.0,2026-08-13,NumberOfIssuedSharesAsOfFilingDateIssuedSharesTotalNumberOfSharesEtc,S100YWEA,2026-08-13,160,J-GAAP,連結,2026-12-31,2026-06-30
4377,株式会社ワンキャリア,9755000000,4442000000,11261000000,6818000000,NetAssets,60.55,total,6818000000,NetAssets,60.55,6787000000.0,ShareholdersEquity,60.27,9071000000,bs,9071000000.0,9071000000,18435940.0,2026-08-13,NumberOfIssuedSharesAsOfFilingDateIssuedSharesTotalNumberOfSharesEtc,S100YW5N,2026-08-13,160,J-GAAP,連結,2026-12-31,2026-06-30
4482,株式会社ウィルズ,4007000000,2263000000,5411000000,3147000000,NetAssets,58.16,total,3147000000,NetAssets,58.16,3126000000.0,ShareholdersEquity,57.77,3109000000,bs,3109000000.0,2199000000,21054400.0,2026-08-13,NumberOfIssuedSharesAsOfFilingDateIssuedSharesTotalNumberOfSharesEtc,S100YW9U,2026-08-13,160,J-GAAP,個別,2026-12-31,2026-06-30
3623,ビリングシステム株式会社,41381160000,38454022000,41794557000,3340535000,NetAssets,7.99,total,3340535000,NetAssets,7.99,3157378000.0,ShareholdersEquity,7.55,39571753000,bs,39571753000.0,39071753000,6564400.0,2026-08-13,NumberOfIssuedSharesAsOfFilingDateIssuedSharesTotalNumberOfSharesEtc,S100YW82,2026-08-13,160,J-GAAP,連結,2026-12-31,2026-06-30
8946,株式会社ＡＳＩＡＮ　ＳＴＡＲ,2481051000,1745879000,3860520000,2114640000,NetAssets,54.78,total,2114640000,NetAssets,54.78,1967391000.0,ShareholdersEquity,50.96,895083000,bs,895083000.0,795083000,26808200.0,2026-08-13,NumberOfIssuedSharesAsOfFilingDateIssuedSharesTotalNumberOfSharesEtc,S100YWDS,2026-08-13,160,J-GAAP,連結,2026-12-31,2026-06-30
3138,株式会社富士山マガジンサービス,4999136000,3391525000,5845613000,2454087000,NetAssets,41.98,total,2454087000,NetAssets,41.98,2300137000.0,ShareholdersEquity,39.35,3308541000,bs,3308541000.0,3308541000,3302401.0,2026-08-13,NumberOfIssuedSharesAsOfFilingDateIssuedSharesTotalNumberOfSharesEtc,S100YWDK,2026-08-13,160,J-GAAP,連結,2026-12-31,2026-06-30
4331,株式会社テイクアンドギヴ・ニーズ,11140000000,30749000000,48953000000,18204000000,NetAssets,37.19,total,18204000000,NetAssets,37.19,18013000000.0,ShareholdersEquity,36.8,4837000000,bs,4837000000.0,4603000000,14619330.0,2026-08-13,NumberOfIssuedSharesAsOfFilingDateIssuedSharesTotalNumberOfSharesEtc,S100YW53,2026-08-13,160,J-GAAP,連結,2026-12-31,2026-06-30
6180,ＧＭＯメディア株式会社,4542125000,2908629000,5815075000,2906445000,NetAssets,49.98,total,2906445000,NetAssets,49.98,2882597000.0,ShareholdersEquity,49.57,1623984000,bs,1623984000.0,2973984000,1868839.0,2026-08-13,NumberOfIssuedSharesAsOfFilingDateIssuedSharesTotalNumberOfSharesEtc,S100YW4F,2026-08-13,160,J-GAAP,連結,2026-12-31,2026-06-30
415A,ＧＭＯ　ＴＥＣＨホールディングス株式会社,4022000000,1979000000,5832000000,3853000000,NetAssets,66.07,total,3853000000,NetAssets,66.07,3762000000.0,ShareholdersEquity,64.51,2541000000,bs,2541000000.0,2441000000,1625626.0,2026-08-13,NumberOfIssuedSharesAsOfFilingDateIssuedSharesTotalNumberOfSharesEtc,S100YWCU,2026-08-13,160,J-GAAP,連結,2026-12-31,2026-06-30
9399,ビート・ホールディングス・リミテッド　（貝德控股有限公司、Ｂｅａｔ　Ｈｏｌｄｉｎｇｓ　Ｌｉｍｉｔｅｄ）,1926000,23481000,24390000,909000,NetAssets,3.73,total,909000,NetAssets,3.73,43919000.0,ShareholdersEquity,180.07,1220000,bs,1220000.0,1220000,,,,S100YW89,2026-08-13,160,J-GAAP,連結,2026-12-31,2026-06-30
149A,株式会社シンカ,1000700000,270463000,1207053000,936590000,NetAssets,77.59,total,936590000,NetAssets,77.59,936590000.0,ShareholdersEquity,77.59,788023000,bs,788023000.0,788023000,3414620.0,2026-08-13,NumberOfIssuedSharesAsOfFilingDateIssuedSharesTotalNumberOfSharesEtc,S100YWD3,2026-08-13,160,J-GAAP,個別,2026-12-31,2026-06-30
480A,株式会社リブ・コンサルティング,3725655000,860210000,4698989000,3838778000,NetAssets,81.69,total,3838778000,NetAssets,81.69,3800795000.0,ShareholdersEquity,80.89,2807433000,bs,2807433000.0,2807433000,6647500.0,2026-08-13,NumberOfIssuedSharesAsOfFilingDateIssuedSharesTotalNumberOfSharesEtc,S100YW7U,2026-08-13,160,J-GAAP,連結,2026-12-31,2026-06-30
5537,株式会社ＡｌｂａＬｉｎｋ,5217975000,3520221000,5983367000,2463145000,NetAssets,41.17,total,2463145000,NetAssets,41.17,2461962000.0,ShareholdersEquity,41.15,3569357000,bs,3569357000.0,3559332000,8202800.0,2026-08-13,NumberOfIssuedSharesAsOfFilingDateIssuedSharesTotalNumberOfSharesEtc,S100YWKS,2026-08-13,160,J-GAAP,個別,2026-12-31,2026-06-30
3416,ピクスタ株式会社,2047565000,1129331000,2240927000,1111596000,NetAssets,49.6,total,1111596000,NetAssets,49.6,1044938000.0,ShareholdersEquity,46.63,1481601000,bs,1481601000.0,1503952000,2296640.0,2026-08-13,NumberOfIssuedSharesAsOfFilingDateIssuedSharesTotalNumberOfSharesEtc,S100YVWU,2026-08-13,160,J-GAAP,連結,2026-12-31,2026-06-30
4166,かっこ株式会社,829565000,506661000,1127313000,620652000,NetAssets,55.06,total,620652000,NetAssets,55.06,622843000.0,ShareholdersEquity,55.25,666140000,bs,666140000.0,666140000,2771061.0,2026-08-13,NumberOfIssuedSharesAsOfFilingDateIssuedSharesTotalNumberOfSharesEtc,S100YWKR,2026-08-13,160,J-GAAP,連結,2026-12-31,2026-06-30
281A,インフォメティス株式会社,775692000,944238000,1778734000,834495000,NetAssets,46.92,total,834495000,NetAssets,46.92,830998000.0,ShareholdersEquity,46.72,474042000,bs,474042000.0,474042000,6062357.0,2026-08-13,NumberOfIssuedSharesAsOfFilingDateIssuedSharesTotalNumberOfSharesEtc,S100YVNU,2026-08-13,160,J-GAAP,連結,2026-12-31,2026-06-30
4583,株式会社カイオム・バイオサイエンス,1733191000,341264000,1907125000,1565861000,NetAssets,82.11,total,1565861000,NetAssets,82.11,1562585000.0,ShareholdersEquity,81.93,1372022000,bs,1372022000.0,1372022000,81150000.0,2026-08-13,NumberOfIssuedSharesAsOfFilingDateIssuedSharesTotalNumberOfSharesEtc,S100YW7X,2026-08-13,160,J-GAAP,個別,2026-12-31,2026-06-30
5618,ナイル株式会社,2877056000,3058253000,3398019000,339766000,NetAssets,10.0,total,339766000,NetAssets,10.0,326311000.0,ShareholdersEquity,9.6,1399598000,bs,1399598000.0,1258798000,8536800.0,2026-08-13,NumberOfIssuedSharesAsOfFilingDateIssuedSharesTotalNumberOfSharesEtc,S100YWLN,2026-08-13,160,J-GAAP,連結,2026-12-31,2026-06-30
2436,共同ピーアール株式会社,5728362000,1756998000,6835167000,5078169000,NetAssets,74.29,total,5078169000,NetAssets,74.29,4385089000.0,ShareholdersEquity,64.15,4036924000,bs,4036924000.0,4000665000,17629984.0,2026-08-13,NumberOfIssuedSharesAsOfFilingDateIssuedSharesTotalNumberOfSharesEtc,S100YWEZ,2026-08-13,160,J-GAAP,連結,2026-12-31,2026-06-30
6078,株式会社バリューＨＲ,5050901000,9904051000,16706962000,6802910000,NetAssets,40.72,total,6802910000,NetAssets,40.72,6590929000.0,ShareholdersEquity,39.45,3342315000,bs,3342315000.0,3242315000,27418600.0,2026-08-13,NumberOfIssuedSharesAsOfFilingDateIssuedSharesTotalNumberOfSharesEtc,S100YW7K,2026-08-13,160,J-GAAP,連結,2026-12-31,2026-06-30
3445,株式会社ＲＳ　Ｔｅｃｈｎｏｌｏｇｉｅｓ,139305000000,46275000000,216969000000,170693000000,NetAssets,78.67,total,170693000000,NetAssets,78.67,75035000000.0,ShareholdersEquity,34.58,97294000000,bs,97294000000.0,91906000000,26597600.0,2026-08-13,NumberOfIssuedSharesAsOfFilingDateIssuedSharesTotalNumberOfSharesEtc,S100YWML,2026-08-13,160,J-GAAP,連結,2026-12-31,2026-06-30
3350,株式会社メタプラネット,2369000000,77292000000,418177000000,340884000000,NetAssets,81.52,total,340884000000,NetAssets,81.52,311113000000.0,ShareholdersEquity,74.4,1087000000,bs,1087000000.0,1087000000,1304918624.0,2026-08-13,NumberOfIssuedSharesAsOfFilingDateIssuedSharesTotalNumberOfSharesEtc,S100YWMP,2026-08-13,160,J-GAAP,連結,2026-12-31,2026-06-30
1447,ＳＡＡＦホールディングス株式会社,10339973000,14572166000,17168538000,2596371000,NetAssets,15.12,total,2596371000,NetAssets,15.12,3097794000.0,ShareholdersEquity,18.04,3437318000,bs,3437318000.0,3264028000,24446958.0,2026-06-30,NumberOfIssuedSharesAsOfFilingDateIssuedSharesTotalNumberOfSharesEtc,S100YNQL,2026-06-30,120,J-GAAP,連結,2026-03-31,2026-03-31
2573,北海道コカ・コーラボトリング株式会社,23812000000,11103000000,54720000000,43616000000,NetAssets,79.71,total,43616000000,NetAssets,79.71,43296000000.0,ShareholdersEquity,79.12,7441000000,bs,7441000000.0,7437000000,13607996.0,2026-08-12,NumberOfIssuedSharesAsOfFilingDateIssuedSharesTotalNumberOfSharesEtc,S100YT9W,2026-08-12,160,J-GAAP,連結,2026-12-31,2026-06-30
4463,日華化学株式会社,37792000000,38353000000,78923000000,40570000000,NetAssets,51.4,total,40570000000,NetAssets,51.4,31734000000.0,ShareholdersEquity,40.21,11253000000,bs,11253000000.0,10073000000,17710000.0,2026-08-12,NumberOfIssuedSharesAsOfFilingDateIssuedSharesTotalNumberOfSharesEtc,S100YVXP,2026-08-12,160,J-GAAP,連結,2026-12-31,2026-06-30
5819,カナレ電気株式会社,13822485000,1667552000,21279023000,19611471000,NetAssets,92.16,total,19611471000,NetAssets,92.16,18009636000.0,ShareholdersEquity,84.64,8745136000,bs,8745136000.0,7183397000,7028060.0,2026-08-12,NumberOfIssuedSharesAsOfFilingDateIssuedSharesTotalNumberOfSharesEtc,S100YUD6,2026-08-12,160,J-GAAP,連結,2026-12-31,2026-06-30
6929,日本セラミック株式会社,40254000000,5771000000,54283000000,48511000000,NetAssets,89.37,total,48511000000,NetAssets,89.37,42824000000.0,ShareholdersEquity,78.89,28154000000,bs,28154000000.0,16288000000,27231257.0,2026-08-12,NumberOfIssuedSharesAsOfFilingDateIssuedSharesTotalNumberOfSharesEtc,S100YVXT,2026-08-12,160,J-GAAP,連結,2026-12-31,2026-06-30
3948,光ビジネスフォーム株式会社,4628858000,2518618000,12050046000,9531428000,NetAssets,79.1,total,9531428000,NetAssets,79.1,8792293000.0,ShareholdersEquity,72.96,3037411000,bs,3037411000.0,3037411000,5815294.0,2026-08-12,NumberOfIssuedSharesAsOfFilingDateIssuedSharesTotalNumberOfSharesEtc,S100YUT0,2026-08-12,160,J-GAAP,個別,2026-12-31,2026-06-30
3204,株式会社トーア紡コーポレーション,10353000000,19700000000,34236000000,14535000000,NetAssets,42.46,total,14535000000,NetAssets,42.46,12581000000.0,ShareholdersEquity,36.75,1544000000,bs,1544000000.0,1171000000,8940448.0,2026-08-12,NumberOfIssuedSharesAsOfFilingDateIssuedSharesTotalNumberOfSharesEtc,S100YVV4,2026-08-12,160,J-GAAP,連結,2026-12-31,2026-06-30
4415,株式会社ブロードエンタープライズ,14005244000,13216454000,15396396000,2179942000,NetAssets,14.16,total,2179942000,NetAssets,14.16,2178188000.0,ShareholdersEquity,14.15,2469141000,bs,2469141000.0,2407691000,6145000.0,2026-08-12,NumberOfIssuedSharesAsOfFilingDateIssuedSharesTotalNumberOfSharesEtc,S100YVV6,2026-08-12,160,J-GAAP,連結,2026-12-31,2026-06-30
6769,ザインエレクトロニクス株式会社,9694633000,1511717000,10359084000,8847366000,NetAssets,85.41,total,8847366000,NetAssets,85.41,8498519000.0,ShareholdersEquity,82.04,7049870000,bs,7049870000.0,7049870000,12340100.0,2026-08-12,NumberOfIssuedSharesAsOfFilingDateIssuedSharesTotalNumberOfSharesEtc,S100YVL4,2026-08-12,160,J-GAAP,連結,2026-12-31,2026-06-30
6459,だいわ株式会社,70738840000,24176401000,95639746000,71463345000,NetAssets,74.72,total,71463345000,NetAssets,74.72,70957371000.0,ShareholdersEquity,74.19,40530902000,bs,40530902000.0,60330902000,51717215.0,2026-08-12,NumberOfIssuedSharesAsOfFilingDateIssuedSharesTotalNumberOfSharesEtc,S100YVYO,2026-08-12,160,J-GAAP,個別,2026-12-31,2026-06-30
5015,ビーピー・カストロール株式会社,12382859000,3827496000,14072709000,10245213000,NetAssets,72.8,total,10245213000,NetAssets,72.8,10240523000.0,ShareholdersEquity,72.77,206033000,bs,206033000.0,2620468000,22975189.0,2026-08-12,NumberOfIssuedSharesAsOfFilingDateIssuedSharesTotalNumberOfSharesEtc,S100YVHZ,2026-08-12,160,J-GAAP,個別,2026-12-31,2026-06-30
5957,日東精工株式会社,35454494000,15257202000,57270525000,42013323000,NetAssets,73.36,total,42013323000,NetAssets,73.36,34740312000.0,ShareholdersEquity,60.66,10728914000,bs,10728914000.0,9483454000,39985017.0,2026-08-12,NumberOfIssuedSharesAsOfFilingDateIssuedSharesTotalNumberOfSharesEtc,S100YVWY,2026-08-12,160,J-GAAP,連結,2026-12-31,2026-06-30
4595,株式会社ミズホメディー,18268000000,2431000000,20986000000,18554000000,NetAssets,88.41,total,18554000000,NetAssets,88.41,18554000000.0,ShareholdersEquity,88.41,13057000000,bs,13057000000.0,11433000000,19051200.0,2026-08-12,NumberOfIssuedSharesAsOfFilingDateIssuedSharesTotalNumberOfSharesEtc,S100YVWB,2026-08-12,160,J-GAAP,個別,2026-12-31,2026-06-30
3040,株式会社ソリトンシステムズ,24690000000,12713000000,26910000000,14196000000,NetAssets,52.75,total,14196000000,NetAssets,52.75,14534000000.0,ShareholdersEquity,54.01,10136000000,bs,10136000000.0,10136000000,19738888.0,2026-08-12,NumberOfIssuedSharesAsOfFilingDateIssuedSharesTotalNumberOfSharesEtc,S100YURK,2026-08-12,160,J-GAAP,連結,2026-12-31,2026-06-30
7037,株式会社テノ．ホールディングス,5503000000,8974000000,10886000000,1911000000,NetAssets,17.55,total,1911000000,NetAssets,17.55,1911000000.0,ShareholdersEquity,17.55,3131000000,bs,3131000000.0,2966000000,4701300.0,2026-08-12,NumberOfIssuedSharesAsOfFilingDateIssuedSharesTotalNumberOfSharesEtc,S100YVWA,2026-08-12,160,J-GAAP,連結,2026-12-31,2026-06-30
2325,株式会社ＮＪＳ,31957556000,8213976000,39161498000,30947522000,NetAssets,79.03,total,30947522000,NetAssets,79.03,29223370000.0,ShareholdersEquity,74.62,26308915000,bs,26308915000.0,23308915000,10048000.0,2026-08-10,NumberOfIssuedSharesAsOfFilingDateIssuedSharesTotalNumberOfSharesEtc,S100YVTQ,2026-08-12,160,J-GAAP,連結,2026-12-31,2026-06-30
5842,インテグラル株式会社,40647000000,29276000000,99842000000,70566000000,EquityIFRS,70.68,total,70566000000,EquityIFRS,70.68,70538000000.0,EquityAttributableToOwnersOfParentIFRS,70.65,35794000000,cf,,35794000000,34975000.0,2026-08-12,NumberOfIssuedSharesAsOfFilingDateIssuedSharesTotalNumberOfSharesEtc,S100YW4X,2026-08-12,160,IFRS,連結,2026-12-31,2026-06-30
248A,株式会社キッズスター,2503856000,482140000,2889576000,2407436000,NetAssets,83.31,total,2407436000,NetAssets,83.31,2406975000.0,ShareholdersEquity,83.3,2446288000,bs,2446288000.0,2446288000,2621000.0,2026-08-12,NumberOfIssuedSharesAsOfFilingDateIssuedSharesTotalNumberOfSharesEtc,S100YVQY,2026-08-12,160,J-GAAP,連結,2026-12-31,2026-06-30
478A,株式会社フツパー,2248014000,219478000,2329654000,2110176000,NetAssets,90.58,total,2110176000,NetAssets,90.58,2110176000.0,ShareholdersEquity,90.58,1945624000,bs,1945624000.0,1945624000,10192500.0,2026-08-12,NumberOfIssuedSharesAsOfFilingDateIssuedSharesTotalNumberOfSharesEtc,S100YW1G,2026-08-12,160,J-GAAP,個別,2026-12-31,2026-06-30
1435,株式会社ｒｏｂｏｔ　ｈｏｍｅ,14678062000,8240887000,19369258000,11128370000,NetAssets,57.45,total,11128370000,NetAssets,57.45,11058050000.0,ShareholdersEquity,57.09,4012045000,bs,4012045000.0,4012045000,91127000.0,2026-08-12,NumberOfIssuedSharesAsOfFilingDateIssuedSharesTotalNumberOfSharesEtc,S100YW1M,2026-08-12,160,J-GAAP,連結,2026-12-31,2026-06-30
4971,メック株式会社,21331215000,8073232000,44206188000,36132956000,NetAssets,81.74,total,36132956000,NetAssets,81.74,27849034000.0,ShareholdersEquity,63.0,11983526000,bs,11983526000.0,10831267000,19571093.0,2026-08-12,NumberOfIssuedSharesAsOfFilingDateIssuedSharesTotalNumberOfSharesEtc,S100YSK7,2026-08-12,160,J-GAAP,連結,2026-12-31,2026-06-30
4255,ＴＨＥＣＯＯ株式会社,3600272000,3197581000,4034553000,836972000,NetAssets,20.75,total,836972000,NetAssets,20.75,836972000.0,ShareholdersEquity,20.75,2687601000,bs,2687601000.0,2687601000,2117521.0,2026-08-12,NumberOfIssuedSharesAsOfFilingDateIssuedSharesTotalNumberOfSharesEtc,S100YVVU,2026-08-12,160,J-GAAP,個別,2026-12-31,2026-06-30
4171,株式会社グローバルインフォメーション,3013413000,632750000,3193212000,2560461000,NetAssets,80.18,total,2560461000,NetAssets,80.18,2560339000.0,ShareholdersEquity,80.18,2772452000,bs,2772452000.0,1972500000,2976100.0,2026-08-12,NumberOfIssuedSharesAsOfFilingDateIssuedSharesTotalNumberOfSharesEtc,S100YW4A,2026-08-12,160,J-GAAP,連結,2026-12-31,2026-06-30
4593,株式会社ヘリオス,10052000000,14316000000,23117000000,8802000000,EquityIFRS,38.08,total,8802000000,EquityIFRS,38.08,8773000000.0,EquityAttributableToOwnersOfParentIFRS,37.95,9074000000,cf,,9074000000,135002200.0,2026-08-12,NumberOfIssuedSharesAsOfFilingDateIssuedSharesTotalNumberOfSharesEtc,S100YVX6,2026-08-12,160,IFRS,連結,2026-12-31,2026-06-30
4587,ペプチドリーム株式会社,33072781000,23670778000,72225925000,48555147000,EquityIFRS,67.23,total,48555147000,EquityIFRS,67.23,48555147000.0,EquityAttributableToOwnersOfParentIFRS,67.23,23602821000,cf,,23602821000,130010400.0,2026-08-12,NumberOfIssuedSharesAsOfFilingDateIssuedSharesTotalNumberOfSharesEtc,S100YVU6,2026-08-12,160,IFRS,連結,2026-12-31,2026-06-30
6265,コンバム株式会社,4178014000,465364000,6684461000,6219096000,NetAssets,93.04,total,6219096000,NetAssets,93.04,5947983000.0,ShareholdersEquity,88.98,3377105000,bs,3377105000.0,2631261000,1657000.0,2026-08-12,NumberOfIssuedSharesAsOfFilingDateIssuedSharesTotalNumberOfSharesEtc,S100YW1Q,2026-08-12,160,J-GAAP,連結,2026-12-31,2026-06-30
3683,株式会社サイバーリンクス,7529000000,5076000000,14904000000,9827000000,NetAssets,65.94,total,9827000000,NetAssets,65.94,9714000000.0,ShareholdersEquity,65.18,1564000000,bs,1564000000.0,1564000000,11477135.0,2026-08-12,NumberOfIssuedSharesAsOfFilingDateIssuedSharesTotalNumberOfSharesEtc,S100YVZS,2026-08-12,160,J-GAAP,連結,2026-12-31,2026-06-30
2124,株式会社ジェイエイシーリクルートメント,25383000000,8184000000,30001000000,21817000000,NetAssets,72.72,total,21817000000,NetAssets,72.72,21359000000.0,ShareholdersEquity,71.19,20632000000,bs,20632000000.0,11132000000,165557200.0,2026-08-12,NumberOfIssuedSharesAsOfFilingDateIssuedSharesTotalNumberOfSharesEtc,S100YVWI,2026-08-12,160,J-GAAP,連結,2026-12-31,2026-06-30
6540,株式会社船場,19123596000,7487979000,21658166000,14170187000,NetAssets,65.43,total,14170187000,NetAssets,65.43,13273168000.0,ShareholdersEquity,61.28,12779731000,bs,12779731000.0,12182313000,10773902.0,2026-08-12,NumberOfIssuedSharesAsOfFilingDateIssuedSharesTotalNumberOfSharesEtc,S100YVU8,2026-08-12,160,J-GAAP,連結,2026-12-31,2026-06-30
6914,オプテックスグループ株式会社,61777000000,19588000000,79513000000,59924000000,NetAssets,75.36,total,59924000000,NetAssets,75.36,53691000000.0,ShareholdersEquity,67.52,24455000000,bs,24455000000.0,24455000000,37735784.0,2026-08-12,NumberOfIssuedSharesAsOfFilingDateIssuedSharesTotalNumberOfSharesEtc,S100YVR9,2026-08-12,160,J-GAAP,連結,2026-12-31,2026-06-30
4356,応用技術株式会社,7567920000,1814921000,8164901000,6349980000,NetAssets,77.77,total,6349980000,NetAssets,77.77,6349980000.0,ShareholdersEquity,77.77,718911000,bs,718911000.0,5518911000,5716800.0,2026-08-12,NumberOfIssuedSharesAsOfFilingDateIssuedSharesTotalNumberOfSharesEtc,S100YUS8,2026-08-12,160,J-GAAP,個別,2026-12-31,2026-06-30
6291,日本エアーテック株式会社,10618561000,3480597000,18436500000,14955902000,NetAssets,81.12,total,14955902000,NetAssets,81.12,14934769000.0,ShareholdersEquity,81.01,1797815000,bs,1797815000.0,1557023000,10538420.0,2026-08-12,NumberOfIssuedSharesAsOfFilingDateIssuedSharesTotalNumberOfSharesEtc,S100YW2I,2026-08-12,160,J-GAAP,個別,2026-12-31,2026-06-30
4840,株式会社トライアイズ,5026293000,563554000,5352446000,4788891000,NetAssets,89.47,total,4788891000,NetAssets,89.47,4765829000.0,ShareholdersEquity,89.04,2712140000,bs,2712140000.0,2766661000,9030000.0,2026-08-12,NumberOfIssuedSharesAsOfFilingDateIssuedSharesTotalNumberOfSharesEtc,S100YW29,2026-08-12,160,J-GAAP,連結,2026-12-31,2026-06-30
9214,Ｒｅｃｏｖｅｒｙ　Ｉｎｔｅｒｎａｔｉｏｎａｌ株式会社,1157395000,560268000,1314130000,753861000,NetAssets,57.37,total,753861000,NetAssets,57.37,748361000.0,ShareholdersEquity,56.95,559956000,bs,559956000.0,559956000,1414000.0,2026-08-12,NumberOfIssuedSharesAsOfFilingDateIssuedSharesTotalNumberOfSharesEtc,S100YVLE,2026-08-12,160,J-GAAP,連結,2026-12-31,2026-06-30
4374,株式会社ＲＯＢＯＴ　ＰＡＹＭＥＮＴ,6673167000,6707929000,8250773000,1542844000,NetAssets,18.7,total,1542844000,NetAssets,18.7,1479302000.0,ShareholdersEquity,17.93,4873219000,bs,4873219000.0,4951407000,3871678.0,2026-08-12,NumberOfIssuedSharesAsOfFilingDateIssuedSharesTotalNumberOfSharesEtc,S100YW5J,2026-08-12,160,J-GAAP,個別,2026-12-31,2026-06-30
1724,シンクレイヤ株式会社,5801000000,3400000000,9646000000,6245000000,NetAssets,64.74,total,6245000000,NetAssets,64.74,6006000000.0,ShareholdersEquity,62.26,1222000000,bs,1222000000.0,1222000000,4743780.0,2026-08-12,NumberOfIssuedSharesAsOfFilingDateIssuedSharesTotalNumberOfSharesEtc,S100YVRN,2026-08-12,160,J-GAAP,連結,2026-12-31,2026-06-30
5337,ダントーホールディングス株式会社,3810000000,1685000000,9677000000,7991000000,NetAssets,82.58,total,7991000000,NetAssets,82.58,6429000000.0,ShareholdersEquity,66.44,701000000,bs,701000000.0,701000000,33360600.0,2026-08-12,NumberOfIssuedSharesAsOfFilingDateIssuedSharesTotalNumberOfSharesEtc,S100YVVI,2026-08-12,160,J-GAAP,連結,2026-12-31,2026-06-30
3673,株式会社ブロードリーフ,8124788000,17863622000,43010095000,25146473000,EquityIFRS,58.47,total,25146473000,EquityIFRS,58.47,25144846000.0,EquityAttributableToOwnersOfParentIFRS,58.46,3760691000,cf,,3760691000,195793600.0,2026-08-12,NumberOfIssuedSharesAsOfFilingDateIssuedSharesTotalNumberOfSharesEtc,S100YVFQ,2026-08-12,160,IFRS,連結,2026-12-31,2026-06-30
2195,アミタホールディングス株式会社,3817315000,4308115000,7376915000,3068800000,NetAssets,41.6,total,3068800000,NetAssets,41.6,2820955000.0,ShareholdersEquity,38.24,2843344000,bs,2843344000.0,2843344000,17556360.0,2026-08-12,NumberOfIssuedSharesAsOfFilingDateIssuedSharesTotalNumberOfSharesEtc,S100YUW8,2026-08-12,160,J-GAAP,連結,2026-12-31,2026-06-30
4192,スパイダープラス株式会社,3038718000,1366548000,4079290000,2712742000,NetAssets,66.5,total,2712742000,NetAssets,66.5,2718413000.0,ShareholdersEquity,66.64,2257966000,bs,2257966000.0,2257966000,35545900.0,2026-08-12,NumberOfIssuedSharesAsOfFilingDateIssuedSharesTotalNumberOfSharesEtc,S100YVVW,2026-08-12,160,J-GAAP,連結,2026-12-31,2026-06-30
5891,株式会社ＳＡＫＩＧＡＫＥホールディングス,4089632000,11821252000,16667044000,4845791000,NetAssets,29.07,total,4845791000,NetAssets,29.07,4826612000.0,ShareholdersEquity,28.96,2744138000,bs,2744138000.0,2744138000,5662000.0,2026-08-12,NumberOfIssuedSharesAsOfFilingDateIssuedSharesTotalNumberOfSharesEtc,S100YVZ8,2026-08-12,160,J-GAAP,連結,2026-12-31,2026-06-30
7359,株式会社東京通信グループ,2345902000,2763605000,3776917000,1013311000,NetAssets,26.83,total,1013311000,NetAssets,26.83,900506000.0,ShareholdersEquity,23.84,1077725000,bs,1077725000.0,1077725000,10074422.0,2026-08-12,NumberOfIssuedSharesAsOfFilingDateIssuedSharesTotalNumberOfSharesEtc,S100YVSL,2026-08-12,160,J-GAAP,連結,2026-12-31,2026-06-30
4074,株式会社ラキール,3142181000,2543992000,6031651000,3487659000,NetAssets,57.82,total,3487659000,NetAssets,57.82,3377045000.0,ShareholdersEquity,55.99,1851571000,bs,1851571000.0,1851571000,7707500.0,2026-08-12,NumberOfIssuedSharesAsOfFilingDateIssuedSharesTotalNumberOfSharesEtc,S100YW6N,2026-08-12,160,J-GAAP,連結,2026-12-31,2026-06-30
4258,株式会社網屋,7543933000,6563004000,8919358000,2356354000,NetAssets,26.42,total,2356354000,NetAssets,26.42,2266615000.0,ShareholdersEquity,25.41,4953611000,bs,4953611000.0,4837085000,8830400.0,2026-08-12,NumberOfIssuedSharesAsOfFilingDateIssuedSharesTotalNumberOfSharesEtc,S100YW4H,2026-08-12,160,J-GAAP,連結,2026-12-31,2026-06-30
3671,ソフトマックス株式会社,4923047000,4592803000,8527369000,3934566000,NetAssets,46.14,total,3934566000,NetAssets,46.14,3935065000.0,ShareholdersEquity,46.15,2766677000,bs,2766677000.0,2067758000,24050800.0,2026-08-12,NumberOfIssuedSharesAsOfFilingDateIssuedSharesTotalNumberOfSharesEtc,S100YUXR,2026-08-12,160,J-GAAP,個別,2026-12-31,2026-06-30
421A,株式会社ムービン・ストラテジック・キャリア,5363610000,1398127000,6154009000,4755881000,NetAssets,77.28,total,4755881000,NetAssets,77.28,4751731000.0,ShareholdersEquity,77.21,4793027000,bs,4793027000.0,4793027000,8442200.0,2026-08-12,NumberOfIssuedSharesAsOfFilingDateIssuedSharesTotalNumberOfSharesEtc,S100YV0M,2026-08-12,160,J-GAAP,連結,2026-12-31,2026-06-30
3241,株式会社ウィル,12346000000,12016000000,17794000000,5778000000,NetAssets,32.47,total,5778000000,NetAssets,32.47,5778000000.0,ShareholdersEquity,32.47,3396000000,bs,3396000000.0,3386000000,11548000.0,2026-08-12,NumberOfIssuedSharesAsOfFilingDateIssuedSharesTotalNumberOfSharesEtc,S100YVUW,2026-08-12,160,J-GAAP,連結,2026-12-31,2026-06-30
6748,星和電機株式会社,18074496000,9847762000,30401063000,20553301000,NetAssets,67.61,total,20553301000,NetAssets,67.61,15408654000.0,ShareholdersEquity,50.68,4090274000,bs,4090274000.0,3867815000,13238700.0,2026-08-12,NumberOfIssuedSharesAsOfFilingDateIssuedSharesTotalNumberOfSharesEtc,S100YW6A,2026-08-12,160,J-GAAP,連結,2026-12-31,2026-06-30
3001,片倉工業株式会社,58608000000,50311000000,152352000000,102040000000,NetAssets,66.98,total,102040000000,NetAssets,66.98,75500000000.0,ShareholdersEquity,49.56,33800000000,bs,33800000000.0,13118000000,35215000.0,2026-08-12,NumberOfIssuedSharesAsOfFilingDateIssuedSharesTotalNumberOfSharesEtc,S100YVW3,2026-08-12,160,J-GAAP,連結,2026-12-31,2026-06-30
5126,ポーターズ株式会社,1279000000,270000000,1951000000,1680000000,NetAssets,86.11,total,1680000000,NetAssets,86.11,1471000000.0,ShareholdersEquity,75.4,874000000,bs,874000000.0,874000000,1631700.0,2026-08-12,NumberOfIssuedSharesAsOfFilingDateIssuedSharesTotalNumberOfSharesEtc,S100YW7A,2026-08-12,160,J-GAAP,連結,2026-12-31,2026-06-30
4013,勤次郎株式会社,5594378000,3037770000,13603950000,10566179000,NetAssets,77.67,total,10566179000,NetAssets,77.67,10549378000.0,ShareholdersEquity,77.55,4483511000,bs,4483511000.0,4483511000,20840000.0,2026-08-12,NumberOfIssuedSharesAsOfFilingDateIssuedSharesTotalNumberOfSharesEtc,S100YUJH,2026-08-12,160,J-GAAP,連結,2026-12-31,2026-06-30
6817,スミダコーポレーション株式会社,79749000000,104165000000,169005000000,64839000000,EquityIFRS,38.37,total,64839000000,EquityIFRS,38.37,63606000000.0,EquityAttributableToOwnersOfParentIFRS,37.64,6027000000,cf,,6027000000,33148017.0,2026-08-10,NumberOfIssuedSharesAsOfFilingDateIssuedSharesTotalNumberOfSharesEtc,S100YVKO,2026-08-10,160,IFRS,連結,2026-12-31,2026-06-30
7425,初穂商事株式会社,14868906000,9801506000,21239368000,11437861000,NetAssets,53.85,total,11437861000,NetAssets,53.85,10223445000.0,ShareholdersEquity,48.13,7001226000,bs,7001226000.0,5530509000,6961320.0,2026-08-10,NumberOfIssuedSharesAsOfFilingDateIssuedSharesTotalNumberOfSharesEtc,S100YULQ,2026-08-10,160,J-GAAP,連結,2026-12-31,2026-06-30
4746,株式会社東計電算,6688555000,14665610000,72798336000,58132726000,NetAssets,79.85,total,58132726000,NetAssets,79.85,34247755000.0,ShareholdersEquity,47.04,2099575000,bs,2099575000.0,2107020000,18700000.0,2026-08-10,NumberOfIssuedSharesAsOfFilingDateIssuedSharesTotalNumberOfSharesEtc,S100YUO7,2026-08-10,160,J-GAAP,連結,2026-12-31,2026-06-30
6905,コーセル株式会社,48566000000,8413000000,60576000000,52163000000,NetAssets,86.11,total,52163000000,NetAssets,86.11,48351000000.0,ShareholdersEquity,79.82,28370000000,bs,28370000000.0,26865000000,41186100.0,2026-08-10,NumberOfIssuedSharesAsOfFilingDateIssuedSharesTotalNumberOfSharesEtc,S100YUI9,2026-08-10,120,J-GAAP,連結,2026-05-20,2026-05-20
9441,株式会社ベルパーク,34578855000,13336619000,42996573000,29659954000,NetAssets,68.98,total,29659954000,NetAssets,68.98,29788486000.0,ShareholdersEquity,69.28,16306757000,bs,16306757000.0,15200426000,12240712.0,2026-08-06,NumberOfIssuedSharesAsOfFilingDateIssuedSharesTotalNumberOfSharesEtc,S100YUCF,2026-08-10,160,J-GAAP,連結,2026-12-31,2026-06-30
1897,金下建設株式会社,13185000000,4118000000,24969000000,20851000000,NetAssets,83.51,total,20851000000,NetAssets,83.51,15927000000.0,ShareholdersEquity,63.79,9845000000,bs,9845000000.0,9845000000,3806660.0,2026-08-10,NumberOfIssuedSharesAsOfFilingDateIssuedSharesTotalNumberOfSharesEtc,S100YVBB,2026-08-10,160,J-GAAP,連結,2026-12-31,2026-06-30
2009,鳥越製粉株式会社,20665112000,9724491000,46918589000,37194097000,NetAssets,79.27,total,37194097000,NetAssets,79.27,29132550000.0,ShareholdersEquity,62.09,8589193000,bs,8589193000.0,11603430000,26036374.0,2026-08-10,NumberOfIssuedSharesAsOfFilingDateIssuedSharesTotalNumberOfSharesEtc,S100YVAT,2026-08-10,160,J-GAAP,連結,2026-12-31,2026-06-30
8179,ロイヤルホールディングス株式会社,29671000000,76968000000,133764000000,56795000000,NetAssets,42.46,total,56795000000,NetAssets,42.46,52358000000.0,ShareholdersEquity,39.14,15439000000,bs,15439000000.0,15451000000,99723724.0,2026-08-10,NumberOfIssuedSharesAsOfFilingDateIssuedSharesTotalNumberOfSharesEtc,S100YVHU,2026-08-10,160,J-GAAP,連結,2026-12-31,2026-06-30
7740,株式会社タムロン,72699000000,19842000000,109240000000,89398000000,NetAssets,81.84,total,89398000000,NetAssets,81.84,74820000000.0,ShareholdersEquity,68.49,34633000000,bs,34633000000.0,34633000000,170800000.0,2026-08-10,NumberOfIssuedSharesAsOfFilingDateIssuedSharesTotalNumberOfSharesEtc,S100YUU0,2026-08-10,160,J-GAAP,連結,2026-12-31,2026-06-30
6853,株式会社共和電業,14877437000,5498542000,24246600000,18748057000,NetAssets,77.32,total,18748057000,NetAssets,77.32,16756933000.0,ShareholdersEquity,69.11,4643514000,bs,4643514000.0,4473514000,25961100.0,2026-08-10,NumberOfIssuedSharesAsOfFilingDateIssuedSharesTotalNumberOfSharesEtc,S100YV4B,2026-08-10,160,J-GAAP,連結,2026-12-31,2026-06-30
5187,クリエートメディック株式会社,13640553000,3651731000,20140766000,16489035000,NetAssets,81.87,total,16489035000,NetAssets,81.87,12828338000.0,ShareholdersEquity,63.69,5636978000,bs,5636978000.0,4936678000,9664327.0,2026-08-10,NumberOfIssuedSharesAsOfFilingDateIssuedSharesTotalNumberOfSharesEtc,S100YVCW,2026-08-10,160,J-GAAP,連結,2026-12-31,2026-06-30
9830,トラスコ中山株式会社,190229000000,146195000000,339515000000,193320000000,NetAssets,56.94,total,193320000000,NetAssets,56.94,191288000000.0,ShareholdersEquity,56.34,67122000000,bs,67122000000.0,66873000000,66008744.0,2026-08-10,NumberOfIssuedSharesAsOfFilingDateIssuedSharesTotalNumberOfSharesEtc,S100YUMQ,2026-08-10,160,J-GAAP,連結,2026-12-31,2026-06-30
2501,サッポロビール株式会社,376092000000,356283000000,870528000000,514245000000,EquityIFRS,59.07,total,514245000000,EquityIFRS,59.07,512942000000.0,EquityAttributableToOwnersOfParentIFRS,58.92,77083000000,cf,,77083000000,393971490.0,2026-08-10,NumberOfIssuedSharesAsOfFilingDateIssuedSharesTotalNumberOfSharesEtc,S100YVC0,2026-08-10,160,IFRS,連結,2026-12-31,2026-06-30
5542,新報国マテリアル株式会社,7100753000,2667145000,8725390000,6058245000,NetAssets,69.43,total,6058245000,NetAssets,69.43,6013825000.0,ShareholdersEquity,68.92,3797251000,bs,3797251000.0,2297251000,7020000.0,2026-08-10,NumberOfIssuedSharesAsOfFilingDateIssuedSharesTotalNumberOfSharesEtc,S100YRAJ,2026-08-10,160,J-GAAP,個別,2026-12-31,2026-06-30
4912,ライオン株式会社,241083000000,174234000000,532799000000,358565000000,EquityIFRS,67.3,total,358565000000,EquityIFRS,67.3,332760000000.0,EquityAttributableToOwnersOfParentIFRS,62.46,83401000000,cf,,83401000000,279782746.0,2026-08-10,NumberOfIssuedSharesAsOfFilingDateIssuedSharesTotalNumberOfSharesEtc,S100YVEK,2026-08-10,160,IFRS,連結,2026-12-31,2026-06-30
5310,東洋炭素株式会社,62965000000,21970000000,119594000000,97623000000,NetAssets,81.63,total,97623000000,NetAssets,81.63,87919000000.0,ShareholdersEquity,73.51,15661000000,bs,15661000000.0,12076000000,20992588.0,2026-08-10,NumberOfIssuedSharesAsOfFilingDateIssuedSharesTotalNumberOfSharesEtc,S100YVMC,2026-08-10,160,J-GAAP,連結,2026-12-31,2026-06-30
2429,株式会社ワールドホールディングス,154694000000,147478000000,200409000000,52930000000,NetAssets,26.41,total,52930000000,NetAssets,26.41,48566000000.0,ShareholdersEquity,24.23,43018000000,bs,43018000000.0,42207000000,18014300.0,2026-08-10,NumberOfIssuedSharesAsOfFilingDateIssuedSharesTotalNumberOfSharesEtc,S100YVM6,2026-08-10,160,J-GAAP,連結,2026-12-31,2026-06-30
4985,アース製薬株式会社,101718000000,78854000000,166272000000,87417000000,NetAssets,52.57,total,87417000000,NetAssets,52.57,69984000000.0,ShareholdersEquity,42.09,20542000000,bs,20542000000.0,20542000000,22209900.0,2026-08-10,NumberOfIssuedSharesAsOfFilingDateIssuedSharesTotalNumberOfSharesEtc,S100YV2M,2026-08-10,160,J-GAAP,連結,2026-12-31,2026-06-30
6856,株式会社堀場製作所,365584000000,177939000000,543203000000,365264000000,NetAssets,67.24,total,365264000000,NetAssets,67.24,302242000000.0,ShareholdersEquity,55.64,169311000000,bs,169311000000.0,169865000000,42233252.0,2026-08-10,NumberOfIssuedSharesAsOfFilingDateIssuedSharesTotalNumberOfSharesEtc,S100YVNW,2026-08-10,160,J-GAAP,連結,2026-12-31,2026-06-30
2311,株式会社エプコ,3436318000,812698000,5506935000,4694237000,NetAssets,85.24,total,4694237000,NetAssets,85.24,4146497000.0,ShareholdersEquity,75.3,2205926000,bs,2205926000.0,1490867000,9316000.0,2026-08-10,NumberOfIssuedSharesAsOfFilingDateIssuedSharesTotalNumberOfSharesEtc,S100YVOR,2026-08-10,160,J-GAAP,連結,2026-12-31,2026-06-30
9343,株式会社アイビス,3250774000,1452380000,4620619000,3168239000,NetAssets,68.57,total,3168239000,NetAssets,68.57,3123253000.0,ShareholdersEquity,67.59,2461600000,bs,2461600000.0,2461600000,18487115.0,2026-08-10,NumberOfIssuedSharesAsOfFilingDateIssuedSharesTotalNumberOfSharesEtc,S100YVOI,2026-08-10,160,J-GAAP,連結,2026-12-31,2026-06-30
4927,株式会社ポーラ・オルビスホールディングス,98758000000,35381000000,197172000000,161790000000,NetAssets,82.06,total,161790000000,NetAssets,82.06,163850000000.0,ShareholdersEquity,83.1,49886000000,bs,49886000000.0,49047000000,229136156.0,2026-08-10,NumberOfIssuedSharesAsOfFilingDateIssuedSharesTotalNumberOfSharesEtc,S100YV90,2026-08-10,160,J-GAAP,連結,2026-12-31,2026-06-30
2170,株式会社リンクアンドモチベーション,18485000000,26474000000,42357000000,15883000000,EquityIFRS,37.5,total,15883000000,EquityIFRS,37.5,12278000000.0,EquityAttributableToOwnersOfParentIFRS,28.99,7865000000,cf,,7865000000,110937011.0,2026-08-10,NumberOfIssuedSharesAsOfFilingDateIssuedSharesTotalNumberOfSharesEtc,S100YVKC,2026-08-10,160,IFRS,連結,2026-12-31,2026-06-30
4221,大倉工業株式会社,67344000000,57061000000,122501000000,65440000000,NetAssets,53.42,total,65440000000,NetAssets,53.42,59330000000.0,ShareholdersEquity,48.43,13408000000,bs,13408000000.0,13408000000,12414870.0,2026-08-10,NumberOfIssuedSharesAsOfFilingDateIssuedSharesTotalNumberOfSharesEtc,S100YVLM,2026-08-10,160,J-GAAP,連結,2026-12-31,2026-06-30
4768,株式会社　大塚商会,689092000000,403968000000,823297000000,419329000000,NetAssets,50.93,total,419329000000,NetAssets,50.93,402730000000.0,ShareholdersEquity,48.92,257024000000,bs,257024000000.0,258955000000,380004240.0,2026-08-10,NumberOfIssuedSharesAsOfFilingDateIssuedSharesTotalNumberOfSharesEtc,S100YVEA,2026-08-10,160,J-GAAP,連結,2026-12-31,2026-06-30
3261,株式会社グランディーズ,4463223000,2400627000,5046308000,2645680000,NetAssets,52.43,total,2645680000,NetAssets,52.43,2645680000.0,ShareholdersEquity,52.43,808794000,bs,808794000.0,808494000,4100874.0,2026-08-10,NumberOfIssuedSharesAsOfFilingDateIssuedSharesTotalNumberOfSharesEtc,S100YVED,2026-08-10,160,J-GAAP,連結,2026-12-31,2026-06-30
3950,ザ・パック株式会社,53521000000,21016000000,98524000000,77507000000,NetAssets,78.67,total,77507000000,NetAssets,78.67,74553000000.0,ShareholdersEquity,75.67,19504000000,bs,19504000000.0,19494000000,59700000.0,2026-08-10,NumberOfIssuedSharesAsOfFilingDateIssuedSharesTotalNumberOfSharesEtc,S100YVQ0,2026-08-10,160,J-GAAP,連結,2026-12-31,2026-06-30
1605,株式会社ＩＮＰＥＸ,1439473000000,3035951000000,8386904000000,5350952000000,EquityIFRS,63.8,total,5350952000000,EquityIFRS,63.8,5102570000000.0,EquityAttributableToOwnersOfParentIFRS,60.84,216190000000,cf,,216190000000,1259136068.0,2026-08-10,NumberOfIssuedSharesAsOfFilingDateIssuedSharesTotalNumberOfSharesEtc,S100YV6Y,2026-08-10,160,IFRS,連結,2026-12-31,2026-06-30
3047,株式会社ＴＲＵＣＫ－ＯＮＥ,4412186000,5070658000,6829221000,1758562000,NetAssets,25.75,total,1758562000,NetAssets,25.75,1725447000.0,ShareholdersEquity,25.27,584591000,bs,584591000.0,564559000,2552000.0,2026-08-10,NumberOfIssuedSharesAsOfFilingDateIssuedSharesTotalNumberOfSharesEtc,S100YVQB,2026-08-10,160,J-GAAP,連結,2026-12-31,2026-06-30
5139,オープンワーク株式会社,8832707000,1861320000,9502149000,7640829000,NetAssets,80.41,total,7640829000,NetAssets,80.41,7640829000.0,ShareholdersEquity,80.41,8055841000,bs,8055841000.0,4453730000,21343600.0,2026-08-10,NumberOfIssuedSharesAsOfFilingDateIssuedSharesTotalNumberOfSharesEtc,S100YVQT,2026-08-10,160,J-GAAP,連結,2026-12-31,2026-06-30
4631,ＤＩＣ株式会社,679035000000,800909000000,1330726000000,529817000000,NetAssets,39.81,total,529817000000,NetAssets,39.81,422199000000.0,ShareholdersEquity,31.73,70687000000,bs,70687000000.0,68233000000,95156904.0,2026-08-10,NumberOfIssuedSharesAsOfFilingDateIssuedSharesTotalNumberOfSharesEtc,S100YVD5,2026-08-10,160,J-GAAP,連結,2026-12-31,2026-06-30
4922,株式会社コーセーホールディングス,210737000000,86330000000,391070000000,304740000000,NetAssets,77.92,total,304740000000,NetAssets,77.92,246175000000.0,ShareholdersEquity,62.95,76837000000,bs,76837000000.0,74856000000,60592541.0,2026-08-10,NumberOfIssuedSharesAsOfFilingDateIssuedSharesTotalNumberOfSharesEtc,S100YVHI,2026-08-10,160,J-GAAP,連結,2026-12-31,2026-06-30
5699,株式会社イボキン,3977106000,3002696000,8395485000,5392788000,NetAssets,64.23,total,5392788000,NetAssets,64.23,5088906000.0,ShareholdersEquity,60.61,2275120000,bs,2275120000.0,2171744000,3427200.0,2026-08-10,NumberOfIssuedSharesAsOfFilingDateIssuedSharesTotalNumberOfSharesEtc,S100YVLF,2026-08-10,160,J-GAAP,連結,2026-12-31,2026-06-30
5101,横浜ゴム株式会社,944721000000,1037285000000,2170542000000,1133257000000,EquityIFRS,52.21,total,1133257000000,EquityIFRS,52.21,1124216000000.0,EquityAttributableToOwnersOfParentIFRS,51.79,147059000000,cf,,147059000000,166396381.0,2026-08-10,NumberOfIssuedSharesAsOfFilingDateIssuedSharesTotalNumberOfSharesEtc,S100YVM0,2026-08-10,160,IFRS,連結,2026-12-31,2026-06-30
6546,フルテック株式会社,6290947000,4193306000,11042255000,6848949000,NetAssets,62.02,total,6848949000,NetAssets,62.02,6353100000.0,ShareholdersEquity,57.53,2065882000,bs,2065882000.0,2046362000,5367800.0,2026-08-10,NumberOfIssuedSharesAsOfFilingDateIssuedSharesTotalNumberOfSharesEtc,S100YVHH,2026-08-10,160,J-GAAP,連結,2026-12-31,2026-06-30
4420,イーソル株式会社,6422670000,2204108000,8353440000,6149332000,NetAssets,73.61,total,6149332000,NetAssets,73.61,5935600000.0,ShareholdersEquity,71.06,3371072000,bs,3371072000.0,3371072000,20000000.0,2026-08-10,NumberOfIssuedSharesAsOfFilingDateIssuedSharesTotalNumberOfSharesEtc,S100YVCP,2026-08-10,160,J-GAAP,連結,2026-12-31,2026-06-30
6031,ＺＥＴＡ株式会社,2350731000,2223175000,3071336000,848161000,NetAssets,27.62,total,848161000,NetAssets,27.62,855344000.0,ShareholdersEquity,27.85,1988988000,bs,1988988000.0,2087495000,25768600.0,2026-08-10,NumberOfIssuedSharesAsOfFilingDateIssuedSharesTotalNumberOfSharesEtc,S100YVOF,2026-08-10,160,J-GAAP,連結,2026-12-31,2026-06-30
2788,アップルインターナショナル株式会社,19996560000,11349405000,22709813000,11360408000,NetAssets,50.02,total,11360408000,NetAssets,50.02,10389579000.0,ShareholdersEquity,45.75,4373391000,bs,4373391000.0,4223922000,13943400.0,2026-08-10,NumberOfIssuedSharesAsOfFilingDateIssuedSharesTotalNumberOfSharesEtc,S100YVLN,2026-08-10,160,J-GAAP,連結,2026-12-31,2026-06-30
7358,株式会社ポピンズ,13388000000,8153000000,18044000000,9891000000,NetAssets,54.82,total,9891000000,NetAssets,54.82,9891000000.0,ShareholdersEquity,54.82,8394000000,bs,8394000000.0,8394000000,10177300.0,2026-08-10,NumberOfIssuedSharesAsOfFilingDateIssuedSharesTotalNumberOfSharesEtc,S100YVER,2026-08-10,160,J-GAAP,連結,2026-12-31,2026-06-30
6171,株式会社土木管理総合試験所,4339976000,2048865000,7293914000,5245049000,NetAssets,71.91,total,5245049000,NetAssets,71.91,5160276000.0,ShareholdersEquity,70.75,2853905000,bs,2853905000.0,2473905000,14237995.0,2026-08-10,NumberOfIssuedSharesAsOfFilingDateIssuedSharesTotalNumberOfSharesEtc,S100YVMV,2026-08-10,160,J-GAAP,連結,2026-12-31,2026-06-30
5302,日本カーボン株式会社,48346000000,20918000000,85032000000,64113000000,NetAssets,75.4,total,64113000000,NetAssets,75.4,49548000000.0,ShareholdersEquity,58.27,16305000000,bs,16305000000.0,16160000000,11832504.0,2026-08-10,NumberOfIssuedSharesAsOfFilingDateIssuedSharesTotalNumberOfSharesEtc,S100YVEF,2026-08-10,160,J-GAAP,連結,2026-12-31,2026-06-30
4919,株式会社ミルボン,30820618000,9594479000,59753648000,50159168000,NetAssets,83.94,total,50159168000,NetAssets,83.94,45262278000.0,ShareholdersEquity,75.75,12326708000,bs,12326708000.0,12272386000,32305534.0,2026-08-10,NumberOfIssuedSharesAsOfFilingDateIssuedSharesTotalNumberOfSharesEtc,S100YVN9,2026-08-10,160,J-GAAP,連結,2026-12-31,2026-06-30
4979,ＯＡＴアグリオ株式会社,26879000000,20075000000,42623000000,22548000000,NetAssets,52.9,total,22548000000,NetAssets,52.9,16472000000.0,ShareholdersEquity,38.65,5626000000,bs,5626000000.0,5150000000,11072000.0,2026-08-10,NumberOfIssuedSharesAsOfFilingDateIssuedSharesTotalNumberOfSharesEtc,S100YVNY,2026-08-10,160,J-GAAP,連結,2026-12-31,2026-06-30
3680,株式会社ホットリンク,2871111000,1749523000,5643173000,3893650000,EquityIFRS,69.0,total,3893650000,EquityIFRS,69.0,3893650000.0,EquityAttributableToOwnersOfParentIFRS,69.0,2182023000,cf,,2182023000,15965800.0,2026-08-10,NumberOfIssuedSharesAsOfFilingDateIssuedSharesTotalNumberOfSharesEtc,S100YV4J,2026-08-10,160,IFRS,連結,2026-12-31,2026-06-30
3947,ダイナパック株式会社,32192843000,37920848000,88419195000,50498346000,NetAssets,57.11,total,50498346000,NetAssets,57.11,38162060000.0,ShareholdersEquity,43.16,6666346000,bs,6666346000.0,6666346000,10322591.0,2026-08-10,NumberOfIssuedSharesAsOfFilingDateIssuedSharesTotalNumberOfSharesEtc,S100YVKI,2026-08-10,160,J-GAAP,連結,2026-12-31,2026-06-30
7115,株式会社アルファパーチェス,14528761000,10500805000,17426834000,6926029000,NetAssets,39.74,total,6926029000,NetAssets,39.74,6926029000.0,ShareholdersEquity,39.74,3967510000,bs,3967510000.0,3959302000,9911500.0,2026-08-10,NumberOfIssuedSharesAsOfFilingDateIssuedSharesTotalNumberOfSharesEtc,S100YVFN,2026-08-10,160,J-GAAP,連結,2026-12-31,2026-06-30
7986,日本アイ・エス・ケイ株式会社,2933002000,1649876000,6598728000,4948852000,NetAssets,75.0,total,4948852000,NetAssets,75.0,4744446000.0,ShareholdersEquity,71.9,1588511000,bs,1588511000.0,1588511000,1776000.0,2026-08-10,NumberOfIssuedSharesAsOfFilingDateIssuedSharesTotalNumberOfSharesEtc,S100YVK3,2026-08-10,160,J-GAAP,連結,2026-12-31,2026-06-30
2752,株式会社フジオフードグループ本社,11635000000,14287000000,22820000000,8533000000,NetAssets,37.39,total,8533000000,NetAssets,37.39,8252000000.0,ShareholdersEquity,36.16,6475000000,bs,6475000000.0,6103000000,51299789.0,2026-08-10,NumberOfIssuedSharesAsOfFilingDateIssuedSharesTotalNumberOfSharesEtc,S100YVNQ,2026-08-10,160,J-GAAP,連結,2026-12-31,2026-06-30
6266,タツモ株式会社,38383513000,21612837000,48520108000,26907270000,NetAssets,55.46,total,26907270000,NetAssets,55.46,24970768000.0,ShareholdersEquity,51.46,14775526000,bs,14775526000.0,13456978000,14842354.0,2026-08-10,NumberOfIssuedSharesAsOfFilingDateIssuedSharesTotalNumberOfSharesEtc,S100YVSB,2026-08-10,160,J-GAAP,連結,2026-12-31,2026-06-30
7957,フジコピアン株式会社,8466476000,4930840000,13537960000,8607119000,NetAssets,63.58,total,8607119000,NetAssets,63.58,8096740000.0,ShareholdersEquity,59.81,3928385000,bs,3928385000.0,3928385000,1789487.0,2026-08-10,NumberOfIssuedSharesAsOfFilingDateIssuedSharesTotalNumberOfSharesEtc,S100YVJ1,2026-08-10,160,J-GAAP,連結,2026-12-31,2026-06-30
6149,株式会社小田原エンジニアリング,16305354000,4692895000,24103812000,19410917000,NetAssets,80.53,total,19410917000,NetAssets,80.53,19000759000.0,ShareholdersEquity,78.83,8154147000,bs,8154147000.0,8054147000,6392736.0,2026-08-10,NumberOfIssuedSharesAsOfFilingDateIssuedSharesTotalNumberOfSharesEtc,S100YVIZ,2026-08-10,160,J-GAAP,連結,2026-12-31,2026-06-30
9416,株式会社ビジョン,20872237000,8938537000,29266078000,20327541000,NetAssets,69.46,total,20327541000,NetAssets,69.46,19614802000.0,ShareholdersEquity,67.02,10955953000,bs,10955953000.0,11361664000,50938600.0,2026-08-10,NumberOfIssuedSharesAsOfFilingDateIssuedSharesTotalNumberOfSharesEtc,S100YVMP,2026-08-10,160,J-GAAP,連結,2026-12-31,2026-06-30
3054,株式会社ハイパー,7116652000,4526815000,7734573000,3207757000,NetAssets,41.47,total,3207757000,NetAssets,41.47,3186810000.0,ShareholdersEquity,41.2,2081898000,bs,2081898000.0,2081894000,9889500.0,2026-08-10,NumberOfIssuedSharesAsOfFilingDateIssuedSharesTotalNumberOfSharesEtc,S100YVQ5,2026-08-10,160,J-GAAP,連結,2026-12-31,2026-06-30
5589,株式会社オートサーバー,17928773000,9351186000,22833960000,13482774000,NetAssets,59.05,total,13482774000,NetAssets,59.05,13482774000.0,ShareholdersEquity,59.05,14439269000,bs,14439269000.0,14439269000,7268600.0,2026-08-10,NumberOfIssuedSharesAsOfFilingDateIssuedSharesTotalNumberOfSharesEtc,S100YVQ8,2026-08-10,160,J-GAAP,個別,2026-12-31,2026-06-30
4820,株式会社イーエムシステムズ（商号　株式会社ＥＭシステムズ）,11792000000,6779000000,26776000000,19996000000,NetAssets,74.68,total,19996000000,NetAssets,74.68,19040000000.0,ShareholdersEquity,71.11,6583000000,bs,6583000000.0,6583000000,70514800.0,2026-08-10,NumberOfIssuedSharesAsOfFilingDateIssuedSharesTotalNumberOfSharesEtc,S100YVT8,2026-08-10,160,J-GAAP,連結,2026-12-31,2026-06-30
6464,株式会社ツバキ・ナカシマ,90643000000,115423000000,154508000000,39085000000,EquityIFRS,25.3,total,39085000000,EquityIFRS,25.3,39085000000.0,EquityAttributableToOwnersOfParentIFRS,25.3,34984000000,cf,,34984000000,41599600.0,2026-08-10,NumberOfIssuedSharesAsOfFilingDateIssuedSharesTotalNumberOfSharesEtc,S100YVKX,2026-08-10,160,IFRS,連結,2026-12-31,2026-06-30
2986,株式会社ＬＡホールディングス,96192064000,78660176000,108212999000,29552823000,NetAssets,27.31,total,29552823000,NetAssets,27.31,29405697000.0,ShareholdersEquity,27.17,19649628000,bs,19649628000.0,19507118000,22936425.0,2026-08-10,NumberOfIssuedSharesAsOfFilingDateIssuedSharesTotalNumberOfSharesEtc,S100YVT6,2026-08-10,160,J-GAAP,連結,2026-12-31,2026-06-30
3277,株式会社サンセイランディック,40103700000,28468681000,43412141000,14943460000,NetAssets,34.42,total,14943460000,NetAssets,34.42,14922932000.0,ShareholdersEquity,34.38,6650678000,bs,6650678000.0,5883364000,17169800.0,2026-08-10,NumberOfIssuedSharesAsOfFilingDateIssuedSharesTotalNumberOfSharesEtc,S100YVJE,2026-08-10,160,J-GAAP,連結,2026-12-31,2026-06-30
4634,ａｒｔｉｅｎｃｅ株式会社,241181000000,185634000000,477984000000,292350000000,NetAssets,61.16,total,292350000000,NetAssets,61.16,220373000000.0,ShareholdersEquity,46.1,46577000000,bs,46577000000.0,44173000000,50286544.0,2026-08-10,NumberOfIssuedSharesAsOfFilingDateIssuedSharesTotalNumberOfSharesEtc,S100YV1L,2026-08-10,160,J-GAAP,連結,2026-12-31,2026-06-30
4245,株式会社ダイキアクシス,18705000000,27299000000,37613000000,10314000000,NetAssets,27.42,total,10314000000,NetAssets,27.42,9500000000.0,ShareholdersEquity,25.26,8584000000,bs,8584000000.0,7602000000,13672100.0,2026-08-10,NumberOfIssuedSharesAsOfFilingDateIssuedSharesTotalNumberOfSharesEtc,S100YVST,2026-08-10,160,J-GAAP,連結,2026-12-31,2026-06-30
2702,日本マクドナルドホールディングス株式会社,105656000000,68951000000,361616000000,292664000000,NetAssets,80.93,total,292664000000,NetAssets,80.93,296747000000.0,ShareholdersEquity,82.06,66634000000,bs,66634000000.0,66634000000,132960000.0,2026-08-10,NumberOfIssuedSharesAsOfFilingDateIssuedSharesTotalNumberOfSharesEtc,S100YVLD,2026-08-10,160,J-GAAP,連結,2026-12-31,2026-06-30
7128,ユニソルホールディングス株式会社,83010000000,45229000000,119519000000,74289000000,NetAssets,62.16,total,74289000000,NetAssets,62.16,68520000000.0,ShareholdersEquity,57.33,26979000000,bs,26979000000.0,25578000000,24298313.0,2026-08-10,NumberOfIssuedSharesAsOfFilingDateIssuedSharesTotalNumberOfSharesEtc,S100YVJ6,2026-08-10,160,J-GAAP,連結,2026-12-31,2026-06-30
6537,ＷＡＳＨハウス株式会社,2451000000,2723000000,4467000000,1744000000,NetAssets,39.04,total,1744000000,NetAssets,39.04,1575000000.0,ShareholdersEquity,35.26,948000000,bs,948000000.0,948000000,6925400.0,2026-08-10,NumberOfIssuedSharesAsOfFilingDateIssuedSharesTotalNumberOfSharesEtc,S100YVOS,2026-08-10,160,J-GAAP,連結,2026-12-31,2026-06-30
9337,株式会社トリドリ,5000700000,4691973000,6637798000,1945825000,NetAssets,29.31,total,1945825000,NetAssets,29.31,1795446000.0,ShareholdersEquity,27.05,1473217000,bs,1473217000.0,1473217000,3303520.0,2026-08-10,NumberOfIssuedSharesAsOfFilingDateIssuedSharesTotalNumberOfSharesEtc,S100YVT9,2026-08-10,160,J-GAAP,連結,2026-12-31,2026-06-30
1449,株式会社ＦＵＪＩジャパン,360542000,277148000,613771000,336623000,NetAssets,54.85,total,336623000,NetAssets,54.85,336623000.0,ShareholdersEquity,54.85,124857000,bs,124857000.0,124857000,2130000.0,2026-08-10,NumberOfIssuedSharesAsOfFilingDateIssuedSharesTotalNumberOfSharesEtc,S100YVDI,2026-08-10,160,J-GAAP,個別,2026-12-31,2026-06-30
2193,クックパッド株式会社,13403883000,1109525000,14390645000,13281121000,EquityIFRS,92.29,total,13281121000,EquityIFRS,92.29,13281121000.0,EquityAttributableToOwnersOfParentIFRS,92.29,6245262000,cf,,6245262000,78807900.0,2026-08-10,NumberOfIssuedSharesAsOfFilingDateIssuedSharesTotalNumberOfSharesEtc,S100YUKF,2026-08-10,160,IFRS,連結,2026-12-31,2026-06-30
7080,株式会社スポーツフィールド,3546474000,1533751000,4348003000,2814252000,NetAssets,64.73,total,2814252000,NetAssets,64.73,2814252000.0,ShareholdersEquity,64.73,2337398000,bs,2337398000.0,2337398000,7487040.0,2026-08-10,NumberOfIssuedSharesAsOfFilingDateIssuedSharesTotalNumberOfSharesEtc,S100YVFS,2026-08-10,160,J-GAAP,連結,2026-12-31,2026-06-30
7956,ピジョン株式会社,81310000000,26934000000,115267000000,88333000000,NetAssets,76.63,total,88333000000,NetAssets,76.63,67024000000.0,ShareholdersEquity,58.15,36271000000,bs,36271000000.0,36271000000,121653486.0,2026-08-07,NumberOfIssuedSharesAsOfFilingDateIssuedSharesTotalNumberOfSharesEtc,S100YUOQ,2026-08-07,160,J-GAAP,連結,2026-12-31,2026-06-30
7609,ダイトロン株式会社,71340000000,42219000000,81625000000,39406000000,NetAssets,48.28,total,39406000000,NetAssets,48.28,34725000000.0,ShareholdersEquity,42.54,20757000000,bs,20757000000.0,20041000000,21266698.0,2026-08-07,NumberOfIssuedSharesAsOfFilingDateIssuedSharesTotalNumberOfSharesEtc,S100YUIN,2026-08-07,160,J-GAAP,連結,2026-12-31,2026-06-30
6870,日本フェンオール株式会社,11676478000,4433056000,20000364000,15567307000,NetAssets,77.84,total,15567307000,NetAssets,77.84,13027787000.0,ShareholdersEquity,65.14,5943050000,bs,5943050000.0,5374685000,5893000.0,2026-08-07,NumberOfIssuedSharesAsOfFilingDateIssuedSharesTotalNumberOfSharesEtc,S100YUX7,2026-08-07,160,J-GAAP,連結,2026-12-31,2026-06-30
7846,株式会社パイロットコーポレーション,113317000000,39731000000,185522000000,145791000000,NetAssets,78.58,total,145791000000,NetAssets,78.58,134862000000.0,ShareholdersEquity,72.69,34419000000,bs,34419000000.0,33167000000,112215600.0,2026-08-07,NumberOfIssuedSharesAsOfFilingDateIssuedSharesTotalNumberOfSharesEtc,S100YUO0,2026-08-07,160,J-GAAP,連結,2026-12-31,2026-06-30
4025,多木化学株式会社,30925000000,23150000000,70643000000,47492000000,NetAssets,67.23,total,47492000000,NetAssets,67.23,34136000000.0,ShareholdersEquity,48.32,8174000000,bs,8174000000.0,8164000000,9458768.0,2026-08-07,NumberOfIssuedSharesAsOfFilingDateIssuedSharesTotalNumberOfSharesEtc,S100YUH9,2026-08-07,160,J-GAAP,連結,2026-12-31,2026-06-30
130A,株式会社Ｖｅｒｉｔａｓ　Ｉｎ　Ｓｉｌｉｃｏ,1497619000,122026000,1519286000,1397259000,NetAssets,91.97,total,1397259000,NetAssets,91.97,1397259000.0,ShareholdersEquity,91.97,1430305000,bs,1430305000.0,430305000,6487114.0,2026-08-07,NumberOfIssuedSharesAsOfFilingDateIssuedSharesTotalNumberOfSharesEtc,S100YUW9,2026-08-07,160,J-GAAP,個別,2026-12-31,2026-06-30
8040,株式会社東京ソワール,8212704000,3356219000,14210011000,10853792000,NetAssets,76.38,total,10853792000,NetAssets,76.38,9576189000.0,ShareholdersEquity,67.39,1957683000,bs,1957683000.0,1957683000,3860000.0,2026-08-07,NumberOfIssuedSharesAsOfFilingDateIssuedSharesTotalNumberOfSharesEtc,S100YUOC,2026-08-07,160,J-GAAP,連結,2026-12-31,2026-06-30
3566,ユニフォームネクスト株式会社,4506226000,1957744000,6042266000,4084522000,NetAssets,67.6,total,4084522000,NetAssets,67.6,4066546000.0,ShareholdersEquity,67.3,1846058000,bs,1846058000.0,1846058000,10123178.0,2026-08-07,NumberOfIssuedSharesAsOfFilingDateIssuedSharesTotalNumberOfSharesEtc,S100YUYM,2026-08-07,160,J-GAAP,個別,2026-12-31,2026-06-30
4045,東亞合成株式会社,107424000000,75716000000,296711000000,220995000000,NetAssets,74.48,total,220995000000,NetAssets,74.48,190455000000.0,ShareholdersEquity,64.19,20017000000,bs,20017000000.0,19860000000,108000000.0,2026-08-07,NumberOfIssuedSharesAsOfFilingDateIssuedSharesTotalNumberOfSharesEtc,S100YUMB,2026-08-07,160,J-GAAP,連結,2026-12-31,2026-06-30
4004,株式会社レゾナック・ホールディングス,949132000000,1410976000000,2215999000000,805023000000,EquityIFRS,36.33,total,805023000000,EquityIFRS,36.33,788109000000.0,EquityAttributableToOwnersOfParentIFRS,35.56,327067000000,cf,,327067000000,191152811.0,2026-08-07,NumberOfIssuedSharesAsOfFilingDateIssuedSharesTotalNumberOfSharesEtc,S100YV5I,2026-08-07,160,IFRS,連結,2026-12-31,2026-06-30
4641,株式会社アルプス技研,23598586000,9184917000,30298330000,21113413000,NetAssets,69.69,total,21113413000,NetAssets,69.69,19865130000.0,ShareholdersEquity,65.57,14109166000,bs,14109166000.0,13211436000,62240025.0,2026-08-06,NumberOfIssuedSharesAsOfFilingDateIssuedSharesTotalNumberOfSharesEtc,S100YV0A,2026-08-07,160,J-GAAP,連結,2026-12-31,2026-06-30
6302,住友重機械工業株式会社,807013000000,640053000000,1347089000000,707036000000,NetAssets,52.49,total,707036000000,NetAssets,52.49,495809000000.0,ShareholdersEquity,36.81,133104000000,bs,133104000000.0,130757000000,122905481.0,2026-08-07,NumberOfIssuedSharesAsOfFilingDateIssuedSharesTotalNumberOfSharesEtc,S100YUZ4,2026-08-07,160,J-GAAP,連結,2026-12-31,2026-06-30
2212,山崎製パン株式会社,349333000000,392923000000,916463000000,523540000000,NetAssets,57.13,total,523540000000,NetAssets,57.13,381716000000.0,ShareholdersEquity,41.65,174627000000,bs,174627000000.0,163228000000,220282860.0,2026-08-07,NumberOfIssuedSharesAsOfFilingDateIssuedSharesTotalNumberOfSharesEtc,S100YTU6,2026-08-07,160,J-GAAP,連結,2026-12-31,2026-06-30
6481,ＴＨＫ株式会社,277673000000,204600000000,480597000000,275996000000,EquityIFRS,57.43,total,275996000000,EquityIFRS,57.43,275996000000.0,EquityAttributableToOwnersOfParentIFRS,57.43,116924000000,cf,,116924000000,119099803.0,2026-08-07,NumberOfIssuedSharesAsOfFilingDateIssuedSharesTotalNumberOfSharesEtc,S100YURY,2026-08-07,160,IFRS,連結,2026-12-31,2026-06-30
1718,美樹工業株式会社,17910677000,14893830000,34727910000,19834079000,NetAssets,57.11,total,19834079000,NetAssets,57.11,17172171000.0,ShareholdersEquity,49.45,3776714000,bs,3776714000.0,3854329000,1153263.0,2026-08-07,NumberOfIssuedSharesAsOfFilingDateIssuedSharesTotalNumberOfSharesEtc,S100YV50,2026-08-07,160,J-GAAP,連結,2026-12-31,2026-06-30
9543,静岡ガス株式会社,64066000000,47480000000,194930000000,147450000000,NetAssets,75.64,total,147450000000,NetAssets,75.64,119821000000.0,ShareholdersEquity,61.47,27649000000,bs,27649000000.0,27011000000,76192950.0,2026-08-07,NumberOfIssuedSharesAsOfFilingDateIssuedSharesTotalNumberOfSharesEtc,S100YUT7,2026-08-07,160,J-GAAP,連結,2026-12-31,2026-06-30
4404,ミヨシ油脂株式会社,36268000000,42894000000,86410000000,43515000000,NetAssets,50.36,total,43515000000,NetAssets,50.36,34346000000.0,ShareholdersEquity,39.75,8501000000,bs,8501000000.0,8501000000,10306895.0,2026-08-07,NumberOfIssuedSharesAsOfFilingDateIssuedSharesTotalNumberOfSharesEtc,S100YV6C,2026-08-07,160,J-GAAP,連結,2026-12-31,2026-06-30
4452,花王株式会社,938625000000,748813000000,1898353000000,1149540000000,EquityIFRS,60.55,total,1149540000000,EquityIFRS,60.55,1119449000000.0,EquityAttributableToOwnersOfParentIFRS,58.97,326659000000,cf,,326659000000,907200000.0,2026-08-07,NumberOfIssuedSharesAsOfFilingDateIssuedSharesTotalNumberOfSharesEtc,S100YV2R,2026-08-07,160,IFRS,連結,2026-12-31,2026-06-30
7992,セーラー万年筆株式会社,3233835000,3143309000,4157362000,1014052000,NetAssets,24.39,total,1014052000,NetAssets,24.39,427345000.0,ShareholdersEquity,10.28,664824000,bs,664824000.0,664824000,29659554.0,2026-08-07,NumberOfIssuedSharesAsOfFilingDateIssuedSharesTotalNumberOfSharesEtc,S100YV7F,2026-08-07,160,J-GAAP,連結,2026-12-31,2026-06-30
4772,株式会社ＳＭ　ＥＮＴＥＲＴＡＩＮＭＥＮＴ　ＪＡＰＡＮ,13809223000,7447566000,14906823000,7459257000,NetAssets,50.04,total,7459257000,NetAssets,50.04,6627705000.0,ShareholdersEquity,44.46,3259652000,bs,3259652000.0,3259652000,115904831.0,2026-08-07,NumberOfIssuedSharesAsOfFilingDateIssuedSharesTotalNumberOfSharesEtc,S100YUNV,2026-08-07,160,J-GAAP,連結,2026-12-31,2026-06-30
2587,サントリービバレッジ＆フード株式会社,792956000000,821286000000,2294954000000,1473667000000,EquityIFRS,64.21,total,1473667000000,EquityIFRS,64.21,1354262000000.0,EquityAttributableToOwnersOfParentIFRS,59.01,159817000000,cf,,159817000000,309000000.0,2026-08-07,NumberOfIssuedSharesAsOfFilingDateIssuedSharesTotalNumberOfSharesEtc,S100YV85,2026-08-07,160,IFRS,連結,2026-12-31,2026-06-30
4375,セーフィー株式会社,10712818000,2490501000,11831740000,9341238000,NetAssets,78.95,total,9341238000,NetAssets,78.95,9165768000.0,ShareholdersEquity,77.47,5324831000,bs,5324831000.0,4025049000,55845701.0,2026-08-07,NumberOfIssuedSharesAsOfFilingDateIssuedSharesTotalNumberOfSharesEtc,S100YV63,2026-08-07,160,J-GAAP,連結,2026-12-31,2026-06-30
7228,株式会社デイトナ,10173536000,2682611000,12591850000,9909239000,NetAssets,78.7,total,9909239000,NetAssets,78.7,9816559000.0,ShareholdersEquity,77.96,2542612000,bs,2542612000.0,2085484000,3616000.0,2026-08-07,NumberOfIssuedSharesAsOfFilingDateIssuedSharesTotalNumberOfSharesEtc,S100YUNA,2026-08-07,160,J-GAAP,連結,2026-12-31,2026-06-30
7841,株式会社遠藤製作所,17086638000,5279473000,28498617000,23219143000,NetAssets,81.47,total,23219143000,NetAssets,81.47,17940025000.0,ShareholdersEquity,62.95,8903976000,bs,8903976000.0,9367248000,9441800.0,2026-08-07,NumberOfIssuedSharesAsOfFilingDateIssuedSharesTotalNumberOfSharesEtc,S100YV8E,2026-08-07,160,J-GAAP,連結,2026-12-31,2026-06-30
9245,株式会社リベロ,6360291000,5772080000,8940754000,3168674000,NetAssets,35.44,total,3168674000,NetAssets,35.44,3150660000.0,ShareholdersEquity,35.24,2760739000,bs,2760739000.0,2760739000,5441300.0,2026-08-07,NumberOfIssuedSharesAsOfFilingDateIssuedSharesTotalNumberOfSharesEtc,S100YV23,2026-08-07,160,J-GAAP,連結,2026-12-31,2026-06-30
6269,三井海洋開発株式会社,3052197000,3398215000,5077087000,1678872000,EquityIFRS,33.07,total,1678872000,EquityIFRS,33.07,1646899000.0,EquityAttributableToOwnersOfParentIFRS,32.44,1914443000,cf,,1914443000,68345300.0,2026-08-07,NumberOfIssuedSharesAsOfFilingDateIssuedSharesTotalNumberOfSharesEtc,S100YUQZ,2026-08-07,160,IFRS,連結,2026-12-31,2026-06-30
2700,木徳神糧株式会社,37514599000,26996967000,48180538000,21183571000,NetAssets,43.97,total,21183571000,NetAssets,43.97,19222421000.0,ShareholdersEquity,39.9,4404628000,bs,4404628000.0,3957185000,8530000.0,2026-08-07,NumberOfIssuedSharesAsOfFilingDateIssuedSharesTotalNumberOfSharesEtc,S100YUMI,2026-08-07,160,J-GAAP,連結,2026-12-31,2026-06-30
3105,日清紡ホールディングス株式会社,332915000000,297544000000,645857000000,348313000000,NetAssets,53.93,total,348313000000,NetAssets,53.93,236244000000.0,ShareholdersEquity,36.58,43934000000,bs,43934000000.0,43934000000,169360439.0,2026-08-07,NumberOfIssuedSharesAsOfFilingDateIssuedSharesTotalNumberOfSharesEtc,S100YU8H,2026-08-07,160,J-GAAP,連結,2026-12-31,2026-06-30
2384,ＳＢＳホールディングス株式会社,160896000000,222187000000,357321000000,135133000000,NetAssets,37.82,total,135133000000,NetAssets,37.82,97878000000.0,ShareholdersEquity,27.39,39172000000,bs,39172000000.0,37120000000,39718200.0,2026-08-07,NumberOfIssuedSharesAsOfFilingDateIssuedSharesTotalNumberOfSharesEtc,S100YUY2,2026-08-07,160,J-GAAP,連結,2026-12-31,2026-06-30
6141,ＤＭＧ森精機株式会社,351144000000,528110000000,881440000000,353329000000,EquityIFRS,40.09,total,353329000000,EquityIFRS,40.09,352661000000.0,EquityAttributableToOwnersOfParentIFRS,40.01,33130000000,cf,,33130000000,142325934.0,2026-08-07,NumberOfIssuedSharesAsOfFilingDateIssuedSharesTotalNumberOfSharesEtc,S100YUZE,2026-08-07,160,IFRS,連結,2026-12-31,2026-06-30
3449,株式会社テクノフレックス,21907337000,13252337000,41058841000,27806504000,NetAssets,67.72,total,27806504000,NetAssets,67.72,25309861000.0,ShareholdersEquity,61.64,7800877000,bs,7800877000.0,7800877000,21360000.0,2026-08-07,NumberOfIssuedSharesAsOfFilingDateIssuedSharesTotalNumberOfSharesEtc,S100YVB8,2026-08-07,160,J-GAAP,連結,2026-12-31,2026-06-30
5816,オーナンバ株式会社,31095524000,14931804000,45256139000,30324334000,NetAssets,67.01,total,30324334000,NetAssets,67.01,22698296000.0,ShareholdersEquity,50.16,10102839000,bs,10102839000.0,10102839000,12558251.0,2026-08-07,NumberOfIssuedSharesAsOfFilingDateIssuedSharesTotalNumberOfSharesEtc,S100YV14,2026-08-07,160,J-GAAP,連結,2026-12-31,2026-06-30
3299,株式会社ムゲンエステート,101618000000,74587000000,110277000000,35690000000,NetAssets,32.36,total,35690000000,NetAssets,32.36,35580000000.0,ShareholdersEquity,32.26,18318000000,bs,18318000000.0,16622000000,24361000.0,2026-08-07,NumberOfIssuedSharesAsOfFilingDateIssuedSharesTotalNumberOfSharesEtc,S100YUYQ,2026-08-07,160,J-GAAP,連結,2026-12-31,2026-06-30
7716,株式会社ナカニシ,99207684000,52541614000,174551385000,122009771000,NetAssets,69.9,total,122009771000,NetAssets,69.9,104391784000.0,ShareholdersEquity,59.81,56375905000,bs,56375905000.0,40448681000,92218200.0,2026-08-07,NumberOfIssuedSharesAsOfFilingDateIssuedSharesTotalNumberOfSharesEtc,S100YULE,2026-08-07,160,J-GAAP,連結,2026-12-31,2026-06-30
3744,サイオス株式会社,8402310000,7430788000,9440869000,2010081000,NetAssets,21.29,total,2010081000,NetAssets,21.29,1927568000.0,ShareholdersEquity,20.42,4148586000,bs,4148586000.0,4148586000,8874400.0,2026-08-07,NumberOfIssuedSharesAsOfFilingDateIssuedSharesTotalNumberOfSharesEtc,S100YVCZ,2026-08-07,160,J-GAAP,連結,2026-12-31,2026-06-30
5867,株式会社エスネットワークス,2471072000,1178801000,3410359000,2231557000,NetAssets,65.43,total,2231557000,NetAssets,65.43,1892327000.0,ShareholdersEquity,55.49,1464991000,bs,1464991000.0,1464991000,3166092.0,2026-08-07,NumberOfIssuedSharesAsOfFilingDateIssuedSharesTotalNumberOfSharesEtc,S100YVD0,2026-08-07,160,J-GAAP,連結,2026-12-31,2026-06-30
7849,スターツ出版株式会社,10376586000,2168012000,12966147000,10798135000,NetAssets,83.28,total,10798135000,NetAssets,83.28,10051333000.0,ShareholdersEquity,77.52,4161726000,bs,4161726000.0,4161726000,3840000.0,2026-08-07,NumberOfIssuedSharesAsOfFilingDateIssuedSharesTotalNumberOfSharesEtc,S100YV8A,2026-08-07,160,J-GAAP,個別,2026-12-31,2026-06-30
5965,株式会社フジマック,29435000000,21116000000,50144000000,29027000000,NetAssets,57.89,total,29027000000,NetAssets,57.89,24854000000.0,ShareholdersEquity,49.57,13343000000,bs,13343000000.0,13177000000,14272000.0,2026-08-07,NumberOfIssuedSharesAsOfFilingDateIssuedSharesTotalNumberOfSharesEtc,S100YUYO,2026-08-07,160,J-GAAP,連結,2026-12-31,2026-06-30
6250,株式会社やまびこ,140100000000,55693000000,187425000000,131732000000,NetAssets,70.29,total,131732000000,NetAssets,70.29,107757000000.0,ShareholdersEquity,57.49,19534000000,bs,19534000000.0,19534000000,44108428.0,2026-08-07,NumberOfIssuedSharesAsOfFilingDateIssuedSharesTotalNumberOfSharesEtc,S100YUXK,2026-08-07,160,J-GAAP,連結,2026-12-31,2026-06-30
5110,住友ゴム工業株式会社,718075000000,737410000000,1512159000000,774749000000,EquityIFRS,51.23,total,774749000000,EquityIFRS,51.23,754242000000.0,EquityAttributableToOwnersOfParentIFRS,49.88,98685000000,cf,,98685000000,263043057.0,2026-08-07,NumberOfIssuedSharesAsOfFilingDateIssuedSharesTotalNumberOfSharesEtc,S100YUJP,2026-08-07,160,IFRS,連結,2026-12-31,2026-06-30
5108,株式会社ブリヂストン,3024674000000,2064228000000,5902954000000,3838726000000,EquityIFRS,65.03,total,3838726000000,EquityIFRS,65.03,3781546000000.0,EquityAttributableToOwnersOfParentIFRS,64.06,791733000000,cf,,791733000000,1334037042.0,2026-08-07,NumberOfIssuedSharesAsOfFilingDateIssuedSharesTotalNumberOfSharesEtc,S100YUS0,2026-08-07,160,IFRS,連結,2026-12-31,2026-06-30
6498,株式会社キッツ,131076000000,89873000000,215624000000,125751000000,NetAssets,58.32,total,125751000000,NetAssets,58.32,107890000000.0,ShareholdersEquity,50.04,33239000000,bs,33239000000.0,32369000000,87565611.0,2026-08-07,NumberOfIssuedSharesAsOfFilingDateIssuedSharesTotalNumberOfSharesEtc,S100YV6F,2026-08-07,160,J-GAAP,連結,2026-12-31,2026-06-30
4286,株式会社ＣＬホールディングス,17203964000,15118487000,23314872000,8196385000,EquityIFRS,35.16,total,8196385000,EquityIFRS,35.16,8197282000.0,EquityAttributableToOwnersOfParentIFRS,35.16,4757113000,cf,,4757113000,11552731.0,2026-08-07,NumberOfIssuedSharesAsOfFilingDateIssuedSharesTotalNumberOfSharesEtc,S100YV0F,2026-08-07,160,IFRS,連結,2026-12-31,2026-06-30
4588,オンコリスバイオファーマ株式会社,4460329000,1253229000,4510606000,3257377000,NetAssets,72.22,total,3257377000,NetAssets,72.22,3249992000.0,ShareholdersEquity,72.05,3186837000,bs,3186837000.0,2941682000,29465700.0,2026-08-07,NumberOfIssuedSharesAsOfFilingDateIssuedSharesTotalNumberOfSharesEtc,S100YVDK,2026-08-07,160,J-GAAP,個別,2026-12-31,2026-06-30
3386,コスモ・バイオ株式会社,7930000000,2494000000,12844000000,10349000000,NetAssets,80.57,total,10349000000,NetAssets,80.57,7853000000.0,ShareholdersEquity,61.14,3468000000,bs,3468000000.0,3468000000,6048000.0,2026-08-07,NumberOfIssuedSharesAsOfFilingDateIssuedSharesTotalNumberOfSharesEtc,S100YUZ9,2026-08-07,160,J-GAAP,連結,2026-12-31,2026-06-30
8594,中道リース株式会社,123490084000,135884186000,150022770000,14138584000,NetAssets,9.42,total,14138584000,NetAssets,9.42,12998682000.0,ShareholdersEquity,8.66,10527273000,bs,10527273000.0,10091273000,8679800.0,2026-08-07,NumberOfIssuedSharesAsOfFilingDateIssuedSharesTotalNumberOfSharesEtc,S100YUZX,2026-08-07,160,J-GAAP,個別,2026-12-31,2026-06-30
3940,株式会社ノムラシステムコーポレーション,3184756000,346592000,3798564000,3451973000,NetAssets,90.88,total,3451973000,NetAssets,90.88,3347905000.0,ShareholdersEquity,88.14,2502392000,bs,2502392000.0,2502392000,46692000.0,2026-08-07,NumberOfIssuedSharesAsOfFilingDateIssuedSharesTotalNumberOfSharesEtc,S100YUNK,2026-08-07,160,J-GAAP,個別,2026-12-31,2026-06-30
6858,株式会社小野測器,11628000000,5612000000,22811000000,17199000000,NetAssets,75.4,total,17199000000,NetAssets,75.4,14410000000.0,ShareholdersEquity,63.17,6253000000,bs,6253000000.0,6253000000,12200000.0,2026-08-07,NumberOfIssuedSharesAsOfFilingDateIssuedSharesTotalNumberOfSharesEtc,S100YVDF,2026-08-07,160,J-GAAP,連結,2026-12-31,2026-06-30
6400,不二精機株式会社,5528390000,6090810000,10234790000,4143980000,NetAssets,40.49,total,4143980000,NetAssets,40.49,2688062000.0,ShareholdersEquity,26.26,2359204000,bs,2359204000.0,2355604000,9054000.0,2026-08-07,NumberOfIssuedSharesAsOfFilingDateIssuedSharesTotalNumberOfSharesEtc,S100YUO6,2026-08-07,160,J-GAAP,連結,2026-12-31,2026-06-30
7314,株式会社小田原機器,4969806000,2540103000,6407687000,3867584000,NetAssets,60.36,total,3867584000,NetAssets,60.36,3814043000.0,ShareholdersEquity,59.52,2174977000,bs,2174977000.0,2174977000,3230300.0,2026-08-07,NumberOfIssuedSharesAsOfFilingDateIssuedSharesTotalNumberOfSharesEtc,S100YVCG,2026-08-07,160,J-GAAP,連結,2026-12-31,2026-06-30
3405,株式会社クラレ,606244000000,582420000000,1350823000000,768403000000,NetAssets,56.88,total,768403000000,NetAssets,56.88,526216000000.0,ShareholdersEquity,38.96,122060000000,bs,122060000000.0,127319000000,302133603.0,2026-08-07,NumberOfIssuedSharesAsOfFilingDateIssuedSharesTotalNumberOfSharesEtc,S100YUX5,2026-08-07,160,J-GAAP,連結,2026-12-31,2026-06-30
4633,サカタインクス株式会社,139677000000,108442000000,242576000000,134134000000,NetAssets,55.3,total,134134000000,NetAssets,55.3,102255000000.0,ShareholdersEquity,42.15,22111000000,bs,22111000000.0,19290000000,50000000.0,2026-08-07,NumberOfIssuedSharesAsOfFilingDateIssuedSharesTotalNumberOfSharesEtc,S100YUT4,2026-08-07,160,J-GAAP,連結,2026-12-31,2026-06-30
6326,株式会社　クボタ,3060571000000,3314309000000,6354555000000,3040246000000,EquityIFRS,47.84,total,3040246000000,EquityIFRS,47.84,2794766000000.0,EquityAttributableToOwnersOfParentIFRS,43.98,303282000000,cf,,303282000000,1138716846.0,2026-08-07,NumberOfIssuedSharesAsOfFilingDateIssuedSharesTotalNumberOfSharesEtc,S100YTTA,2026-08-07,160,IFRS,連結,2026-12-31,2026-06-30
5184,株式会社ニチリン,56558000000,20382000000,90973000000,70590000000,NetAssets,77.59,total,70590000000,NetAssets,77.59,51162000000.0,ShareholdersEquity,56.24,23655000000,bs,23655000000.0,19057000000,14371500.0,2026-08-07,NumberOfIssuedSharesAsOfFilingDateIssuedSharesTotalNumberOfSharesEtc,S100YULM,2026-08-07,160,J-GAAP,連結,2026-12-31,2026-06-30
3944,古林紙工株式会社,8304000000,8798000000,20261000000,11463000000,NetAssets,56.58,total,11463000000,NetAssets,56.58,7160000000.0,ShareholdersEquity,35.34,1793000000,bs,1793000000.0,1792000000,1776820.0,2026-08-07,NumberOfIssuedSharesAsOfFilingDateIssuedSharesTotalNumberOfSharesEtc,S100YV15,2026-08-07,160,J-GAAP,連結,2026-12-31,2026-06-30
8804,東京建物株式会社,890124000000,1857150000000,2476163000000,619013000000,NetAssets,25.0,total,619013000000,NetAssets,25.0,471067000000.0,ShareholdersEquity,19.02,94284000000,bs,94284000000.0,94283000000,207978574.0,2026-08-07,NumberOfIssuedSharesAsOfFilingDateIssuedSharesTotalNumberOfSharesEtc,S100YUUE,2026-08-07,160,J-GAAP,連結,2026-12-31,2026-06-30
5997,協立エアテック株式会社,7319095000,4624269000,14778082000,10153813000,NetAssets,68.71,total,10153813000,NetAssets,68.71,9056132000.0,ShareholdersEquity,61.28,3515746000,bs,3515746000.0,3278513000,6000000.0,2026-08-07,NumberOfIssuedSharesAsOfFilingDateIssuedSharesTotalNumberOfSharesEtc,S100YUUR,2026-08-07,160,J-GAAP,連結,2026-12-31,2026-06-30
6328,荏原実業株式会社,30239000000,15930000000,48565000000,32635000000,NetAssets,67.2,total,32635000000,NetAssets,67.2,23950000000.0,ShareholdersEquity,49.32,18760000000,bs,18760000000.0,18707000000,25860000.0,2026-08-07,NumberOfIssuedSharesAsOfFilingDateIssuedSharesTotalNumberOfSharesEtc,S100YUVO,2026-08-07,160,J-GAAP,連結,2026-12-31,2026-06-30
7613,シークス株式会社,156820000000,97473000000,208101000000,110627000000,NetAssets,53.16,total,110627000000,NetAssets,53.16,73801000000.0,ShareholdersEquity,35.46,30588000000,bs,30588000000.0,30408000000,50400000.0,2026-08-07,NumberOfIssuedSharesAsOfFilingDateIssuedSharesTotalNumberOfSharesEtc,S100YUTH,2026-08-07,160,J-GAAP,連結,2026-12-31,2026-06-30
6465,ホシザキ株式会社,351318000000,174533000000,595210000000,420676000000,NetAssets,70.68,total,420676000000,NetAssets,70.68,317581000000.0,ShareholdersEquity,53.36,169412000000,bs,169412000000.0,157360000000,144890100.0,2026-08-07,NumberOfIssuedSharesAsOfFilingDateIssuedSharesTotalNumberOfSharesEtc,S100YV3L,2026-08-07,160,J-GAAP,連結,2026-12-31,2026-06-30
6029,アトラグループ株式会社,2221327000,1738367000,3395336000,1656968000,NetAssets,48.8,total,1656968000,NetAssets,48.8,1639318000.0,ShareholdersEquity,48.28,1182735000,bs,1182735000.0,1182735000,10487000.0,2026-08-07,NumberOfIssuedSharesAsOfFilingDateIssuedSharesTotalNumberOfSharesEtc,S100YUYR,2026-08-07,160,J-GAAP,連結,2026-12-31,2026-06-30
6383,株式会社ダイフク,617330000000,301491000000,803181000000,501690000000,NetAssets,62.46,total,501690000000,NetAssets,62.46,445215000000.0,ShareholdersEquity,55.43,269378000000,bs,269378000000.0,258764000000,379830231.0,2026-08-07,NumberOfIssuedSharesAsOfFilingDateIssuedSharesTotalNumberOfSharesEtc,S100YV4L,2026-08-07,160,J-GAAP,連結,2026-12-31,2026-06-30
2970,ＧＬＣ　ＧＲＯＵＰ株式会社,16341000000,13322000000,19763000000,6441000000,NetAssets,32.59,total,6441000000,NetAssets,32.59,6322000000.0,ShareholdersEquity,31.99,5432000000,bs,5432000000.0,5423000000,17352000.0,2026-08-07,NumberOfIssuedSharesAsOfFilingDateIssuedSharesTotalNumberOfSharesEtc,S100YV4C,2026-08-07,160,J-GAAP,連結,2026-12-31,2026-06-30
5959,岡部株式会社,47628000000,24723000000,87745000000,63021000000,NetAssets,71.82,total,63021000000,NetAssets,71.82,53081000000.0,ShareholdersEquity,60.49,8616000000,bs,8616000000.0,8054000000,47290632.0,2026-08-07,NumberOfIssuedSharesAsOfFilingDateIssuedSharesTotalNumberOfSharesEtc,S100YUY0,2026-08-07,160,J-GAAP,連結,2026-12-31,2026-06-30
4967,小林製薬株式会社,124828000000,42192000000,251891000000,209699000000,NetAssets,83.25,total,209699000000,NetAssets,83.25,180120000000.0,ShareholdersEquity,71.51,47029000000,bs,47029000000.0,50797000000,78050000.0,2026-08-07,NumberOfIssuedSharesAsOfFilingDateIssuedSharesTotalNumberOfSharesEtc,S100YUQ4,2026-08-07,160,J-GAAP,連結,2026-12-31,2026-06-30
8929,株式会社青山財産ネットワークス,22922000000,18428000000,30839000000,12411000000,NetAssets,40.24,total,12411000000,NetAssets,40.24,11593000000.0,ShareholdersEquity,37.59,15640000000,bs,15640000000.0,15138000000,25132259.0,2026-08-07,NumberOfIssuedSharesAsOfFilingDateIssuedSharesTotalNumberOfSharesEtc,S100YVCL,2026-08-07,160,J-GAAP,連結,2026-12-31,2026-06-30
3436,株式会社ＳＵＭＣＯ,477022000000,495618000000,1136685000000,641067000000,NetAssets,56.4,total,641067000000,NetAssets,56.4,530691000000.0,ShareholdersEquity,46.69,89766000000,bs,89766000000.0,111766000000,350175139.0,2026-08-07,NumberOfIssuedSharesAsOfFilingDateIssuedSharesTotalNumberOfSharesEtc,S100YUOR,2026-08-07,160,J-GAAP,連結,2026-12-31,2026-06-30
3486,株式会社グローバル・リンク・マネジメント,62807000000,50091000000,65783000000,15691000000,NetAssets,23.85,total,15691000000,NetAssets,23.85,15585000000.0,ShareholdersEquity,23.69,8723000000,bs,8723000000.0,8720000000,16043516.0,2026-08-07,NumberOfIssuedSharesAsOfFilingDateIssuedSharesTotalNumberOfSharesEtc,S100YVEH,2026-08-07,160,J-GAAP,連結,2026-12-31,2026-06-30
2932,株式会社ＳＴＩフードホールディングス,10083000000,10629000000,21083000000,10453000000,NetAssets,49.58,total,10453000000,NetAssets,49.58,10386000000.0,ShareholdersEquity,49.26,3118000000,bs,3118000000.0,3068000000,17778900.0,2026-08-07,NumberOfIssuedSharesAsOfFilingDateIssuedSharesTotalNumberOfSharesEtc,S100YUZS,2026-08-07,160,J-GAAP,連結,2026-12-31,2026-06-30
4586,株式会社メドレックス,1343000000,149794000,1742193000,1592399000,NetAssets,91.4,total,1592399000,NetAssets,91.4,1405222000.0,ShareholdersEquity,80.66,1143322000,bs,1143322000.0,1143322000,66207600.0,2026-08-07,NumberOfIssuedSharesAsOfFilingDateIssuedSharesTotalNumberOfSharesEtc,S100YVCE,2026-08-07,160,J-GAAP,連結,2026-12-31,2026-06-30
6915,千代田インテグレ株式会社,32754000000,9867000000,48633000000,38766000000,NetAssets,79.71,total,38766000000,NetAssets,79.71,29760000000.0,ShareholdersEquity,61.19,17818000000,bs,17818000000.0,17093000000,9628929.0,2026-08-07,NumberOfIssuedSharesAsOfFilingDateIssuedSharesTotalNumberOfSharesEtc,S100YUYK,2026-08-07,160,J-GAAP,連結,2026-12-31,2026-06-30
7012,川崎重工業株式会社,2256039000000,2376129000000,3324623000000,948494000000,EquityIFRS,28.53,total,948494000000,EquityIFRS,28.53,878121000000.0,EquityAttributableToOwnersOfParentIFRS,26.41,115414000000,cf,,115414000000,839609000.0,2026-06-19,NumberOfIssuedSharesAsOfFilingDateIssuedSharesTotalNumberOfSharesEtc,S100Y99Z,2026-06-19,120,IFRS,連結,2026-03-31,2026-03-31
6310,井関農機株式会社,105895000000,140386000000,223922000000,83535000000,NetAssets,37.31,total,83535000000,NetAssets,37.31,57018000000.0,ShareholdersEquity,25.46,7127000000,bs,7127000000.0,6887000000,22984993.0,2026-08-07,NumberOfIssuedSharesAsOfFilingDateIssuedSharesTotalNumberOfSharesEtc,S100YVAW,2026-08-07,160,J-GAAP,連結,2026-12-31,2026-06-30
4712,株式会社ＫｅｙＨｏｌｄｅｒ,12485671000,30302286000,53418889000,23116602000,EquityIFRS,43.27,total,23116602000,EquityIFRS,43.27,22938244000.0,EquityAttributableToOwnersOfParentIFRS,42.94,5624418000,cf,,5624418000,18967410.0,2026-08-07,NumberOfIssuedSharesAsOfFilingDateIssuedSharesTotalNumberOfSharesEtc,S100YV06,2026-08-07,160,IFRS,連結,2026-12-31,2026-06-30
262A,株式会社インターメスティック,24372000000,38108000000,65788000000,27680000000,NetAssets,42.07,total,27680000000,NetAssets,42.07,27463000000.0,ShareholdersEquity,41.74,9915000000,bs,9915000000.0,9915000000,30668300.0,2026-08-07,NumberOfIssuedSharesAsOfFilingDateIssuedSharesTotalNumberOfSharesEtc,S100YV1W,2026-08-07,160,J-GAAP,連結,2026-12-31,2026-06-30
4344,ソースネクスト株式会社,8972452000,6979635000,12815373000,5835738000,NetAssets,45.54,total,5835738000,NetAssets,45.54,4678887000.0,ShareholdersEquity,36.51,4571177000,bs,4571177000.0,4408787000,139115100.0,2026-08-07,NumberOfIssuedSharesAsOfFilingDateIssuedSharesTotalNumberOfSharesEtc,S100YULA,2026-08-07,160,J-GAAP,連結,2026-12-31,2026-06-30
4933,株式会社Ｉ－ｎｅ,19403000000,15430000000,33419000000,17989000000,NetAssets,53.83,total,17989000000,NetAssets,53.83,17732000000.0,ShareholdersEquity,53.06,6896000000,bs,6896000000.0,6896000000,17791270.0,2026-08-07,NumberOfIssuedSharesAsOfFilingDateIssuedSharesTotalNumberOfSharesEtc,S100YVBF,2026-08-07,160,J-GAAP,連結,2026-12-31,2026-06-30
6235,株式会社オプトラン,70629626000,46728415000,140629601000,93901186000,NetAssets,66.77,total,93901186000,NetAssets,66.77,45509538000.0,ShareholdersEquity,32.36,39100822000,bs,39100822000.0,39095305000,44358000.0,2026-08-07,NumberOfIssuedSharesAsOfFilingDateIssuedSharesTotalNumberOfSharesEtc,S100YULN,2026-08-07,160,J-GAAP,連結,2026-12-31,2026-06-30
471A,ＮＳグループ株式会社,28066000000,46985000000,73980000000,26995000000,EquityIFRS,36.49,total,26995000000,EquityIFRS,36.49,26995000000.0,EquityAttributableToOwnersOfParentIFRS,36.49,13358000000,cf,,13358000000,52155600.0,2026-08-07,NumberOfIssuedSharesAsOfFilingDateIssuedSharesTotalNumberOfSharesEtc,S100YUZY,2026-08-07,160,IFRS,連結,2026-12-31,2026-06-30
1429,株式会社日本アクア,19663581000,14278546000,25557442000,11278896000,NetAssets,44.13,total,11278896000,NetAssets,44.13,11278188000.0,ShareholdersEquity,44.13,2758740000,bs,2758740000.0,2758740000,34760000.0,2026-08-07,NumberOfIssuedSharesAsOfFilingDateIssuedSharesTotalNumberOfSharesEtc,S100YV1O,2026-08-07,160,J-GAAP,個別,2026-12-31,2026-06-30
9147,ＮＩＰＰＯＮ　ＥＸＰＲＥＳＳホールディングス株式会社,975564000000,1502233000000,2357655000000,855421000000,EquityIFRS,36.28,total,855421000000,EquityIFRS,36.28,835843000000.0,EquityAttributableToOwnersOfParentIFRS,35.45,223464000000,cf,,223464000000,243000000.0,2026-08-07,NumberOfIssuedSharesAsOfFilingDateIssuedSharesTotalNumberOfSharesEtc,S100YVDS,2026-08-07,160,IFRS,連結,2026-12-31,2026-06-30
5943,株式会社ノーリツ,120813000000,84780000000,232910000000,148129000000,NetAssets,63.6,total,148129000000,NetAssets,63.6,102677000000.0,ShareholdersEquity,44.08,30117000000,bs,30117000000.0,27134000000,48554930.0,2026-08-07,NumberOfIssuedSharesAsOfFilingDateIssuedSharesTotalNumberOfSharesEtc,S100YV4G,2026-08-07,160,J-GAAP,連結,2026-12-31,2026-06-30
2503,キリンホールディングス株式会社,967493000000,1720603000000,3401276000000,1680673000000,EquityIFRS,49.41,total,1680673000000,EquityIFRS,49.41,1361975000000.0,EquityAttributableToOwnersOfParentIFRS,40.04,168075000000,cf,,168075000000,816000000.0,2026-08-07,NumberOfIssuedSharesAsOfFilingDateIssuedSharesTotalNumberOfSharesEtc,S100YV8N,2026-08-07,160,IFRS,連結,2026-12-31,2026-06-30
4293,株式会社セプテーニ・ホールディングス,45325755000,29941194000,95189868000,65248674000,EquityIFRS,68.55,total,65248674000,EquityIFRS,68.55,65225038000.0,EquityAttributableToOwnersOfParentIFRS,68.52,17003050000,cf,,17003050000,211409654.0,2026-08-07,NumberOfIssuedSharesAsOfFilingDateIssuedSharesTotalNumberOfSharesEtc,S100YUV3,2026-08-07,160,IFRS,連結,2026-12-31,2026-06-30
3998,株式会社すららネット,1475223000,792509000,2993153000,2200643000,NetAssets,73.52,total,2200643000,NetAssets,73.52,2184769000.0,ShareholdersEquity,72.99,1178684000,bs,1178684000.0,1178684000,6694764.0,2026-08-07,NumberOfIssuedSharesAsOfFilingDateIssuedSharesTotalNumberOfSharesEtc,S100YV7W,2026-08-07,160,J-GAAP,連結,2026-12-31,2026-06-30
4392,ＦＩＧ株式会社,11708000000,5683000000,17096000000,11412000000,NetAssets,66.75,total,11412000000,NetAssets,66.75,10775000000.0,ShareholdersEquity,63.03,3518000000,bs,3518000000.0,3518000000,35167729.0,2026-08-07,NumberOfIssuedSharesAsOfFilingDateIssuedSharesTotalNumberOfSharesEtc,S100YUTO,2026-08-07,160,J-GAAP,連結,2026-12-31,2026-06-30
4612,日本ペイントホールディングス株式会社,1465981000000,2270042000000,4289463000000,2019421000000,EquityIFRS,47.08,total,2019421000000,EquityIFRS,47.08,2001942000000.0,EquityAttributableToOwnersOfParentIFRS,46.67,477268000000,cf,,477268000000,2370512215.0,2026-08-07,NumberOfIssuedSharesAsOfFilingDateIssuedSharesTotalNumberOfSharesEtc,S100YUXS,2026-08-07,160,IFRS,連結,2026-12-31,2026-06-30
4565,ネクセラファーマ株式会社,40175000000,67578000000,132381000000,64803000000,EquityIFRS,48.95,total,64803000000,EquityIFRS,48.95,64803000000.0,EquityAttributableToOwnersOfParentIFRS,48.95,17748000000,cf,,17748000000,92614159.0,2026-08-07,NumberOfIssuedSharesAsOfFilingDateIssuedSharesTotalNumberOfSharesEtc,S100YVBU,2026-08-07,160,IFRS,連結,2026-12-31,2026-06-30
2811,カゴメ株式会社,193168000000,139337000000,356950000000,217613000000,EquityIFRS,60.96,total,217613000000,EquityIFRS,60.96,192951000000.0,EquityAttributableToOwnersOfParentIFRS,54.06,14531000000,cf,,14531000000,91132844.0,2026-08-07,NumberOfIssuedSharesAsOfFilingDateIssuedSharesTotalNumberOfSharesEtc,S100YUDG,2026-08-07,160,IFRS,連結,2026-12-31,2026-06-30
6223,株式会社　西部技研,34275000000,17418000000,50526000000,33108000000,NetAssets,65.53,total,33108000000,NetAssets,65.53,28021000000.0,ShareholdersEquity,55.46,15015000000,bs,15015000000.0,14614000000,20500000.0,2026-08-07,NumberOfIssuedSharesAsOfFilingDateIssuedSharesTotalNumberOfSharesEtc,S100YUOZ,2026-08-07,160,J-GAAP,連結,2026-12-31,2026-06-30
2169,ＣＤＳ株式会社,7573023000,2110874000,10981982000,8871107000,NetAssets,80.78,total,8871107000,NetAssets,80.78,8652151000.0,ShareholdersEquity,78.78,5106419000,bs,5106419000.0,3938419000,6924400.0,2026-08-07,NumberOfIssuedSharesAsOfFilingDateIssuedSharesTotalNumberOfSharesEtc,S100YV5J,2026-08-07,160,J-GAAP,連結,2026-12-31,2026-06-30
2693,ＹＫＴ株式会社,15185479000,11098253000,19141376000,8043123000,NetAssets,42.02,total,8043123000,NetAssets,42.02,7543806000.0,ShareholdersEquity,39.41,6112548000,bs,6112548000.0,6062548000,11906880.0,2026-08-07,NumberOfIssuedSharesAsOfFilingDateIssuedSharesTotalNumberOfSharesEtc,S100YU2Z,2026-08-07,160,J-GAAP,連結,2026-12-31,2026-06-30
7531,清和中央ホールディングス株式会社,21967337000,16046412000,32239154000,16192742000,NetAssets,50.23,total,16192742000,NetAssets,50.23,15033237000.0,ShareholdersEquity,46.63,2538888000,bs,2538888000.0,2538392000,3945100.0,2026-08-07,NumberOfIssuedSharesAsOfFilingDateIssuedSharesTotalNumberOfSharesEtc,S100YUXA,2026-08-07,160,J-GAAP,連結,2026-12-31,2026-06-30
6612,バルミューダ株式会社,3364000000,1518000000,4001000000,2483000000,NetAssets,62.06,total,2483000000,NetAssets,62.06,2453000000.0,ShareholdersEquity,61.31,382000000,bs,382000000.0,382000000,8526900.0,2026-08-07,NumberOfIssuedSharesAsOfFilingDateIssuedSharesTotalNumberOfSharesEtc,S100YUSX,2026-08-07,160,J-GAAP,連結,2026-12-31,2026-06-30
3064,株式会社ＭｏｎｏｔａＲＯ,122542000000,69861000000,191025000000,121164000000,NetAssets,63.43,total,121164000000,NetAssets,63.43,120551000000.0,ShareholdersEquity,63.11,41334000000,bs,41334000000.0,40709000000,496155600.0,2026-08-07,NumberOfIssuedSharesAsOfFilingDateIssuedSharesTotalNumberOfSharesEtc,S100YUQB,2026-08-07,160,J-GAAP,連結,2026-12-31,2026-06-30
5216,株式会社倉元製作所,671773000,890896000,1895085000,1004189000,NetAssets,52.99,total,1004189000,NetAssets,52.99,976758000.0,ShareholdersEquity,51.54,218623000,bs,218623000.0,218623000,54642075.0,2026-08-07,NumberOfIssuedSharesAsOfFilingDateIssuedSharesTotalNumberOfSharesEtc,S100YV5R,2026-08-07,160,J-GAAP,連結,2026-12-31,2026-06-30
6633,株式会社ＣＧＳホールディングス,4470173000,3971255000,7361725000,3390470000,NetAssets,46.06,total,3390470000,NetAssets,46.06,2993229000.0,ShareholdersEquity,40.66,3090572000,bs,3090572000.0,3030572000,9801549.0,2026-08-07,NumberOfIssuedSharesAsOfFilingDateIssuedSharesTotalNumberOfSharesEtc,S100YUN5,2026-08-07,160,J-GAAP,連結,2026-12-31,2026-06-30
4186,東京応化工業株式会社,184974000000,98927000000,359911000000,260983000000,NetAssets,72.51,total,260983000000,NetAssets,72.51,214609000000.0,ShareholdersEquity,59.63,70794000000,bs,70794000000.0,68202000000,127800000.0,2026-08-07,NumberOfIssuedSharesAsOfFilingDateIssuedSharesTotalNumberOfSharesEtc,S100YUE3,2026-08-07,160,J-GAAP,連結,2026-12-31,2026-06-30
7081,コーユーレンティア株式会社,9731868000,6710962000,19974439000,13263477000,NetAssets,66.4,total,13263477000,NetAssets,66.4,13137444000.0,ShareholdersEquity,65.77,3897117000,bs,3897117000.0,3897117000,11222600.0,2026-08-07,NumberOfIssuedSharesAsOfFilingDateIssuedSharesTotalNumberOfSharesEtc,S100YV5T,2026-08-07,160,J-GAAP,連結,2026-12-31,2026-06-30
9339,株式会社コーチ・エィ,3663634000,1295597000,4448600000,3153003000,NetAssets,70.88,total,3153003000,NetAssets,70.88,3096625000.0,ShareholdersEquity,69.61,3400317000,bs,3400317000.0,3400317000,2387652.0,2026-08-07,NumberOfIssuedSharesAsOfFilingDateIssuedSharesTotalNumberOfSharesEtc,S100YUY1,2026-08-07,160,J-GAAP,連結,2026-12-31,2026-06-30
4935,株式会社リベルタ,6898029000,7046912000,8560328000,1513416000,NetAssets,17.68,total,1513416000,NetAssets,17.68,1496404000.0,ShareholdersEquity,17.48,1343682000,bs,1343682000.0,930596000,34304200.0,2026-08-07,NumberOfIssuedSharesAsOfFilingDateIssuedSharesTotalNumberOfSharesEtc,S100YVCA,2026-08-07,160,J-GAAP,連結,2026-12-31,2026-06-30
6143,株式会社ソディック,111300000000,64747000000,160284000000,95536000000,NetAssets,59.6,total,95536000000,NetAssets,59.6,71528000000.0,ShareholdersEquity,44.63,51197000000,bs,51197000000.0,51113000000,54792239.0,2026-08-07,NumberOfIssuedSharesAsOfFilingDateIssuedSharesTotalNumberOfSharesEtc,S100YUQI,2026-08-07,160,J-GAAP,連結,2026-12-31,2026-06-30
5946,株式会社長府製作所,31260000000,12350000000,152134000000,139784000000,NetAssets,91.88,total,139784000000,NetAssets,91.88,131772000000.0,ShareholdersEquity,86.62,5596000000,bs,5596000000.0,5173000000,34239312.0,2026-08-07,NumberOfIssuedSharesAsOfFilingDateIssuedSharesTotalNumberOfSharesEtc,S100YU8C,2026-08-07,160,J-GAAP,連結,2026-12-31,2026-06-30
6425,株式会社ユニバーサルエンターテインメント,97469000000,248551000000,376935000000,128383000000,NetAssets,34.06,total,128383000000,NetAssets,34.06,122878000000.0,ShareholdersEquity,32.6,43448000000,bs,43448000000.0,37248000000,80195000.0,2026-08-07,NumberOfIssuedSharesAsOfFilingDateIssuedSharesTotalNumberOfSharesEtc,S100YV8X,2026-08-07,160,J-GAAP,連結,2026-12-31,2026-06-30
6493,株式会社ＮＩＴＴＡＮ,32526305000,26573649000,66918600000,40344950000,NetAssets,60.29,total,40344950000,NetAssets,60.29,25107101000.0,ShareholdersEquity,37.52,11565178000,bs,11565178000.0,11565178000,28978860.0,2026-06-23,NumberOfIssuedSharesAsOfFilingDateIssuedSharesTotalNumberOfSharesEtc,S100YIJ0,2026-06-23,120,J-GAAP,連結,2026-03-31,2026-03-31
5950,日本パワーファスニング株式会社,3783587000,2989568000,5214876000,2225307000,NetAssets,42.67,total,2225307000,NetAssets,42.67,1992690000.0,ShareholdersEquity,38.21,1127644000,bs,1127644000.0,1127644000,18688540.0,2026-08-07,NumberOfIssuedSharesAsOfFilingDateIssuedSharesTotalNumberOfSharesEtc,S100YUR9,2026-08-07,160,J-GAAP,連結,2026-12-31,2026-06-30
431A,ユーソナー株式会社,6707738000,3888828000,8875726000,4986897000,NetAssets,56.19,total,4986897000,NetAssets,56.19,4989293000.0,ShareholdersEquity,56.21,5834290000,bs,5834290000.0,5734290000,8687000.0,2026-08-07,NumberOfIssuedSharesAsOfFilingDateIssuedSharesTotalNumberOfSharesEtc,S100YVGH,2026-08-07,160,J-GAAP,個別,2026-12-31,2026-06-30
9827,リリカラ株式会社,16341336000,12172160000,19750304000,7578144000,NetAssets,38.37,total,7578144000,NetAssets,38.37,7530399000.0,ShareholdersEquity,38.13,3196308000,bs,3196308000.0,3196308000,12662100.0,2026-08-07,NumberOfIssuedSharesAsOfFilingDateIssuedSharesTotalNumberOfSharesEtc,S100YUJV,2026-08-07,160,J-GAAP,個別,2026-12-31,2026-06-30
4812,株式会社電通総研,152921000000,76132000000,181566000000,105433000000,NetAssets,58.07,total,105433000000,NetAssets,58.07,103537000000.0,ShareholdersEquity,57.02,6047000000,bs,6047000000.0,76488000000,195547440.0,2026-08-07,NumberOfIssuedSharesAsOfFilingDateIssuedSharesTotalNumberOfSharesEtc,S100YUSR,2026-08-07,160,J-GAAP,連結,2026-12-31,2026-06-30
334A,株式会社ビジュアル・プロセッシング・ジャパン,1465900000,409746000,1739170000,1329424000,NetAssets,76.44,total,1329424000,NetAssets,76.44,1329424000.0,ShareholdersEquity,76.44,1247893000,bs,1247893000.0,1247881000,3323800.0,2026-08-07,NumberOfIssuedSharesAsOfFilingDateIssuedSharesTotalNumberOfSharesEtc,S100YVGL,2026-08-07,160,J-GAAP,個別,2026-12-31,2026-06-30
6444,サンデン株式会社,108596000000,157730000000,190153000000,32423000000,NetAssets,17.05,total,32423000000,NetAssets,17.05,16183000000.0,ShareholdersEquity,8.51,17903000000,bs,17903000000.0,16382000000,112933313.0,2026-08-07,NumberOfIssuedSharesAsOfFilingDateIssuedSharesTotalNumberOfSharesEtc,S100YUVR,2026-08-07,160,J-GAAP,連結,2026-12-31,2026-06-30
2931,株式会社ユーグレナ,30948000000,37703000000,69272000000,31569000000,NetAssets,45.57,total,31569000000,NetAssets,45.57,32097000000.0,ShareholdersEquity,46.33,17174000000,bs,17174000000.0,13408000000,139521762.0,2026-08-07,NumberOfIssuedSharesAsOfFilingDateIssuedSharesTotalNumberOfSharesEtc,S100YVGZ,2026-08-07,160,J-GAAP,連結,2026-12-31,2026-06-30
5597,ブルーイノベーション株式会社,1172257000,1139082000,1194815000,55732000,NetAssets,4.66,total,55732000,NetAssets,4.66,51841000.0,ShareholdersEquity,4.34,811036000,bs,811036000.0,811036000,4076331.0,2026-08-07,NumberOfIssuedSharesAsOfFilingDateIssuedSharesTotalNumberOfSharesEtc,S100YVGJ,2026-08-07,160,J-GAAP,個別,2026-12-31,2026-06-30
8029,株式会社ルックホールディングス,29093000000,23076000000,64803000000,41727000000,NetAssets,64.39,total,41727000000,NetAssets,64.39,31196000000.0,ShareholdersEquity,48.14,11572000000,bs,11572000000.0,5576000000,7818713.0,2026-08-07,NumberOfIssuedSharesAsOfFilingDateIssuedSharesTotalNumberOfSharesEtc,S100YUUZ,2026-08-07,160,J-GAAP,連結,2026-12-31,2026-06-30
3276,株式会社ＪＰＭＣ,11110264000,8099457000,17911969000,9812511000,NetAssets,54.78,total,9812511000,NetAssets,54.78,9812511000.0,ShareholdersEquity,54.78,7753706000,bs,7753706000.0,7703706000,17725600.0,2026-08-07,NumberOfIssuedSharesAsOfFilingDateIssuedSharesTotalNumberOfSharesEtc,S100YV7V,2026-08-07,160,J-GAAP,連結,2026-12-31,2026-06-30
4351,株式会社山田再生系債権回収総合事務所,4882301000,2348221000,5478355000,3130133000,NetAssets,57.14,total,3130133000,NetAssets,57.14,2971826000.0,ShareholdersEquity,54.25,1332843000,bs,1332843000.0,1247887000,4268000.0,2026-08-07,NumberOfIssuedSharesAsOfFilingDateIssuedSharesTotalNumberOfSharesEtc,S100YUNG,2026-08-07,160,J-GAAP,連結,2026-12-31,2026-06-30
8060,キヤノンマーケティングジャパン株式会社,309899000000,147913000000,537909000000,389996000000,NetAssets,72.5,total,389996000000,NetAssets,72.5,343579000000.0,ShareholdersEquity,63.87,140582000000,bs,140582000000.0,140582000000,222159944.0,2026-08-05,NumberOfIssuedSharesAsOfFilingDateIssuedSharesTotalNumberOfSharesEtc,S100YTW1,2026-08-07,160,J-GAAP,連結,2026-12-31,2026-06-30
7244,市光工業株式会社,68903000000,44948000000,129005000000,84056000000,NetAssets,65.16,total,84056000000,NetAssets,65.16,74369000000.0,ShareholdersEquity,57.65,13583000000,bs,13583000000.0,13583000000,96486457.0,2026-08-07,NumberOfIssuedSharesAsOfFilingDateIssuedSharesTotalNumberOfSharesEtc,S100YVAV,2026-08-07,160,J-GAAP,連結,2026-06-30,2026-06-30
5301,東海カーボン株式会社,267457000000,327093000000,683300000000,356207000000,NetAssets,52.13,total,356207000000,NetAssets,52.13,172180000000.0,ShareholdersEquity,25.2,86404000000,bs,86404000000.0,59044000000,224943104.0,2026-08-07,NumberOfIssuedSharesAsOfFilingDateIssuedSharesTotalNumberOfSharesEtc,S100YV71,2026-08-07,160,J-GAAP,連結,2026-12-31,2026-06-30
7043,アルー株式会社,2098792000,953520000,2502093000,1548572000,NetAssets,61.89,total,1548572000,NetAssets,61.89,1484584000.0,ShareholdersEquity,59.33,1494063000,bs,1494063000.0,1438647000,2558900.0,2026-08-07,NumberOfIssuedSharesAsOfFilingDateIssuedSharesTotalNumberOfSharesEtc,S100YUPI,2026-08-07,160,J-GAAP,連結,2026-12-31,2026-06-30
9072,ニッコンホールディングス株式会社,85834000000,193590000000,436395000000,242805000000,NetAssets,55.64,total,242805000000,NetAssets,55.64,215504000000.0,ShareholdersEquity,49.38,37512000000,bs,37512000000.0,36705000000,126479784.0,2026-06-26,NumberOfIssuedSharesAsOfFilingDateIssuedSharesTotalNumberOfSharesEtc,S100YLI5,2026-06-26,120,J-GAAP,連結,2026-03-31,2026-03-31
2206,江崎グリコ株式会社,172333000000,115768000000,386623000000,270854000000,NetAssets,70.06,total,270854000000,NetAssets,70.06,218061000000.0,ShareholdersEquity,56.4,68087000000,bs,68087000000.0,61520000000,68468569.0,2026-08-06,NumberOfIssuedSharesAsOfFilingDateIssuedSharesTotalNumberOfSharesEtc,S100YUHI,2026-08-06,160,J-GAAP,連結,2026-12-31,2026-06-30
2211,株式会社不二家,36988000000,36360000000,101846000000,65486000000,NetAssets,64.3,total,65486000000,NetAssets,64.3,54769000000.0,ShareholdersEquity,53.78,12710000000,bs,12710000000.0,10670000000,25784659.0,2026-08-06,NumberOfIssuedSharesAsOfFilingDateIssuedSharesTotalNumberOfSharesEtc,S100YU2M,2026-08-06,160,J-GAAP,連結,2026-12-31,2026-06-30
3302,帝国繊維株式会社,41520192000,17488267000,91633026000,74144758000,NetAssets,80.91,total,74144758000,NetAssets,80.91,50546942000.0,ShareholdersEquity,55.16,24054309000,bs,24054309000.0,23104008000,27584400.0,2026-08-06,NumberOfIssuedSharesAsOfFilingDateIssuedSharesTotalNumberOfSharesEtc,S100YUGK,2026-08-06,160,J-GAAP,連結,2026-12-31,2026-06-30
2216,カンロ株式会社,13660217000,12153394000,31883646000,19730251000,NetAssets,61.88,total,19730251000,NetAssets,61.88,19482827000.0,ShareholdersEquity,61.11,3100859000,bs,3100859000.0,3040859000,45946812.0,2026-08-06,NumberOfIssuedSharesAsOfFilingDateIssuedSharesTotalNumberOfSharesEtc,S100YUDI,2026-08-06,160,J-GAAP,連結,2026-12-31,2026-06-30
2491,バリューコマース株式会社,13360000000,4049000000,15407000000,11357000000,NetAssets,73.71,total,11357000000,NetAssets,73.71,10926000000.0,ShareholdersEquity,70.92,10013000000,bs,10013000000.0,10013000000,34471000.0,2026-08-06,NumberOfIssuedSharesAsOfFilingDateIssuedSharesTotalNumberOfSharesEtc,S100YULO,2026-08-06,160,J-GAAP,個別,2026-12-31,2026-06-30
4224,ロンシール工業株式会社,18729000000,6752000000,26472000000,19720000000,NetAssets,74.49,total,19720000000,NetAssets,74.49,18672000000.0,ShareholdersEquity,70.53,8077000000,bs,8077000000.0,6877000000,4625309.0,2026-06-23,NumberOfIssuedSharesAsOfFilingDateIssuedSharesTotalNumberOfSharesEtc,S100YGGD,2026-06-23,120,J-GAAP,連結,2026-03-31,2026-03-31
4012,株式会社アクシス,5031318000,1354748000,5616623000,4261874000,NetAssets,75.88,total,4261874000,NetAssets,75.88,4262106000.0,ShareholdersEquity,75.88,3689270000,bs,3689270000.0,3689333000,4394000.0,2026-08-06,NumberOfIssuedSharesAsOfFilingDateIssuedSharesTotalNumberOfSharesEtc,S100YUF8,2026-08-06,160,J-GAAP,個別,2026-12-31,2026-06-30
3776,株式会社ブロードバンドタワー,10111212000,6643128000,19422133000,12779005000,NetAssets,65.8,total,12779005000,NetAssets,65.8,8916759000.0,ShareholdersEquity,45.91,7450415000,bs,7450415000.0,6950415000,61905500.0,2026-08-06,NumberOfIssuedSharesAsOfFilingDateIssuedSharesTotalNumberOfSharesEtc,S100YNZP,2026-08-06,160,J-GAAP,連結,2026-12-31,2026-06-30
7309,株式会社シマノ,660654000000,73575000000,949242000000,875666000000,NetAssets,92.25,total,875666000000,NetAssets,92.25,659307000000.0,ShareholdersEquity,69.46,463717000000,bs,463717000000.0,459116000000,86530000.0,2026-08-06,NumberOfIssuedSharesAsOfFilingDateIssuedSharesTotalNumberOfSharesEtc,S100YUGM,2026-08-06,160,J-GAAP,連結,2026-12-31,2026-06-30
3355,クリヤマホールディングス株式会社,53237232000,39738354000,92336388000,52598033000,NetAssets,56.96,total,52598033000,NetAssets,56.96,40701227000.0,ShareholdersEquity,44.08,12272821000,bs,12272821000.0,12269633000,22300200.0,2026-08-06,NumberOfIssuedSharesAsOfFilingDateIssuedSharesTotalNumberOfSharesEtc,S100YUBT,2026-08-06,160,J-GAAP,連結,2026-12-31,2026-06-30
3544,サツドラホールディングス株式会社,21148000000,34935000000,45153000000,10218000000,NetAssets,22.63,total,10218000000,NetAssets,22.63,10068000000.0,ShareholdersEquity,22.3,1483000000,bs,1483000000.0,1483000000,14236564.0,2026-08-06,NumberOfIssuedSharesAsOfFilingDateIssuedSharesTotalNumberOfSharesEtc,S100YUHC,2026-08-06,120,J-GAAP,連結,2026-05-15,2026-05-15
6723,ルネサスエレクトロニクス株式会社,1206460000000,1706977000000,4562527000000,2855550000000,EquityIFRS,62.59,total,2855550000000,EquityIFRS,62.59,2849646000000.0,EquityAttributableToOwnersOfParentIFRS,62.46,376017000000,cf,,376017000000,1870614885.0,2026-08-06,NumberOfIssuedSharesAsOfFilingDateIssuedSharesTotalNumberOfSharesEtc,S100YTUY,2026-08-06,160,IFRS,連結,2026-12-31,2026-06-30
7963,興研株式会社,10723239000,7615698000,21382642000,13766944000,NetAssets,64.38,total,13766944000,NetAssets,64.38,13185918000.0,ShareholdersEquity,61.67,2839506000,bs,2839506000.0,2839506000,5104003.0,2026-08-06,NumberOfIssuedSharesAsOfFilingDateIssuedSharesTotalNumberOfSharesEtc,S100YULP,2026-08-06,160,J-GAAP,連結,2026-12-31,2026-06-30
7984,コクヨ株式会社,229414000000,87787000000,346194000000,258407000000,NetAssets,74.64,total,258407000000,NetAssets,74.64,239752000000.0,ShareholdersEquity,69.25,98434000000,bs,98434000000.0,98176000000,440969852.0,2026-08-06,NumberOfIssuedSharesAsOfFilingDateIssuedSharesTotalNumberOfSharesEtc,S100YUCY,2026-08-06,160,J-GAAP,連結,2026-12-31,2026-06-30
2533,オエノンホールディングス株式会社,26218000000,27575000000,55815000000,28240000000,NetAssets,50.6,total,28240000000,NetAssets,50.6,25537000000.0,ShareholdersEquity,45.75,831000000,bs,831000000.0,826000000,65586196.0,2026-08-06,NumberOfIssuedSharesAsOfFilingDateIssuedSharesTotalNumberOfSharesEtc,S100YTO3,2026-08-06,160,J-GAAP,連結,2026-06-30,2026-06-30
2982,株式会社ＡＤワークスグループ,71494932000,64017293000,86406967000,22389673000,NetAssets,25.91,total,22389673000,NetAssets,25.91,22259445000.0,ShareholdersEquity,25.76,9738833000,bs,9738833000.0,9310298000,50691464.0,2026-08-06,NumberOfIssuedSharesAsOfFilingDateIssuedSharesTotalNumberOfSharesEtc,S100YUKY,2026-08-06,160,J-GAAP,連結,2026-12-31,2026-06-30
5201,ＡＧＣ株式会社,1021952000000,1249101000000,3006274000000,1757172000000,EquityIFRS,58.45,total,1757172000000,EquityIFRS,58.45,1528307000000.0,EquityAttributableToOwnersOfParentIFRS,50.84,87570000000,cf,,87570000000,217434681.0,2026-08-06,NumberOfIssuedSharesAsOfFilingDateIssuedSharesTotalNumberOfSharesEtc,S100YUFX,2026-08-06,160,IFRS,連結,2026-12-31,2026-06-30
3482,ロードスターキャピタル株式会社,128468000000,95534000000,131775000000,36240000000,NetAssets,27.5,total,36240000000,NetAssets,27.5,35764000000.0,ShareholdersEquity,27.14,15870000000,bs,15870000000.0,15870000000,21444000.0,2026-08-06,NumberOfIssuedSharesAsOfFilingDateIssuedSharesTotalNumberOfSharesEtc,S100YUUK,2026-08-06,160,J-GAAP,連結,2026-12-31,2026-06-30
9622,株式会社スペース,29960385000,8581197000,44230426000,35649229000,NetAssets,80.6,total,35649229000,NetAssets,80.6,34833240000.0,ShareholdersEquity,78.75,16890539000,bs,16890539000.0,16849119000,26600319.0,2026-08-06,NumberOfIssuedSharesAsOfFilingDateIssuedSharesTotalNumberOfSharesEtc,S100YUJI,2026-08-06,160,J-GAAP,連結,2026-12-31,2026-06-30
3656,ＫＬａｂ株式会社,8357678000,2930941000,14637040000,11706099000,NetAssets,79.98,total,11706099000,NetAssets,79.98,11962842000.0,ShareholdersEquity,81.73,3649645000,bs,3649645000.0,3649645000,83792600.0,2026-08-06,NumberOfIssuedSharesAsOfFilingDateIssuedSharesTotalNumberOfSharesEtc,S100YUKO,2026-08-06,160,J-GAAP,連結,2026-12-31,2026-06-30
7972,株式会社イトーキ,80609000000,68174000000,130144000000,61969000000,NetAssets,47.62,total,61969000000,NetAssets,47.62,58429000000.0,ShareholdersEquity,44.9,22393000000,bs,22393000000.0,22172000000,53382850.0,2026-08-06,NumberOfIssuedSharesAsOfFilingDateIssuedSharesTotalNumberOfSharesEtc,S100YUIJ,2026-08-06,160,J-GAAP,連結,2026-12-31,2026-06-30
1899,株式会社福田組,115221000000,63004000000,155974000000,92969000000,NetAssets,59.61,total,92969000000,NetAssets,59.61,88881000000.0,ShareholdersEquity,56.98,42557000000,bs,42557000000.0,42554000000,17976222.0,2026-08-06,NumberOfIssuedSharesAsOfFilingDateIssuedSharesTotalNumberOfSharesEtc,S100YURU,2026-08-06,160,J-GAAP,連結,2026-12-31,2026-06-30
3901,マークラインズ株式会社,4944185000,2587994000,9649302000,7061308000,NetAssets,73.18,total,7061308000,NetAssets,73.18,6536153000.0,ShareholdersEquity,67.74,4540264000,bs,4540264000.0,4540264000,13228800.0,2026-08-06,NumberOfIssuedSharesAsOfFilingDateIssuedSharesTotalNumberOfSharesEtc,S100YUSW,2026-08-06,160,J-GAAP,連結,2026-12-31,2026-06-30
6524,湖北工業株式会社,19097000000,5724000000,31213000000,25489000000,NetAssets,81.66,total,25489000000,NetAssets,81.66,22347000000.0,ShareholdersEquity,71.6,11005000000,bs,11005000000.0,10905000000,26000000.0,2026-08-06,NumberOfIssuedSharesAsOfFilingDateIssuedSharesTotalNumberOfSharesEtc,S100YUVT,2026-08-06,160,J-GAAP,連結,2026-12-31,2026-06-30
5871,ＳＯＬＩＺＥ　Ｈｏｌｄｉｎｇｓ株式会社,10604000000,4671000000,15802000000,11131000000,NetAssets,70.44,total,11131000000,NetAssets,70.44,10880000000.0,ShareholdersEquity,68.85,4098000000,bs,4098000000.0,4020000000,6000000.0,2026-08-06,NumberOfIssuedSharesAsOfFilingDateIssuedSharesTotalNumberOfSharesEtc,S100YUBG,2026-08-06,160,J-GAAP,連結,2026-12-31,2026-06-30
3914,ＪＩＧ－ＳＡＷ株式会社,4214119000,2084742000,5767378000,3682636000,NetAssets,63.85,total,3682636000,NetAssets,63.85,3448055000.0,ShareholdersEquity,59.79,2393107000,bs,2393107000.0,2287400000,6751000.0,2026-08-06,NumberOfIssuedSharesAsOfFilingDateIssuedSharesTotalNumberOfSharesEtc,S100YTWU,2026-08-06,160,J-GAAP,連結,2026-12-31,2026-06-30
8113,ユニ・チャーム株式会社,621007000000,324470000000,1231452000000,906982000000,EquityIFRS,73.65,total,906982000000,EquityIFRS,73.65,811594000000.0,EquityAttributableToOwnersOfParentIFRS,65.91,254470000000,cf,,254470000000,1862502957.0,2026-08-06,NumberOfIssuedSharesAsOfFilingDateIssuedSharesTotalNumberOfSharesEtc,S100YUJ2,2026-08-06,160,IFRS,連結,2026-12-31,2026-06-30
6278,ユニオンツール株式会社,79778000000,11779000000,131341000000,119561000000,NetAssets,91.03,total,119561000000,NetAssets,91.03,106998000000.0,ShareholdersEquity,81.47,46805000000,bs,46805000000.0,46795000000,19780000.0,2026-08-06,NumberOfIssuedSharesAsOfFilingDateIssuedSharesTotalNumberOfSharesEtc,S100YUEM,2026-08-06,160,J-GAAP,連結,2026-12-31,2026-06-30
504A,イノバセル株式会社,11679861000,2714005000,12257450000,9543444000,NetAssets,77.86,total,9543444000,NetAssets,77.86,10247683000.0,ShareholdersEquity,83.6,10907528000,bs,10907528000.0,10907528000,45152144.0,2026-08-06,NumberOfIssuedSharesAsOfFilingDateIssuedSharesTotalNumberOfSharesEtc,S100YUVV,2026-08-06,160,J-GAAP,連結,2026-12-31,2026-06-30
9722,藤田観光株式会社,23958000000,56204000000,99252000000,43047000000,NetAssets,43.37,total,43047000000,NetAssets,43.37,37106000000.0,ShareholdersEquity,37.39,16991000000,bs,16991000000.0,16981000000,61037120.0,2026-08-06,NumberOfIssuedSharesAsOfFilingDateIssuedSharesTotalNumberOfSharesEtc,S100YUGZ,2026-08-06,160,J-GAAP,連結,2026-12-31,2026-06-30
7794,株式会社イーディーピー,1924417000,800663000,2510365000,1709702000,NetAssets,68.11,total,1709702000,NetAssets,68.11,1719432000.0,ShareholdersEquity,68.49,825326000,bs,825326000.0,825326000,15947100.0,2026-06-24,NumberOfIssuedSharesAsOfFilingDateIssuedSharesTotalNumberOfSharesEtc,S100YJVF,2026-06-24,120,J-GAAP,連結,2026-03-31,2026-03-31
7976,三菱鉛筆株式会社,101840000000,61731000000,200864000000,139133000000,NetAssets,69.27,total,139133000000,NetAssets,69.27,102956000000.0,ShareholdersEquity,51.26,48179000000,bs,48179000000.0,44965000000,60042592.0,2026-08-05,NumberOfIssuedSharesAsOfFilingDateIssuedSharesTotalNumberOfSharesEtc,S100YTTG,2026-08-05,160,J-GAAP,連結,2026-12-31,2026-06-30
6440,ＪＵＫＩ株式会社,83219000000,78794000000,112614000000,33820000000,NetAssets,30.03,total,33820000000,NetAssets,30.03,25277000000.0,ShareholdersEquity,22.45,9405000000,bs,9405000000.0,9403000000,29874179.0,2026-08-05,NumberOfIssuedSharesAsOfFilingDateIssuedSharesTotalNumberOfSharesEtc,S100YTDY,2026-08-05,160,J-GAAP,連結,2026-12-31,2026-06-30
4642,オリジナル設計株式会社,8497793000,4836089000,13357961000,8521871000,NetAssets,63.8,total,8521871000,NetAssets,63.8,7812115000.0,ShareholdersEquity,58.48,6986513000,bs,6986513000.0,6541775000,7396800.0,2026-08-05,NumberOfIssuedSharesAsOfFilingDateIssuedSharesTotalNumberOfSharesEtc,S100YU67,2026-08-05,160,J-GAAP,連結,2026-12-31,2026-06-30
5563,新日本電工株式会社,46215000000,25185000000,93610000000,68424000000,NetAssets,73.09,total,68424000000,NetAssets,73.09,61443000000.0,ShareholdersEquity,65.64,4888000000,bs,4888000000.0,4862000000,137386472.0,2026-08-05,NumberOfIssuedSharesAsOfFilingDateIssuedSharesTotalNumberOfSharesEtc,S100YUET,2026-08-05,160,J-GAAP,連結,2026-12-31,2026-06-30
2268,Ｂ－Ｒ　サーティワン　アイスクリーム株式会社,16634883000,16308246000,31658834000,15350587000,NetAssets,48.49,total,15350587000,NetAssets,48.49,15067113000.0,ShareholdersEquity,47.59,5926986000,bs,5926986000.0,5926986000,9644554.0,2026-08-05,NumberOfIssuedSharesAsOfFilingDateIssuedSharesTotalNumberOfSharesEtc,S100YTQ0,2026-08-05,160,J-GAAP,連結,2026-06-30,2026-06-30
4911,株式会社資生堂,480615000000,619912000000,1273863000000,653951000000,EquityIFRS,51.34,total,653951000000,EquityIFRS,51.34,636618000000.0,EquityAttributableToOwnersOfParentIFRS,49.98,105671000000,cf,,105671000000,400000000.0,2026-08-05,NumberOfIssuedSharesAsOfFilingDateIssuedSharesTotalNumberOfSharesEtc,S100YU3L,2026-08-05,160,IFRS,連結,2026-12-31,2026-06-30
519A,株式会社ベーシック,1913815000,622643000,2124061000,1501418000,NetAssets,70.69,total,1501418000,NetAssets,70.69,1501418000.0,ShareholdersEquity,70.69,1424319000,bs,1424319000.0,1424319000,5905185.0,2026-08-05,NumberOfIssuedSharesAsOfFilingDateIssuedSharesTotalNumberOfSharesEtc,S100YUGI,2026-08-05,160,J-GAAP,個別,2026-12-31,2026-06-30
5851,リョービ株式会社,168174000000,148020000000,345613000000,197592000000,NetAssets,57.17,total,197592000000,NetAssets,57.17,138094000000.0,ShareholdersEquity,39.96,26968000000,bs,26968000000.0,22594000000,31809471.0,2026-08-05,NumberOfIssuedSharesAsOfFilingDateIssuedSharesTotalNumberOfSharesEtc,S100YU17,2026-08-05,160,J-GAAP,連結,2026-12-31,2026-06-30
7272,ヤマハ発動機株式会社,1747530000000,1728307000000,3021226000000,1292919000000,EquityIFRS,42.79,total,1292919000000,EquityIFRS,42.79,1251305000000.0,EquityAttributableToOwnersOfParentIFRS,41.42,401459000000,cf,,401459000000,1018125101.0,2026-08-05,NumberOfIssuedSharesAsOfFilingDateIssuedSharesTotalNumberOfSharesEtc,S100YSJW,2026-08-05,160,IFRS,連結,2026-12-31,2026-06-30
7036,株式会社イーエムネットジャパン,1668702000,1230068000,2075720000,845651000,NetAssets,40.74,total,845651000,NetAssets,40.74,844798000.0,ShareholdersEquity,40.7,573545000,bs,573545000.0,573545000,3913800.0,2026-08-05,NumberOfIssuedSharesAsOfFilingDateIssuedSharesTotalNumberOfSharesEtc,S100YUBN,2026-08-05,160,J-GAAP,個別,2026-12-31,2026-06-30
7177,ＧＭＯフィナンシャルホールディングス株式会社,1281058000000,1258972000000,1315649000000,56677000000,NetAssets,4.31,total,56677000000,NetAssets,4.31,53655000000.0,ShareholdersEquity,4.08,112143000000,bs,112143000000.0,111949000000,122091903.0,2026-08-05,NumberOfIssuedSharesAsOfFilingDateIssuedSharesTotalNumberOfSharesEtc,S100YU6H,2026-08-05,160,J-GAAP,連結,2026-12-31,2026-06-30
4477,ＢＡＳＥ株式会社,45764000000,36688000000,52130000000,15441000000,NetAssets,29.62,total,15441000000,NetAssets,29.62,14760000000.0,ShareholdersEquity,28.31,22500000000,bs,22500000000.0,16499000000,117937657.0,2026-08-05,NumberOfIssuedSharesAsOfFilingDateIssuedSharesTotalNumberOfSharesEtc,S100YUJ8,2026-08-05,160,J-GAAP,連結,2026-12-31,2026-06-30
3003,ヒューリック株式会社,743139000000,2612162000000,3592508000000,980346000000,NetAssets,27.29,total,980346000000,NetAssets,27.29,853561000000.0,ShareholdersEquity,23.76,156197000000,bs,156197000000.0,155867000000,767907735.0,2026-08-04,NumberOfIssuedSharesAsOfFilingDateIssuedSharesTotalNumberOfSharesEtc,S100YTS1,2026-08-04,160,J-GAAP,連結,2026-12-31,2026-06-30
4107,伊勢化学工業株式会社,32355000000,9680000000,51622000000,41941000000,NetAssets,81.25,total,41941000000,NetAssets,81.25,41278000000.0,ShareholdersEquity,79.96,5921000000,bs,5921000000.0,5921000000,51351350.0,2026-08-04,NumberOfIssuedSharesAsOfFilingDateIssuedSharesTotalNumberOfSharesEtc,S100YT8X,2026-08-04,160,J-GAAP,連結,2026-12-31,2026-06-30
8914,エリアリンク株式会社,26033145000,36327134000,67270273000,30943138000,NetAssets,46.0,total,30943138000,NetAssets,46.0,30891530000.0,ShareholdersEquity,45.92,17837983000,bs,17837983000.0,17837983000,51763600.0,2026-08-04,NumberOfIssuedSharesAsOfFilingDateIssuedSharesTotalNumberOfSharesEtc,S100YTSS,2026-08-04,160,J-GAAP,個別,2026-12-31,2026-06-30
4189,ＫＨネオケム株式会社,66269000000,54476000000,132113000000,77636000000,NetAssets,58.76,total,77636000000,NetAssets,58.76,69662000000.0,ShareholdersEquity,52.73,7795000000,bs,7795000000.0,7795000000,37149400.0,2026-08-04,NumberOfIssuedSharesAsOfFilingDateIssuedSharesTotalNumberOfSharesEtc,S100YTOZ,2026-08-04,160,J-GAAP,連結,2026-12-31,2026-06-30
7172,株式会社ジャパンインベストメントアドバイザー,245729000000,179312000000,268541000000,89229000000,NetAssets,33.23,total,89229000000,NetAssets,33.23,78819000000.0,ShareholdersEquity,29.35,59042000000,bs,59042000000.0,58872000000,62102353.0,2026-08-04,NumberOfIssuedSharesAsOfFilingDateIssuedSharesTotalNumberOfSharesEtc,S100YTPU,2026-08-04,160,J-GAAP,連結,2026-12-31,2026-06-30
3964,株式会社オークネット,49367805000,29780686000,59734826000,29954140000,NetAssets,50.15,total,29954140000,NetAssets,50.15,29159143000.0,ShareholdersEquity,48.81,28903342000,bs,28903342000.0,28903342000,96052800.0,2026-08-04,NumberOfIssuedSharesAsOfFilingDateIssuedSharesTotalNumberOfSharesEtc,S100YTVF,2026-08-04,160,J-GAAP,連結,2026-12-31,2026-06-30
6653,株式会社正興電機製作所,20768000000,16649000000,36266000000,19616000000,NetAssets,54.09,total,19616000000,NetAssets,54.09,16592000000.0,ShareholdersEquity,45.75,8377000000,bs,8377000000.0,8369000000,13908595.0,2026-08-04,NumberOfIssuedSharesAsOfFilingDateIssuedSharesTotalNumberOfSharesEtc,S100YTYS,2026-08-04,160,J-GAAP,連結,2026-12-31,2026-06-30
6395,株式会社タダノ,318462000000,234294000000,451815000000,217520000000,NetAssets,48.14,total,217520000000,NetAssets,48.14,188714000000.0,ShareholdersEquity,41.77,72091000000,bs,72091000000.0,71659000000,129500355.0,2026-08-04,NumberOfIssuedSharesAsOfFilingDateIssuedSharesTotalNumberOfSharesEtc,S100YTG9,2026-08-04,160,J-GAAP,連結,2026-12-31,2026-06-30
7989,立川ブラインド工業株式会社,39951342000,10436824000,68118745000,57681921000,NetAssets,84.68,total,57681921000,NetAssets,84.68,54622773000.0,ShareholdersEquity,80.19,16661522000,bs,16661522000.0,12700885000,20763600.0,2026-08-04,NumberOfIssuedSharesAsOfFilingDateIssuedSharesTotalNumberOfSharesEtc,S100YTWR,2026-08-04,160,J-GAAP,連結,2026-12-31,2026-06-30
6099,株式会社エラン,17818794000,11377964000,27148665000,15770701000,NetAssets,58.09,total,15770701000,NetAssets,58.09,15297872000.0,ShareholdersEquity,56.35,7383445000,bs,7383445000.0,7359116000,60600000.0,2026-08-03,NumberOfIssuedSharesAsOfFilingDateIssuedSharesTotalNumberOfSharesEtc,S100YTOK,2026-08-03,160,J-GAAP,連結,2026-12-31,2026-06-30
4151,協和キリン株式会社,517761000000,214778000000,1130944000000,916165000000,EquityIFRS,81.01,total,916165000000,EquityIFRS,81.01,916165000000.0,EquityAttributableToOwnersOfParentIFRS,81.01,265083000000,cf,,265083000000,525634500.0,2026-08-03,NumberOfIssuedSharesAsOfFilingDateIssuedSharesTotalNumberOfSharesEtc,S100YTQK,2026-08-03,160,IFRS,連結,2026-12-31,2026-06-30
9768,いであ株式会社,17030198000,7213915000,38712224000,31498309000,NetAssets,81.37,total,31498309000,NetAssets,81.37,29853262000.0,ShareholdersEquity,77.12,10722258000,bs,10722258000.0,10729143000,7499025.0,2026-08-03,NumberOfIssuedSharesAsOfFilingDateIssuedSharesTotalNumberOfSharesEtc,S100YTIB,2026-08-03,160,J-GAAP,連結,2026-12-31,2026-06-30
7422,東邦レマック株式会社,4287297000,2234633000,6698168000,4463534000,NetAssets,66.64,total,4463534000,NetAssets,66.64,4370986000.0,ShareholdersEquity,65.26,1575007000,bs,1575007000.0,1385007000,5120700.0,2026-07-31,NumberOfIssuedSharesAsOfFilingDateIssuedSharesTotalNumberOfSharesEtc,S100YTEE,2026-07-31,160,J-GAAP,個別,2026-12-20,2026-06-20
6866,日置電機株式会社,31241299000,7328127000,53097705000,45769577000,NetAssets,86.2,total,45769577000,NetAssets,86.2,43348161000.0,ShareholdersEquity,81.64,18130459000,bs,18130459000.0,17220973000,14024365.0,2026-07-31,NumberOfIssuedSharesAsOfFilingDateIssuedSharesTotalNumberOfSharesEtc,S100YTCZ,2026-07-31,160,J-GAAP,連結,2026-12-31,2026-06-30
4667,アイサンテクノロジー株式会社,8409356000,3882638000,10555967000,6673329000,NetAssets,63.22,total,6673329000,NetAssets,63.22,6497151000.0,ShareholdersEquity,61.55,5822351000,bs,5822351000.0,5822351000,5548979.0,2026-06-30,NumberOfIssuedSharesAsOfFilingDateIssuedSharesTotalNumberOfSharesEtc,S100YBI7,2026-06-30,120,J-GAAP,連結,2026-03-31,2026-03-31
7133,ＨＹＵＧＡ　ＰＲＩＭＡＲＹ　ＣＡＲＥ株式会社,3864117000,5558550000,8290096000,2731546000,NetAssets,32.95,total,2731546000,NetAssets,32.95,2731546000.0,ShareholdersEquity,32.95,1021619000,bs,1021619000.0,1021619000,7279000.0,2026-06-25,NumberOfIssuedSharesAsOfFilingDateIssuedSharesTotalNumberOfSharesEtc,S100YI10,2026-06-25,120,J-GAAP,連結,2026-03-31,2026-03-31
7875,竹田ｉＰホールディングス株式会社,15686000000,14655000000,34654000000,19998000000,NetAssets,57.71,total,19998000000,NetAssets,57.71,17272000000.0,ShareholdersEquity,49.84,6282000000,bs,6282000000.0,5935000000,17562000.0,2026-06-19,NumberOfIssuedSharesAsOfFilingDateIssuedSharesTotalNumberOfSharesEtc,S100YEOH,2026-06-19,120,J-GAAP,連結,2026-03-31,2026-03-31
6663,太洋テクノレックス株式会社,2941501000,2198279000,5017476000,2819196000,NetAssets,56.19,total,2819196000,NetAssets,56.19,2471561000.0,ShareholdersEquity,49.26,1942751000,bs,1942751000.0,750122000,6062400.0,2026-07-31,NumberOfIssuedSharesAsOfFilingDateIssuedSharesTotalNumberOfSharesEtc,S100YT4O,2026-07-31,160,J-GAAP,連結,2026-12-20,2026-06-20
2998,クリアル株式会社,41564405000,32788217000,44262311000,11474093000,NetAssets,25.92,total,11474093000,NetAssets,25.92,11280097000.0,ShareholdersEquity,25.48,13694608000,bs,13694608000.0,13494416000,36066200.0,2026-06-24,NumberOfIssuedSharesAsOfFilingDateIssuedSharesTotalNumberOfSharesEtc,S100YIOE,2026-06-24,120,J-GAAP,連結,2026-03-31,2026-03-31
9444,株式会社トーシンホールディングス,6119232000,20653324000,21782586000,1129262000,NetAssets,5.18,total,1129262000,NetAssets,5.18,1038471000.0,ShareholdersEquity,4.77,2645409000,bs,2645409000.0,1540847000,6536800.0,2026-07-31,NumberOfIssuedSharesAsOfFilingDateIssuedSharesTotalNumberOfSharesEtc,S100YTD8,2026-07-31,120,J-GAAP,連結,2026-04-30,2026-04-30
6662,株式会社ユビテック,1643200000,157777000,1705252000,1547474000,NetAssets,90.75,total,1547474000,NetAssets,90.75,1514822000.0,ShareholdersEquity,88.83,1260033000,bs,1260033000.0,1260033000,14791600.0,2026-02-06,NumberOfIssuedSharesAsOfFilingDateIssuedSharesTotalNumberOfSharesEtc,S100XJIG,2026-02-06,160,J-GAAP,連結,2026-06-30,2025-12-31
4578,大塚ホールディングス株式会社,1630819000000,1089134000000,4395890000000,3306756000000,EquityIFRS,75.22,total,3306756000000,EquityIFRS,75.22,3239710000000.0,EquityAttributableToOwnersOfParentIFRS,73.7,469548000000,cf,,469548000000,542988917.0,2026-07-31,NumberOfIssuedSharesAsOfFilingDateIssuedSharesTotalNumberOfSharesEtc,S100YTLB,2026-07-31,160,IFRS,連結,2026-12-31,2026-06-30
2579,コカ・コーラ　ボトラーズジャパンホールディングス株式会社,301212000000,356468000000,722135000000,365667000000,EquityIFRS,50.64,total,365667000000,EquityIFRS,50.64,365347000000.0,EquityAttributableToOwnersOfParentIFRS,50.59,83234000000,cf,,83234000000,171268593.0,2026-07-31,NumberOfIssuedSharesAsOfFilingDateIssuedSharesTotalNumberOfSharesEtc,S100YT5L,2026-07-31,160,IFRS,連結,2026-12-31,2026-06-30
391A,株式会社山忠,6702127000,8158703000,13316449000,5157745000,NetAssets,38.73,total,5157745000,NetAssets,38.73,5159654000.0,ShareholdersEquity,38.75,2174546000,bs,2174546000.0,2174346000,1261100.0,2026-07-30,NumberOfIssuedSharesAsOfFilingDateIssuedSharesTotalNumberOfSharesEtc,S100YT4P,2026-07-30,120,J-GAAP,連結,2026-04-30,2026-04-30
8030,中央魚類株式会社,35349000000,44633000000,83121000000,38488000000,NetAssets,46.3,total,38488000000,NetAssets,46.3,27785000000.0,ShareholdersEquity,33.43,7406000000,bs,7406000000.0,7396000000,4315300.0,2026-06-25,NumberOfIssuedSharesAsOfFilingDateIssuedSharesTotalNumberOfSharesEtc,S100YL2H,2026-06-25,120,J-GAAP,連結,2026-03-31,2026-03-31
2678,アスクル株式会社,150005000000,178452000000,229907000000,51455000000,NetAssets,22.38,total,51455000000,NetAssets,22.38,47372000000.0,ShareholdersEquity,20.6,49332000000,bs,49332000000.0,48624000000,89771300.0,2026-07-30,NumberOfIssuedSharesAsOfFilingDateIssuedSharesTotalNumberOfSharesEtc,S100YSYE,2026-07-30,120,J-GAAP,連結,2026-05-20,2026-05-20
4934,プレミアアンチエイジング株式会社,8442000000,3440000000,10488000000,7048000000,NetAssets,67.2,total,7048000000,NetAssets,67.2,7023000000.0,ShareholdersEquity,66.96,5262000000,bs,5262000000.0,5262000000,8720534.0,2026-03-12,NumberOfIssuedSharesAsOfFilingDateIssuedSharesTotalNumberOfSharesEtc,S100XQJB,2026-03-16,160,J-GAAP,連結,2026-07-31,2026-01-31
2914,日本たばこ産業株式会社,3853117000000,4246903000000,8669953000000,4423050000000,EquityIFRS,51.02,total,4423050000000,EquityIFRS,51.02,4393958000000.0,EquityAttributableToOwnersOfParentIFRS,50.68,827909000000,cf,,827909000000,2000000000.0,2026-07-30,NumberOfIssuedSharesAsOfFilingDateIssuedSharesTotalNumberOfSharesEtc,S100YTCC,2026-07-30,160,IFRS,連結,2026-12-31,2026-06-30
3823,ＴＨＥ　ＷＨＹ　ＨＯＷ　ＤＯ　ＣＯＭＰＡＮＹ株式会社,3012424000,3745861000,5331457000,1585596000,NetAssets,29.74,total,1585596000,NetAssets,29.74,1540300000.0,ShareholdersEquity,28.89,1547808000,bs,1547808000.0,1200870000,150169693.0,2026-07-30,NumberOfIssuedSharesAsOfFilingDateIssuedSharesTotalNumberOfSharesEtc,S100YTBE,2026-07-30,120,J-GAAP,連結,2026-04-30,2026-04-30
9627,株式会社アインホールディングス,173173000000,350476000000,509647000000,159171000000,NetAssets,31.23,total,159171000000,NetAssets,31.23,156457000000.0,ShareholdersEquity,30.7,50925000000,bs,50925000000.0,50650000000,35428212.0,2026-07-29,NumberOfIssuedSharesAsOfFilingDateIssuedSharesTotalNumberOfSharesEtc,S100YSTQ,2026-07-29,120,J-GAAP,連結,2026-04-30,2026-04-30
4552,ＪＣＲファーマ株式会社,56076000000,61877000000,109236000000,47359000000,NetAssets,43.35,total,47359000000,NetAssets,43.35,45697000000.0,ShareholdersEquity,41.83,14007000000,bs,14007000000.0,14007000000,129686308.0,2026-06-23,NumberOfIssuedSharesAsOfFilingDateIssuedSharesTotalNumberOfSharesEtc,S100YF19,2026-06-23,120,J-GAAP,連結,2026-03-31,2026-03-31
186A,株式会社アストロスケールホールディングス,18031516000,24464081000,32121830000,7657749000,EquityIFRS,23.84,total,7657749000,EquityIFRS,23.84,7657749000.0,EquityAttributableToOwnersOfParentIFRS,23.84,10021823000,cf,,10021823000,141780800.0,2026-07-29,NumberOfIssuedSharesAsOfFilingDateIssuedSharesTotalNumberOfSharesEtc,S100YSZC,2026-07-29,120,IFRS,連結,2026-04-30,2026-04-30
324A,株式会社ブッキングリゾート,922875000,583032000,2364465000,1781433000,NetAssets,75.34,total,1781433000,NetAssets,75.34,1781433000.0,ShareholdersEquity,75.34,659442000,bs,659442000.0,659442000,5914800.0,2026-07-29,NumberOfIssuedSharesAsOfFilingDateIssuedSharesTotalNumberOfSharesEtc,S100YSTV,2026-07-29,120,J-GAAP,個別,2026-04-30,2026-04-30
5079,株式会社ノバック,28832657000,13373229000,32136095000,18762865000,NetAssets,58.39,total,18762865000,NetAssets,58.39,18753891000.0,ShareholdersEquity,58.36,4632532000,bs,4632532000.0,4578931000,5202800.0,2026-07-29,NumberOfIssuedSharesAsOfFilingDateIssuedSharesTotalNumberOfSharesEtc,S100YSTZ,2026-07-29,120,J-GAAP,連結,2026-04-30,2026-04-30
3903,株式会社ｇｕｍｉ,20443143000,6686720000,28821087000,22134367000,NetAssets,76.8,total,22134367000,NetAssets,76.8,18623135000.0,ShareholdersEquity,64.62,3393609000,bs,3393609000.0,3393911000,53897034.0,2026-07-29,NumberOfIssuedSharesAsOfFilingDateIssuedSharesTotalNumberOfSharesEtc,S100YSP4,2026-07-29,120,J-GAAP,連結,2026-04-30,2026-04-30
7050,株式会社フロンティアインターナショナル,13369516000,6379712000,16723718000,10344006000,NetAssets,61.85,total,10344006000,NetAssets,61.85,9756970000.0,ShareholdersEquity,58.34,9169799000,bs,9169799000.0,7658696000,9238000.0,2026-07-29,NumberOfIssuedSharesAsOfFilingDateIssuedSharesTotalNumberOfSharesEtc,S100YSV9,2026-07-29,120,J-GAAP,連結,2026-04-30,2026-04-30
184A,株式会社学びエイド,548519000,82543000,619014000,536471000,NetAssets,86.67,total,536471000,NetAssets,86.67,536471000.0,ShareholdersEquity,86.67,459872000,bs,459872000.0,459872000,3413500.0,2026-07-29,NumberOfIssuedSharesAsOfFilingDateIssuedSharesTotalNumberOfSharesEtc,S100YSR5,2026-07-29,120,J-GAAP,個別,2026-04-30,2026-04-30
3161,アゼアス株式会社,6320117000,1632681000,8458770000,6826088000,NetAssets,80.7,total,6826088000,NetAssets,80.7,6647323000.0,ShareholdersEquity,78.58,2632978000,bs,2632978000.0,2132978000,6085401.0,2026-07-29,NumberOfIssuedSharesAsOfFilingDateIssuedSharesTotalNumberOfSharesEtc,S100YSKW,2026-07-29,120,J-GAAP,連結,2026-04-30,2026-04-30
3361,株式会社トーエル,13069042000,6636925000,28597736000,21960810000,NetAssets,76.79,total,21960810000,NetAssets,76.79,20922058000.0,ShareholdersEquity,73.16,6488790000,bs,6488790000.0,6488790000,20884440.0,2026-07-28,NumberOfIssuedSharesAsOfFilingDateIssuedSharesTotalNumberOfSharesEtc,S100YSDU,2026-07-28,120,J-GAAP,連結,2026-04-30,2026-04-30
7604,株式会社　梅の花グループ,6400077000,20335881000,22439090000,2103209000,NetAssets,9.37,total,2103209000,NetAssets,9.37,2056941000.0,ShareholdersEquity,9.17,2563420000,bs,2563420000.0,2186514000,9030000.0,2026-07-28,NumberOfIssuedSharesAsOfFilingDateIssuedSharesTotalNumberOfSharesEtc,S100YSIF,2026-07-28,120,J-GAAP,連結,2026-04-30,2026-04-30
3329,東和フードサービス株式会社,5757437000,2045310000,9815881000,7770571000,NetAssets,79.16,total,7770571000,NetAssets,79.16,7740556000.0,ShareholdersEquity,78.86,4773211000,bs,4773211000.0,1720858000,8186400.0,2026-07-28,NumberOfIssuedSharesAsOfFilingDateIssuedSharesTotalNumberOfSharesEtc,S100YSG1,2026-07-28,120,J-GAAP,個別,2026-04-30,2026-04-30
2751,株式会社テンポスホールディングス,18827000000,10150000000,29345000000,19194000000,NetAssets,65.41,total,19194000000,NetAssets,65.41,17676000000.0,ShareholdersEquity,60.24,8841000000,bs,8841000000.0,8849000000,14314800.0,2026-07-28,NumberOfIssuedSharesAsOfFilingDateIssuedSharesTotalNumberOfSharesEtc,S100YS8T,2026-07-28,120,J-GAAP,連結,2026-04-30,2026-04-30
6161,株式会社エスティック,8306784000,1257822000,12761695000,11503873000,NetAssets,90.14,total,11503873000,NetAssets,90.14,10807375000.0,ShareholdersEquity,84.69,2733056000,bs,2733056000.0,2730447000,11768000.0,2026-06-17,NumberOfIssuedSharesAsOfFilingDateIssuedSharesTotalNumberOfSharesEtc,S100YCSO,2026-06-17,120,J-GAAP,連結,2026-03-20,2026-03-20
4431,株式会社スマレジ,11020314000,4467980000,14080853000,9612873000,NetAssets,68.27,total,9612873000,NetAssets,68.27,9612873000.0,ShareholdersEquity,68.27,8138218000,bs,8138218000.0,8138218000,19693800.0,2026-07-28,NumberOfIssuedSharesAsOfFilingDateIssuedSharesTotalNumberOfSharesEtc,S100YSPI,2026-07-28,120,J-GAAP,連結,2026-04-30,2026-04-30
272A,株式会社グリーンクロスホールディングス,14627933000,16776975000,29052889000,12275914000,NetAssets,42.25,total,12275914000,NetAssets,42.25,11964966000.0,ShareholdersEquity,41.18,4716314000,bs,4716314000.0,4716314000,9025280.0,2026-07-27,NumberOfIssuedSharesAsOfFilingDateIssuedSharesTotalNumberOfSharesEtc,S100YSCR,2026-07-27,120,J-GAAP,連結,2026-04-30,2026-04-30
8282,株式会社ケーズホールディングス,235626000000,173607000000,422482000000,248875000000,NetAssets,58.91,total,248875000000,NetAssets,58.91,248160000000.0,ShareholdersEquity,58.74,19158000000,bs,19158000000.0,10858000000,168000000.0,2026-06-23,NumberOfIssuedSharesAsOfFilingDateIssuedSharesTotalNumberOfSharesEtc,S100YFQY,2026-06-23,120,J-GAAP,連結,2026-03-31,2026-03-31
2910,株式会社ロック・フィールド,18559000000,6253000000,34866000000,28612000000,NetAssets,82.06,total,28612000000,NetAssets,82.06,28116000000.0,ShareholdersEquity,80.64,13155000000,bs,13155000000.0,12754000000,26788748.0,2026-07-27,NumberOfIssuedSharesAsOfFilingDateIssuedSharesTotalNumberOfSharesEtc,S100YSC6,2026-07-27,120,J-GAAP,連結,2026-04-30,2026-04-30
6699,ダイヤモンドエレクトリックホールディングス株式会社,55260000000,69775000000,83943000000,14168000000,NetAssets,16.88,total,14168000000,NetAssets,16.88,9324000000.0,ShareholdersEquity,11.11,6472000000,bs,6472000000.0,6312000000,12232901.0,2026-06-29,NumberOfIssuedSharesAsOfFilingDateIssuedSharesTotalNumberOfSharesEtc,S100YLYF,2026-06-29,120,J-GAAP,連結,2026-03-31,2026-03-31
215A,株式会社タイミー,34552673000,21662637000,37653749000,15991112000,NetAssets,42.47,total,15991112000,NetAssets,42.47,15964861000.0,ShareholdersEquity,42.4,16540436000,bs,16540436000.0,16530413000,100743000.0,2026-07-27,NumberOfIssuedSharesAsOfFilingDateIssuedSharesTotalNumberOfSharesEtc,S100YS8Y,2026-07-27,120,J-GAAP,連結,2026-04-30,2026-04-30
5032,ＡＮＹＣＯＬＯＲ株式会社,32098000000,9539000000,36502000000,26963000000,NetAssets,73.87,total,26963000000,NetAssets,73.87,26963000000.0,ShareholdersEquity,73.87,22050000000,bs,22050000000.0,22050000000,61128029.0,2026-07-27,NumberOfIssuedSharesAsOfFilingDateIssuedSharesTotalNumberOfSharesEtc,S100YSEA,2026-07-27,120,J-GAAP,個別,2026-04-30,2026-04-30
7095,株式会社Ｍａｃｂｅｅ　Ｐｌａｎｅｔ,16571000000,11400000000,24091000000,12691000000,EquityIFRS,52.68,total,12691000000,EquityIFRS,52.68,12614000000.0,EquityAttributableToOwnersOfParentIFRS,52.36,7311000000,cf,,7311000000,14654272.0,2026-07-27,NumberOfIssuedSharesAsOfFilingDateIssuedSharesTotalNumberOfSharesEtc,S100YSEQ,2026-07-27,120,IFRS,連結,2026-04-30,2026-04-30
4519,中外製薬株式会社,1704189000000,422251000000,2449914000000,2027663000000,EquityIFRS,82.76,total,2027663000000,EquityIFRS,82.76,2027663000000.0,EquityAttributableToOwnersOfParentIFRS,82.76,390439000000,cf,,390439000000,1679057667.0,2026-07-27,NumberOfIssuedSharesAsOfFilingDateIssuedSharesTotalNumberOfSharesEtc,S100YS1G,2026-07-27,160,IFRS,連結,2026-06-30,2026-06-30
500A,株式会社ＴＯブックス,9434836000,3168401000,10441993000,7273591000,NetAssets,69.66,total,7273591000,NetAssets,69.66,7271111000.0,ShareholdersEquity,69.63,5663794000,bs,5663794000.0,4363794000,3516400.0,2026-07-27,NumberOfIssuedSharesAsOfFilingDateIssuedSharesTotalNumberOfSharesEtc,S100YSBO,2026-07-27,120,J-GAAP,個別,2026-04-30,2026-04-30
7435,株式会社ナ・デックス,21037219000,11425982000,32022092000,20596110000,NetAssets,64.32,total,20596110000,NetAssets,64.32,16278457000.0,ShareholdersEquity,50.84,4762210000,bs,4762210000.0,4759897000,8606000.0,2026-07-27,NumberOfIssuedSharesAsOfFilingDateIssuedSharesTotalNumberOfSharesEtc,S100YSCT,2026-07-27,120,J-GAAP,連結,2026-04-30,2026-04-30
4671,株式会社ファルコホールディングス,18138000000,10993000000,36863000000,25869000000,NetAssets,70.18,total,25869000000,NetAssets,70.18,24963000000.0,ShareholdersEquity,67.72,9267000000,bs,9267000000.0,8267000000,10680177.0,2026-06-24,NumberOfIssuedSharesAsOfFilingDateIssuedSharesTotalNumberOfSharesEtc,S100YIIX,2026-06-24,120,J-GAAP,連結,2026-03-31,2026-03-31
2438,株式会社アスカネット,2827279000,885593000,6223323000,5337729000,NetAssets,85.77,total,5337729000,NetAssets,85.77,5278539000.0,ShareholdersEquity,84.82,1388204000,bs,1388204000.0,1383204000,17464000.0,2026-07-24,NumberOfIssuedSharesAsOfFilingDateIssuedSharesTotalNumberOfSharesEtc,S100YRYL,2026-07-24,120,J-GAAP,連結,2026-04-30,2026-04-30
9024,株式会社西武ホールディングス,153735000000,1156117000000,1730654000000,574537000000,NetAssets,33.2,total,574537000000,NetAssets,33.2,449925000000.0,ShareholdersEquity,26.0,66172000000,bs,66172000000.0,56107000000,305775520.0,2026-06-19,NumberOfIssuedSharesAsOfFilingDateIssuedSharesTotalNumberOfSharesEtc,S100YEFI,2026-06-19,120,J-GAAP,連結,2026-03-31,2026-03-31
7180,株式会社九州フィナンシャルグループ,3887000000,12764328000000,13525584000000,761255000000,NetAssets,5.63,total,761255000000,NetAssets,5.63,701309000000.0,ShareholdersEquity,5.19,3750000000,bs,3750000000.0,1550741000000,463375978.0,2026-06-12,NumberOfIssuedSharesAsOfFilingDateIssuedSharesTotalNumberOfSharesEtc,S100YAQW,2026-06-12,120,J-GAAP,個別,2026-03-31,2026-03-31
6822,大井電気株式会社,21998517000,17308099000,28296269000,10988169000,NetAssets,38.83,total,10988169000,NetAssets,38.83,8312517000.0,ShareholdersEquity,29.38,4377711000,bs,4377711000.0,4367711000,1470000.0,2026-06-24,NumberOfIssuedSharesAsOfFilingDateIssuedSharesTotalNumberOfSharesEtc,S100YI6A,2026-06-24,120,J-GAAP,連結,2026-03-31,2026-03-31
3134,Ｈａｍｅｅ株式会社,10175668000,6254661000,13574479000,7319817000,NetAssets,53.92,total,7319817000,NetAssets,53.92,6883583000.0,ShareholdersEquity,50.71,1812064000,bs,1812064000.0,1812064000,16328100.0,2026-07-24,NumberOfIssuedSharesAsOfFilingDateIssuedSharesTotalNumberOfSharesEtc,S100YS4J,2026-07-24,120,J-GAAP,連結,2026-04-30,2026-04-30
1766,東建コーポレーション株式会社,136486000000,99305000000,215656000000,116350000000,NetAssets,53.95,total,116350000000,NetAssets,53.95,115270000000.0,ShareholdersEquity,53.45,118474000000,bs,118474000000.0,116840000000,13472000.0,2026-07-24,NumberOfIssuedSharesAsOfFilingDateIssuedSharesTotalNumberOfSharesEtc,S100YS6C,2026-07-24,120,J-GAAP,連結,2026-04-30,2026-04-30
3180,株式会社ビューティガレージ,13495867000,9834496000,18515701000,8681205000,NetAssets,46.89,total,8681205000,NetAssets,46.89,8383228000.0,ShareholdersEquity,45.28,3536132000,bs,3536132000.0,3526329000,12752000.0,2026-07-24,NumberOfIssuedSharesAsOfFilingDateIssuedSharesTotalNumberOfSharesEtc,S100YS74,2026-07-24,120,J-GAAP,連結,2026-04-30,2026-04-30
3091,株式会社ブロンコビリー,13163000000,5703000000,28565000000,22861000000,NetAssets,80.03,total,22861000000,NetAssets,80.03,22709000000.0,ShareholdersEquity,79.5,10418000000,bs,10418000000.0,10352000000,30158000.0,2026-07-24,NumberOfIssuedSharesAsOfFilingDateIssuedSharesTotalNumberOfSharesEtc,S100YRS1,2026-07-24,160,J-GAAP,連結,2026-12-31,2026-06-30
2334,株式会社イオレ,9534650000,7502595000,11001112000,3498517000,NetAssets,31.8,total,3498517000,NetAssets,31.8,3473360000.0,ShareholdersEquity,31.57,1308149000,bs,1308149000.0,1308149000,42698920.0,2026-06-30,NumberOfIssuedSharesAsOfFilingDateIssuedSharesTotalNumberOfSharesEtc,S100YMZU,2026-06-30,120,J-GAAP,連結,2026-03-31,2026-03-31
1436,株式会社グリーンエナジー＆カンパニー,13317988000,10846643000,16540676000,5694033000,NetAssets,34.42,total,5694033000,NetAssets,34.42,5681637000.0,ShareholdersEquity,34.35,2028160000,bs,2028160000.0,2028160000,12857400.0,2026-07-23,NumberOfIssuedSharesAsOfFilingDateIssuedSharesTotalNumberOfSharesEtc,S100YRWH,2026-07-23,120,J-GAAP,連結,2026-04-30,2026-04-30
9268,株式会社オプティマスグループ,107454000000,171321000000,214470000000,43148000000,EquityIFRS,20.12,total,43148000000,EquityIFRS,20.12,41984000000.0,EquityAttributableToOwnersOfParentIFRS,19.58,12084000000,cf,,12084000000,77027180.0,2026-06-24,NumberOfIssuedSharesAsOfFilingDateIssuedSharesTotalNumberOfSharesEtc,S100YJVB,2026-06-24,120,IFRS,連結,2026-03-31,2026-03-31
6814,古野電気株式会社,102496000000,51592000000,141364000000,89772000000,NetAssets,63.5,total,89772000000,NetAssets,63.5,76310000000.0,ShareholdersEquity,53.98,24283000000,bs,24283000000.0,23544000000,31894554.0,2026-05-18,NumberOfIssuedSharesAsOfFilingDateIssuedSharesTotalNumberOfSharesEtc,S100Y3Q6,2026-05-18,120,J-GAAP,連結,2026-02-28,2026-02-28
7245,大同メタル工業株式会社,112422000000,118009000000,209434000000,91425000000,NetAssets,43.65,total,91425000000,NetAssets,43.65,62694000000.0,ShareholdersEquity,29.93,29469000000,bs,29469000000.0,26281000000,47520253.0,2026-06-22,NumberOfIssuedSharesAsOfFilingDateIssuedSharesTotalNumberOfSharesEtc,S100YFV2,2026-06-22,120,J-GAAP,連結,2026-03-31,2026-03-31
8935,株式会社ＦＪネクストホールディングス,98498000000,32742000000,113869000000,81127000000,NetAssets,71.25,total,81127000000,NetAssets,71.25,80882000000.0,ShareholdersEquity,71.03,25740000000,bs,25740000000.0,22690000000,34646500.0,2026-06-25,NumberOfIssuedSharesAsOfFilingDateIssuedSharesTotalNumberOfSharesEtc,S100YKKI,2026-06-25,120,J-GAAP,連結,2026-03-31,2026-03-31
6418,日本金銭機械株式会社,43318598000,16377264000,52222636000,35845371000,NetAssets,68.64,total,35845371000,NetAssets,68.64,31939378000.0,ShareholdersEquity,61.16,19305530000,bs,19305530000.0,21738192000,29672651.0,2026-06-23,NumberOfIssuedSharesAsOfFilingDateIssuedSharesTotalNumberOfSharesEtc,S100YHD7,2026-06-23,120,J-GAAP,連結,2026-03-31,2026-03-31
4382,ＨＥＲＯＺ株式会社,5051270000,2643168000,8499807000,5856639000,NetAssets,68.9,total,5856639000,NetAssets,68.9,4965184000.0,ShareholdersEquity,58.42,1949892000,bs,1949892000.0,3367019000,17789313.0,2026-07-23,NumberOfIssuedSharesAsOfFilingDateIssuedSharesTotalNumberOfSharesEtc,S100YS1Z,2026-07-23,120,J-GAAP,連結,2026-04-30,2026-04-30
3524,日東製網株式会社,18332373000,23688462000,31941327000,8252864000,NetAssets,25.84,total,8252864000,NetAssets,25.84,7757287000.0,ShareholdersEquity,24.29,1396674000,bs,1396674000.0,1031674000,2605000.0,2026-07-23,NumberOfIssuedSharesAsOfFilingDateIssuedSharesTotalNumberOfSharesEtc,S100YQZ2,2026-07-23,120,J-GAAP,連結,2026-04-30,2026-04-30
2294,株式会社柿安本店,11571000000,3975000000,19480000000,15504000000,NetAssets,79.59,total,15504000000,NetAssets,79.59,14905000000.0,ShareholdersEquity,76.51,8052000000,bs,8052000000.0,8052000000,12446700.0,2026-07-23,NumberOfIssuedSharesAsOfFilingDateIssuedSharesTotalNumberOfSharesEtc,S100YRG8,2026-07-23,120,J-GAAP,連結,2026-04-30,2026-04-30
441A,ＮＥ株式会社,4549154000,551910000,5149912000,4598002000,NetAssets,89.28,total,4598002000,NetAssets,89.28,4598002000.0,ShareholdersEquity,89.28,3632472000,bs,3632472000.0,3632472000,33064002.0,2026-07-23,NumberOfIssuedSharesAsOfFilingDateIssuedSharesTotalNumberOfSharesEtc,S100YRYV,2026-07-23,120,J-GAAP,個別,2026-04-30,2026-04-30
5971,株式会社共和工業所,13447675000,2705448000,19928733000,17223284000,NetAssets,86.42,total,17223284000,NetAssets,86.42,15443475000.0,ShareholdersEquity,77.49,5829068000,bs,5829068000.0,4089068000,1360000.0,2026-07-22,NumberOfIssuedSharesAsOfFilingDateIssuedSharesTotalNumberOfSharesEtc,S100YR73,2026-07-22,120,J-GAAP,連結,2026-04-30,2026-04-30
3031,株式会社ラクーンホールディングス,16311467000,15003438000,19380296000,4376858000,NetAssets,22.58,total,4376858000,NetAssets,22.58,4098152000.0,ShareholdersEquity,21.15,5245947000,bs,5245947000.0,5236486000,21262043.0,2026-07-22,NumberOfIssuedSharesAsOfFilingDateIssuedSharesTotalNumberOfSharesEtc,S100YRIV,2026-07-22,120,J-GAAP,連結,2026-04-30,2026-04-30
1873,株式会社日本ハウスホールディングス,14156000000,21387000000,44354000000,22966000000,NetAssets,51.78,total,22966000000,NetAssets,51.78,22458000000.0,ShareholdersEquity,50.63,7034000000,bs,7034000000.0,6980000000,40000000.0,2026-07-22,NumberOfIssuedSharesAsOfFilingDateIssuedSharesTotalNumberOfSharesEtc,S100YR5P,2026-07-22,120,J-GAAP,連結,2026-04-30,2026-04-30
7901,株式会社マツモト,1084146000,1370751000,2367178000,996426000,NetAssets,42.09,total,996426000,NetAssets,42.09,927190000.0,ShareholdersEquity,39.17,676676000,bs,676676000.0,676676000,1143900.0,2026-07-22,NumberOfIssuedSharesAsOfFilingDateIssuedSharesTotalNumberOfSharesEtc,S100YRR3,2026-07-22,120,J-GAAP,個別,2026-04-30,2026-04-30
3444,株式会社菊池製作所,4712109000,2910758000,9178213000,6267454000,NetAssets,68.29,total,6267454000,NetAssets,68.29,4602116000.0,ShareholdersEquity,50.14,2641009000,bs,2641009000.0,2274095000,12337700.0,2026-07-22,NumberOfIssuedSharesAsOfFilingDateIssuedSharesTotalNumberOfSharesEtc,S100YROC,2026-07-22,120,J-GAAP,連結,2026-04-30,2026-04-30
9204,スカイマーク株式会社,43465000000,87159000000,121103000000,33944000000,NetAssets,28.03,total,33944000000,NetAssets,28.03,28292000000.0,ShareholdersEquity,23.36,24481000000,bs,24481000000.0,24481000000,60329400.0,2026-06-24,NumberOfIssuedSharesAsOfFilingDateIssuedSharesTotalNumberOfSharesEtc,S100YJR8,2026-06-24,120,J-GAAP,個別,2026-03-31,2026-03-31
7777,株式会社スリー・ディー・マトリックス,9179293000,2999253000,9795674000,6796421000,NetAssets,69.38,total,6796421000,NetAssets,69.38,12001146000.0,ShareholdersEquity,122.51,2830873000,bs,2830873000.0,2830873000,127981481.0,2026-07-22,NumberOfIssuedSharesAsOfFilingDateIssuedSharesTotalNumberOfSharesEtc,S100YR3G,2026-07-22,120,J-GAAP,連結,2026-04-30,2026-04-30
8267,イオン株式会社,9677706000000,13165391000000,15369658000000,2204267000000,NetAssets,14.34,total,2204267000000,NetAssets,14.34,1025696000000.0,ShareholdersEquity,6.67,1350037000000,bs,1350037000000.0,1263123000000,2783529021.0,2026-05-25,NumberOfIssuedSharesAsOfFilingDateIssuedSharesTotalNumberOfSharesEtc,S100Y5VH,2026-05-25,120,J-GAAP,連結,2026-02-28,2026-02-28
6943,ＮＫＫスイッチズ株式会社,9029807000,2176937000,15791197000,13614260000,NetAssets,86.21,total,13614260000,NetAssets,86.21,11150047000.0,ShareholdersEquity,70.61,3718253000,bs,3718253000.0,3718253000,842520.0,2026-06-25,NumberOfIssuedSharesAsOfFilingDateIssuedSharesTotalNumberOfSharesEtc,S100YJBX,2026-06-25,120,J-GAAP,連結,2026-03-31,2026-03-31
2923,サトウ食品株式会社,28082829000,33091251000,57951436000,24860184000,NetAssets,42.9,total,24860184000,NetAssets,42.9,23729776000.0,ShareholdersEquity,40.95,3859137000,bs,3859137000.0,3859137000,5075500.0,2026-07-21,NumberOfIssuedSharesAsOfFilingDateIssuedSharesTotalNumberOfSharesEtc,S100YR44,2026-07-21,120,J-GAAP,連結,2026-04-30,2026-04-30
9206,株式会社スターフライヤー,20568000000,29673000000,36896000000,7222000000,NetAssets,19.57,total,7222000000,NetAssets,19.57,5330000000.0,ShareholdersEquity,14.45,10048000000,bs,10048000000.0,9220000000,3791891.0,2026-06-25,NumberOfIssuedSharesAsOfFilingDateIssuedSharesTotalNumberOfSharesEtc,S100YJFT,2026-06-25,120,J-GAAP,個別,2026-03-31,2026-03-31
556A,犬猫生活株式会社,2118880000,607567000,2385024000,1777457000,NetAssets,74.53,total,1777457000,NetAssets,74.53,1777457000.0,ShareholdersEquity,74.53,1527059000,bs,1527059000.0,1527059000,2739500.0,2026-07-21,NumberOfIssuedSharesAsOfFilingDateIssuedSharesTotalNumberOfSharesEtc,S100YRFE,2026-07-21,120,J-GAAP,個別,2026-04-30,2026-04-30
2593,株式会社伊藤園,237179000000,164715000000,342667000000,177951000000,NetAssets,51.93,total,177951000000,NetAssets,51.93,170099000000.0,ShareholdersEquity,49.64,75193000000,bs,75193000000.0,71080000000,117459342.0,2026-07-21,NumberOfIssuedSharesAsOfFilingDateIssuedSharesTotalNumberOfSharesEtc,S100YRK7,2026-07-21,120,J-GAAP,連結,2026-04-30,2026-04-30
6656,インスペック株式会社,2833415000,2701225000,3738311000,1037085000,NetAssets,27.74,total,1037085000,NetAssets,27.74,825018000.0,ShareholdersEquity,22.07,508538000,bs,508538000.0,454532000,4013200.0,2026-07-17,NumberOfIssuedSharesAsOfFilingDateIssuedSharesTotalNumberOfSharesEtc,S100YR8L,2026-07-17,120,J-GAAP,個別,2026-04-30,2026-04-30
9238,バリュークリエーション株式会社,1780803000,1866557000,1906068000,39510000,NetAssets,2.07,total,39510000,NetAssets,2.07,39510000.0,ShareholdersEquity,2.07,916477000,bs,916477000.0,1124643000,2350680.0,2026-05-29,NumberOfIssuedSharesAsOfFilingDateIssuedSharesTotalNumberOfSharesEtc,S100Y7MG,2026-05-29,120,J-GAAP,個別,2026-02-28,2026-02-28
6470,大豊工業株式会社,66161000000,50040000000,114384000000,64344000000,NetAssets,56.25,total,64344000000,NetAssets,56.25,51926000000.0,ShareholdersEquity,45.4,23260000000,bs,23260000000.0,19687000000,29172457.0,2026-06-22,NumberOfIssuedSharesAsOfFilingDateIssuedSharesTotalNumberOfSharesEtc,S100YF06,2026-06-22,120,J-GAAP,連結,2026-03-31,2026-03-31
4403,日油株式会社,236825000000,102703000000,399168000000,296465000000,NetAssets,74.27,total,296465000000,NetAssets,74.27,255683000000.0,ShareholdersEquity,64.05,88364000000,bs,88364000000.0,82973000000,236524128.0,2026-06-25,NumberOfIssuedSharesAsOfFilingDateIssuedSharesTotalNumberOfSharesEtc,S100YI3F,2026-06-25,120,J-GAAP,連結,2026-03-31,2026-03-31
469A,株式会社フィットクルー,1214773000,1624964000,2480140000,855176000,NetAssets,34.48,total,855176000,NetAssets,34.48,855176000.0,ShareholdersEquity,34.48,649179000,bs,649179000.0,649179000,1086090.0,2026-07-15,NumberOfIssuedSharesAsOfFilingDateIssuedSharesTotalNumberOfSharesEtc,S100YQR0,2026-07-16,160,J-GAAP,個別,2026-11-30,2026-05-31
1982,日比谷総合設備株式会社,77062000000,30265000000,110935000000,80669000000,NetAssets,72.72,total,80669000000,NetAssets,72.72,67491000000.0,ShareholdersEquity,60.84,27393000000,bs,27393000000.0,31388000000,44000000.0,2026-06-24,NumberOfIssuedSharesAsOfFilingDateIssuedSharesTotalNumberOfSharesEtc,S100YJU0,2026-06-24,120,J-GAAP,連結,2026-03-31,2026-03-31
2408,株式会社ＫＧ情報,5618108000,888880000,6871255000,5982374000,NetAssets,87.06,total,5982374000,NetAssets,87.06,5978039000.0,ShareholdersEquity,87.0,5137390000,bs,5137390000.0,467203000,7398000.0,2026-07-15,NumberOfIssuedSharesAsOfFilingDateIssuedSharesTotalNumberOfSharesEtc,S100YQNZ,2026-07-15,160,J-GAAP,連結,2026-12-20,2026-06-20
7501,株式会社ティムコ,3451943000,877444000,5195069000,4317625000,NetAssets,83.11,total,4317625000,NetAssets,83.11,4329673000.0,ShareholdersEquity,83.34,734812000,bs,734812000.0,683912000,3339995.0,2026-07-15,NumberOfIssuedSharesAsOfFilingDateIssuedSharesTotalNumberOfSharesEtc,S100YQI7,2026-07-15,160,J-GAAP,個別,2026-11-30,2026-05-31
9837,モリト株式会社,31053266000,16683598000,57258556000,40574957000,NetAssets,70.86,total,40574957000,NetAssets,70.86,32725130000.0,ShareholdersEquity,57.15,10630475000,bs,10630475000.0,10630475000,26800000.0,2026-07-15,NumberOfIssuedSharesAsOfFilingDateIssuedSharesTotalNumberOfSharesEtc,S100YQJE,2026-07-15,160,J-GAAP,連結,2026-11-30,2026-05-31
9001,東武鉄道株式会社,194787000000,1241335000000,1863562000000,622227000000,NetAssets,33.39,total,622227000000,NetAssets,33.39,496183000000.0,ShareholdersEquity,26.63,44370000000,bs,44370000000.0,44207000000,197266821.0,2026-06-22,NumberOfIssuedSharesAsOfFilingDateIssuedSharesTotalNumberOfSharesEtc,S100Y8FK,2026-06-22,120,J-GAAP,連結,2026-03-31,2026-03-31
3763,株式会社プロシップ,11730378000,2836002000,14239651000,11403649000,NetAssets,80.08,total,11403649000,NetAssets,80.08,11329185000.0,ShareholdersEquity,79.56,9016103000,bs,9016103000.0,3816103000,31943000.0,2026-06-17,NumberOfIssuedSharesAsOfFilingDateIssuedSharesTotalNumberOfSharesEtc,S100YD0F,2026-06-17,120,J-GAAP,連結,2026-03-31,2026-03-31
7083,ＡＨＣグループ株式会社,3510802000,5020249000,6191874000,1171625000,NetAssets,18.92,total,1171625000,NetAssets,18.92,1171625000.0,ShareholdersEquity,18.92,2175905000,bs,2175905000.0,2175905000,2135870.0,2026-07-14,NumberOfIssuedSharesAsOfFilingDateIssuedSharesTotalNumberOfSharesEtc,S100YQBG,2026-07-15,160,J-GAAP,連結,2026-11-30,2026-05-31
4673,川崎地質株式会社,5543783000,3503414000,9398753000,5895339000,NetAssets,62.72,total,5895339000,NetAssets,62.72,5477660000.0,ShareholdersEquity,58.28,1247842000,bs,1247842000.0,1227130000,1057980.0,2026-07-15,NumberOfIssuedSharesAsOfFilingDateIssuedSharesTotalNumberOfSharesEtc,S100YQS7,2026-07-15,160,J-GAAP,連結,2026-11-30,2026-05-31
3077,ホリイフードサービス株式会社,2444390000,2372684000,3766139000,1393455000,NetAssets,37.0,total,1393455000,NetAssets,37.0,1243032000.0,ShareholdersEquity,33.01,1981248000,bs,1981248000.0,1666719000,6930000.0,2026-07-15,NumberOfIssuedSharesAsOfFilingDateIssuedSharesTotalNumberOfSharesEtc,S100YQRQ,2026-07-15,160,J-GAAP,連結,2026-05-31,2026-05-31
3139,株式会社ラクト・ジャパン,90796000000,66985000000,100371000000,33385000000,NetAssets,33.26,total,33385000000,NetAssets,33.26,29303000000.0,ShareholdersEquity,29.19,11655000000,bs,11655000000.0,10999000000,10050200.0,2026-07-15,NumberOfIssuedSharesAsOfFilingDateIssuedSharesTotalNumberOfSharesEtc,S100YQT0,2026-07-15,160,J-GAAP,連結,2026-11-30,2026-05-31
6558,クックビズ株式会社,2378126000,2360941000,3322519000,961577000,NetAssets,28.94,total,961577000,NetAssets,28.94,946689000.0,ShareholdersEquity,28.49,1647960000,bs,1647960000.0,1568909000,2795041.0,2026-07-15,NumberOfIssuedSharesAsOfFilingDateIssuedSharesTotalNumberOfSharesEtc,S100YQH5,2026-07-15,160,J-GAAP,連結,2026-11-30,2026-05-31
6076,株式会社アメイズ,2763000000,15876000000,33203000000,17327000000,NetAssets,52.19,total,17327000000,NetAssets,52.19,17311000000.0,ShareholdersEquity,52.14,1861000000,bs,1861000000.0,1861000000,15204000.0,2026-07-15,NumberOfIssuedSharesAsOfFilingDateIssuedSharesTotalNumberOfSharesEtc,S100YPN6,2026-07-15,160,J-GAAP,個別,2026-11-30,2026-05-31
9250,株式会社ＧＲＣＳ,1109842000,1749787000,1753767000,3979000,NetAssets,0.23,total,3979000,NetAssets,0.23,-29736000.0,ShareholdersEquity,-1.7,448296000,bs,448296000.0,448296000,1526530.0,2026-07-15,NumberOfIssuedSharesAsOfFilingDateIssuedSharesTotalNumberOfSharesEtc,S100YQTC,2026-07-15,160,J-GAAP,連結,2026-11-30,2026-05-31
7388,株式会社ＦＰパートナー,8661768000,6838388000,17905281000,11066892000,NetAssets,61.81,total,11066892000,NetAssets,61.81,11063472000.0,ShareholdersEquity,61.79,6173634000,bs,6173634000.0,6173634000,23270500.0,2026-07-15,NumberOfIssuedSharesAsOfFilingDateIssuedSharesTotalNumberOfSharesEtc,S100YQMB,2026-07-15,160,J-GAAP,個別,2026-11-30,2026-05-31
418A,ウリドキ株式会社,979282000,395102000,1046650000,651548000,NetAssets,62.25,total,651548000,NetAssets,62.25,651536000.0,ShareholdersEquity,62.25,673071000,bs,673071000.0,673071000,4611280.0,2026-07-15,NumberOfIssuedSharesAsOfFilingDateIssuedSharesTotalNumberOfSharesEtc,S100YQLH,2026-07-15,160,J-GAAP,個別,2026-11-30,2026-05-31
7997,株式会社くろがね工作所,4633426000,3496611000,8235259000,4738648000,NetAssets,57.54,total,4738648000,NetAssets,57.54,4310829000.0,ShareholdersEquity,52.35,1971728000,bs,1971728000.0,1371728000,1857113.0,2026-07-15,NumberOfIssuedSharesAsOfFilingDateIssuedSharesTotalNumberOfSharesEtc,S100YQOW,2026-07-15,160,J-GAAP,連結,2026-11-30,2026-05-31
7360,株式会社オンデック,726228000,211318000,1095723000,884404000,NetAssets,80.71,total,884404000,NetAssets,80.71,881748000.0,ShareholdersEquity,80.47,501462000,bs,501462000.0,501462000,2863500.0,2026-07-15,NumberOfIssuedSharesAsOfFilingDateIssuedSharesTotalNumberOfSharesEtc,S100YQMG,2026-07-15,160,J-GAAP,連結,2026-11-30,2026-05-31
4616,川上塗料株式会社,5712422000,5313206000,8831737000,3518531000,NetAssets,39.84,total,3518531000,NetAssets,39.84,2781937000.0,ShareholdersEquity,31.5,2467303000,bs,2467303000.0,2467303000,1000000.0,2026-07-15,NumberOfIssuedSharesAsOfFilingDateIssuedSharesTotalNumberOfSharesEtc,S100YQTZ,2026-07-15,160,J-GAAP,連結,2026-11-30,2026-05-31
3201,日本毛織株式会社,91517000000,59655000000,195326000000,135671000000,NetAssets,69.46,total,135671000000,NetAssets,69.46,112464000000.0,ShareholdersEquity,57.58,32347000000,bs,32347000000.0,34116000000,74278858.0,2026-07-15,NumberOfIssuedSharesAsOfFilingDateIssuedSharesTotalNumberOfSharesEtc,S100YPS0,2026-07-15,160,J-GAAP,連結,2026-11-30,2026-05-31
3266,株式会社ファンドクリエーショングループ,6467000000,4677000000,7890000000,3213000000,NetAssets,40.72,total,3213000000,NetAssets,40.72,3128000000.0,ShareholdersEquity,39.65,1683000000,bs,1683000000.0,1682000000,37686371.0,2026-07-15,NumberOfIssuedSharesAsOfFilingDateIssuedSharesTotalNumberOfSharesEtc,S100YQFX,2026-07-15,160,J-GAAP,連結,2026-11-30,2026-05-31
7074,株式会社トゥエンティーフォーセブンホールディングス,558528000,1076844000,1129701000,52857000,NetAssets,4.68,total,52857000,NetAssets,4.68,46537000.0,ShareholdersEquity,4.12,330606000,bs,330606000.0,330606000,8486200.0,2026-07-15,NumberOfIssuedSharesAsOfFilingDateIssuedSharesTotalNumberOfSharesEtc,S100YQRJ,2026-07-15,160,J-GAAP,連結,2026-11-30,2026-05-31
4197,株式会社アスマーク,2087522000,1191959000,2821705000,1629745000,NetAssets,57.76,total,1629745000,NetAssets,57.76,1616272000.0,ShareholdersEquity,57.28,1662851000,bs,1662851000.0,1641741000,1158500.0,2026-07-15,NumberOfIssuedSharesAsOfFilingDateIssuedSharesTotalNumberOfSharesEtc,S100YQPI,2026-07-15,160,J-GAAP,連結,2026-11-30,2026-05-31
4016,ＭＩＴホールディングス株式会社,1367386000,1157970000,1879190000,721220000,NetAssets,38.38,total,721220000,NetAssets,38.38,715638000.0,ShareholdersEquity,38.08,755169000,bs,755169000.0,751166000,2132800.0,2026-07-15,NumberOfIssuedSharesAsOfFilingDateIssuedSharesTotalNumberOfSharesEtc,S100YQP7,2026-07-15,160,J-GAAP,連結,2026-11-30,2026-05-31
280A,株式会社ＴＭＨ,2415762000,1366503000,2772457000,1405954000,NetAssets,50.71,total,1405954000,NetAssets,50.71,1410111000.0,ShareholdersEquity,50.86,1640113000,bs,1640113000.0,1640113000,3755600.0,2026-07-15,NumberOfIssuedSharesAsOfFilingDateIssuedSharesTotalNumberOfSharesEtc,S100YQM4,2026-07-15,160,J-GAAP,連結,2026-11-30,2026-05-31
7879,株式会社ノダ,41839397000,32079445000,71200034000,39120588000,NetAssets,54.94,total,39120588000,NetAssets,54.94,29142220000.0,ShareholdersEquity,40.93,17852582000,bs,17852582000.0,17454582000,17339200.0,2026-07-15,NumberOfIssuedSharesAsOfFilingDateIssuedSharesTotalNumberOfSharesEtc,S100YQQ2,2026-07-15,160,J-GAAP,連結,2026-11-30,2026-05-31
5341,ＡＳＡＨＩ　ＥＩＴＯホールディングス株式会社,2172224000,1406503000,3004848000,1598344000,NetAssets,53.19,total,1598344000,NetAssets,53.19,1488791000.0,ShareholdersEquity,49.55,928744000,bs,928744000.0,896022000,9164419.0,2026-07-15,NumberOfIssuedSharesAsOfFilingDateIssuedSharesTotalNumberOfSharesEtc,S100YQQ0,2026-07-15,160,J-GAAP,連結,2026-11-30,2026-05-31
3547,株式会社ユニシアホールディングス,6762523000,17951974000,25343728000,7391753000,NetAssets,29.17,total,7391753000,NetAssets,29.17,7365244000.0,ShareholdersEquity,29.06,3884170000,bs,3884170000.0,3849931000,11061399.0,2026-07-15,NumberOfIssuedSharesAsOfFilingDateIssuedSharesTotalNumberOfSharesEtc,S100YQUA,2026-07-15,160,J-GAAP,連結,2026-11-30,2026-05-31
6136,オーエスジー株式会社,160006000000,76026000000,279724000000,203698000000,NetAssets,72.82,total,203698000000,NetAssets,72.82,158543000000.0,ShareholdersEquity,56.68,56745000000,bs,56745000000.0,52129000000,96145417.0,2026-07-14,NumberOfIssuedSharesAsOfFilingDateIssuedSharesTotalNumberOfSharesEtc,S100YQA5,2026-07-14,160,J-GAAP,連結,2026-11-30,2026-05-31
2493,イーサポートリンク株式会社,4454107000,2538433000,6256359000,3717926000,NetAssets,59.43,total,3717926000,NetAssets,59.43,3660067000.0,ShareholdersEquity,58.5,1787055000,bs,1787055000.0,1786815000,4424800.0,2026-07-14,NumberOfIssuedSharesAsOfFilingDateIssuedSharesTotalNumberOfSharesEtc,S100YQDA,2026-07-14,160,J-GAAP,連結,2026-11-30,2026-05-31
3168,株式会社ＭＥＲＦ,25215198000,19001517000,30308378000,11306861000,NetAssets,37.31,total,11306861000,NetAssets,37.31,10082373000.0,ShareholdersEquity,33.27,1102426000,bs,1102426000.0,944995000,14337200.0,2026-04-13,NumberOfIssuedSharesAsOfFilingDateIssuedSharesTotalNumberOfSharesEtc,S100XY5G,2026-04-13,160,J-GAAP,連結,2026-08-31,2026-02-28
9972,アルテック株式会社,11582581000,6771844000,15940991000,9169146000,NetAssets,57.52,total,9169146000,NetAssets,57.52,5964097000.0,ShareholdersEquity,37.41,5130889000,bs,5130889000.0,5043827000,15153000.0,2026-07-14,NumberOfIssuedSharesAsOfFilingDateIssuedSharesTotalNumberOfSharesEtc,S100YQC1,2026-07-14,160,J-GAAP,連結,2026-11-30,2026-05-31
3377,株式会社バイク王＆カンパニー,10271465000,6346849000,13671493000,7324643000,NetAssets,53.58,total,7324643000,NetAssets,53.58,7324457000.0,ShareholdersEquity,53.57,3198870000,bs,3198870000.0,3198870000,15315600.0,2026-07-14,NumberOfIssuedSharesAsOfFilingDateIssuedSharesTotalNumberOfSharesEtc,S100YQ32,2026-07-14,160,J-GAAP,連結,2026-11-30,2026-05-31
6217,津田駒工業株式会社,15699000000,24525000000,27145000000,2619000000,NetAssets,9.65,total,2619000000,NetAssets,9.65,825000000.0,ShareholdersEquity,3.04,2939000000,bs,2939000000.0,2909000000,6807555.0,2026-07-14,NumberOfIssuedSharesAsOfFilingDateIssuedSharesTotalNumberOfSharesEtc,S100YQ5U,2026-07-14,160,J-GAAP,連結,2026-05-31,2026-05-31
228A,株式会社オプロ,2771503000,1807930000,3220120000,1412190000,NetAssets,43.86,total,1412190000,NetAssets,43.86,1412190000.0,ShareholdersEquity,43.86,1207980000,bs,1207980000.0,907980000,2340050.0,2026-07-14,NumberOfIssuedSharesAsOfFilingDateIssuedSharesTotalNumberOfSharesEtc,S100YQJF,2026-07-14,160,J-GAAP,個別,2026-11-30,2026-05-31
4250,株式会社フロンティア,855619000,446942000,950274000,503332000,NetAssets,52.97,total,503332000,NetAssets,52.97,435673000.0,ShareholdersEquity,45.85,388589000,bs,388589000.0,388589000,1389200.0,2026-07-14,NumberOfIssuedSharesAsOfFilingDateIssuedSharesTotalNumberOfSharesEtc,S100YQ8M,2026-07-14,160,J-GAAP,連結,2026-11-30,2026-05-31
3907,シリコンスタジオ株式会社,2155000000,965000000,2567000000,1601000000,NetAssets,62.37,total,1601000000,NetAssets,62.37,1607000000.0,ShareholdersEquity,62.6,1183000000,bs,1183000000.0,1177000000,2973900.0,2026-07-14,NumberOfIssuedSharesAsOfFilingDateIssuedSharesTotalNumberOfSharesEtc,S100YQAC,2026-07-14,160,J-GAAP,個別,2026-11-30,2026-05-31
3267,株式会社フィル・カンパニー,7990829000,5785722000,9101328000,3315606000,NetAssets,36.43,total,3315606000,NetAssets,36.43,3264202000.0,ShareholdersEquity,35.87,2989969000,bs,2989969000.0,2829969000,5744900.0,2026-07-14,NumberOfIssuedSharesAsOfFilingDateIssuedSharesTotalNumberOfSharesEtc,S100YQEP,2026-07-14,160,J-GAAP,連結,2026-11-30,2026-05-31
6634,株式会社ＪＮグループ,78794663000,80978763000,83537593000,2558829000,NetAssets,3.06,total,2558829000,NetAssets,3.06,2508072000.0,ShareholdersEquity,3.0,1132566000,bs,1132566000.0,1128962000,49588342.0,2026-07-14,NumberOfIssuedSharesAsOfFilingDateIssuedSharesTotalNumberOfSharesEtc,S100YQ9I,2026-07-14,160,J-GAAP,連結,2026-11-30,2026-05-31
138A,光フードサービス株式会社,1864457000,1477184000,2884622000,1407437000,NetAssets,48.79,total,1407437000,NetAssets,48.79,1407437000.0,ShareholdersEquity,48.79,1597288000,bs,1597288000.0,1597288000,992000.0,2026-07-14,NumberOfIssuedSharesAsOfFilingDateIssuedSharesTotalNumberOfSharesEtc,S100YQK4,2026-07-14,160,J-GAAP,個別,2026-11-30,2026-05-31
2471,株式会社エスプール,7089000000,33793000000,43496000000,9703000000,EquityIFRS,22.31,total,9703000000,EquityIFRS,22.31,9714000000.0,EquityAttributableToOwnersOfParentIFRS,22.33,2463000000,cf,,2463000000,79007500.0,2026-07-14,NumberOfIssuedSharesAsOfFilingDateIssuedSharesTotalNumberOfSharesEtc,S100YQCA,2026-07-14,160,IFRS,連結,2026-05-31,2026-05-31
5527,株式会社ｐｒｏｐｅｒｔｙ　ｔｅｃｈｎｏｌｏｇｉｅｓ,42128792000,36511601000,45180532000,8668930000,NetAssets,19.19,total,8668930000,NetAssets,19.19,8666158000.0,ShareholdersEquity,19.18,5992497000,bs,5992497000.0,5348839000,12455253.0,2026-07-14,NumberOfIssuedSharesAsOfFilingDateIssuedSharesTotalNumberOfSharesEtc,S100YQIK,2026-07-14,160,J-GAAP,連結,2026-11-30,2026-05-31
5246,株式会社ＥＬＥＭＥＮＴＳ,3523985000,2894431000,6766237000,3871806000,NetAssets,57.22,total,3871806000,NetAssets,57.22,3520515000.0,ShareholdersEquity,52.03,2332381000,bs,2332381000.0,2332381000,27225514.0,2026-07-14,NumberOfIssuedSharesAsOfFilingDateIssuedSharesTotalNumberOfSharesEtc,S100YQH6,2026-07-14,160,J-GAAP,連結,2026-11-30,2026-05-31
4026,神島化学工業株式会社,11805000000,16082000000,30793000000,14710000000,NetAssets,47.77,total,14710000000,NetAssets,47.77,14222000000.0,ShareholdersEquity,46.19,1204000000,bs,1204000000.0,1204000000,9240000.0,2026-07-14,NumberOfIssuedSharesAsOfFilingDateIssuedSharesTotalNumberOfSharesEtc,S100YQCW,2026-07-14,120,J-GAAP,個別,2026-04-30,2026-04-30
6474,株式会社不二越,176648000000,160922000000,342515000000,181592000000,NetAssets,53.02,total,181592000000,NetAssets,53.02,132819000000.0,ShareholdersEquity,38.78,33433000000,bs,33433000000.0,29791000000,24919343.0,2026-07-14,NumberOfIssuedSharesAsOfFilingDateIssuedSharesTotalNumberOfSharesEtc,S100YPON,2026-07-14,160,J-GAAP,連結,2026-11-30,2026-05-31
9215,株式会社ＣａＳｙ,464868000,401161000,670193000,269032000,NetAssets,40.14,total,269032000,NetAssets,40.14,269032000.0,ShareholdersEquity,40.14,287777000,bs,287777000.0,287777000,1892000.0,2026-07-14,NumberOfIssuedSharesAsOfFilingDateIssuedSharesTotalNumberOfSharesEtc,S100YQF2,2026-07-14,160,J-GAAP,連結,2026-11-30,2026-05-31
7227,アスカ株式会社,14071821000,26879568000,42812266000,15932698000,NetAssets,37.22,total,15932698000,NetAssets,37.22,12922295000.0,ShareholdersEquity,30.18,1900443000,bs,1900443000.0,1900443000,5715420.0,2026-07-09,NumberOfIssuedSharesAsOfFilingDateIssuedSharesTotalNumberOfSharesEtc,S100YPCV,2026-07-14,160,J-GAAP,連結,2026-11-30,2026-05-31
9369,株式会社キユーソー流通システム,33005000000,82446000000,141798000000,59351000000,NetAssets,41.86,total,59351000000,NetAssets,41.86,42280000000.0,ShareholdersEquity,29.82,4608000000,bs,4608000000.0,4608000000,25355800.0,2026-07-13,NumberOfIssuedSharesAsOfFilingDateIssuedSharesTotalNumberOfSharesEtc,S100YPXM,2026-07-13,160,J-GAAP,連結,2026-11-30,2026-05-31
4203,住友ベークライト株式会社,266961000000,133521000000,484167000000,350646000000,EquityIFRS,72.42,total,350646000000,EquityIFRS,72.42,347186000000.0,EquityAttributableToOwnersOfParentIFRS,71.71,124752000000,cf,,124752000000,88249856.0,2026-06-22,NumberOfIssuedSharesAsOfFilingDateIssuedSharesTotalNumberOfSharesEtc,S100YE8L,2026-06-22,120,IFRS,連結,2026-03-31,2026-03-31
7611,株式会社ハイデイ日高,15631764000,9316175000,34189025000,24872849000,NetAssets,72.75,total,24872849000,NetAssets,72.75,24724213000.0,ShareholdersEquity,72.32,12218467000,bs,12218467000.0,11242755000,38147116.0,2026-05-26,NumberOfIssuedSharesAsOfFilingDateIssuedSharesTotalNumberOfSharesEtc,S100Y64B,2026-05-26,120,J-GAAP,個別,2026-02-28,2026-02-28
9720,株式会社ホテル、ニューグランド,2843773000,4734758000,8979725000,4244966000,NetAssets,47.27,total,4244966000,NetAssets,47.27,4617406000.0,ShareholdersEquity,51.42,2083557000,bs,2083557000.0,2083557000,1181448.0,2026-07-13,NumberOfIssuedSharesAsOfFilingDateIssuedSharesTotalNumberOfSharesEtc,S100YPQB,2026-07-13,160,J-GAAP,個別,2026-11-30,2026-05-31
3454,ファーストブラザーズ株式会社,58951962000,60124811000,88333830000,28209018000,NetAssets,31.93,total,28209018000,NetAssets,31.93,27959990000.0,ShareholdersEquity,31.65,7714077000,bs,7714077000.0,7687034000,14445000.0,2026-07-13,NumberOfIssuedSharesAsOfFilingDateIssuedSharesTotalNumberOfSharesEtc,S100YPK3,2026-07-13,160,J-GAAP,連結,2026-11-30,2026-05-31
2809,キユーピー株式会社,208488000000,135821000000,486100000000,350278000000,NetAssets,72.06,total,350278000000,NetAssets,72.06,280002000000.0,ShareholdersEquity,57.6,61982000000,bs,61982000000.0,61858000000,141500000.0,2026-07-13,NumberOfIssuedSharesAsOfFilingDateIssuedSharesTotalNumberOfSharesEtc,S100YPVG,2026-07-13,160,J-GAAP,連結,2026-11-30,2026-05-31
9313,丸八倉庫株式会社,1534178000,7564508000,20667782000,13103273000,NetAssets,63.4,total,13103273000,NetAssets,63.4,11783522000.0,ShareholdersEquity,57.01,1128935000,bs,1128935000.0,1128935000,7300000.0,2026-07-13,NumberOfIssuedSharesAsOfFilingDateIssuedSharesTotalNumberOfSharesEtc,S100YQ0H,2026-07-13,160,J-GAAP,連結,2026-11-30,2026-05-31
3358,Ｔｒａｉｌｈｅａｄ　Ｇｌｏｂａｌ　Ｈｏｌｄｉｎｇｓ株式会社,848899000,1038358000,3196276000,2157917000,NetAssets,67.51,total,2157917000,NetAssets,67.51,2115285000.0,ShareholdersEquity,66.18,544956000,bs,544956000.0,544956000,37280900.0,2026-06-26,NumberOfIssuedSharesAsOfFilingDateIssuedSharesTotalNumberOfSharesEtc,S100YLWW,2026-06-26,120,J-GAAP,連結,2026-03-31,2026-03-31
3994,株式会社マネーフォワード,77332303000,86045317000,143626860000,57581543000,NetAssets,40.09,total,57581543000,NetAssets,40.09,38673216000.0,ShareholdersEquity,26.93,45386941000,bs,45386941000.0,44541957000,55701814.0,2026-07-13,NumberOfIssuedSharesAsOfFilingDateIssuedSharesTotalNumberOfSharesEtc,S100YQ0S,2026-07-13,160,J-GAAP,連結,2026-11-30,2026-05-31
5250,ＧＭＯプライム・ストラテジー株式会社,1334847000,184037000,1582542000,1398504000,NetAssets,88.37,total,1398504000,NetAssets,88.37,1388533000.0,ShareholdersEquity,87.74,1192121000,bs,1192121000.0,1192121000,3565200.0,2026-07-13,NumberOfIssuedSharesAsOfFilingDateIssuedSharesTotalNumberOfSharesEtc,S100YQ29,2026-07-13,160,J-GAAP,連結,2026-12-31,2026-05-31
6508,株式会社明電舎,240271000000,195136000000,373668000000,178531000000,NetAssets,47.78,total,178531000000,NetAssets,47.78,137774000000.0,ShareholdersEquity,36.87,31826000000,bs,31826000000.0,23639000000,45527540.0,2026-06-24,NumberOfIssuedSharesAsOfFilingDateIssuedSharesTotalNumberOfSharesEtc,S100YIHP,2026-06-24,120,J-GAAP,連結,2026-03-31,2026-03-31
8095,アステナホールディングス株式会社,46204000000,46068000000,74864000000,28796000000,NetAssets,38.46,total,28796000000,NetAssets,38.46,25475000000.0,ShareholdersEquity,34.03,8642000000,bs,8642000000.0,8640000000,41182421.0,2026-07-13,NumberOfIssuedSharesAsOfFilingDateIssuedSharesTotalNumberOfSharesEtc,S100YQAP,2026-07-13,160,J-GAAP,連結,2026-11-30,2026-05-31
7815,東京ボード工業株式会社,3463341000,9586593000,11239438000,1652845000,NetAssets,14.71,total,1652845000,NetAssets,14.71,722201000.0,ShareholdersEquity,6.43,1171854000,bs,1171854000.0,1171854000,3660369.0,2026-05-29,NumberOfIssuedSharesAsOfFilingDateIssuedSharesTotalNumberOfSharesEtc,S100Y7DO,2026-05-29,120,J-GAAP,連結,2026-02-28,2026-02-28
4361,川口化学工業株式会社,6485519000,5718615000,9014224000,3295608000,NetAssets,36.56,total,3295608000,NetAssets,36.56,3178170000.0,ShareholdersEquity,35.26,1987384000,bs,1987384000.0,1987384000,1220000.0,2026-07-10,NumberOfIssuedSharesAsOfFilingDateIssuedSharesTotalNumberOfSharesEtc,S100YP26,2026-07-10,160,J-GAAP,連結,2026-11-30,2026-05-31
1882,東亜道路工業株式会社,56296000000,33441000000,88501000000,55059000000,NetAssets,62.21,total,55059000000,NetAssets,62.21,49219000000.0,ShareholdersEquity,55.61,13909000000,bs,13909000000.0,13909000000,50394730.0,2026-06-25,NumberOfIssuedSharesAsOfFilingDateIssuedSharesTotalNumberOfSharesEtc,S100YFHW,2026-06-25,120,J-GAAP,連結,2026-03-31,2026-03-31
3089,テクノアルファ株式会社,2575935000,828756000,3128041000,2299284000,NetAssets,73.51,total,2299284000,NetAssets,73.51,2302074000.0,ShareholdersEquity,73.59,757339000,bs,757339000.0,757339000,2316000.0,2026-07-10,NumberOfIssuedSharesAsOfFilingDateIssuedSharesTotalNumberOfSharesEtc,S100YPSG,2026-07-10,160,J-GAAP,連結,2026-11-30,2026-05-31
4394,株式会社エクスモーション,1664874000,199704000,1873266000,1673561000,NetAssets,89.34,total,1673561000,NetAssets,89.34,1673561000.0,ShareholdersEquity,89.34,1458767000,bs,1458767000.0,1458595000,6051000.0,2026-07-10,NumberOfIssuedSharesAsOfFilingDateIssuedSharesTotalNumberOfSharesEtc,S100YPXK,2026-07-10,160,J-GAAP,連結,2026-11-30,2026-05-31
4182,三菱瓦斯化学株式会社,450491000000,433490000000,1113040000000,679550000000,NetAssets,61.05,total,679550000000,NetAssets,61.05,541268000000.0,ShareholdersEquity,48.63,68966000000,bs,68966000000.0,59096000000,211686599.0,2026-06-22,NumberOfIssuedSharesAsOfFilingDateIssuedSharesTotalNumberOfSharesEtc,S100YEUU,2026-06-22,120,J-GAAP,連結,2026-03-31,2026-03-31
8923,トーセイ株式会社,222999061000,198409084000,309601476000,111192391000,EquityIFRS,35.91,total,111192391000,EquityIFRS,35.91,111192391000.0,EquityAttributableToOwnersOfParentIFRS,35.91,48072529000,cf,,48072529000,97367600.0,2026-07-10,NumberOfIssuedSharesAsOfFilingDateIssuedSharesTotalNumberOfSharesEtc,S100YPDU,2026-07-10,160,IFRS,連結,2026-11-30,2026-05-31
1968,太平電業株式会社,123185000000,47426000000,175365000000,127939000000,NetAssets,72.96,total,127939000000,NetAssets,72.96,116109000000.0,ShareholdersEquity,66.21,35423000000,bs,35423000000.0,35169000000,65195940.0,2026-06-25,NumberOfIssuedSharesAsOfFilingDateIssuedSharesTotalNumberOfSharesEtc,S100YJVV,2026-06-25,120,J-GAAP,連結,2026-03-31,2026-03-31
6664,株式会社オプトエレクトロニクス,9895280000,4874510000,12471678000,7597167000,NetAssets,60.92,total,7597167000,NetAssets,60.92,5711378000.0,ShareholdersEquity,45.79,5147020000,bs,5147020000.0,5051825000,15000000.0,2026-07-10,NumberOfIssuedSharesAsOfFilingDateIssuedSharesTotalNumberOfSharesEtc,S100YPRY,2026-07-10,160,J-GAAP,連結,2026-11-30,2026-05-31
3192,株式会社白鳩,2079863000,2671673000,5121827000,2450153000,NetAssets,47.84,total,2450153000,NetAssets,47.84,2450153000.0,ShareholdersEquity,47.84,381420000,bs,381420000.0,381420000,6669700.0,2026-07-10,NumberOfIssuedSharesAsOfFilingDateIssuedSharesTotalNumberOfSharesEtc,S100YPQT,2026-07-10,160,J-GAAP,個別,2026-11-30,2026-05-31
9647,株式会社協和コンサルタンツ,7237689000,3713592000,8790143000,5076551000,NetAssets,57.75,total,5076551000,NetAssets,57.75,4818341000.0,ShareholdersEquity,54.82,5048143000,bs,5048143000.0,4789993000,586100.0,2026-07-10,NumberOfIssuedSharesAsOfFilingDateIssuedSharesTotalNumberOfSharesEtc,S100YPF2,2026-07-10,160,J-GAAP,連結,2026-11-30,2026-05-31
4992,北興化学工業株式会社,52627000000,32532000000,93170000000,60639000000,NetAssets,65.08,total,60639000000,NetAssets,65.08,42198000000.0,ShareholdersEquity,45.29,5209000000,bs,5209000000.0,5209000000,27485531.0,2026-07-10,NumberOfIssuedSharesAsOfFilingDateIssuedSharesTotalNumberOfSharesEtc,S100YPYD,2026-07-10,160,J-GAAP,連結,2026-11-30,2026-05-31
2734,株式会社サーラコーポレーション,94305000000,124881000000,222641000000,97759000000,NetAssets,43.91,total,97759000000,NetAssets,43.91,85317000000.0,ShareholdersEquity,38.32,29746000000,bs,29746000000.0,29375000000,66041147.0,2026-07-09,NumberOfIssuedSharesAsOfFilingDateIssuedSharesTotalNumberOfSharesEtc,S100YPG8,2026-07-09,160,J-GAAP,連結,2026-11-30,2026-05-31
4995,サンケイ化学株式会社,6156480000,5089695000,8842867000,3753171000,NetAssets,42.44,total,3753171000,NetAssets,42.44,3359584000.0,ShareholdersEquity,37.99,1953734000,bs,1953734000.0,1903734000,1019700.0,2026-07-09,NumberOfIssuedSharesAsOfFilingDateIssuedSharesTotalNumberOfSharesEtc,S100YPQF,2026-07-09,160,J-GAAP,連結,2026-11-30,2026-05-31
4187,大阪有機化学工業株式会社,41402838000,14183179000,69552373000,55369194000,NetAssets,79.61,total,55369194000,NetAssets,79.61,48247276000.0,ShareholdersEquity,69.37,17106653000,bs,17106653000.0,17106653000,22410038.0,2026-07-09,NumberOfIssuedSharesAsOfFilingDateIssuedSharesTotalNumberOfSharesEtc,S100YP70,2026-07-09,160,J-GAAP,連結,2026-11-30,2026-05-31
7991,マミヤ・オーピー株式会社,22248069000,13812127000,39929200000,26117072000,NetAssets,65.41,total,26117072000,NetAssets,65.41,23673364000.0,ShareholdersEquity,59.29,10342901000,bs,10342901000.0,9808575000,10508670.0,2026-06-24,NumberOfIssuedSharesAsOfFilingDateIssuedSharesTotalNumberOfSharesEtc,S100YJ8W,2026-06-24,120,J-GAAP,連結,2026-03-31,2026-03-31
7864,株式会社フジシールインターナショナル,138630000000,64817000000,226082000000,161264000000,NetAssets,71.33,total,161264000000,NetAssets,71.33,136508000000.0,ShareholdersEquity,60.38,35801000000,bs,35801000000.0,35344000000,60161956.0,2026-06-23,NumberOfIssuedSharesAsOfFilingDateIssuedSharesTotalNumberOfSharesEtc,S100YHJH,2026-06-23,120,J-GAAP,連結,2026-03-31,2026-03-31
4528,小野薬品工業株式会社,468308000000,249871000000,1106515000000,856643000000,EquityIFRS,77.42,total,856643000000,EquityIFRS,77.42,850727000000.0,EquityAttributableToOwnersOfParentIFRS,76.88,237046000000,cf,,237046000000,498692800.0,2026-06-15,NumberOfIssuedSharesAsOfFilingDateIssuedSharesTotalNumberOfSharesEtc,S100YA20,2026-06-15,120,IFRS,連結,2026-03-31,2026-03-31
3133,株式会社海帆,1621919000,4523008000,5016866000,493857000,NetAssets,9.84,total,493857000,NetAssets,9.84,248885000.0,ShareholdersEquity,4.96,472308000,bs,472308000.0,208286000,62415783.0,2026-06-26,NumberOfIssuedSharesAsOfFilingDateIssuedSharesTotalNumberOfSharesEtc,S100YLXQ,2026-06-26,120,J-GAAP,連結,2026-03-31,2026-03-31
7488,株式会社ヤガミ,13993686000,4152893000,18076693000,13923799000,NetAssets,77.03,total,13923799000,NetAssets,77.03,13803337000.0,ShareholdersEquity,76.36,8259529000,bs,8259529000.0,3959529000,5300000.0,2026-07-07,NumberOfIssuedSharesAsOfFilingDateIssuedSharesTotalNumberOfSharesEtc,S100YP3N,2026-07-07,120,J-GAAP,連結,2026-04-20,2026-04-20
9558,ジャパニアス株式会社,4723903000,2403387000,5779159000,3375771000,NetAssets,58.41,total,3375771000,NetAssets,58.41,3375771000.0,ShareholdersEquity,58.41,3070710000,bs,3070710000.0,3070710000,4014000.0,2026-07-07,NumberOfIssuedSharesAsOfFilingDateIssuedSharesTotalNumberOfSharesEtc,S100YP9M,2026-07-07,160,J-GAAP,個別,2026-11-30,2026-05-31
5133,株式会社テリロジーホールディングス,7819143000,6896455000,10261396000,3364940000,NetAssets,32.79,total,3364940000,NetAssets,32.79,3245554000.0,ShareholdersEquity,31.63,3269251000,bs,3269251000.0,3125868000,17111742.0,2026-06-23,NumberOfIssuedSharesAsOfFilingDateIssuedSharesTotalNumberOfSharesEtc,S100YGVT,2026-06-23,120,J-GAAP,連結,2026-03-31,2026-03-31
5243,ｎｏｔｅ株式会社,9912174000,3210709000,10934467000,7723757000,NetAssets,70.64,total,7723757000,NetAssets,70.64,7805466000.0,ShareholdersEquity,71.38,7357757000,bs,7357757000.0,7370644000,19369600.0,2026-07-07,NumberOfIssuedSharesAsOfFilingDateIssuedSharesTotalNumberOfSharesEtc,S100YP4R,2026-07-07,160,J-GAAP,連結,2026-11-30,2026-05-31
6233,ＫＬＡＳＳ株式会社,4911050000,6141794000,9315035000,3173241000,NetAssets,34.07,total,3173241000,NetAssets,34.07,3084977000.0,ShareholdersEquity,33.12,1195540000,bs,1195540000.0,839228000,5391000.0,2026-05-15,NumberOfIssuedSharesAsOfFilingDateIssuedSharesTotalNumberOfSharesEtc,S100Y3Z2,2026-05-15,160,J-GAAP,連結,2026-09-30,2026-03-31
6867,リーダー電子株式会社,3677001000,1255709000,4881799000,3626089000,NetAssets,74.28,total,3626089000,NetAssets,74.28,3716920000.0,ShareholdersEquity,76.14,1310685000,bs,1310685000.0,1310685000,4514301.0,2026-06-25,NumberOfIssuedSharesAsOfFilingDateIssuedSharesTotalNumberOfSharesEtc,S100YK63,2026-06-25,120,J-GAAP,連結,2026-03-31,2026-03-31
8015,豊田通商株式会社,5401670000000,5222519000000,8523667000000,3301147000000,EquityIFRS,38.73,total,3301147000000,EquityIFRS,38.73,3157520000000.0,EquityAttributableToOwnersOfParentIFRS,37.04,1403763000000,cf,,1403763000000,1062169548.0,2026-06-18,NumberOfIssuedSharesAsOfFilingDateIssuedSharesTotalNumberOfSharesEtc,S100YD8J,2026-06-18,120,IFRS,連結,2026-03-31,2026-03-31
3433,トーカロ株式会社,40875000000,16634000000,89291000000,72657000000,NetAssets,81.37,total,72657000000,NetAssets,81.37,64333000000.0,ShareholdersEquity,72.05,14735000000,bs,14735000000.0,14461000000,61200000.0,2026-06-22,NumberOfIssuedSharesAsOfFilingDateIssuedSharesTotalNumberOfSharesEtc,S100YFML,2026-06-22,120,J-GAAP,連結,2026-03-31,2026-03-31
6820,アイコム株式会社,50859000000,8884000000,81974000000,73090000000,NetAssets,89.16,total,73090000000,NetAssets,89.16,63819000000.0,ShareholdersEquity,77.85,27281000000,bs,27281000000.0,22588000000,14850000.0,2026-06-23,NumberOfIssuedSharesAsOfFilingDateIssuedSharesTotalNumberOfSharesEtc,S100YGGJ,2026-06-23,120,J-GAAP,連結,2026-03-31,2026-03-31
3186,株式会社ネクステージ,163324000000,171545000000,256338000000,84792000000,NetAssets,33.08,total,84792000000,NetAssets,33.08,84874000000.0,ShareholdersEquity,33.11,33341000000,bs,33341000000.0,33198000000,80905100.0,2026-07-06,NumberOfIssuedSharesAsOfFilingDateIssuedSharesTotalNumberOfSharesEtc,S100YOMQ,2026-07-06,160,J-GAAP,連結,2026-11-30,2026-05-31
4323,日本システム技術株式会社,18902314000,8472980000,25303471000,16830491000,NetAssets,66.51,total,16830491000,NetAssets,66.51,15779236000.0,ShareholdersEquity,62.36,9111977000,bs,9111977000.0,8810172000,24836920.0,2026-06-24,NumberOfIssuedSharesAsOfFilingDateIssuedSharesTotalNumberOfSharesEtc,S100YI5H,2026-06-24,120,J-GAAP,連結,2026-03-31,2026-03-31
2975,スター・マイカ・ホールディングス株式会社,130589970000,102338664000,136105594000,33766929000,NetAssets,24.81,total,33766929000,NetAssets,24.81,33269973000.0,ShareholdersEquity,24.44,4935275000,bs,4935275000.0,4935275000,38579000.0,2026-07-03,NumberOfIssuedSharesAsOfFilingDateIssuedSharesTotalNumberOfSharesEtc,S100YOC8,2026-07-03,160,J-GAAP,連結,2026-11-30,2026-05-31
2818,株式会社ピエトロ,4571400000,8111518000,14322221000,6210702000,NetAssets,43.36,total,6210702000,NetAssets,43.36,6136582000.0,ShareholdersEquity,42.85,2230537000,bs,2230537000.0,2272478000,7062230.0,2026-06-22,NumberOfIssuedSharesAsOfFilingDateIssuedSharesTotalNumberOfSharesEtc,S100YFQA,2026-06-22,120,J-GAAP,連結,2026-03-31,2026-03-31
3962,株式会社チェンジホールディングス,49339000000,50824000000,105605000000,54781000000,EquityIFRS,51.87,total,54781000000,EquityIFRS,51.87,46755000000.0,EquityAttributableToOwnersOfParentIFRS,44.27,26181000000,cf,,26181000000,73852362.0,2026-06-24,NumberOfIssuedSharesAsOfFilingDateIssuedSharesTotalNumberOfSharesEtc,S100YJC3,2026-06-24,120,IFRS,連結,2026-03-31,2026-03-31
2345,株式会社ＨＯＤＬ１,182096000,87106000,331120000,244013000,NetAssets,73.69,total,244013000,NetAssets,73.69,174939000.0,ShareholdersEquity,52.83,155876000,bs,155876000.0,155876000,18608733.0,2026-06-15,NumberOfIssuedSharesAsOfFilingDateIssuedSharesTotalNumberOfSharesEtc,S100YBOF,2026-06-15,160,J-GAAP,連結,2026-10-31,2026-04-30
5942,日本フイルコン株式会社,20999283000,19805319000,43316490000,23511171000,NetAssets,54.28,total,23511171000,NetAssets,54.28,18460013000.0,ShareholdersEquity,42.62,5018471000,bs,5018471000.0,4972554000,22167211.0,2026-07-03,NumberOfIssuedSharesAsOfFilingDateIssuedSharesTotalNumberOfSharesEtc,S100YOAB,2026-07-03,160,J-GAAP,連結,2026-11-30,2026-05-31
2332,株式会社クエスト,7364897000,2898261000,10356753000,7458492000,NetAssets,72.02,total,7458492000,NetAssets,72.02,7047886000.0,ShareholdersEquity,68.05,3057484000,bs,3057484000.0,3057484000,5487768.0,2026-06-19,NumberOfIssuedSharesAsOfFilingDateIssuedSharesTotalNumberOfSharesEtc,S100YAQJ,2026-06-19,120,J-GAAP,連結,2026-03-31,2026-03-31
5388,クニミネ工業株式会社,19025534000,3700719000,26844585000,23143865000,NetAssets,86.21,total,23143865000,NetAssets,86.21,21627910000.0,ShareholdersEquity,80.57,9573429000,bs,9573429000.0,9107401000,14450000.0,2026-06-26,NumberOfIssuedSharesAsOfFilingDateIssuedSharesTotalNumberOfSharesEtc,S100YLG9,2026-06-26,120,J-GAAP,連結,2026-03-31,2026-03-31
5253,カバー株式会社,25108000000,14944000000,34908000000,19964000000,NetAssets,57.19,total,19964000000,NetAssets,57.19,19963000000.0,ShareholdersEquity,57.19,16008000000,bs,16008000000.0,16008000000,65650100.0,2026-06-24,NumberOfIssuedSharesAsOfFilingDateIssuedSharesTotalNumberOfSharesEtc,S100YGT9,2026-06-24,120,J-GAAP,個別,2026-03-31,2026-03-31
9872,北恵株式会社,22993000000,12481000000,26585000000,14104000000,NetAssets,53.05,total,14104000000,NetAssets,53.05,13965000000.0,ShareholdersEquity,52.53,10968000000,bs,10968000000.0,10868000000,10011841.0,2026-07-03,NumberOfIssuedSharesAsOfFilingDateIssuedSharesTotalNumberOfSharesEtc,S100YO2E,2026-07-03,160,J-GAAP,個別,2026-11-20,2026-05-20
6155,高松機械工業株式会社,12494000000,4559000000,20828000000,16268000000,NetAssets,78.11,total,16268000000,NetAssets,78.11,14386000000.0,ShareholdersEquity,69.07,5556000000,bs,5556000000.0,3364000000,11020000.0,2026-06-24,NumberOfIssuedSharesAsOfFilingDateIssuedSharesTotalNumberOfSharesEtc,S100YHHC,2026-06-24,120,J-GAAP,連結,2026-03-31,2026-03-31
7042,株式会社アクセスグループ・ホールディングス,2276866000,1097841000,2573102000,1475260000,NetAssets,57.33,total,1475260000,NetAssets,57.33,1475260000.0,ShareholdersEquity,57.33,1427848000,bs,1427848000.0,1275848000,3468800.0,2026-06-25,NumberOfIssuedSharesAsOfFilingDateIssuedSharesTotalNumberOfSharesEtc,S100YKQI,2026-06-25,120,J-GAAP,連結,2026-03-31,2026-03-31
4750,株式会社ダイサン,6747408000,4454587000,10180824000,5726236000,NetAssets,56.25,total,5726236000,NetAssets,56.25,5487858000.0,ShareholdersEquity,53.9,2689340000,bs,2689340000.0,2689340000,7618000.0,2026-07-02,NumberOfIssuedSharesAsOfFilingDateIssuedSharesTotalNumberOfSharesEtc,S100YNWZ,2026-07-02,120,J-GAAP,連結,2026-04-20,2026-04-20
2323,株式会社ｆｏｎｆｕｎ,1344991000,1872130000,3285855000,1413724000,NetAssets,43.02,total,1413724000,NetAssets,43.02,1336840000.0,ShareholdersEquity,40.68,830064000,bs,830064000.0,780064000,21294120.0,2026-06-25,NumberOfIssuedSharesAsOfFilingDateIssuedSharesTotalNumberOfSharesEtc,S100YKRB,2026-06-25,120,J-GAAP,連結,2026-03-31,2026-03-31
7965,象印マホービン株式会社,81761000000,27411000000,119460000000,92049000000,NetAssets,77.05,total,92049000000,NetAssets,77.05,77109000000.0,ShareholdersEquity,64.55,34467000000,bs,34467000000.0,32251000000,72600000.0,2026-07-01,NumberOfIssuedSharesAsOfFilingDateIssuedSharesTotalNumberOfSharesEtc,S100YJ5Y,2026-07-01,160,J-GAAP,連結,2026-11-20,2026-05-20
7859,株式会社アルメディオ,6071405000,539635000,8444192000,7904557000,NetAssets,93.61,total,7904557000,NetAssets,93.61,7094353000.0,ShareholdersEquity,84.01,3765646000,bs,3765646000.0,3280096000,20806316.0,2026-06-23,NumberOfIssuedSharesAsOfFilingDateIssuedSharesTotalNumberOfSharesEtc,S100YHHV,2026-06-23,120,J-GAAP,連結,2026-03-31,2026-03-31
3915,株式会社テラスカイ,15554238000,7245441000,22212445000,14967003000,NetAssets,67.38,total,14967003000,NetAssets,67.38,10586910000.0,ShareholdersEquity,47.66,8265447000,bs,8265447000.0,8265447000,12918380.0,2026-05-25,NumberOfIssuedSharesAsOfFilingDateIssuedSharesTotalNumberOfSharesEtc,S100Y60F,2026-05-25,120,J-GAAP,連結,2026-02-28,2026-02-28
6166,株式会社中村超硬,1431897000,612934000,1711024000,1098090000,NetAssets,64.18,total,1098090000,NetAssets,64.18,1106953000.0,ShareholdersEquity,64.7,1083629000,bs,1083629000.0,1083629000,11020900.0,2026-06-29,NumberOfIssuedSharesAsOfFilingDateIssuedSharesTotalNumberOfSharesEtc,S100YM8Y,2026-06-29,120,J-GAAP,連結,2026-03-31,2026-03-31
6574,株式会社コンヴァノ,7657326000,8004930000,18896397000,10891467000,EquityIFRS,57.64,total,10891467000,EquityIFRS,57.64,10891467000.0,EquityAttributableToOwnersOfParentIFRS,57.64,4252237000,cf,,4252237000,509156000.0,2026-06-30,NumberOfIssuedSharesAsOfFilingDateIssuedSharesTotalNumberOfSharesEtc,S100YN95,2026-06-30,120,IFRS,連結,2026-03-31,2026-03-31
7985,ネポン株式会社,4360065000,3444235000,5887660000,2443424000,NetAssets,41.5,total,2443424000,NetAssets,41.5,2349268000.0,ShareholdersEquity,39.9,592590000,bs,592590000.0,565590000,962948.0,2026-06-30,NumberOfIssuedSharesAsOfFilingDateIssuedSharesTotalNumberOfSharesEtc,S100YN9E,2026-06-30,120,J-GAAP,連結,2026-03-31,2026-03-31
7601,株式会社ポプラ,1804608000,3074825000,3953928000,879102000,NetAssets,22.23,total,879102000,NetAssets,22.23,888410000.0,ShareholdersEquity,22.47,841144000,bs,841144000.0,841144000,13958533.0,2026-05-27,NumberOfIssuedSharesAsOfFilingDateIssuedSharesTotalNumberOfSharesEtc,S100Y6BQ,2026-05-27,120,J-GAAP,連結,2026-02-28,2026-02-28
3925,株式会社ダブルスタンダード,6385691000,703731000,7383191000,6679460000,NetAssets,90.47,total,6679460000,NetAssets,90.47,6679460000.0,ShareholdersEquity,90.47,5286741000,bs,5286741000.0,5286741000,13580000.0,2026-06-30,NumberOfIssuedSharesAsOfFilingDateIssuedSharesTotalNumberOfSharesEtc,S100YN9T,2026-06-30,120,J-GAAP,連結,2026-03-31,2026-03-31
4240,クラスターテクノロジー株式会社,1464421000,270301000,2024695000,1754394000,NetAssets,86.65,total,1754394000,NetAssets,86.65,1754394000.0,ShareholdersEquity,86.65,1091818000,bs,1091818000.0,651700000,5692800.0,2026-06-30,NumberOfIssuedSharesAsOfFilingDateIssuedSharesTotalNumberOfSharesEtc,S100YNDU,2026-06-30,120,J-GAAP,個別,2026-03-31,2026-03-31
5471,大同特殊鋼株式会社,447288000000,342922000000,856380000000,513457000000,EquityIFRS,59.96,total,513457000000,EquityIFRS,59.96,472565000000.0,EquityAttributableToOwnersOfParentIFRS,55.18,63072000000,cf,,63072000000,217243845.0,2026-06-30,NumberOfIssuedSharesAsOfFilingDateIssuedSharesTotalNumberOfSharesEtc,S100YNEC,2026-06-30,120,IFRS,連結,2026-03-31,2026-03-31
6706,電気興業株式会社,38472000000,15842000000,53047000000,37205000000,NetAssets,70.14,total,37205000000,NetAssets,70.14,34429000000.0,ShareholdersEquity,64.9,11644000000,bs,11644000000.0,11422000000,9900000.0,2026-06-30,NumberOfIssuedSharesAsOfFilingDateIssuedSharesTotalNumberOfSharesEtc,S100YH6S,2026-06-30,120,J-GAAP,連結,2026-03-31,2026-03-31
9085,北海道中央バス株式会社,21265808000,13664428000,46725010000,33060582000,NetAssets,70.76,total,33060582000,NetAssets,70.76,31378146000.0,ShareholdersEquity,67.15,9521791000,bs,9521791000.0,11761212000,3146000.0,2026-06-30,NumberOfIssuedSharesAsOfFilingDateIssuedSharesTotalNumberOfSharesEtc,S100YNFT,2026-06-30,120,J-GAAP,連結,2026-03-31,2026-03-31
9818,大丸エナウィン株式会社,9534654000,7215780000,23168741000,15952961000,NetAssets,68.86,total,15952961000,NetAssets,68.86,15420134000.0,ShareholdersEquity,66.56,3362368000,bs,3362368000.0,3222296000,8046500.0,2026-06-24,NumberOfIssuedSharesAsOfFilingDateIssuedSharesTotalNumberOfSharesEtc,S100YII7,2026-06-24,120,J-GAAP,連結,2026-03-31,2026-03-31
2321,株式会社ソフトフロントホールディングス,2039935000,342338000,2213558000,1871220000,NetAssets,84.53,total,1871220000,NetAssets,84.53,1683076000.0,ShareholdersEquity,76.03,1704431000,bs,1704431000.0,1704431000,51987399.0,2026-06-30,NumberOfIssuedSharesAsOfFilingDateIssuedSharesTotalNumberOfSharesEtc,S100YNI3,2026-06-30,120,J-GAAP,連結,2026-03-31,2026-03-31
9060,日本ロジテム株式会社,15842884000,34695380000,51312006000,16616625000,NetAssets,32.38,total,16616625000,NetAssets,32.38,14068337000.0,ShareholdersEquity,27.42,5272227000,bs,5272227000.0,4635281000,1383310.0,2026-06-30,NumberOfIssuedSharesAsOfFilingDateIssuedSharesTotalNumberOfSharesEtc,S100YNBV,2026-06-30,120,J-GAAP,連結,2026-03-31,2026-03-31
4650,ＳＤエンターテイメント株式会社,1795936000,2891100000,4693669000,1802568000,NetAssets,38.4,total,1802568000,NetAssets,38.4,1788725000.0,ShareholdersEquity,38.11,1025095000,bs,1025095000.0,1025095000,8997000.0,2026-06-30,NumberOfIssuedSharesAsOfFilingDateIssuedSharesTotalNumberOfSharesEtc,S100YNJD,2026-06-30,120,J-GAAP,連結,2026-03-31,2026-03-31
4936,株式会社アクシージア,7668501000,2050638000,9649628000,7598990000,NetAssets,78.75,total,7598990000,NetAssets,78.75,7305771000.0,ShareholdersEquity,75.71,4229648000,bs,4229648000.0,4221946000,24107000.0,2026-03-13,NumberOfIssuedSharesAsOfFilingDateIssuedSharesTotalNumberOfSharesEtc,S100XQMI,2026-03-13,160,J-GAAP,連結,2026-07-31,2026-01-31
5721,エスクリプトエナジー株式会社,2227255000,966429000,5668352000,4701922000,NetAssets,82.95,total,4701922000,NetAssets,82.95,4679610000.0,ShareholdersEquity,82.56,1502265000,bs,1502265000.0,1901404000,177566337.0,2026-06-30,NumberOfIssuedSharesAsOfFilingDateIssuedSharesTotalNumberOfSharesEtc,S100YNKO,2026-06-30,120,J-GAAP,個別,2026-03-31,2026-03-31
9610,ウィルソン・ラーニング　ワールドワイド株式会社,1301961000,630158000,1406872000,776714000,NetAssets,55.21,total,776714000,NetAssets,55.21,167125000.0,ShareholdersEquity,11.88,381375000,bs,381375000.0,346745000,11155580.0,2026-06-30,NumberOfIssuedSharesAsOfFilingDateIssuedSharesTotalNumberOfSharesEtc,S100YNLK,2026-06-30,120,J-GAAP,連結,2026-03-31,2026-03-31
6840,株式会社ＡＫＩＢＡホールディングス,16769908000,12796618000,17764969000,4968351000,NetAssets,27.97,total,4968351000,NetAssets,27.97,4414597000.0,ShareholdersEquity,24.85,5961062000,bs,5961062000.0,5911646000,9192560.0,2026-06-30,NumberOfIssuedSharesAsOfFilingDateIssuedSharesTotalNumberOfSharesEtc,S100YH7L,2026-06-30,120,J-GAAP,連結,2026-03-31,2026-03-31
6562,株式会社ジーニー,9347653000,16539730000,27377104000,10837373000,EquityIFRS,39.59,total,10837373000,EquityIFRS,39.59,9854336000.0,EquityAttributableToOwnersOfParentIFRS,35.99,2969576000,cf,,2969576000,28056400.0,2026-06-30,NumberOfIssuedSharesAsOfFilingDateIssuedSharesTotalNumberOfSharesEtc,S100YNBB,2026-06-30,120,IFRS,連結,2026-03-31,2026-03-31
554A,株式会社バトンズ,973221000,481519000,1187645000,706125000,NetAssets,59.46,total,706125000,NetAssets,59.46,706125000.0,ShareholdersEquity,59.46,790563000,bs,790563000.0,790563000,4721600.0,2026-06-30,NumberOfIssuedSharesAsOfFilingDateIssuedSharesTotalNumberOfSharesEtc,S100YNO3,2026-06-30,120,J-GAAP,個別,2026-03-31,2026-03-31
7886,ヤマト　モビリティ　＆　Ｍｆｇ．株式会社,3377407000,4565371000,5135249000,569878000,NetAssets,11.1,total,569878000,NetAssets,11.1,446479000.0,ShareholdersEquity,8.69,608281000,bs,608281000.0,608281000,1661179.0,2026-06-30,NumberOfIssuedSharesAsOfFilingDateIssuedSharesTotalNumberOfSharesEtc,S100YMK7,2026-06-30,120,J-GAAP,連結,2026-03-31,2026-03-31
2134,北浜キャピタルパートナーズ株式会社,2872460000,1335451000,6790796000,5455344000,NetAssets,80.33,total,5455344000,NetAssets,80.33,5231072000.0,ShareholdersEquity,77.03,544767000,bs,544767000.0,544767000,551440993.0,2026-06-30,NumberOfIssuedSharesAsOfFilingDateIssuedSharesTotalNumberOfSharesEtc,S100YNIS,2026-06-30,120,J-GAAP,連結,2026-03-31,2026-03-31
6069,トレンダーズ株式会社,8480239000,8225468000,12512112000,4286644000,NetAssets,34.26,total,4286644000,NetAssets,34.26,4269402000.0,ShareholdersEquity,34.12,4777491000,bs,4777491000.0,4777491000,8101000.0,2026-06-30,NumberOfIssuedSharesAsOfFilingDateIssuedSharesTotalNumberOfSharesEtc,S100YNGH,2026-06-30,120,J-GAAP,連結,2026-03-31,2026-03-31
147A,株式会社ソラコム,12799994000,3752216000,15499947000,11747730000,NetAssets,75.79,total,11747730000,NetAssets,75.79,10720698000.0,ShareholdersEquity,69.17,9269384000,bs,9269384000.0,9269384000,45740509.0,2026-06-30,NumberOfIssuedSharesAsOfFilingDateIssuedSharesTotalNumberOfSharesEtc,S100YGJH,2026-06-30,120,J-GAAP,連結,2026-03-31,2026-03-31
4882,株式会社ペルセウスプロテオミクス,1608859000,405771000,1623541000,1217770000,NetAssets,75.01,total,1217770000,NetAssets,75.01,1137388000.0,ShareholdersEquity,70.06,1515346000,bs,1515346000.0,1515346000,16999600.0,2026-06-22,NumberOfIssuedSharesAsOfFilingDateIssuedSharesTotalNumberOfSharesEtc,S100YE8V,2026-06-22,120,J-GAAP,個別,2026-03-31,2026-03-31
7138,株式会社ＴＯＲＩＣＯ,1358563000,605010000,2239977000,1634967000,NetAssets,72.99,total,1634967000,NetAssets,72.99,1616231000.0,ShareholdersEquity,72.15,660604000,bs,660604000.0,660604000,16201892.0,2026-06-30,NumberOfIssuedSharesAsOfFilingDateIssuedSharesTotalNumberOfSharesEtc,S100YNOG,2026-06-30,120,J-GAAP,連結,2026-03-31,2026-03-31
8154,加賀電子株式会社,342368000000,220177000000,403694000000,183516000000,NetAssets,45.46,total,183516000000,NetAssets,45.46,153948000000.0,ShareholdersEquity,38.13,89706000000,bs,89706000000.0,88292000000,52486836.0,2026-06-30,NumberOfIssuedSharesAsOfFilingDateIssuedSharesTotalNumberOfSharesEtc,S100YNQJ,2026-06-30,120,J-GAAP,連結,2026-03-31,2026-03-31
2340,株式会社　極楽湯ホールディングス,2810110000,8165289000,13071453000,4906163000,NetAssets,37.53,total,4906163000,NetAssets,37.53,4521796000.0,ShareholdersEquity,34.59,1519949000,bs,1519949000.0,1519949000,31722000.0,2026-06-29,NumberOfIssuedSharesAsOfFilingDateIssuedSharesTotalNumberOfSharesEtc,S100YMBF,2026-06-29,120,J-GAAP,連結,2026-03-31,2026-03-31
8746,ｕｎｂａｎｋｅｄ株式会社,25443000000,23582000000,26883000000,3300000000,NetAssets,12.28,total,3300000000,NetAssets,12.28,3024000000.0,ShareholdersEquity,11.25,2059000000,bs,2059000000.0,2059000000,18192682.0,2026-06-30,NumberOfIssuedSharesAsOfFilingDateIssuedSharesTotalNumberOfSharesEtc,S100YNMZ,2026-06-30,120,J-GAAP,連結,2026-03-31,2026-03-31
3686,株式会社ディー・エル・イー,1208433000,498626000,1829480000,1330854000,NetAssets,72.74,total,1330854000,NetAssets,72.74,892027000.0,ShareholdersEquity,48.76,818328000,bs,818328000.0,818328000,43448440.0,2026-06-30,NumberOfIssuedSharesAsOfFilingDateIssuedSharesTotalNumberOfSharesEtc,S100YNSR,2026-06-30,120,J-GAAP,連結,2026-03-31,2026-03-31
1909,日本ドライケミカル株式会社,39420592000,20667003000,57023919000,36356916000,NetAssets,63.76,total,36356916000,NetAssets,63.76,29176427000.0,ShareholdersEquity,51.17,10656990000,bs,10656990000.0,10596990000,28727248.0,2026-06-30,NumberOfIssuedSharesAsOfFilingDateIssuedSharesTotalNumberOfSharesEtc,S100YNKG,2026-06-30,120,J-GAAP,連結,2026-03-31,2026-03-31
6579,ログリー株式会社,733963000,497930000,913179000,415249000,NetAssets,45.47,total,415249000,NetAssets,45.47,401534000.0,ShareholdersEquity,43.97,459079000,bs,459079000.0,449064000,3803000.0,2026-06-30,NumberOfIssuedSharesAsOfFilingDateIssuedSharesTotalNumberOfSharesEtc,S100YNSQ,2026-06-30,120,J-GAAP,連結,2026-03-31,2026-03-31
5484,東北特殊鋼株式会社,19320397000,6898034000,36363521000,29465487000,NetAssets,81.03,total,29465487000,NetAssets,81.03,27883460000.0,ShareholdersEquity,76.68,7109943000,bs,7109943000.0,10609943000,7550000.0,2026-06-30,NumberOfIssuedSharesAsOfFilingDateIssuedSharesTotalNumberOfSharesEtc,S100YNM9,2026-06-30,120,J-GAAP,連結,2026-03-31,2026-03-31
8136,株式会社サンリオ,168567000000,78713000000,234684000000,155971000000,NetAssets,66.46,total,155971000000,NetAssets,66.46,135202000000.0,ShareholdersEquity,57.61,125433000000,bs,125433000000.0,96675000000,1277041515.0,2026-06-30,NumberOfIssuedSharesAsOfFilingDateIssuedSharesTotalNumberOfSharesEtc,S100YNR0,2026-06-30,120,J-GAAP,連結,2026-03-31,2026-03-31
4444,株式会社インフォネット,1055999000,845493000,1933275000,1087782000,NetAssets,56.27,total,1087782000,NetAssets,56.27,1087782000.0,ShareholdersEquity,56.27,377054000,bs,377054000.0,367054000,2049093.0,2026-06-26,NumberOfIssuedSharesAsOfFilingDateIssuedSharesTotalNumberOfSharesEtc,S100YLDD,2026-06-26,120,J-GAAP,連結,2026-03-31,2026-03-31
3933,チエル株式会社,7401959000,8820987000,12198946000,3377958000,NetAssets,27.69,total,3377958000,NetAssets,27.69,3317415000.0,ShareholdersEquity,27.19,3590855000,bs,3590855000.0,3490855000,7872000.0,2026-06-30,NumberOfIssuedSharesAsOfFilingDateIssuedSharesTotalNumberOfSharesEtc,S100YNS5,2026-06-30,120,J-GAAP,連結,2026-03-31,2026-03-31
6195,株式会社ホープ,2165810000,1576196000,2623713000,1047517000,NetAssets,39.92,total,1047517000,NetAssets,39.92,1053280000.0,ShareholdersEquity,40.14,1147150000,bs,1147150000.0,1036107000,16465800.0,2026-06-29,NumberOfIssuedSharesAsOfFilingDateIssuedSharesTotalNumberOfSharesEtc,S100YMFF,2026-06-29,120,J-GAAP,連結,2026-03-31,2026-03-31
7565,萬世電機株式会社,19509054000,11425956000,24560451000,13134494000,NetAssets,53.48,total,13134494000,NetAssets,53.48,11947764000.0,ShareholdersEquity,48.65,8253545000,bs,8253545000.0,5653545000,1636200.0,2026-06-29,NumberOfIssuedSharesAsOfFilingDateIssuedSharesTotalNumberOfSharesEtc,S100YLNO,2026-06-29,120,J-GAAP,連結,2026-03-31,2026-03-31
2146,ＵＴグループ株式会社,52402000000,31331000000,63473000000,32141000000,NetAssets,50.64,total,32141000000,NetAssets,50.64,25226000000.0,ShareholdersEquity,39.74,29507000000,bs,29507000000.0,29507000000,601286745.0,2026-06-29,NumberOfIssuedSharesAsOfFilingDateIssuedSharesTotalNumberOfSharesEtc,S100YKK1,2026-06-29,120,J-GAAP,連結,2026-03-31,2026-03-31
7709,クボテック株式会社,579066000,749871000,805938000,56066000,NetAssets,6.96,total,56066000,NetAssets,6.96,119212000.0,ShareholdersEquity,14.79,169976000,bs,169976000.0,113826000,13830000.0,2026-06-29,NumberOfIssuedSharesAsOfFilingDateIssuedSharesTotalNumberOfSharesEtc,S100XQ6A,2026-06-29,120,J-GAAP,連結,2026-03-31,2026-03-31
7980,株式会社　重松製作所,11552850000,12152570000,21588984000,9436414000,NetAssets,43.71,total,9436414000,NetAssets,43.71,7933916000.0,ShareholdersEquity,36.75,2445871000,bs,2445871000.0,1535771000,7200000.0,2026-06-29,NumberOfIssuedSharesAsOfFilingDateIssuedSharesTotalNumberOfSharesEtc,S100YKGZ,2026-06-29,120,J-GAAP,個別,2026-03-31,2026-03-31
7426,株式会社　山大,2224033000,2795193000,4661026000,1865832000,NetAssets,40.03,total,1865832000,NetAssets,40.03,1702731000.0,ShareholdersEquity,36.53,772348000,bs,772348000.0,769348000,1187368.0,2026-06-29,NumberOfIssuedSharesAsOfFilingDateIssuedSharesTotalNumberOfSharesEtc,S100YMIT,2026-06-29,120,J-GAAP,連結,2026-03-31,2026-03-31
3059,ヒラキ株式会社,9885835000,8420936000,14422037000,6001101000,NetAssets,41.61,total,6001101000,NetAssets,41.61,5886051000.0,ShareholdersEquity,40.81,6016320000,bs,6016320000.0,4616320000,5155600.0,2026-06-29,NumberOfIssuedSharesAsOfFilingDateIssuedSharesTotalNumberOfSharesEtc,S100YJ9F,2026-06-29,120,J-GAAP,連結,2026-03-31,2026-03-31
7399,株式会社ナンシン,10140575000,2479977000,14613023000,12133045000,NetAssets,83.03,total,12133045000,NetAssets,83.03,11727890000.0,ShareholdersEquity,80.26,4139149000,bs,4139149000.0,3023812000,7708000.0,2026-06-29,NumberOfIssuedSharesAsOfFilingDateIssuedSharesTotalNumberOfSharesEtc,S100YM6C,2026-06-29,120,J-GAAP,連結,2026-03-31,2026-03-31
3156,株式会社レスター,280536000000,240047000000,349551000000,109504000000,NetAssets,31.33,total,109504000000,NetAssets,31.33,83697000000.0,ShareholdersEquity,23.94,44930000000,bs,44930000000.0,44722000000,30072643.0,2026-06-29,NumberOfIssuedSharesAsOfFilingDateIssuedSharesTotalNumberOfSharesEtc,S100YJ4V,2026-06-29,120,J-GAAP,連結,2026-03-31,2026-03-31
7490,日新商事株式会社,19891231000,16172797000,42881243000,26708446000,NetAssets,62.28,total,26708446000,NetAssets,62.28,21887306000.0,ShareholdersEquity,51.04,7447679000,bs,7447679000.0,7447679000,7600000.0,2026-06-29,NumberOfIssuedSharesAsOfFilingDateIssuedSharesTotalNumberOfSharesEtc,S100YKC9,2026-06-29,120,J-GAAP,連結,2026-03-31,2026-03-31
5966,京都機械工具株式会社,9177225000,3172345000,15790252000,12617906000,NetAssets,79.91,total,12617906000,NetAssets,79.91,11522593000.0,ShareholdersEquity,72.97,3081608000,bs,3081608000.0,3081608000,2477435.0,2026-06-29,NumberOfIssuedSharesAsOfFilingDateIssuedSharesTotalNumberOfSharesEtc,S100YJPO,2026-06-29,120,J-GAAP,連結,2026-03-31,2026-03-31
2763,株式会社エフティグループ,26875000000,10058000000,45345000000,35287000000,EquityIFRS,77.82,total,35287000000,EquityIFRS,77.82,35287000000.0,EquityAttributableToOwnersOfParentIFRS,77.82,18057000000,cf,,18057000000,30342268.0,2026-06-29,NumberOfIssuedSharesAsOfFilingDateIssuedSharesTotalNumberOfSharesEtc,S100YLMI,2026-06-29,120,IFRS,連結,2026-03-31,2026-03-31
3224,株式会社ゼネラル・オイスター,1601478000,1462357000,3011309000,1548952000,NetAssets,51.44,total,1548952000,NetAssets,51.44,1531458000.0,ShareholdersEquity,50.86,779539000,bs,779539000.0,779539000,5339600.0,2026-06-29,NumberOfIssuedSharesAsOfFilingDateIssuedSharesTotalNumberOfSharesEtc,S100YMM9,2026-06-29,120,J-GAAP,連結,2026-03-31,2026-03-31
7872,エステールホールディングス株式会社,23678000000,17802000000,30087000000,12285000000,NetAssets,40.83,total,12285000000,NetAssets,40.83,11350000000.0,ShareholdersEquity,37.72,5111000000,bs,5111000000.0,5111000000,11459223.0,2026-06-29,NumberOfIssuedSharesAsOfFilingDateIssuedSharesTotalNumberOfSharesEtc,S100YLKC,2026-06-29,120,J-GAAP,連結,2026-03-31,2026-03-31
9423,株式会社フォーバル・リアルストレート,1778046000,1128303000,1874298000,745995000,NetAssets,39.8,total,745995000,NetAssets,39.8,745995000.0,ShareholdersEquity,39.8,973764000,bs,973764000.0,973764000,24277800.0,2026-06-29,NumberOfIssuedSharesAsOfFilingDateIssuedSharesTotalNumberOfSharesEtc,S100YKOH,2026-06-29,120,J-GAAP,連結,2026-03-31,2026-03-31
2656,株式会社ベクターホールディングス,898026000,110581000,1196439000,1085858000,NetAssets,90.76,total,1085858000,NetAssets,90.76,1036934000.0,ShareholdersEquity,86.67,423535000,bs,423535000.0,423535000,31988900.0,2026-06-29,NumberOfIssuedSharesAsOfFilingDateIssuedSharesTotalNumberOfSharesEtc,S100YLWG,2026-06-29,120,J-GAAP,連結,2026-03-31,2026-03-31
7031,株式会社インバウンドテック,1821336000,832732000,2553550000,1720818000,NetAssets,67.39,total,1720818000,NetAssets,67.39,1373392000.0,ShareholdersEquity,53.78,1336376000,bs,1336376000.0,1336376000,2766391.0,2026-06-29,NumberOfIssuedSharesAsOfFilingDateIssuedSharesTotalNumberOfSharesEtc,S100YMRC,2026-06-29,120,J-GAAP,連結,2026-03-31,2026-03-31
3293,アズマハウス株式会社,8780790000,14763338000,32056360000,17293022000,NetAssets,53.95,total,17293022000,NetAssets,53.95,17293022000.0,ShareholdersEquity,53.95,4739751000,bs,4739751000.0,3488888000,8063400.0,2026-06-29,NumberOfIssuedSharesAsOfFilingDateIssuedSharesTotalNumberOfSharesEtc,S100YL9X,2026-06-29,120,J-GAAP,連結,2026-03-31,2026-03-31
6356,日本ギア工業株式会社,11990951000,2719975000,17201128000,14481153000,NetAssets,84.19,total,14481153000,NetAssets,84.19,13689678000.0,ShareholdersEquity,79.59,6125746000,bs,6125746000.0,6125746000,14280000.0,2026-06-29,NumberOfIssuedSharesAsOfFilingDateIssuedSharesTotalNumberOfSharesEtc,S100YMQ1,2026-06-29,120,J-GAAP,個別,2026-03-31,2026-03-31
7524,マルシェ株式会社,1969489000,2165620000,2866890000,701269000,NetAssets,24.46,total,701269000,NetAssets,24.46,678354000.0,ShareholdersEquity,23.66,1429081000,bs,1429081000.0,1429081000,16550690.0,2026-06-29,NumberOfIssuedSharesAsOfFilingDateIssuedSharesTotalNumberOfSharesEtc,S100YML0,2026-06-29,120,J-GAAP,個別,2026-03-31,2026-03-31
7462,株式会社ＣＡＰＩＴＡ,4032835000,3443126000,5430368000,1987241000,NetAssets,36.59,total,1987241000,NetAssets,36.59,1633976000.0,ShareholdersEquity,30.09,1471595000,bs,1471595000.0,1291595000,4111000.0,2026-06-29,NumberOfIssuedSharesAsOfFilingDateIssuedSharesTotalNumberOfSharesEtc,S100YM73,2026-06-29,120,J-GAAP,連結,2026-03-31,2026-03-31
9904,株式会社ベリテ,7085000000,4264000000,8485000000,4220000000,NetAssets,49.73,total,4220000000,NetAssets,49.73,4220000000.0,ShareholdersEquity,49.73,3071000000,bs,3071000000.0,3060000000,27230825.0,2026-06-22,NumberOfIssuedSharesAsOfFilingDateIssuedSharesTotalNumberOfSharesEtc,S100YGMS,2026-06-22,120,J-GAAP,個別,2026-03-31,2026-03-31
3205,株式会社ダイドーリミテッド,21033000000,25136000000,36940000000,11804000000,NetAssets,31.95,total,11804000000,NetAssets,31.95,7716000000.0,ShareholdersEquity,20.89,7438000000,bs,7438000000.0,7438000000,30696897.0,2026-06-29,NumberOfIssuedSharesAsOfFilingDateIssuedSharesTotalNumberOfSharesEtc,S100YMAI,2026-06-29,120,J-GAAP,連結,2026-03-31,2026-03-31
7538,株式会社大水,20181000000,15528000000,28371000000,12842000000,NetAssets,45.26,total,12842000000,NetAssets,45.26,9817000000.0,ShareholdersEquity,34.6,2558000000,bs,2558000000.0,2558000000,13774819.0,2026-06-29,NumberOfIssuedSharesAsOfFilingDateIssuedSharesTotalNumberOfSharesEtc,S100YM6T,2026-06-29,120,J-GAAP,連結,2026-03-31,2026-03-31
7721,東京計器株式会社,57578000000,38625000000,84781000000,46155000000,NetAssets,54.44,total,46155000000,NetAssets,54.44,39626000000.0,ShareholdersEquity,46.74,4022000000,bs,4022000000.0,3954000000,17076439.0,2026-06-29,NumberOfIssuedSharesAsOfFilingDateIssuedSharesTotalNumberOfSharesEtc,S100YMS0,2026-06-29,120,J-GAAP,連結,2026-03-31,2026-03-31
2152,幼児活動研究会株式会社,10267427000,3483520000,14486829000,11003308000,NetAssets,75.95,total,11003308000,NetAssets,75.95,10716633000.0,ShareholdersEquity,73.98,9872691000,bs,9872691000.0,9872691000,11784000.0,2026-06-17,NumberOfIssuedSharesAsOfFilingDateIssuedSharesTotalNumberOfSharesEtc,S100YD0S,2026-06-17,120,J-GAAP,個別,2026-03-31,2026-03-31
3521,テルマー湯ホールディングス株式会社,1525857000,1032454000,6000217000,4967762000,NetAssets,82.79,total,4967762000,NetAssets,82.79,4928134000.0,ShareholdersEquity,82.13,1300584000,bs,1300584000.0,1292184000,26466366.0,2026-06-29,NumberOfIssuedSharesAsOfFilingDateIssuedSharesTotalNumberOfSharesEtc,S100YMXL,2026-06-29,120,J-GAAP,連結,2026-03-31,2026-03-31
5482,愛知製鋼株式会社,158920000000,149916000000,398843000000,248926000000,EquityIFRS,62.41,total,248926000000,EquityIFRS,62.41,236265000000.0,EquityAttributableToOwnersOfParentIFRS,59.24,33574000000,cf,,33574000000,64520820.0,2026-06-29,NumberOfIssuedSharesAsOfFilingDateIssuedSharesTotalNumberOfSharesEtc,S100YLIN,2026-06-29,120,IFRS,連結,2026-03-31,2026-03-31
3179,シュッピン株式会社,14502282000,7841561000,18096449000,10254888000,NetAssets,56.67,total,10254888000,NetAssets,56.67,10254888000.0,ShareholdersEquity,56.67,1814663000,bs,1814663000.0,1814663000,21354291.0,2026-06-23,NumberOfIssuedSharesAsOfFilingDateIssuedSharesTotalNumberOfSharesEtc,S100YHC7,2026-06-23,120,J-GAAP,個別,2026-03-31,2026-03-31
7522,ワタミ株式会社,56183000000,44062000000,74556000000,30493000000,NetAssets,40.9,total,30493000000,NetAssets,40.9,23456000000.0,ShareholdersEquity,31.46,43570000000,bs,43570000000.0,14704000000,42685000.0,2026-06-29,NumberOfIssuedSharesAsOfFilingDateIssuedSharesTotalNumberOfSharesEtc,S100YMJJ,2026-06-29,120,J-GAAP,連結,2026-03-31,2026-03-31
549A,ヒトトヒトホールディングス株式会社,3258000000,7942000000,10814000000,2871000000,EquityIFRS,26.55,total,2871000000,EquityIFRS,26.55,2871000000.0,EquityAttributableToOwnersOfParentIFRS,26.55,1273000000,cf,,1273000000,14000000.0,2026-06-29,NumberOfIssuedSharesAsOfFilingDateIssuedSharesTotalNumberOfSharesEtc,S100YM06,2026-06-29,120,IFRS,連結,2026-03-31,2026-03-31
7863,株式会社平賀,3879337000,3063145000,7503113000,4439967000,NetAssets,59.17,total,4439967000,NetAssets,59.17,3969853000.0,ShareholdersEquity,52.91,2338376000,bs,2338376000.0,2338376000,4015585.0,2026-06-29,NumberOfIssuedSharesAsOfFilingDateIssuedSharesTotalNumberOfSharesEtc,S100YLE6,2026-06-29,120,J-GAAP,個別,2026-03-31,2026-03-31
7836,アビックス株式会社,3162569000,1714711000,3698125000,1983414000,NetAssets,53.63,total,1983414000,NetAssets,53.63,1962348000.0,ShareholdersEquity,53.06,1134314000,bs,1134314000.0,1134314000,35129566.0,2026-06-29,NumberOfIssuedSharesAsOfFilingDateIssuedSharesTotalNumberOfSharesEtc,S100YM6H,2026-06-29,120,J-GAAP,連結,2026-03-31,2026-03-31
8105,Ｂｉｔｃｏｉｎ　Ｊａｐａｎ株式会社,4450795000,637019000,4638087000,4001067000,NetAssets,86.27,total,4001067000,NetAssets,86.27,3904879000.0,ShareholdersEquity,84.19,3015005000,bs,3015005000.0,3015005000,67850648.0,2026-06-29,NumberOfIssuedSharesAsOfFilingDateIssuedSharesTotalNumberOfSharesEtc,S100YM8W,2026-06-29,120,J-GAAP,連結,2026-03-31,2026-03-31
9435,株式会社光通信,1019640000000,1636216000000,2853866000000,1217650000000,EquityIFRS,42.67,total,1217650000000,EquityIFRS,42.67,1185668000000.0,EquityAttributableToOwnersOfParentIFRS,41.55,539854000000,cf,,539854000000,43989642.0,2026-06-29,NumberOfIssuedSharesAsOfFilingDateIssuedSharesTotalNumberOfSharesEtc,S100YN0V,2026-06-29,120,IFRS,連結,2026-03-31,2026-03-31
6564,株式会社ミダックホールディングス,8871301000,21389849000,39412051000,18022201000,NetAssets,45.73,total,18022201000,NetAssets,45.73,17974415000.0,ShareholdersEquity,45.61,6495083000,bs,6495083000.0,6495083000,27773500.0,2026-06-29,NumberOfIssuedSharesAsOfFilingDateIssuedSharesTotalNumberOfSharesEtc,S100YMTN,2026-06-29,120,J-GAAP,連結,2026-03-31,2026-03-31
2479,株式会社ジェイテック,1988357000,662603000,2138961000,1476358000,NetAssets,69.02,total,1476358000,NetAssets,69.02,1468741000.0,ShareholdersEquity,68.67,1469016000,bs,1469016000.0,1469016000,8572400.0,2026-06-29,NumberOfIssuedSharesAsOfFilingDateIssuedSharesTotalNumberOfSharesEtc,S100YN23,2026-06-29,120,J-GAAP,連結,2026-03-31,2026-03-31
8141,新光商事株式会社,69772000000,27254000000,80796000000,53541000000,NetAssets,66.27,total,53541000000,NetAssets,66.27,45180000000.0,ShareholdersEquity,55.92,30333000000,bs,30333000000.0,30065000000,31010566.0,2026-06-29,NumberOfIssuedSharesAsOfFilingDateIssuedSharesTotalNumberOfSharesEtc,S100YME7,2026-06-29,120,J-GAAP,連結,2026-03-31,2026-03-31
6298,ワイエイシイホールディングス株式会社,29609000000,26816000000,43793000000,16976000000,NetAssets,38.76,total,16976000000,NetAssets,38.76,16267000000.0,ShareholdersEquity,37.15,8746000000,bs,8746000000.0,8398000000,19517894.0,2026-06-29,NumberOfIssuedSharesAsOfFilingDateIssuedSharesTotalNumberOfSharesEtc,S100YMTQ,2026-06-29,120,J-GAAP,連結,2026-03-31,2026-03-31
6405,鈴茂器工株式会社,8757033000,6144621000,19101446000,12956824000,NetAssets,67.83,total,12956824000,NetAssets,67.83,12409747000.0,ShareholdersEquity,64.97,2973241000,bs,2973241000.0,2960711000,12960000.0,2026-06-29,NumberOfIssuedSharesAsOfFilingDateIssuedSharesTotalNumberOfSharesEtc,S100YN3J,2026-06-29,120,J-GAAP,連結,2026-03-31,2026-03-31
9890,株式会社マキヤ,11831089000,18441850000,40843536000,22401685000,NetAssets,54.85,total,22401685000,NetAssets,54.85,21200799000.0,ShareholdersEquity,51.91,3401577000,bs,3401577000.0,3301577000,10540200.0,2026-06-29,NumberOfIssuedSharesAsOfFilingDateIssuedSharesTotalNumberOfSharesEtc,S100YN3H,2026-06-29,120,J-GAAP,連結,2026-03-31,2026-03-31
6357,三精テクノロジーズ株式会社,61132398000,45675000000,97237616000,51562615000,NetAssets,53.03,total,51562615000,NetAssets,53.03,38237288000.0,ShareholdersEquity,39.32,28243012000,bs,28243012000.0,28209804000,19332057.0,2026-06-24,NumberOfIssuedSharesAsOfFilingDateIssuedSharesTotalNumberOfSharesEtc,S100YE8X,2026-06-24,120,J-GAAP,連結,2026-03-31,2026-03-31
3011,株式会社バナーズ,2548618000,6666615000,9460782000,2794166000,NetAssets,29.53,total,2794166000,NetAssets,29.53,1150408000.0,ShareholdersEquity,12.16,1090005000,bs,1090005000.0,965563000,20236086.0,2026-06-29,NumberOfIssuedSharesAsOfFilingDateIssuedSharesTotalNumberOfSharesEtc,S100YHFW,2026-06-29,120,J-GAAP,連結,2026-03-31,2026-03-31
9760,株式会社　進学会ホールディングス,13485748000,12602174000,19944087000,7341912000,NetAssets,36.81,total,7341912000,NetAssets,36.81,7258284000.0,ShareholdersEquity,36.39,3434929000,bs,3434929000.0,3434929000,20031000.0,2026-06-29,NumberOfIssuedSharesAsOfFilingDateIssuedSharesTotalNumberOfSharesEtc,S100YM41,2026-06-29,120,J-GAAP,連結,2026-03-31,2026-03-31
3646,株式会社駅探,1607190000,650857000,1867787000,1216930000,NetAssets,65.15,total,1216930000,NetAssets,65.15,1216900000.0,ShareholdersEquity,65.15,1072073000,bs,1072073000.0,1043947000,6018800.0,2026-06-29,NumberOfIssuedSharesAsOfFilingDateIssuedSharesTotalNumberOfSharesEtc,S100YMSD,2026-06-29,120,J-GAAP,連結,2026-03-31,2026-03-31
3628,株式会社データホライゾン,4480192000,6323693000,6800176000,476483000,NetAssets,7.01,total,476483000,NetAssets,7.01,420676000.0,ShareholdersEquity,6.19,1016318000,bs,1016318000.0,1016318000,12711780.0,2026-06-29,NumberOfIssuedSharesAsOfFilingDateIssuedSharesTotalNumberOfSharesEtc,S100YMTV,2026-06-29,120,J-GAAP,連結,2026-03-31,2026-03-31
254A,ＡＩフュージョンキャピタルグループ株式会社,11192000000,11912000000,18632000000,6720000000,EquityIFRS,36.07,total,6720000000,EquityIFRS,36.07,4681000000.0,EquityAttributableToOwnersOfParentIFRS,25.12,7788000000,cf,,7788000000,9702600.0,2026-06-29,NumberOfIssuedSharesAsOfFilingDateIssuedSharesTotalNumberOfSharesEtc,S100YCG3,2026-06-29,120,IFRS,連結,2026-03-31,2026-03-31
7187,ジェイリース株式会社,14467439000,14751459000,22137740000,7386281000,NetAssets,33.37,total,7386281000,NetAssets,33.37,7386483000.0,ShareholdersEquity,33.37,2743286000,bs,2743286000.0,2737286000,18032000.0,2026-06-29,NumberOfIssuedSharesAsOfFilingDateIssuedSharesTotalNumberOfSharesEtc,S100YM65,2026-06-29,120,J-GAAP,連結,2026-03-31,2026-03-31
7578,株式会社ニチリョク,592405000,2161211000,5076810000,2915598000,NetAssets,57.43,total,2915598000,NetAssets,57.43,2914544000.0,ShareholdersEquity,57.41,253258000,bs,253258000.0,253258000,18461405.0,2026-06-29,NumberOfIssuedSharesAsOfFilingDateIssuedSharesTotalNumberOfSharesEtc,S100YN6A,2026-06-29,120,J-GAAP,個別,2026-03-31,2026-03-31
8518,日本アジア投資株式会社,8410000000,11394000000,21024000000,9630000000,NetAssets,45.8,total,9630000000,NetAssets,45.8,7360000000.0,ShareholdersEquity,35.01,4122000000,bs,4122000000.0,2435000000,27564392.0,2026-06-29,NumberOfIssuedSharesAsOfFilingDateIssuedSharesTotalNumberOfSharesEtc,S100YMG4,2026-06-29,120,J-GAAP,連結,2026-03-31,2026-03-31
3858,株式会社ユビキタスＡＩ,3086895000,1788230000,3698939000,1910709000,NetAssets,51.66,total,1910709000,NetAssets,51.66,1767720000.0,ShareholdersEquity,47.79,1995296000,bs,1995296000.0,1995296000,10459000.0,2026-06-29,NumberOfIssuedSharesAsOfFilingDateIssuedSharesTotalNumberOfSharesEtc,S100YDYA,2026-06-29,120,J-GAAP,連結,2026-03-31,2026-03-31
4814,ネクストウェア株式会社,788266000,287232000,1047311000,760078000,NetAssets,72.57,total,760078000,NetAssets,72.57,760078000.0,ShareholdersEquity,72.57,289448000,bs,289448000.0,289448000,13015222.0,2026-06-29,NumberOfIssuedSharesAsOfFilingDateIssuedSharesTotalNumberOfSharesEtc,S100YN09,2026-06-29,120,J-GAAP,連結,2026-03-31,2026-03-31
4584,キッズウェル・バイオ株式会社,5840335000,4434479000,6088396000,1653916000,NetAssets,27.17,total,1653916000,NetAssets,27.17,1516753000.0,ShareholdersEquity,24.91,3294916000,bs,3294916000.0,3294916000,49630919.0,2026-06-29,NumberOfIssuedSharesAsOfFilingDateIssuedSharesTotalNumberOfSharesEtc,S100YMXX,2026-06-29,120,J-GAAP,連結,2026-03-31,2026-03-31
6104,芝浦機械株式会社,124745000000,54935000000,173476000000,118541000000,NetAssets,68.33,total,118541000000,NetAssets,68.33,100754000000.0,ShareholdersEquity,58.08,37890000000,bs,37890000000.0,42720000000,24820406.0,2026-06-29,NumberOfIssuedSharesAsOfFilingDateIssuedSharesTotalNumberOfSharesEtc,S100YLEZ,2026-06-29,120,J-GAAP,連結,2026-03-31,2026-03-31
3905,データセクション株式会社,15243671000,9173600000,28577580000,19403979000,NetAssets,67.9,total,19403979000,NetAssets,67.9,18215550000.0,ShareholdersEquity,63.74,417807000,bs,417807000.0,396801000,32017051.0,2026-06-29,NumberOfIssuedSharesAsOfFilingDateIssuedSharesTotalNumberOfSharesEtc,S100YMGV,2026-06-29,120,J-GAAP,連結,2026-03-31,2026-03-31
2894,石井食品株式会社,3966683000,4380011000,8200006000,3819995000,NetAssets,46.59,total,3819995000,NetAssets,46.59,3280223000.0,ShareholdersEquity,40.0,2064164000,bs,2064164000.0,2062799000,18392000.0,2026-06-29,NumberOfIssuedSharesAsOfFilingDateIssuedSharesTotalNumberOfSharesEtc,S100YMHZ,2026-06-29,120,J-GAAP,連結,2026-03-31,2026-03-31
6248,株式会社横田製作所,2654984000,573683000,3691952000,3118268000,NetAssets,84.46,total,3118268000,NetAssets,84.46,3118268000.0,ShareholdersEquity,84.46,2009662000,bs,2009662000.0,1759662000,1873500.0,2026-06-26,NumberOfIssuedSharesAsOfFilingDateIssuedSharesTotalNumberOfSharesEtc,S100YETX,2026-06-26,120,J-GAAP,個別,2026-03-31,2026-03-31
4570,株式会社免疫生物研究所,1569646000,311747000,2155121000,1843374000,NetAssets,85.53,total,1843374000,NetAssets,85.53,1843374000.0,ShareholdersEquity,85.53,989472000,bs,989472000.0,928257000,9314590.0,2026-06-26,NumberOfIssuedSharesAsOfFilingDateIssuedSharesTotalNumberOfSharesEtc,S100YLCK,2026-06-26,120,J-GAAP,連結,2026-03-31,2026-03-31
3641,株式会社パピレス,12519000000,4359000000,13333000000,8974000000,NetAssets,67.31,total,8974000000,NetAssets,67.31,8776000000.0,ShareholdersEquity,65.82,10779000000,bs,10779000000.0,8927000000,10326880.0,2026-06-26,NumberOfIssuedSharesAsOfFilingDateIssuedSharesTotalNumberOfSharesEtc,S100YJ7Y,2026-06-26,120,J-GAAP,連結,2026-03-31,2026-03-31
2924,イフジ産業株式会社,10921000000,6305000000,18925000000,12620000000,NetAssets,66.68,total,12620000000,NetAssets,66.68,12539000000.0,ShareholdersEquity,66.26,3508000000,bs,3508000000.0,3454000000,8345370.0,2026-06-26,NumberOfIssuedSharesAsOfFilingDateIssuedSharesTotalNumberOfSharesEtc,S100Y9CI,2026-06-26,120,J-GAAP,連結,2026-03-31,2026-03-31
6439,中日本鋳工株式会社,3331616000,5660448000,8534629000,2874180000,NetAssets,33.68,total,2874180000,NetAssets,33.68,2731184000.0,ShareholdersEquity,32.0,2243472000,bs,2243472000.0,1758472000,2306300.0,2026-06-26,NumberOfIssuedSharesAsOfFilingDateIssuedSharesTotalNumberOfSharesEtc,S100YIME,2026-06-26,120,J-GAAP,個別,2026-03-31,2026-03-31
8135,ゼット株式会社,27119000000,18389000000,33720000000,15331000000,NetAssets,45.47,total,15331000000,NetAssets,45.47,14143000000.0,ShareholdersEquity,41.94,9099000000,bs,9099000000.0,8598000000,20102000.0,2026-06-26,NumberOfIssuedSharesAsOfFilingDateIssuedSharesTotalNumberOfSharesEtc,S100YJPU,2026-06-26,120,J-GAAP,連結,2026-03-31,2026-03-31
7771,日本精密株式会社,3561770000,3980533000,6018971000,2038437000,NetAssets,33.87,total,2038437000,NetAssets,33.87,2385906000.0,ShareholdersEquity,39.64,939663000,bs,939663000.0,929663000,24180047.0,2026-06-26,NumberOfIssuedSharesAsOfFilingDateIssuedSharesTotalNumberOfSharesEtc,S100YKSP,2026-06-26,120,J-GAAP,連結,2026-03-31,2026-03-31
4008,住友精化株式会社,82362000000,49111000000,152732000000,103621000000,NetAssets,67.84,total,103621000000,NetAssets,67.84,87876000000.0,ShareholdersEquity,57.54,18217000000,bs,18217000000.0,17989000000,64683785.0,2026-06-26,NumberOfIssuedSharesAsOfFilingDateIssuedSharesTotalNumberOfSharesEtc,S100YKNS,2026-06-26,120,J-GAAP,連結,2026-03-31,2026-03-31
8012,長瀬産業株式会社,566319000000,437501000000,871526000000,434025000000,NetAssets,49.8,total,434025000000,NetAssets,49.8,313878000000.0,ShareholdersEquity,36.01,45599000000,bs,45599000000.0,45390000000,439633140.0,2026-06-16,NumberOfIssuedSharesAsOfFilingDateIssuedSharesTotalNumberOfSharesEtc,S100YBTV,2026-06-16,120,J-GAAP,連結,2026-03-31,2026-03-31
8225,株式会社タカチホ,2368197000,1875817000,4455365000,2579548000,NetAssets,57.9,total,2579548000,NetAssets,57.9,2546593000.0,ShareholdersEquity,57.16,1133686000,bs,1133686000.0,1133686000,727500.0,2026-06-26,NumberOfIssuedSharesAsOfFilingDateIssuedSharesTotalNumberOfSharesEtc,S100YJCQ,2026-06-26,120,J-GAAP,連結,2026-03-31,2026-03-31
9739,ＮＳＷ株式会社,37911000000,11397000000,49289000000,37891000000,NetAssets,76.88,total,37891000000,NetAssets,76.88,37843000000.0,ShareholdersEquity,76.78,19650000000,bs,19650000000.0,19550000000,14900000.0,2026-06-26,NumberOfIssuedSharesAsOfFilingDateIssuedSharesTotalNumberOfSharesEtc,S100YJ3Q,2026-06-26,120,J-GAAP,連結,2026-03-31,2026-03-31
4222,児玉化学工業株式会社,32837311000,36822251000,67111352000,30289100000,NetAssets,45.13,total,30289100000,NetAssets,45.13,26768912000.0,ShareholdersEquity,39.89,11873026000,bs,11873026000.0,10942345000,15637144.0,2026-06-26,NumberOfIssuedSharesAsOfFilingDateIssuedSharesTotalNumberOfSharesEtc,S100YLN8,2026-06-26,120,J-GAAP,連結,2026-03-31,2026-03-31
6333,株式会社ＴＥＩＫＯＫＵ,30729045000,7967639000,40204658000,32237019000,NetAssets,80.18,total,32237019000,NetAssets,80.18,27321105000.0,ShareholdersEquity,67.96,11721391000,bs,11721391000.0,9798324000,15780038.0,2026-06-26,NumberOfIssuedSharesAsOfFilingDateIssuedSharesTotalNumberOfSharesEtc,S100YL5Z,2026-06-26,120,J-GAAP,連結,2026-03-31,2026-03-31
3953,大村紙業株式会社,4036882000,1461821000,6565891000,5104069000,NetAssets,77.74,total,5104069000,NetAssets,77.74,4999148000.0,ShareholdersEquity,76.14,2310657000,bs,2310657000.0,2078178000,3561676.0,2026-06-26,NumberOfIssuedSharesAsOfFilingDateIssuedSharesTotalNumberOfSharesEtc,S100YK44,2026-06-26,120,J-GAAP,個別,2026-03-31,2026-03-31
9766,コナミグループ株式会社,424514000000,184212000000,748765000000,564553000000,EquityIFRS,75.4,total,564553000000,EquityIFRS,75.4,564537000000.0,EquityAttributableToOwnersOfParentIFRS,75.4,327564000000,cf,,327564000000,143500000.0,2026-06-26,NumberOfIssuedSharesAsOfFilingDateIssuedSharesTotalNumberOfSharesEtc,S100YKX5,2026-06-26,120,IFRS,連結,2026-03-31,2026-03-31
6676,株式会社バッファロー,65281000000,28443000000,71444000000,43000000000,NetAssets,60.19,total,43000000000,NetAssets,60.19,42280000000.0,ShareholdersEquity,59.18,27215000000,bs,27215000000.0,27215000000,24000000.0,2026-06-26,NumberOfIssuedSharesAsOfFilingDateIssuedSharesTotalNumberOfSharesEtc,S100YGR6,2026-06-26,120,J-GAAP,連結,2026-03-31,2026-03-31
9035,第一交通産業株式会社,100319000000,146721000000,193019000000,46297000000,NetAssets,23.99,total,46297000000,NetAssets,23.99,49251000000.0,ShareholdersEquity,25.52,11868000000,bs,11868000000.0,10588000000,39227200.0,2026-06-26,NumberOfIssuedSharesAsOfFilingDateIssuedSharesTotalNumberOfSharesEtc,S100Y9O5,2026-06-26,120,J-GAAP,連結,2026-03-31,2026-03-31
3504,株式会社丸八ホールディングス,33931272000,20921759000,79025316000,58103556000,NetAssets,73.53,total,58103556000,NetAssets,73.53,57333714000.0,ShareholdersEquity,72.55,27710790000,bs,27710790000.0,14588950000,16579060.0,2026-06-26,NumberOfIssuedSharesAsOfFilingDateIssuedSharesTotalNumberOfSharesEtc,S100YLPB,2026-06-26,120,J-GAAP,連結,2026-03-31,2026-03-31
6942,株式会社ソフィアホールディングス,4029075000,4226266000,7220596000,2994329000,EquityIFRS,41.47,total,2994329000,EquityIFRS,41.47,2994329000.0,EquityAttributableToOwnersOfParentIFRS,41.47,2145172000,cf,,2145172000,4677720.0,2026-06-26,NumberOfIssuedSharesAsOfFilingDateIssuedSharesTotalNumberOfSharesEtc,S100YFIK,2026-06-26,120,IFRS,連結,2026-03-31,2026-03-31
3529,アツギ株式会社,14570000000,7891000000,39902000000,32010000000,NetAssets,80.22,total,32010000000,NetAssets,80.22,26549000000.0,ShareholdersEquity,66.54,3633000000,bs,3633000000.0,3633000000,17319568.0,2026-06-26,NumberOfIssuedSharesAsOfFilingDateIssuedSharesTotalNumberOfSharesEtc,S100YKV3,2026-06-26,120,J-GAAP,連結,2026-03-31,2026-03-31
7868,株式会社広済堂ホールディングス,30120000000,22436000000,71966000000,49529000000,NetAssets,68.82,total,49529000000,NetAssets,68.82,49266000000.0,ShareholdersEquity,68.46,22423000000,bs,22423000000.0,22423000000,164352545.0,2026-06-26,NumberOfIssuedSharesAsOfFilingDateIssuedSharesTotalNumberOfSharesEtc,S100YLHM,2026-06-26,120,J-GAAP,連結,2026-03-31,2026-03-31
3932,株式会社アカツキ,44451000000,16949000000,62325000000,45376000000,NetAssets,72.81,total,45376000000,NetAssets,72.81,44120000000.0,ShareholdersEquity,70.79,30555000000,bs,30555000000.0,34242000000,14519800.0,2026-06-26,NumberOfIssuedSharesAsOfFilingDateIssuedSharesTotalNumberOfSharesEtc,S100YLRB,2026-06-26,120,J-GAAP,連結,2026-03-31,2026-03-31
6832,アオイ電子株式会社,33637275000,19461045000,62706238000,43245192000,NetAssets,68.96,total,43245192000,NetAssets,68.96,41250520000.0,ShareholdersEquity,65.78,16346710000,bs,16346710000.0,17346710000,12000000.0,2026-06-26,NumberOfIssuedSharesAsOfFilingDateIssuedSharesTotalNumberOfSharesEtc,S100YLRR,2026-06-26,120,J-GAAP,連結,2026-03-31,2026-03-31
6494,株式会社ＮＦＫホールディングス,6041040000,1624620000,8164504000,6539884000,NetAssets,80.1,total,6539884000,NetAssets,80.1,5812634000.0,ShareholdersEquity,71.19,3848655000,bs,3848655000.0,3837648000,48744624.0,2026-06-26,NumberOfIssuedSharesAsOfFilingDateIssuedSharesTotalNumberOfSharesEtc,S100YL8X,2026-06-26,120,J-GAAP,連結,2026-03-31,2026-03-31
9336,大栄環境株式会社,75055000000,146127000000,260191000000,114064000000,NetAssets,43.84,total,114064000000,NetAssets,43.84,108135000000.0,ShareholdersEquity,41.56,52298000000,bs,52298000000.0,54440000000,99892900.0,2026-06-26,NumberOfIssuedSharesAsOfFilingDateIssuedSharesTotalNumberOfSharesEtc,S100YKY3,2026-06-26,120,J-GAAP,連結,2026-03-31,2026-03-31
3561,株式会社力の源ホールディングス,10487246000,7958971000,20071849000,12112878000,NetAssets,60.35,total,12112878000,NetAssets,60.35,10970161000.0,ShareholdersEquity,54.65,7588990000,bs,7588990000.0,7001357000,30318000.0,2026-06-26,NumberOfIssuedSharesAsOfFilingDateIssuedSharesTotalNumberOfSharesEtc,S100YLK6,2026-06-26,120,J-GAAP,連結,2026-03-31,2026-03-31
7114,株式会社フーディソン,2992073000,952578000,3311364000,2358786000,NetAssets,71.23,total,2358786000,NetAssets,71.23,2357432000.0,ShareholdersEquity,71.19,2006684000,bs,2006684000.0,2006684000,4647640.0,2026-06-26,NumberOfIssuedSharesAsOfFilingDateIssuedSharesTotalNumberOfSharesEtc,S100YJIB,2026-06-26,120,J-GAAP,連結,2026-03-31,2026-03-31
4680,株式会社ラウンドワン,71541000000,227252000000,309888000000,82635000000,EquityIFRS,26.67,total,82635000000,EquityIFRS,26.67,82635000000.0,EquityAttributableToOwnersOfParentIFRS,26.67,54950000000,cf,,54950000000,289161942.0,2026-06-26,NumberOfIssuedSharesAsOfFilingDateIssuedSharesTotalNumberOfSharesEtc,S100YJKU,2026-06-26,120,IFRS,連結,2026-03-31,2026-03-31
7119,株式会社ハルメクホールディングス,8308000000,12270000000,21164000000,8893000000,EquityIFRS,42.02,total,8893000000,EquityIFRS,42.02,8893000000.0,EquityAttributableToOwnersOfParentIFRS,42.02,2778000000,cf,,2778000000,11048188.0,2026-06-23,NumberOfIssuedSharesAsOfFilingDateIssuedSharesTotalNumberOfSharesEtc,S100YF6O,2026-06-23,120,IFRS,連結,2026-03-31,2026-03-31
3750,株式会社ＡＤＲ１２０Ｓ,350509000,346033000,368058000,22025000,NetAssets,5.98,total,22025000,NetAssets,5.98,22025000.0,ShareholdersEquity,5.98,125901000,bs,125901000.0,125901000,8929419.0,2026-06-26,NumberOfIssuedSharesAsOfFilingDateIssuedSharesTotalNumberOfSharesEtc,S100YLDW,2026-06-26,120,J-GAAP,連結,2026-03-31,2026-03-31
7255,株式会社　桜井製作所,2887662000,2373082000,7355340000,4982257000,NetAssets,67.74,total,4982257000,NetAssets,67.74,5037369000.0,ShareholdersEquity,68.49,1583055000,bs,1583055000.0,1583055000,4000000.0,2026-06-26,NumberOfIssuedSharesAsOfFilingDateIssuedSharesTotalNumberOfSharesEtc,S100YI1Y,2026-06-26,120,J-GAAP,連結,2026-03-31,2026-03-31
1921,株式会社　巴コーポレーション,27946177000,47170778000,121355846000,74185067000,NetAssets,61.13,total,74185067000,NetAssets,61.13,52401192000.0,ShareholdersEquity,43.18,9466988000,bs,9466988000.0,9466988000,33800000.0,2026-06-26,NumberOfIssuedSharesAsOfFilingDateIssuedSharesTotalNumberOfSharesEtc,S100YLBY,2026-06-26,120,J-GAAP,連結,2026-03-31,2026-03-31
2432,株式会社ディー・エヌ・エー,144677000000,92456000000,333244000000,240787000000,EquityIFRS,72.26,total,240787000000,EquityIFRS,72.26,232622000000.0,EquityAttributableToOwnersOfParentIFRS,69.81,103046000000,cf,,103046000000,122145545.0,2026-06-26,NumberOfIssuedSharesAsOfFilingDateIssuedSharesTotalNumberOfSharesEtc,S100YLDV,2026-06-26,120,IFRS,連結,2026-03-31,2026-03-31
7413,株式会社創健社,2389596000,1862351000,3047743000,1185392000,NetAssets,38.89,total,1185392000,NetAssets,38.89,1118857000.0,ShareholdersEquity,36.71,1344236000,bs,1344236000.0,1107635000,705500.0,2026-06-26,NumberOfIssuedSharesAsOfFilingDateIssuedSharesTotalNumberOfSharesEtc,S100YKKP,2026-06-26,120,J-GAAP,連結,2026-03-31,2026-03-31
5287,株式会社イトーヨーギョー,2733957000,1659547000,5649836000,3990289000,NetAssets,70.63,total,3990289000,NetAssets,70.63,3871062000.0,ShareholdersEquity,68.52,944609000,bs,944609000.0,944609000,3568000.0,2026-06-26,NumberOfIssuedSharesAsOfFilingDateIssuedSharesTotalNumberOfSharesEtc,S100YJYN,2026-06-26,120,J-GAAP,個別,2026-03-31,2026-03-31
9081,神奈川中央交通株式会社,34213000000,115731000000,185392000000,69661000000,NetAssets,37.57,total,69661000000,NetAssets,37.57,54135000000.0,ShareholdersEquity,29.2,3514000000,bs,3514000000.0,3514000000,12600000.0,2026-06-26,NumberOfIssuedSharesAsOfFilingDateIssuedSharesTotalNumberOfSharesEtc,S100YF1P,2026-06-26,120,J-GAAP,連結,2026-03-31,2026-03-31
6961,株式会社エンプラス,40578000000,8475000000,71047000000,62571000000,NetAssets,88.07,total,62571000000,NetAssets,88.07,54568000000.0,ShareholdersEquity,76.81,23817000000,bs,23817000000.0,23799000000,9732897.0,2026-06-26,NumberOfIssuedSharesAsOfFilingDateIssuedSharesTotalNumberOfSharesEtc,S100YLHU,2026-06-26,120,J-GAAP,連結,2026-03-31,2026-03-31
5247,株式会社ＢＴＭ,1846731000,1328160000,2053163000,725002000,NetAssets,35.31,total,725002000,NetAssets,35.31,725002000.0,ShareholdersEquity,35.31,949168000,bs,949168000.0,949168000,2827000.0,2026-06-26,NumberOfIssuedSharesAsOfFilingDateIssuedSharesTotalNumberOfSharesEtc,S100YLUK,2026-06-26,120,J-GAAP,連結,2026-03-31,2026-03-31
3803,イメージ情報開発株式会社,932216000,370743000,1001773000,631029000,NetAssets,62.99,total,631029000,NetAssets,62.99,617738000.0,ShareholdersEquity,61.66,820358000,bs,820358000.0,820358000,3381500.0,2026-06-26,NumberOfIssuedSharesAsOfFilingDateIssuedSharesTotalNumberOfSharesEtc,S100YLT6,2026-06-26,120,J-GAAP,連結,2026-03-31,2026-03-31
7247,株式会社ミクニ,55474000000,64234000000,105017000000,40783000000,NetAssets,38.83,total,40783000000,NetAssets,38.83,21241000000.0,ShareholdersEquity,20.23,2056000000,bs,2056000000.0,2056000000,34049423.0,2026-06-26,NumberOfIssuedSharesAsOfFilingDateIssuedSharesTotalNumberOfSharesEtc,S100YLLZ,2026-06-26,120,J-GAAP,連結,2026-03-31,2026-03-31
6824,新コスモス電機株式会社,46878432000,16001003000,73444136000,57443132000,NetAssets,78.21,total,57443132000,NetAssets,78.21,47235387000.0,ShareholdersEquity,64.31,22270176000,bs,22270176000.0,20245955000,12561000.0,2026-06-26,NumberOfIssuedSharesAsOfFilingDateIssuedSharesTotalNumberOfSharesEtc,S100YJBP,2026-06-26,120,J-GAAP,連結,2026-03-31,2026-03-31
2666,株式会社　オートウェーブ,2068200000,3366634000,7904246000,4537612000,NetAssets,57.41,total,4537612000,NetAssets,57.41,4537612000.0,ShareholdersEquity,57.41,765540000,bs,765540000.0,765540000,14451000.0,2026-06-26,NumberOfIssuedSharesAsOfFilingDateIssuedSharesTotalNumberOfSharesEtc,S100YLV8,2026-06-26,120,J-GAAP,個別,2026-03-31,2026-03-31
7062,株式会社フレアス,4154961000,3211253000,5391283000,2180030000,NetAssets,40.44,total,2180030000,NetAssets,40.44,2178759000.0,ShareholdersEquity,40.41,1617219000,bs,1617219000.0,1617219000,2608600.0,2026-06-26,NumberOfIssuedSharesAsOfFilingDateIssuedSharesTotalNumberOfSharesEtc,S100YLVZ,2026-06-26,120,J-GAAP,連結,2026-03-31,2026-03-31
3591,株式会社ワコールホールディングス,119613000000,79870000000,292315000000,212445000000,EquityIFRS,72.68,total,212445000000,EquityIFRS,72.68,209598000000.0,EquityAttributableToOwnersOfParentIFRS,71.7,44170000000,cf,,44170000000,52500000.0,2026-06-26,NumberOfIssuedSharesAsOfFilingDateIssuedSharesTotalNumberOfSharesEtc,S100YKJC,2026-06-26,120,IFRS,連結,2026-03-31,2026-03-31
5356,美濃窯業株式会社,13009930000,6511329000,22282768000,15771439000,NetAssets,70.78,total,15771439000,NetAssets,70.78,14601971000.0,ShareholdersEquity,65.53,4899686000,bs,4899686000.0,4877259000,12909828.0,2026-06-26,NumberOfIssuedSharesAsOfFilingDateIssuedSharesTotalNumberOfSharesEtc,S100YG4G,2026-06-26,120,J-GAAP,連結,2026-03-31,2026-03-31
6282,オイレス工業株式会社,60379000000,18812000000,99429000000,80616000000,NetAssets,81.08,total,80616000000,NetAssets,81.08,70042000000.0,ShareholdersEquity,70.44,28557000000,bs,28557000000.0,28389000000,33300505.0,2026-06-26,NumberOfIssuedSharesAsOfFilingDateIssuedSharesTotalNumberOfSharesEtc,S100YLBX,2026-06-26,120,J-GAAP,連結,2026-03-31,2026-03-31
9989,株式会社サンドラッグ,238064000000,189504000000,475505000000,286001000000,NetAssets,60.15,total,286001000000,NetAssets,60.15,287524000000.0,ShareholdersEquity,60.47,70523000000,bs,70523000000.0,70523000000,119331184.0,2026-06-26,NumberOfIssuedSharesAsOfFilingDateIssuedSharesTotalNumberOfSharesEtc,S100YL7Q,2026-06-26,120,J-GAAP,連結,2026-03-31,2026-03-31
7746,岡本硝子株式会社,4770837000,6114617000,8746465000,2631848000,NetAssets,30.09,total,2631848000,NetAssets,30.09,2466624000.0,ShareholdersEquity,28.2,2219698000,bs,2219698000.0,2158893000,29121543.0,2026-06-26,NumberOfIssuedSharesAsOfFilingDateIssuedSharesTotalNumberOfSharesEtc,S100YL4M,2026-06-26,120,J-GAAP,連結,2026-03-31,2026-03-31
3851,株式会社日本一ソフトウェア,7927695000,3321830000,11267005000,7945175000,NetAssets,70.52,total,7945175000,NetAssets,70.52,6352412000.0,ShareholdersEquity,56.38,6422885000,bs,6422885000.0,4183725000,5151100.0,2026-06-26,NumberOfIssuedSharesAsOfFilingDateIssuedSharesTotalNumberOfSharesEtc,S100YLU7,2026-06-26,120,J-GAAP,連結,2026-03-31,2026-03-31
4119,株式会社日本ピグメントホールディングス,24671405000,21263796000,45493583000,24229786000,NetAssets,53.26,total,24229786000,NetAssets,53.26,18617178000.0,ShareholdersEquity,40.92,6330216000,bs,6330216000.0,5909716000,1575899.0,2026-06-26,NumberOfIssuedSharesAsOfFilingDateIssuedSharesTotalNumberOfSharesEtc,S100YGDM,2026-06-26,120,J-GAAP,連結,2026-03-31,2026-03-31
1992,神田通信機株式会社,5807756000,3439176000,9792476000,6353299000,NetAssets,64.88,total,6353299000,NetAssets,64.88,5433236000.0,ShareholdersEquity,55.48,3437892000,bs,3437892000.0,3166047000,2623227.0,2026-06-26,NumberOfIssuedSharesAsOfFilingDateIssuedSharesTotalNumberOfSharesEtc,S100Y9QZ,2026-06-26,120,J-GAAP,連結,2026-03-31,2026-03-31
6070,キャリアリンク株式会社,20853027000,6488357000,22501774000,16013417000,NetAssets,71.17,total,16013417000,NetAssets,71.17,15910354000.0,ShareholdersEquity,70.71,11316883000,bs,11316883000.0,11316883000,12605700.0,2026-06-26,NumberOfIssuedSharesAsOfFilingDateIssuedSharesTotalNumberOfSharesEtc,S100YHI9,2026-06-26,120,J-GAAP,連結,2026-03-31,2026-03-31
6996,ニチコン株式会社,107667000000,72053000000,195570000000,123517000000,NetAssets,63.16,total,123517000000,NetAssets,63.16,92364000000.0,ShareholdersEquity,47.23,24491000000,bs,24491000000.0,24441000000,70000000.0,2026-06-26,NumberOfIssuedSharesAsOfFilingDateIssuedSharesTotalNumberOfSharesEtc,S100YLMG,2026-06-26,120,J-GAAP,連結,2026-03-31,2026-03-31
3694,株式会社オプティム,7062031000,3053011000,12431249000,9378238000,NetAssets,75.44,total,9378238000,NetAssets,75.44,9298237000.0,ShareholdersEquity,74.8,3005680000,bs,3005680000.0,3005680000,54598528.0,2026-06-26,NumberOfIssuedSharesAsOfFilingDateIssuedSharesTotalNumberOfSharesEtc,S100YLSB,2026-06-26,120,J-GAAP,連結,2026-03-31,2026-03-31
8835,太平洋興発株式会社,16851000000,29190000000,45689000000,16499000000,NetAssets,36.11,total,16499000000,NetAssets,36.11,14325000000.0,ShareholdersEquity,31.35,5074000000,bs,5074000000.0,4826000000,7783448.0,2026-06-26,NumberOfIssuedSharesAsOfFilingDateIssuedSharesTotalNumberOfSharesEtc,S100YL7T,2026-06-26,120,J-GAAP,連結,2026-03-31,2026-03-31
4623,株式会社アサヒペン,12156970000,10970623000,25963220000,14992597000,NetAssets,57.75,total,14992597000,NetAssets,57.75,12962431000.0,ShareholdersEquity,49.93,4281900000,bs,4281900000.0,4281900000,4500000.0,2026-06-26,NumberOfIssuedSharesAsOfFilingDateIssuedSharesTotalNumberOfSharesEtc,S100YLY9,2026-06-26,120,J-GAAP,連結,2026-03-31,2026-03-31
4360,株式会社マナック・ケミカル・パートナーズ,9721000000,4001000000,15303000000,11301000000,NetAssets,73.85,total,11301000000,NetAssets,73.85,10624000000.0,ShareholdersEquity,69.42,4008000000,bs,4008000000.0,4008000000,8625000.0,2026-06-26,NumberOfIssuedSharesAsOfFilingDateIssuedSharesTotalNumberOfSharesEtc,S100YGOW,2026-06-26,120,J-GAAP,連結,2026-03-31,2026-03-31
6819,伊豆シャボテンリゾート株式会社,3135780000,1457318000,7799549000,6342231000,NetAssets,81.32,total,6342231000,NetAssets,81.32,6342778000.0,ShareholdersEquity,81.32,2696799000,bs,2696799000.0,2356799000,18572768.0,2026-06-26,NumberOfIssuedSharesAsOfFilingDateIssuedSharesTotalNumberOfSharesEtc,S100YLUW,2026-06-26,120,J-GAAP,連結,2026-03-31,2026-03-31
2162,ｎｍｓホールディングス株式会社,27958086000,33260699000,38373401000,5112702000,NetAssets,13.32,total,5112702000,NetAssets,13.32,5461421000.0,ShareholdersEquity,14.23,5988407000,bs,5988407000.0,5952407000,21611000.0,2026-06-26,NumberOfIssuedSharesAsOfFilingDateIssuedSharesTotalNumberOfSharesEtc,S100YF8Q,2026-06-26,120,J-GAAP,連結,2026-03-31,2026-03-31
6857,株式会社アドバンテスト,836407000000,376090000000,1171816000000,795726000000,EquityIFRS,67.91,total,795726000000,EquityIFRS,67.91,795726000000.0,EquityAttributableToOwnersOfParentIFRS,67.91,339966000000,cf,,339966000000,732000000.0,2026-06-26,NumberOfIssuedSharesAsOfFilingDateIssuedSharesTotalNumberOfSharesEtc,S100YKTA,2026-06-26,120,IFRS,連結,2026-03-31,2026-03-31
5644,株式会社メタルアート,25405000000,17047000000,46263000000,29215000000,NetAssets,63.15,total,29215000000,NetAssets,63.15,24713000000.0,ShareholdersEquity,53.42,10724000000,bs,10724000000.0,10724000000,3157382.0,2026-06-26,NumberOfIssuedSharesAsOfFilingDateIssuedSharesTotalNumberOfSharesEtc,S100YLLM,2026-06-26,120,J-GAAP,連結,2026-03-31,2026-03-31
5985,サンコール株式会社,30462000000,23179000000,57394000000,34214000000,NetAssets,59.61,total,34214000000,NetAssets,59.61,25842000000.0,ShareholdersEquity,45.03,12088000000,bs,12088000000.0,12048000000,34057923.0,2026-06-26,NumberOfIssuedSharesAsOfFilingDateIssuedSharesTotalNumberOfSharesEtc,S100YKOJ,2026-06-26,120,J-GAAP,連結,2026-03-31,2026-03-31
7343,ブロードマインド株式会社,3923587000,1309945000,5355993000,4046048000,NetAssets,75.54,total,4046048000,NetAssets,75.54,4012740000.0,ShareholdersEquity,74.92,1288369000,bs,1288369000.0,1288369000,5946816.0,2026-06-26,NumberOfIssuedSharesAsOfFilingDateIssuedSharesTotalNumberOfSharesEtc,S100YKOR,2026-06-26,120,J-GAAP,連結,2026-03-31,2026-03-31
6138,ダイジェット工業株式会社,9041513000,7783685000,17283990000,9500304000,NetAssets,54.97,total,9500304000,NetAssets,54.97,7457578000.0,ShareholdersEquity,43.15,1457364000,bs,1457364000.0,1457364000,2992999.0,2026-06-26,NumberOfIssuedSharesAsOfFilingDateIssuedSharesTotalNumberOfSharesEtc,S100YHNC,2026-06-26,120,J-GAAP,連結,2026-03-31,2026-03-31
7820,ニホンフラッシュ株式会社,24553347000,11779647000,44319226000,32539578000,NetAssets,73.42,total,32539578000,NetAssets,73.42,22733805000.0,ShareholdersEquity,51.3,11626733000,bs,11626733000.0,5591049000,25060000.0,2026-06-26,NumberOfIssuedSharesAsOfFilingDateIssuedSharesTotalNumberOfSharesEtc,S100YLHV,2026-06-26,120,J-GAAP,連結,2026-03-31,2026-03-31
9723,株式会社京都ホテル,4865100000,13647330000,17105545000,3458215000,NetAssets,20.22,total,3458215000,NetAssets,20.22,3458215000.0,ShareholdersEquity,20.22,4140283000,bs,4140283000.0,4140283000,12066400.0,2026-06-26,NumberOfIssuedSharesAsOfFilingDateIssuedSharesTotalNumberOfSharesEtc,S100YIC1,2026-06-26,120,J-GAAP,個別,2026-03-31,2026-03-31
9685,ＫＹＣＯＭホールディングス株式会社,3579320000,3556347000,8872400000,5316052000,NetAssets,59.92,total,5316052000,NetAssets,59.92,4633661000.0,ShareholdersEquity,52.23,2316457000,bs,2316457000.0,2302035000,5115492.0,2026-06-26,NumberOfIssuedSharesAsOfFilingDateIssuedSharesTotalNumberOfSharesEtc,S100YM1I,2026-06-26,120,J-GAAP,連結,2026-03-31,2026-03-31
6218,エンシュウ株式会社,15050000000,19347000000,29983000000,10635000000,NetAssets,35.47,total,10635000000,NetAssets,35.47,5419000000.0,ShareholdersEquity,18.07,5177000000,bs,5177000000.0,5057000000,6353454.0,2026-06-26,NumberOfIssuedSharesAsOfFilingDateIssuedSharesTotalNumberOfSharesEtc,S100YKK8,2026-06-26,120,J-GAAP,連結,2026-03-31,2026-03-31
4437,ｇｏｏｄｄａｙｓホールディングス株式会社,4473775000,5106889000,8725099000,3618210000,NetAssets,41.47,total,3618210000,NetAssets,41.47,3622434000.0,ShareholdersEquity,41.52,1518749000,bs,1518749000.0,1518749000,7568760.0,2026-06-26,NumberOfIssuedSharesAsOfFilingDateIssuedSharesTotalNumberOfSharesEtc,S100YK7L,2026-06-26,120,J-GAAP,連結,2026-03-31,2026-03-31
6580,株式会社ライトアップ,3300107000,496939000,3787459000,3290519000,NetAssets,86.88,total,3290519000,NetAssets,86.88,3302363000.0,ShareholdersEquity,87.19,2581754000,bs,2581754000.0,2581754000,5806000.0,2026-06-26,NumberOfIssuedSharesAsOfFilingDateIssuedSharesTotalNumberOfSharesEtc,S100YLCH,2026-06-26,120,J-GAAP,連結,2026-03-31,2026-03-31
7555,株式会社大田花き,3764000000,2973000000,8196000000,5222000000,NetAssets,63.71,total,5222000000,NetAssets,63.71,5222000000.0,ShareholdersEquity,63.71,1566000000,bs,1566000000.0,1546000000,5500000.0,2026-06-26,NumberOfIssuedSharesAsOfFilingDateIssuedSharesTotalNumberOfSharesEtc,S100YLK4,2026-06-26,120,J-GAAP,連結,2026-03-31,2026-03-31
6787,株式会社メイコー,142528000000,191484000000,335291000000,143807000000,NetAssets,42.89,total,143807000000,NetAssets,42.89,98765000000.0,ShareholdersEquity,29.46,27505000000,bs,27505000000.0,26467000000,26803390.0,2026-06-26,NumberOfIssuedSharesAsOfFilingDateIssuedSharesTotalNumberOfSharesEtc,S100YIE8,2026-06-26,120,J-GAAP,連結,2026-03-31,2026-03-31
548A,株式会社システムエグゼ,7423853000,2401543000,8223521000,5821978000,NetAssets,70.8,total,5821978000,NetAssets,70.8,5794702000.0,ShareholdersEquity,70.46,4237369000,bs,4237369000.0,3766249000,5401400.0,2026-06-26,NumberOfIssuedSharesAsOfFilingDateIssuedSharesTotalNumberOfSharesEtc,S100YKKE,2026-06-26,120,J-GAAP,連結,2026-03-31,2026-03-31
1384,株式会社　ホクリヨウ,10139000000,5884000000,23402000000,17518000000,NetAssets,74.86,total,17518000000,NetAssets,74.86,17237000000.0,ShareholdersEquity,73.66,7304000000,bs,7304000000.0,7304000000,8459000.0,2026-06-26,NumberOfIssuedSharesAsOfFilingDateIssuedSharesTotalNumberOfSharesEtc,S100YK1Y,2026-06-26,120,J-GAAP,個別,2026-03-31,2026-03-31
9849,株式会社共同紙販ホールディングス,7240373000,5556258000,9530322000,3974064000,NetAssets,41.7,total,3974064000,NetAssets,41.7,3847314000.0,ShareholdersEquity,40.37,1412936000,bs,1412936000.0,1412936000,735344.0,2026-06-26,NumberOfIssuedSharesAsOfFilingDateIssuedSharesTotalNumberOfSharesEtc,S100YM2W,2026-06-26,120,J-GAAP,連結,2026-03-31,2026-03-31
6273,ＳＭＣ株式会社,1504291000000,196595000000,2311835000000,2115240000000,NetAssets,91.5,total,2115240000000,NetAssets,91.5,1806207000000.0,ShareholdersEquity,78.13,663870000000,bs,663870000000.0,573769000000,63869359.0,2026-06-26,NumberOfIssuedSharesAsOfFilingDateIssuedSharesTotalNumberOfSharesEtc,S100YLC6,2026-06-26,120,J-GAAP,連結,2026-03-31,2026-03-31
7383,株式会社ネットプロテクションズホールディングス,64787000000,63986000000,85063000000,21077000000,EquityIFRS,24.78,total,21077000000,EquityIFRS,24.78,21019000000.0,EquityAttributableToOwnersOfParentIFRS,24.71,20216000000,cf,,20216000000,99502999.0,2026-06-26,NumberOfIssuedSharesAsOfFilingDateIssuedSharesTotalNumberOfSharesEtc,S100YM27,2026-06-26,120,IFRS,連結,2026-03-31,2026-03-31
3477,フォーライフ株式会社,10175259000,6162941000,10521179000,4358237000,NetAssets,41.42,total,4358237000,NetAssets,41.42,4358237000.0,ShareholdersEquity,41.42,3345343000,bs,3345343000.0,3145343000,4000000.0,2026-06-26,NumberOfIssuedSharesAsOfFilingDateIssuedSharesTotalNumberOfSharesEtc,S100YKFC,2026-06-26,120,J-GAAP,個別,2026-03-31,2026-03-31
6545,株式会社インターネットインフィニティー,3081454000,2758405000,4546942000,1788536000,NetAssets,39.33,total,1788536000,NetAssets,39.33,1788505000.0,ShareholdersEquity,39.33,1956560000,bs,1956560000.0,1956560000,5427771.0,2026-06-26,NumberOfIssuedSharesAsOfFilingDateIssuedSharesTotalNumberOfSharesEtc,S100YLGZ,2026-06-26,120,J-GAAP,連結,2026-03-31,2026-03-31
6637,寺崎電気産業株式会社,55077106000,25975989000,81427296000,55451306000,NetAssets,68.1,total,55451306000,NetAssets,68.1,44085441000.0,ShareholdersEquity,54.14,13929208000,bs,13929208000.0,13929208000,13030000.0,2026-06-26,NumberOfIssuedSharesAsOfFilingDateIssuedSharesTotalNumberOfSharesEtc,S100YKLJ,2026-06-26,120,J-GAAP,連結,2026-03-31,2026-03-31
3175,株式会社エー・ピーホールディングス,3297563000,6888113000,8012966000,1124852000,NetAssets,14.04,total,1124852000,NetAssets,14.04,1218639000.0,ShareholdersEquity,15.21,1174449000,bs,1174449000.0,1171434000,12884450.0,2026-06-26,NumberOfIssuedSharesAsOfFilingDateIssuedSharesTotalNumberOfSharesEtc,S100YLZQ,2026-06-26,120,J-GAAP,連結,2026-03-31,2026-03-31
4662,株式会社フォーカスシステムズ,15017318000,8439724000,23821804000,15382079000,NetAssets,64.57,total,15382079000,NetAssets,64.57,13482927000.0,ShareholdersEquity,56.6,6935659000,bs,6935659000.0,6556203000,16292942.0,2026-06-26,NumberOfIssuedSharesAsOfFilingDateIssuedSharesTotalNumberOfSharesEtc,S100YFP2,2026-06-26,120,J-GAAP,個別,2026-03-31,2026-03-31
1866,北野建設株式会社,43748000000,28180000000,80330000000,52150000000,NetAssets,64.92,total,52150000000,NetAssets,64.92,43182000000.0,ShareholdersEquity,53.76,13239000000,bs,13239000000.0,11884000000,25347412.0,2026-06-26,NumberOfIssuedSharesAsOfFilingDateIssuedSharesTotalNumberOfSharesEtc,S100YM22,2026-06-26,120,J-GAAP,連結,2026-03-31,2026-03-31
7463,株式会社アドヴァン,19532497000,23972045000,84243301000,60271256000,NetAssets,71.54,total,60271256000,NetAssets,71.54,58379698000.0,ShareholdersEquity,69.3,8266080000,bs,8266080000.0,4666080000,43312692.0,2026-06-26,NumberOfIssuedSharesAsOfFilingDateIssuedSharesTotalNumberOfSharesEtc,S100YM3U,2026-06-26,120,J-GAAP,連結,2026-03-31,2026-03-31
1892,徳倉建設株式会社,39543000000,30347000000,53271000000,22924000000,NetAssets,43.03,total,22924000000,NetAssets,43.03,20754000000.0,ShareholdersEquity,38.96,11704000000,bs,11704000000.0,11413000000,2207285.0,2026-06-26,NumberOfIssuedSharesAsOfFilingDateIssuedSharesTotalNumberOfSharesEtc,S100YKW2,2026-06-26,120,J-GAAP,連結,2026-03-31,2026-03-31
5280,ヨシコン株式会社,37815413000,14382343000,44030257000,29647914000,NetAssets,67.34,total,29647914000,NetAssets,67.34,29348354000.0,ShareholdersEquity,66.65,2554525000,bs,2554525000.0,2349525000,8030248.0,2026-06-26,NumberOfIssuedSharesAsOfFilingDateIssuedSharesTotalNumberOfSharesEtc,S100YJO9,2026-06-26,120,J-GAAP,連結,2026-03-31,2026-03-31
4801,セントラルスポーツ株式会社,9748000000,15671000000,42284000000,26612000000,NetAssets,62.94,total,26612000000,NetAssets,62.94,26224000000.0,ShareholdersEquity,62.02,6359000000,bs,6359000000.0,6359000000,11466300.0,2026-06-26,NumberOfIssuedSharesAsOfFilingDateIssuedSharesTotalNumberOfSharesEtc,S100YEYH,2026-06-26,120,J-GAAP,連結,2026-03-31,2026-03-31
9009,京成電鉄株式会社,110876000000,606195000000,1181801000000,575605000000,NetAssets,48.71,total,575605000000,NetAssets,48.71,537839000000.0,ShareholdersEquity,45.51,34386000000,bs,34386000000.0,34227000000,517233555.0,2026-06-26,NumberOfIssuedSharesAsOfFilingDateIssuedSharesTotalNumberOfSharesEtc,S100YL5Y,2026-06-26,120,J-GAAP,連結,2026-03-31,2026-03-31
8123,川辺株式会社,6759248000,5302235000,12746162000,7443927000,NetAssets,58.4,total,7443927000,NetAssets,58.4,6850471000.0,ShareholdersEquity,53.75,1783715000,bs,1783715000.0,1783715000,1861000.0,2026-06-26,NumberOfIssuedSharesAsOfFilingDateIssuedSharesTotalNumberOfSharesEtc,S100YLIH,2026-06-26,120,J-GAAP,連結,2026-03-31,2026-03-31
7317,株式会社松屋アールアンドディ,8513202000,4357733000,12507511000,8149777000,NetAssets,65.16,total,8149777000,NetAssets,65.16,7420927000.0,ShareholdersEquity,59.33,4405011000,bs,4405011000.0,3895338000,21505200.0,2026-06-26,NumberOfIssuedSharesAsOfFilingDateIssuedSharesTotalNumberOfSharesEtc,S100YI6P,2026-06-26,120,J-GAAP,連結,2026-03-31,2026-03-31
6702,富士通株式会社,1942811000000,1355158000000,3399745000000,2044587000000,EquityIFRS,60.14,total,2044587000000,EquityIFRS,60.14,2024915000000.0,EquityAttributableToOwnersOfParentIFRS,59.56,450366000000,cf,,450366000000,1739778265.0,2026-06-26,NumberOfIssuedSharesAsOfFilingDateIssuedSharesTotalNumberOfSharesEtc,S100YM3K,2026-06-26,120,IFRS,連結,2026-03-31,2026-03-31
477A,株式会社スタートライン,3262775000,6335739000,8217154000,1881415000,NetAssets,22.9,total,1881415000,NetAssets,22.9,1881415000.0,ShareholdersEquity,22.9,2327272000,bs,2327272000.0,2327272000,4131000.0,2026-06-26,NumberOfIssuedSharesAsOfFilingDateIssuedSharesTotalNumberOfSharesEtc,S100YM56,2026-06-26,120,J-GAAP,個別,2026-03-31,2026-03-31
6522,株式会社アスタリスク,1689906000,1016490000,2726853000,1710363000,NetAssets,62.72,total,1710363000,NetAssets,62.72,1705123000.0,ShareholdersEquity,62.53,769160000,bs,769160000.0,769160000,8038800.0,2026-04-14,NumberOfIssuedSharesAsOfFilingDateIssuedSharesTotalNumberOfSharesEtc,S100XU4B,2026-04-14,160,J-GAAP,連結,2026-08-31,2026-02-28
7067,ブランディングテクノロジー株式会社,1966376000,895101000,2164501000,1269399000,NetAssets,58.65,total,1269399000,NetAssets,58.65,1250717000.0,ShareholdersEquity,57.78,1246439000,bs,1246439000.0,1246439000,1602215.0,2026-06-26,NumberOfIssuedSharesAsOfFilingDateIssuedSharesTotalNumberOfSharesEtc,S100YKT7,2026-06-26,120,J-GAAP,連結,2026-03-31,2026-03-31
6412,株式会社平和,109710000000,828666000000,1077576000000,248910000000,NetAssets,23.1,total,248910000000,NetAssets,23.1,247654000000.0,ShareholdersEquity,22.98,49928000000,bs,49928000000.0,49280000000,99809060.0,2026-06-26,NumberOfIssuedSharesAsOfFilingDateIssuedSharesTotalNumberOfSharesEtc,S100YM5Z,2026-06-26,120,J-GAAP,連結,2026-03-31,2026-03-31
5592,株式会社くすりの窓口,10090922000,6352377000,17816983000,11464605000,NetAssets,64.35,total,11464605000,NetAssets,64.35,11325947000.0,ShareholdersEquity,63.57,5203879000,bs,5203879000.0,5237712000,11459482.0,2026-06-26,NumberOfIssuedSharesAsOfFilingDateIssuedSharesTotalNumberOfSharesEtc,S100YKTN,2026-06-26,120,J-GAAP,連結,2026-03-31,2026-03-31
7046,ＴＤＳＥ株式会社,2728803000,603686000,2979065000,2375379000,NetAssets,79.74,total,2375379000,NetAssets,79.74,2375379000.0,ShareholdersEquity,79.74,2143904000,bs,2143904000.0,2143904000,2200000.0,2026-06-26,NumberOfIssuedSharesAsOfFilingDateIssuedSharesTotalNumberOfSharesEtc,S100YJTH,2026-06-26,120,J-GAAP,個別,2026-03-31,2026-03-31
6042,株式会社ニッキ,10140242000,10339361000,24298371000,13959010000,NetAssets,57.45,total,13959010000,NetAssets,57.45,11990573000.0,ShareholdersEquity,49.35,4623611000,bs,4623611000.0,4178687000,2000000.0,2026-06-26,NumberOfIssuedSharesAsOfFilingDateIssuedSharesTotalNumberOfSharesEtc,S100YKJL,2026-06-26,120,J-GAAP,連結,2026-03-31,2026-03-31
3199,綿半ホールディングス株式会社,46709000000,58400000000,82994000000,24593000000,NetAssets,29.63,total,24593000000,NetAssets,29.63,23276000000.0,ShareholdersEquity,28.05,5369000000,bs,5369000000.0,5147000000,19958940.0,2026-06-26,NumberOfIssuedSharesAsOfFilingDateIssuedSharesTotalNumberOfSharesEtc,S100YJZ2,2026-06-26,120,J-GAAP,連結,2026-03-31,2026-03-31
5802,住友電気工業株式会社,2424611000000,1989533000000,4824532000000,2834999000000,NetAssets,58.76,total,2834999000000,NetAssets,58.76,2124515000000.0,ShareholdersEquity,44.04,236982000000,bs,236982000000.0,235921000000,793940571.0,2026-06-26,NumberOfIssuedSharesAsOfFilingDateIssuedSharesTotalNumberOfSharesEtc,S100YL2M,2026-06-26,120,J-GAAP,連結,2026-03-31,2026-03-31
6960,フクダ電子株式会社,120107000000,36577000000,225373000000,188796000000,NetAssets,83.77,total,188796000000,NetAssets,83.77,177006000000.0,ShareholdersEquity,78.54,65724000000,bs,65724000000.0,60698000000,37747300.0,2026-06-26,NumberOfIssuedSharesAsOfFilingDateIssuedSharesTotalNumberOfSharesEtc,S100YLF7,2026-06-26,120,J-GAAP,連結,2026-03-31,2026-03-31
5194,相模ゴム工業株式会社,6080843000,7265218000,19151960000,11886741000,NetAssets,62.07,total,11886741000,NetAssets,62.07,10141922000.0,ShareholdersEquity,52.96,1737736000,bs,1737736000.0,1737736000,10937449.0,2026-06-26,NumberOfIssuedSharesAsOfFilingDateIssuedSharesTotalNumberOfSharesEtc,S100YL8G,2026-06-26,120,J-GAAP,連結,2026-03-31,2026-03-31
2764,株式会社ひらまつ,8505865000,5798087000,11914375000,6116288000,NetAssets,51.34,total,6116288000,NetAssets,51.34,5984234000.0,ShareholdersEquity,50.23,4966198000,bs,4966198000.0,4966198000,74740400.0,2026-06-26,NumberOfIssuedSharesAsOfFilingDateIssuedSharesTotalNumberOfSharesEtc,S100YL5S,2026-06-26,120,J-GAAP,連結,2026-03-31,2026-03-31
6629,テクノホライゾン株式会社,30731822000,27134301000,39412036000,12277734000,NetAssets,31.15,total,12277734000,NetAssets,31.15,9597554000.0,ShareholdersEquity,24.35,4688649000,bs,4688649000.0,4688649000,21063240.0,2026-06-26,NumberOfIssuedSharesAsOfFilingDateIssuedSharesTotalNumberOfSharesEtc,S100YLV9,2026-06-26,120,J-GAAP,連結,2026-03-31,2026-03-31
7918,株式会社ヴィア・ホールディングス,1936000000,5327000000,6567000000,1239000000,NetAssets,18.87,total,1239000000,NetAssets,18.87,1227000000.0,ShareholdersEquity,18.68,935000000,bs,935000000.0,935000000,45635713.0,2026-06-26,NumberOfIssuedSharesAsOfFilingDateIssuedSharesTotalNumberOfSharesEtc,S100YL9S,2026-06-26,120,J-GAAP,連結,2026-03-31,2026-03-31
4571,ＮＡＮＯホールディングス株式会社,5199028000,2340598000,5906339000,3565741000,NetAssets,60.37,total,3565741000,NetAssets,60.37,3407636000.0,ShareholdersEquity,57.69,4910354000,bs,4910354000.0,4910354000,83221758.0,2026-06-26,NumberOfIssuedSharesAsOfFilingDateIssuedSharesTotalNumberOfSharesEtc,S100YLFM,2026-06-26,120,J-GAAP,連結,2026-03-31,2026-03-31
4978,株式会社リプロセル,7329361000,805589000,9652315000,8846726000,NetAssets,91.65,total,8846726000,NetAssets,91.65,8461940000.0,ShareholdersEquity,87.67,2603703000,bs,2603703000.0,2603703000,98079891.0,2026-06-26,NumberOfIssuedSharesAsOfFilingDateIssuedSharesTotalNumberOfSharesEtc,S100YLVF,2026-06-26,120,J-GAAP,連結,2026-03-31,2026-03-31
7273,株式会社イクヨ,15281441000,16632023000,32888024000,16256001000,NetAssets,49.43,total,16256001000,NetAssets,49.43,12691809000.0,ShareholdersEquity,38.59,5381302000,bs,5381302000.0,4241302000,29385000.0,2026-06-26,NumberOfIssuedSharesAsOfFilingDateIssuedSharesTotalNumberOfSharesEtc,S100YLTN,2026-06-26,120,J-GAAP,連結,2026-03-31,2026-03-31
7416,株式会社はるやまホールディングス,21441429000,18781944000,41457122000,22675177000,NetAssets,54.7,total,22675177000,NetAssets,54.7,22438844000.0,ShareholdersEquity,54.13,8317713000,bs,8317713000.0,8317713000,16485078.0,2026-06-26,NumberOfIssuedSharesAsOfFilingDateIssuedSharesTotalNumberOfSharesEtc,S100YLJD,2026-06-26,120,J-GAAP,連結,2026-03-31,2026-03-31
7953,菊水化学工業株式会社,10465391000,6623068000,17029932000,10406864000,NetAssets,61.11,total,10406864000,NetAssets,61.11,9130334000.0,ShareholdersEquity,53.61,4515263000,bs,4515263000.0,4168800000,12744054.0,2026-06-26,NumberOfIssuedSharesAsOfFilingDateIssuedSharesTotalNumberOfSharesEtc,S100YKW4,2026-06-26,120,J-GAAP,連結,2026-03-31,2026-03-31
7946,株式会社光陽社,2101832000,1183847000,3002176000,1818328000,NetAssets,60.57,total,1818328000,NetAssets,60.57,1817513000.0,ShareholdersEquity,60.54,937781000,bs,937781000.0,934781000,4250500.0,2026-06-26,NumberOfIssuedSharesAsOfFilingDateIssuedSharesTotalNumberOfSharesEtc,S100YLWX,2026-06-26,120,J-GAAP,連結,2026-03-31,2026-03-31
7374,株式会社コンフィデンス・インターワークス,5615956000,1473343000,7781648000,6308305000,NetAssets,81.07,total,6308305000,NetAssets,81.07,6261579000.0,ShareholdersEquity,80.47,4395861000,bs,4395861000.0,4395861000,6714777.0,2026-06-26,NumberOfIssuedSharesAsOfFilingDateIssuedSharesTotalNumberOfSharesEtc,S100YKQ9,2026-06-26,120,J-GAAP,連結,2026-03-31,2026-03-31
1711,株式会社ＳＤＳホールディングス,2877892000,4896729000,5638210000,741480000,NetAssets,13.15,total,741480000,NetAssets,13.15,583642000.0,ShareholdersEquity,10.35,234434000,bs,234434000.0,161794000,10432773.0,2026-06-26,NumberOfIssuedSharesAsOfFilingDateIssuedSharesTotalNumberOfSharesEtc,S100YM7I,2026-06-26,120,J-GAAP,連結,2026-03-31,2026-03-31
7078,ＩＮＣＬＵＳＩＶＥ　Ｈｏｌｄｉｎｇｓ株式会社,2494614000,1533522000,3369537000,1836014000,NetAssets,54.49,total,1836014000,NetAssets,54.49,1528634000.0,ShareholdersEquity,45.37,1862926000,bs,1862926000.0,1862926000,10053189.0,2026-06-26,NumberOfIssuedSharesAsOfFilingDateIssuedSharesTotalNumberOfSharesEtc,S100YMA3,2026-06-26,120,J-GAAP,連結,2026-03-31,2026-03-31
3661,株式会社エムアップホールディングス,24883000000,20672000000,31617000000,10944000000,NetAssets,34.61,total,10944000000,NetAssets,34.61,9678000000.0,ShareholdersEquity,30.61,16383000000,bs,16383000000.0,16383000000,72992776.0,2026-06-26,NumberOfIssuedSharesAsOfFilingDateIssuedSharesTotalNumberOfSharesEtc,S100YK0J,2026-06-26,120,J-GAAP,連結,2026-03-31,2026-03-31
5707,東邦亜鉛株式会社,74125000000,85263000000,98932000000,13668000000,NetAssets,13.82,total,13668000000,NetAssets,13.82,4482000000.0,ShareholdersEquity,4.53,11133000000,bs,11133000000.0,11133000000,38125190.0,2026-06-26,NumberOfIssuedSharesAsOfFilingDateIssuedSharesTotalNumberOfSharesEtc,S100YI2P,2026-06-26,120,J-GAAP,連結,2026-03-31,2026-03-31
6072,地盤ネットホールディングス株式会社,1346745000,617467000,2052385000,1434917000,NetAssets,69.91,total,1434917000,NetAssets,69.91,1420337000.0,ShareholdersEquity,69.2,568192000,bs,568192000.0,568192000,23148000.0,2026-06-26,NumberOfIssuedSharesAsOfFilingDateIssuedSharesTotalNumberOfSharesEtc,S100YM7M,2026-06-26,120,J-GAAP,連結,2026-03-31,2026-03-31
2467,株式会社ＶＬＣセキュリティ,602783000,613538000,1196938000,583400000,NetAssets,48.74,total,583400000,NetAssets,48.74,809442000.0,ShareholdersEquity,67.63,123754000,bs,123754000.0,123754000,13860800.0,2026-06-26,NumberOfIssuedSharesAsOfFilingDateIssuedSharesTotalNumberOfSharesEtc,S100YMA4,2026-06-26,120,J-GAAP,連結,2026-03-31,2026-03-31
7084,株式会社Ｓｍｉｌｅ　Ｈｏｌｄｉｎｇｓ,7988427000,10551916000,16701572000,6149656000,NetAssets,36.82,total,6149656000,NetAssets,36.82,6158612000.0,ShareholdersEquity,36.87,5718680000,bs,5718680000.0,5718375000,3259500.0,2026-06-26,NumberOfIssuedSharesAsOfFilingDateIssuedSharesTotalNumberOfSharesEtc,S100YL46,2026-06-26,120,J-GAAP,連結,2026-03-31,2026-03-31
3909,株式会社ショーケース,1996093000,695423000,2379418000,1683994000,NetAssets,70.77,total,1683994000,NetAssets,70.77,1723494000.0,ShareholdersEquity,72.43,727674000,bs,727674000.0,727674000,10185600.0,2026-06-26,NumberOfIssuedSharesAsOfFilingDateIssuedSharesTotalNumberOfSharesEtc,S100YMC0,2026-06-26,120,J-GAAP,連結,2026-03-31,2026-03-31
7239,株式会社タチエス,114236000000,64468000000,170372000000,105904000000,NetAssets,62.16,total,105904000000,NetAssets,62.16,82533000000.0,ShareholdersEquity,48.44,45684000000,bs,45684000000.0,44577000000,35242846.0,2026-06-26,NumberOfIssuedSharesAsOfFilingDateIssuedSharesTotalNumberOfSharesEtc,S100YLGY,2026-06-26,120,J-GAAP,連結,2026-03-31,2026-03-31
330A,株式会社ＴａｌｅｎｔＸ,1339462000,801677000,1694572000,892894000,NetAssets,52.69,total,892894000,NetAssets,52.69,892894000.0,ShareholdersEquity,52.69,1220024000,bs,1220024000.0,1180024000,5764200.0,2026-06-26,NumberOfIssuedSharesAsOfFilingDateIssuedSharesTotalNumberOfSharesEtc,S100YGDN,2026-06-26,120,J-GAAP,連結,2026-03-31,2026-03-31
7851,カワセコンピュータサプライ株式会社,1600108000,949220000,3435948000,2486728000,NetAssets,72.37,total,2486728000,NetAssets,72.37,2372430000.0,ShareholdersEquity,69.05,1126280000,bs,1126280000.0,1126280000,5160000.0,2026-06-26,NumberOfIssuedSharesAsOfFilingDateIssuedSharesTotalNumberOfSharesEtc,S100YMBT,2026-06-26,120,J-GAAP,個別,2026-03-31,2026-03-31
5571,エキサイトホールディングス株式会社,5331531000,7336377000,11055795000,3719418000,NetAssets,33.64,total,3719418000,NetAssets,33.64,3575884000.0,ShareholdersEquity,32.34,2286544000,bs,2286544000.0,2286544000,4878690.0,2026-06-26,NumberOfIssuedSharesAsOfFilingDateIssuedSharesTotalNumberOfSharesEtc,S100YMC7,2026-06-26,120,J-GAAP,連結,2026-03-31,2026-03-31
4425,Ｋｕｄａｎ株式会社,2447595000,335533000,2977983000,2642449000,NetAssets,88.73,total,2642449000,NetAssets,88.73,3578661000.0,ShareholdersEquity,120.17,1986078000,bs,1986078000.0,1986078000,11328167.0,2026-06-26,NumberOfIssuedSharesAsOfFilingDateIssuedSharesTotalNumberOfSharesEtc,S100YIKS,2026-06-26,120,J-GAAP,連結,2026-03-31,2026-03-31
6428,株式会社オーイズミ,16918167000,22072331000,40730868000,18658537000,NetAssets,45.81,total,18658537000,NetAssets,45.81,18531227000.0,ShareholdersEquity,45.5,8004695000,bs,8004695000.0,8004695000,22500000.0,2026-06-26,NumberOfIssuedSharesAsOfFilingDateIssuedSharesTotalNumberOfSharesEtc,S100YLT7,2026-06-26,120,J-GAAP,連結,2026-03-31,2026-03-31
5973,株式会社トーアミ,8728372000,7750856000,18821050000,11070194000,NetAssets,58.82,total,11070194000,NetAssets,58.82,10581865000.0,ShareholdersEquity,56.22,1997797000,bs,1997797000.0,1997797000,6400000.0,2026-06-25,NumberOfIssuedSharesAsOfFilingDateIssuedSharesTotalNumberOfSharesEtc,S100YDF3,2026-06-25,120,J-GAAP,連結,2026-03-31,2026-03-31
4231,タイガースポリマー株式会社,35753072000,12449473000,62330801000,49881328000,NetAssets,80.03,total,49881328000,NetAssets,80.03,36990595000.0,ShareholdersEquity,59.35,17725149000,bs,17725149000.0,14473409000,20111598.0,2026-06-25,NumberOfIssuedSharesAsOfFilingDateIssuedSharesTotalNumberOfSharesEtc,S100YK4M,2026-06-25,120,J-GAAP,連結,2026-03-31,2026-03-31
7987,ナカバヤシ株式会社,27980000000,23129000000,54080000000,30950000000,NetAssets,57.23,total,30950000000,NetAssets,57.23,28143000000.0,ShareholdersEquity,52.04,6796000000,bs,6796000000.0,6795000000,28794294.0,2026-06-25,NumberOfIssuedSharesAsOfFilingDateIssuedSharesTotalNumberOfSharesEtc,S100YKAO,2026-06-25,120,J-GAAP,連結,2026-03-31,2026-03-31
8742,株式会社小林洋行,17174473000,13952021000,24023984000,10071963000,NetAssets,41.92,total,10071963000,NetAssets,41.92,9130000000.0,ShareholdersEquity,38.0,3085073000,bs,3085073000.0,1785686000,12554379.0,2026-06-25,NumberOfIssuedSharesAsOfFilingDateIssuedSharesTotalNumberOfSharesEtc,S100YJB4,2026-06-25,120,J-GAAP,連結,2026-03-31,2026-03-31
3123,サイボー株式会社,5951461000,20973030000,42895408000,21922377000,NetAssets,51.11,total,21922377000,NetAssets,51.11,16833296000.0,ShareholdersEquity,39.24,3639803000,bs,3639803000.0,3400254000,13600000.0,2026-06-25,NumberOfIssuedSharesAsOfFilingDateIssuedSharesTotalNumberOfSharesEtc,S100YJC8,2026-06-25,120,J-GAAP,連結,2026-03-31,2026-03-31
5658,日亜鋼業株式会社,34062863000,15890502000,73097290000,57206787000,NetAssets,78.26,total,57206787000,NetAssets,78.26,46134067000.0,ShareholdersEquity,63.11,9156974000,bs,9156974000.0,7356974000,51755478.0,2026-06-25,NumberOfIssuedSharesAsOfFilingDateIssuedSharesTotalNumberOfSharesEtc,S100YIXZ,2026-06-25,120,J-GAAP,連結,2026-03-31,2026-03-31
2286,林兼産業株式会社,14880000000,14668000000,28236000000,13568000000,NetAssets,48.05,total,13568000000,NetAssets,48.05,11284000000.0,ShareholdersEquity,39.96,1961000000,bs,1961000000.0,1951000000,8910000.0,2026-06-25,NumberOfIssuedSharesAsOfFilingDateIssuedSharesTotalNumberOfSharesEtc,S100YJI4,2026-06-25,120,J-GAAP,連結,2026-03-31,2026-03-31
8137,サンワテクノス株式会社,88703000000,48262000000,101386000000,53124000000,NetAssets,52.4,total,53124000000,NetAssets,52.4,43975000000.0,ShareholdersEquity,43.37,24591000000,bs,24591000000.0,24089000000,16044000.0,2026-06-25,NumberOfIssuedSharesAsOfFilingDateIssuedSharesTotalNumberOfSharesEtc,S100YJ4F,2026-06-25,120,J-GAAP,連結,2026-03-31,2026-03-31
6850,株式会社チノー,29579000000,14524000000,41109000000,26585000000,NetAssets,64.67,total,26585000000,NetAssets,64.67,22055000000.0,ShareholdersEquity,53.65,9621000000,bs,9621000000.0,9281000000,18520232.0,2026-06-25,NumberOfIssuedSharesAsOfFilingDateIssuedSharesTotalNumberOfSharesEtc,S100YJHF,2026-06-25,120,J-GAAP,連結,2026-03-31,2026-03-31
9380,東海運株式会社,13190608000,25477515000,44110427000,18632911000,NetAssets,42.24,total,18632911000,NetAssets,42.24,16519088000.0,ShareholdersEquity,37.45,5833125000,bs,5833125000.0,5833125000,28923000.0,2026-06-25,NumberOfIssuedSharesAsOfFilingDateIssuedSharesTotalNumberOfSharesEtc,S100YHD3,2026-06-25,120,J-GAAP,連結,2026-03-31,2026-03-31
2349,株式会社エヌアイデイ,22853175000,6445686000,30723458000,24277771000,NetAssets,79.02,total,24277771000,NetAssets,79.02,23114525000.0,ShareholdersEquity,75.23,18124151000,bs,18124151000.0,17311366000,13109490.0,2026-06-25,NumberOfIssuedSharesAsOfFilingDateIssuedSharesTotalNumberOfSharesEtc,S100YK0N,2026-06-25,120,J-GAAP,連結,2026-03-31,2026-03-31
9365,トレーディア株式会社,3735630000,7408126000,13323756000,5915630000,NetAssets,44.4,total,5915630000,NetAssets,44.4,4086917000.0,ShareholdersEquity,30.67,1052451000,bs,1052451000.0,1052451000,1470000.0,2026-06-25,NumberOfIssuedSharesAsOfFilingDateIssuedSharesTotalNumberOfSharesEtc,S100YJV2,2026-06-25,120,J-GAAP,連結,2026-03-31,2026-03-31
1380,株式会社秋川牧園,2991575000,4791531000,6973367000,2181836000,NetAssets,31.29,total,2181836000,NetAssets,31.29,2103309000.0,ShareholdersEquity,30.16,904775000,bs,904775000.0,904775000,4179000.0,2026-06-25,NumberOfIssuedSharesAsOfFilingDateIssuedSharesTotalNumberOfSharesEtc,S100YK4U,2026-06-25,120,J-GAAP,連結,2026-03-31,2026-03-31
7483,株式会社ドウシシャ,89141000000,14093000000,110644000000,96550000000,NetAssets,87.26,total,96550000000,NetAssets,87.26,93319000000.0,ShareholdersEquity,84.34,63470000000,bs,63470000000.0,35418000000,37375636.0,2026-06-25,NumberOfIssuedSharesAsOfFilingDateIssuedSharesTotalNumberOfSharesEtc,S100YGD2,2026-06-25,120,J-GAAP,連結,2026-03-31,2026-03-31
5962,浅香工業株式会社,4646633000,2412665000,7011593000,4598928000,NetAssets,65.59,total,4598928000,NetAssets,65.59,3840777000.0,ShareholdersEquity,54.78,1247367000,bs,1247367000.0,1155251000,1037080.0,2026-06-25,NumberOfIssuedSharesAsOfFilingDateIssuedSharesTotalNumberOfSharesEtc,S100YIX3,2026-06-25,120,J-GAAP,個別,2026-03-31,2026-03-31
2114,フジ日本株式会社,19317000000,10788000000,38732000000,27944000000,NetAssets,72.15,total,27944000000,NetAssets,72.15,23647000000.0,ShareholdersEquity,61.05,8243000000,bs,8243000000.0,7243000000,51437400.0,2026-06-22,NumberOfIssuedSharesAsOfFilingDateIssuedSharesTotalNumberOfSharesEtc,S100YGKQ,2026-06-22,120,J-GAAP,連結,2026-03-31,2026-03-31
4521,科研製薬株式会社,94051000000,30597000000,178217000000,147619000000,NetAssets,82.83,total,147619000000,NetAssets,82.83,137109000000.0,ShareholdersEquity,76.93,44713000000,bs,44713000000.0,50705000000,44139730.0,2026-06-25,NumberOfIssuedSharesAsOfFilingDateIssuedSharesTotalNumberOfSharesEtc,S100YK2Q,2026-06-25,120,J-GAAP,連結,2026-03-31,2026-03-31
6140,旭ダイヤモンド工業株式会社,36841000000,15070000000,79203000000,64133000000,NetAssets,80.97,total,64133000000,NetAssets,80.97,53620000000.0,ShareholdersEquity,67.7,16077000000,bs,16077000000.0,16156000000,48430000.0,2026-06-25,NumberOfIssuedSharesAsOfFilingDateIssuedSharesTotalNumberOfSharesEtc,S100YJMM,2026-06-25,120,J-GAAP,連結,2026-03-31,2026-03-31
7567,株式会社栄電子,4378152000,2542593000,7360657000,4818063000,NetAssets,65.46,total,4818063000,NetAssets,65.46,4132886000.0,ShareholdersEquity,56.15,1090792000,bs,1090792000.0,1090792000,5090000.0,2026-06-25,NumberOfIssuedSharesAsOfFilingDateIssuedSharesTotalNumberOfSharesEtc,S100YJKR,2026-06-25,120,J-GAAP,連結,2026-03-31,2026-03-31
6022,株式会社　赤阪鐵工所,8331950000,7255528000,18217676000,10962147000,NetAssets,60.17,total,10962147000,NetAssets,60.17,7920132000.0,ShareholdersEquity,43.47,1037647000,bs,1037647000.0,906647000,1540000.0,2026-06-25,NumberOfIssuedSharesAsOfFilingDateIssuedSharesTotalNumberOfSharesEtc,S100YI3O,2026-06-25,120,J-GAAP,個別,2026-03-31,2026-03-31
9782,株式会社ディーエムエス,11413449000,4399183000,20273661000,15874477000,NetAssets,78.3,total,15874477000,NetAssets,78.3,15893909000.0,ShareholdersEquity,78.4,6927427000,bs,6927427000.0,6927427000,7262020.0,2026-06-25,NumberOfIssuedSharesAsOfFilingDateIssuedSharesTotalNumberOfSharesEtc,S100YIWH,2026-06-25,120,J-GAAP,個別,2026-03-31,2026-03-31
8006,ユアサ・フナショク株式会社,36303000000,27301000000,71210000000,43909000000,NetAssets,61.66,total,43909000000,NetAssets,61.66,35415000000.0,ShareholdersEquity,49.73,13402000000,bs,13402000000.0,13356000000,19590892.0,2026-06-25,NumberOfIssuedSharesAsOfFilingDateIssuedSharesTotalNumberOfSharesEtc,S100YIWQ,2026-06-25,120,J-GAAP,連結,2026-03-31,2026-03-31
6134,株式会社ＦＵＪＩ,195507000000,45902000000,278356000000,232454000000,NetAssets,83.51,total,232454000000,NetAssets,83.51,205005000000.0,ShareholdersEquity,73.65,53741000000,bs,53741000000.0,53159000000,97823748.0,2026-06-25,NumberOfIssuedSharesAsOfFilingDateIssuedSharesTotalNumberOfSharesEtc,S100YKAW,2026-06-25,120,J-GAAP,連結,2026-03-31,2026-03-31
3941,レンゴー株式会社,500111000000,784531000000,1313086000000,528554000000,NetAssets,40.25,total,528554000000,NetAssets,40.25,366705000000.0,ShareholdersEquity,27.93,92217000000,bs,92217000000.0,89388000000,271056029.0,2026-06-25,NumberOfIssuedSharesAsOfFilingDateIssuedSharesTotalNumberOfSharesEtc,S100YI9N,2026-06-25,120,J-GAAP,連結,2026-03-31,2026-03-31
4998,フマキラー株式会社,45596000000,39228000000,68556000000,29327000000,NetAssets,42.78,total,29327000000,NetAssets,42.78,20749000000.0,ShareholdersEquity,30.27,9823000000,bs,9823000000.0,8326000000,16490000.0,2026-06-25,NumberOfIssuedSharesAsOfFilingDateIssuedSharesTotalNumberOfSharesEtc,S100YGPK,2026-06-25,120,J-GAAP,連結,2026-03-31,2026-03-31
9643,中日本興業株式会社,1536597000,2284062000,5888800000,3604738000,NetAssets,61.21,total,3604738000,NetAssets,61.21,2999204000.0,ShareholdersEquity,50.93,800244000,bs,800244000.0,865244000,540000.0,2026-06-25,NumberOfIssuedSharesAsOfFilingDateIssuedSharesTotalNumberOfSharesEtc,S100YJUB,2026-06-25,120,J-GAAP,個別,2026-03-31,2026-03-31
6417,株式会社三共,229956000000,37302000000,287458000000,250155000000,NetAssets,87.02,total,250155000000,NetAssets,87.02,245434000000.0,ShareholdersEquity,85.38,132463000000,bs,132463000000.0,192439000000,230000000.0,2026-06-25,NumberOfIssuedSharesAsOfFilingDateIssuedSharesTotalNumberOfSharesEtc,S100YI30,2026-06-25,120,J-GAAP,連結,2026-03-31,2026-03-31
4274,細谷火工株式会社,2251671000,1352585000,4828042000,3475456000,NetAssets,71.98,total,3475456000,NetAssets,71.98,3084015000.0,ShareholdersEquity,63.88,795252000,bs,795252000.0,795252000,4032000.0,2026-06-25,NumberOfIssuedSharesAsOfFilingDateIssuedSharesTotalNumberOfSharesEtc,S100YJCX,2026-06-25,120,J-GAAP,個別,2026-03-31,2026-03-31
4247,ポバール興業株式会社,3197059000,1233836000,7277121000,6043284000,NetAssets,83.04,total,6043284000,NetAssets,83.04,5605443000.0,ShareholdersEquity,77.03,1161252000,bs,1161252000.0,1161252000,2634800.0,2026-06-25,NumberOfIssuedSharesAsOfFilingDateIssuedSharesTotalNumberOfSharesEtc,S100YK0F,2026-06-25,120,J-GAAP,連結,2026-03-31,2026-03-31
6292,株式会社カワタ,17038016000,10634553000,24092584000,13458031000,NetAssets,55.86,total,13458031000,NetAssets,55.86,11415657000.0,ShareholdersEquity,47.38,7438399000,bs,7438399000.0,6709498000,7210000.0,2026-06-25,NumberOfIssuedSharesAsOfFilingDateIssuedSharesTotalNumberOfSharesEtc,S100YJHG,2026-06-25,120,J-GAAP,連結,2026-03-31,2026-03-31
5192,三ツ星ベルト株式会社,74976000000,28265000000,129884000000,101619000000,NetAssets,78.24,total,101619000000,NetAssets,78.24,76763000000.0,ShareholdersEquity,59.1,27757000000,bs,27757000000.0,25844000000,31104198.0,2026-06-25,NumberOfIssuedSharesAsOfFilingDateIssuedSharesTotalNumberOfSharesEtc,S100YJBU,2026-06-25,120,J-GAAP,連結,2026-03-31,2026-03-31
7887,南海プライウッド株式会社,26430388000,20473025000,47271964000,26798939000,NetAssets,56.69,total,26798939000,NetAssets,56.69,24633193000.0,ShareholdersEquity,52.11,3884675000,bs,3884675000.0,3884675000,5047900.0,2026-06-25,NumberOfIssuedSharesAsOfFilingDateIssuedSharesTotalNumberOfSharesEtc,S100YIWV,2026-06-25,120,J-GAAP,連結,2026-03-31,2026-03-31
3055,株式会社ほくやく・竹山ホールディングス,107509000000,91021000000,155685000000,64663000000,NetAssets,41.53,total,64663000000,NetAssets,41.53,56242000000.0,ShareholdersEquity,36.13,17089000000,bs,17089000000.0,17089000000,24400000.0,2026-06-25,NumberOfIssuedSharesAsOfFilingDateIssuedSharesTotalNumberOfSharesEtc,S100YJPG,2026-06-25,120,J-GAAP,連結,2026-03-31,2026-03-31
5444,大和工業株式会社,310145000000,52122000000,633540000000,581417000000,NetAssets,91.77,total,581417000000,NetAssets,91.77,432554000000.0,ShareholdersEquity,68.28,219383000000,bs,219383000000.0,75458000000,62000000.0,2026-06-25,NumberOfIssuedSharesAsOfFilingDateIssuedSharesTotalNumberOfSharesEtc,S100YGVD,2026-06-25,120,J-GAAP,連結,2026-03-31,2026-03-31
6317,株式会社北川鉄工所,42114000000,38950000000,84912000000,45962000000,NetAssets,54.13,total,45962000000,NetAssets,54.13,37363000000.0,ShareholdersEquity,44.0,11965000000,bs,11965000000.0,11427000000,9650803.0,2026-06-25,NumberOfIssuedSharesAsOfFilingDateIssuedSharesTotalNumberOfSharesEtc,S100YHUP,2026-06-25,120,J-GAAP,連結,2026-03-31,2026-03-31
7508,株式会社Ｇ‐７ホールディングス,42093000000,46036000000,81560000000,35524000000,NetAssets,43.56,total,35524000000,NetAssets,43.56,36053000000.0,ShareholdersEquity,44.2,20793000000,bs,20793000000.0,20733000000,44071454.0,2026-06-25,NumberOfIssuedSharesAsOfFilingDateIssuedSharesTotalNumberOfSharesEtc,S100YI5T,2026-06-25,120,J-GAAP,連結,2026-03-31,2026-03-31
9220,エフビー介護サービス株式会社,4195640000,5398150000,9327151000,3929000000,NetAssets,42.12,total,3929000000,NetAssets,42.12,3918055000.0,ShareholdersEquity,42.01,2173246000,bs,2173246000.0,1947366000,2436700.0,2026-06-25,NumberOfIssuedSharesAsOfFilingDateIssuedSharesTotalNumberOfSharesEtc,S100YK1M,2026-06-25,120,J-GAAP,連結,2026-03-31,2026-03-31
6919,ケル株式会社,11461190000,3660042000,18964192000,15304149000,NetAssets,80.7,total,15304149000,NetAssets,80.7,13975928000.0,ShareholdersEquity,73.7,4528088000,bs,4528088000.0,4729614000,7743000.0,2026-06-25,NumberOfIssuedSharesAsOfFilingDateIssuedSharesTotalNumberOfSharesEtc,S100YJK1,2026-06-25,120,J-GAAP,連結,2026-03-31,2026-03-31
9511,沖縄電力株式会社,75197000000,389616000000,522482000000,132865000000,NetAssets,25.43,total,132865000000,NetAssets,25.43,120379000000.0,ShareholdersEquity,23.04,19812000000,bs,19812000000.0,19220000000,56927965.0,2026-06-25,NumberOfIssuedSharesAsOfFilingDateIssuedSharesTotalNumberOfSharesEtc,S100YGEA,2026-06-25,120,J-GAAP,連結,2026-03-31,2026-03-31
6147,株式会社ヤマザキ,1436109000,2197593000,3238927000,1041334000,NetAssets,32.15,total,1041334000,NetAssets,32.15,901658000.0,ShareholdersEquity,27.84,795917000,bs,795917000.0,315170000,4579000.0,2026-06-25,NumberOfIssuedSharesAsOfFilingDateIssuedSharesTotalNumberOfSharesEtc,S100YGTK,2026-06-25,120,J-GAAP,連結,2026-03-31,2026-03-31
2922,株式会社なとり,21520285000,14907209000,42584830000,27677620000,NetAssets,64.99,total,27677620000,NetAssets,64.99,26277121000.0,ShareholdersEquity,61.71,4606314000,bs,4606314000.0,4215279000,15032209.0,2026-06-25,NumberOfIssuedSharesAsOfFilingDateIssuedSharesTotalNumberOfSharesEtc,S100YJ2U,2026-06-25,120,J-GAAP,連結,2026-03-31,2026-03-31
3640,株式会社電算,16866360000,9389303000,25645634000,16256331000,NetAssets,63.39,total,16256331000,NetAssets,63.39,15835679000.0,ShareholdersEquity,61.75,4113070000,bs,4113070000.0,2975070000,5837200.0,2026-06-25,NumberOfIssuedSharesAsOfFilingDateIssuedSharesTotalNumberOfSharesEtc,S100YJ1O,2026-06-25,120,J-GAAP,連結,2026-03-31,2026-03-31
1810,松井建設株式会社,45491000000,30609000000,87637000000,57028000000,NetAssets,65.07,total,57028000000,NetAssets,65.07,44645000000.0,ShareholdersEquity,50.94,17005000000,bs,17005000000.0,16459000000,30580000.0,2026-06-25,NumberOfIssuedSharesAsOfFilingDateIssuedSharesTotalNumberOfSharesEtc,S100YHYW,2026-06-25,120,J-GAAP,連結,2026-03-31,2026-03-31
7990,グローブライド株式会社,78086000000,54702000000,119631000000,64929000000,NetAssets,54.27,total,64929000000,NetAssets,54.27,49397000000.0,ShareholdersEquity,41.29,13025000000,bs,13025000000.0,11850000000,22800000.0,2026-06-25,NumberOfIssuedSharesAsOfFilingDateIssuedSharesTotalNumberOfSharesEtc,S100YGZ1,2026-06-25,120,J-GAAP,連結,2026-03-31,2026-03-31
8152,ソマール株式会社,26371614000,12885128000,35221128000,22335999000,NetAssets,63.42,total,22335999000,NetAssets,63.42,17675591000.0,ShareholdersEquity,50.18,11391043000,bs,11391043000.0,11312750000,1958734.0,2026-06-25,NumberOfIssuedSharesAsOfFilingDateIssuedSharesTotalNumberOfSharesEtc,S100YI5G,2026-06-25,120,J-GAAP,連結,2026-03-31,2026-03-31
8091,ニチモウ株式会社,60603000000,56254000000,90522000000,34267000000,NetAssets,37.85,total,34267000000,NetAssets,37.85,26687000000.0,ShareholdersEquity,29.48,6869000000,bs,6869000000.0,6415000000,9008800.0,2026-06-25,NumberOfIssuedSharesAsOfFilingDateIssuedSharesTotalNumberOfSharesEtc,S100YIWE,2026-06-25,120,J-GAAP,連結,2026-03-31,2026-03-31
7464,セフテック株式会社,7328082000,4373714000,11659508000,7285793000,NetAssets,62.49,total,7285793000,NetAssets,62.49,8082255000.0,ShareholdersEquity,69.32,3936987000,bs,3936987000.0,3936987000,2000000.0,2026-06-25,NumberOfIssuedSharesAsOfFilingDateIssuedSharesTotalNumberOfSharesEtc,S100YJG0,2026-06-25,120,J-GAAP,連結,2026-03-31,2026-03-31
4559,ゼリア新薬工業株式会社,82646882000,71093159000,179697949000,108604790000,NetAssets,60.44,total,108604790000,NetAssets,60.44,73555108000.0,ShareholdersEquity,40.93,27760027000,bs,27760027000.0,27635027000,50119190.0,2026-06-25,NumberOfIssuedSharesAsOfFilingDateIssuedSharesTotalNumberOfSharesEtc,S100YKC2,2026-06-25,120,J-GAAP,連結,2026-03-31,2026-03-31
8219,青山商事株式会社,179681000000,125242000000,306096000000,180853000000,NetAssets,59.08,total,180853000000,NetAssets,59.08,186473000000.0,ShareholdersEquity,60.92,59113000000,bs,59113000000.0,48534000000,151182048.0,2026-06-25,NumberOfIssuedSharesAsOfFilingDateIssuedSharesTotalNumberOfSharesEtc,S100YJ44,2026-06-25,120,J-GAAP,連結,2026-03-31,2026-03-31
4064,日本カーバイド工業株式会社,38915000000,21817000000,62765000000,40948000000,NetAssets,65.24,total,40948000000,NetAssets,65.24,27262000000.0,ShareholdersEquity,43.44,15552000000,bs,15552000000.0,13842000000,9419659.0,2026-06-25,NumberOfIssuedSharesAsOfFilingDateIssuedSharesTotalNumberOfSharesEtc,S100YJLD,2026-06-25,120,J-GAAP,連結,2026-03-31,2026-03-31
6643,株式会社戸上電機製作所,21037201000,8995646000,33428225000,24432578000,NetAssets,73.09,total,24432578000,NetAssets,73.09,22383798000.0,ShareholdersEquity,66.96,7244780000,bs,7244780000.0,6941741000,4711858.0,2026-06-25,NumberOfIssuedSharesAsOfFilingDateIssuedSharesTotalNumberOfSharesEtc,S100YJNT,2026-06-25,120,J-GAAP,連結,2026-03-31,2026-03-31
7185,ヒロセ通商株式会社,136156972000,114941191000,136663418000,21722227000,NetAssets,15.89,total,21722227000,NetAssets,15.89,21434864000.0,ShareholdersEquity,15.68,12474113000,bs,12474113000.0,7983107000,6883500.0,2026-06-25,NumberOfIssuedSharesAsOfFilingDateIssuedSharesTotalNumberOfSharesEtc,S100YJPR,2026-06-25,120,J-GAAP,連結,2026-03-31,2026-03-31
2681,株式会社ゲオホールディングス,196393000000,197020000000,295211000000,98190000000,NetAssets,33.26,total,98190000000,NetAssets,33.26,97961000000.0,ShareholdersEquity,33.18,86656000000,bs,86656000000.0,91747000000,39783552.0,2026-06-25,NumberOfIssuedSharesAsOfFilingDateIssuedSharesTotalNumberOfSharesEtc,S100YJMA,2026-06-25,120,J-GAAP,連結,2026-03-31,2026-03-31
6378,木村化工機株式会社,21550000000,13194000000,33813000000,20619000000,NetAssets,60.98,total,20619000000,NetAssets,60.98,16551000000.0,ShareholdersEquity,48.95,9291000000,bs,9291000000.0,9291000000,20600000.0,2026-06-25,NumberOfIssuedSharesAsOfFilingDateIssuedSharesTotalNumberOfSharesEtc,S100YF9Q,2026-06-25,120,J-GAAP,連結,2026-03-31,2026-03-31
6018,阪神内燃機工業株式会社,13289851000,10165172000,25798281000,15633109000,NetAssets,60.6,total,15633109000,NetAssets,60.6,11180725000.0,ShareholdersEquity,43.34,4636165000,bs,4636165000.0,4036165000,3248548.0,2026-06-25,NumberOfIssuedSharesAsOfFilingDateIssuedSharesTotalNumberOfSharesEtc,S100YJVP,2026-06-25,120,J-GAAP,個別,2026-03-31,2026-03-31
6393,油研工業株式会社,30595222000,21008049000,48697554000,27689505000,NetAssets,56.86,total,27689505000,NetAssets,56.86,18220681000.0,ShareholdersEquity,37.42,7948794000,bs,7948794000.0,7837982000,4510676.0,2026-06-25,NumberOfIssuedSharesAsOfFilingDateIssuedSharesTotalNumberOfSharesEtc,S100YJ87,2026-06-25,120,J-GAAP,連結,2026-03-31,2026-03-31
7822,永大産業株式会社,44142000000,44430000000,81545000000,37115000000,NetAssets,45.51,total,37115000000,NetAssets,45.51,37950000000.0,ShareholdersEquity,46.54,5623000000,bs,5623000000.0,4857000000,46783800.0,2026-06-25,NumberOfIssuedSharesAsOfFilingDateIssuedSharesTotalNumberOfSharesEtc,S100YJDA,2026-06-25,120,J-GAAP,連結,2026-03-31,2026-03-31
9930,北沢産業株式会社,7242884000,5629730000,16985296000,11355566000,NetAssets,66.86,total,11355566000,NetAssets,66.86,9700312000.0,ShareholdersEquity,57.11,3057739000,bs,3057739000.0,3157824000,23818257.0,2026-06-25,NumberOfIssuedSharesAsOfFilingDateIssuedSharesTotalNumberOfSharesEtc,S100YKDH,2026-06-25,120,J-GAAP,連結,2026-03-31,2026-03-31
4629,大伸化学株式会社,19930022000,8691730000,26091863000,17400133000,NetAssets,66.69,total,17400133000,NetAssets,66.69,16815997000.0,ShareholdersEquity,64.45,9341594000,bs,9341594000.0,8587594000,4592000.0,2026-06-25,NumberOfIssuedSharesAsOfFilingDateIssuedSharesTotalNumberOfSharesEtc,S100YJ59,2026-06-25,120,J-GAAP,連結,2026-03-31,2026-03-31
3577,東海染工株式会社,6374537000,5612644000,14916202000,9303558000,NetAssets,62.37,total,9303558000,NetAssets,62.37,6809328000.0,ShareholdersEquity,45.65,2999932000,bs,2999932000.0,2999877000,3614252.0,2026-06-25,NumberOfIssuedSharesAsOfFilingDateIssuedSharesTotalNumberOfSharesEtc,S100YJEV,2026-06-25,120,J-GAAP,連結,2026-03-31,2026-03-31
5261,リソルホールディングス株式会社,8370000000,25569000000,43895000000,18326000000,NetAssets,41.75,total,18326000000,NetAssets,41.75,18307000000.0,ShareholdersEquity,41.71,3969000000,bs,3969000000.0,3969000000,5564200.0,2026-06-25,NumberOfIssuedSharesAsOfFilingDateIssuedSharesTotalNumberOfSharesEtc,S100YK7M,2026-06-25,120,J-GAAP,連結,2026-03-31,2026-03-31
8226,株式会社　理経,12153288000,6885542000,12944006000,6058463000,NetAssets,46.81,total,6058463000,NetAssets,46.81,6027511000.0,ShareholdersEquity,46.57,4111943000,bs,4111943000.0,4111943000,15514721.0,2026-06-25,NumberOfIssuedSharesAsOfFilingDateIssuedSharesTotalNumberOfSharesEtc,S100YK3T,2026-06-25,120,J-GAAP,連結,2026-03-31,2026-03-31
2307,株式会社クロスキャット,8311943000,4190002000,10846144000,6656141000,NetAssets,61.37,total,6656141000,NetAssets,61.37,6048821000.0,ShareholdersEquity,55.77,3304336000,bs,3304336000.0,3304336000,17005674.0,2026-06-25,NumberOfIssuedSharesAsOfFilingDateIssuedSharesTotalNumberOfSharesEtc,S100YJU2,2026-06-25,120,J-GAAP,連結,2026-03-31,2026-03-31
2819,エバラ食品工業株式会社,30014000000,14737000000,50793000000,36056000000,NetAssets,70.99,total,36056000000,NetAssets,70.99,33699000000.0,ShareholdersEquity,66.35,17134000000,bs,17134000000.0,16148000000,9868626.0,2026-06-25,NumberOfIssuedSharesAsOfFilingDateIssuedSharesTotalNumberOfSharesEtc,S100YJNX,2026-06-25,120,J-GAAP,連結,2026-03-31,2026-03-31
3465,ケイアイスター不動産株式会社,337832000000,272638000000,355621000000,82983000000,NetAssets,23.33,total,82983000000,NetAssets,23.33,72971000000.0,ShareholdersEquity,20.52,76029000000,bs,76029000000.0,71079000000,31737800.0,2026-06-25,NumberOfIssuedSharesAsOfFilingDateIssuedSharesTotalNumberOfSharesEtc,S100YIZP,2026-06-25,120,J-GAAP,連結,2026-03-31,2026-03-31
9854,愛眼株式会社,7833000000,2009000000,14286000000,12276000000,NetAssets,85.93,total,12276000000,NetAssets,85.93,14443000000.0,ShareholdersEquity,101.1,4593000000,bs,4593000000.0,2086000000,21076154.0,2026-06-25,NumberOfIssuedSharesAsOfFilingDateIssuedSharesTotalNumberOfSharesEtc,S100YJUD,2026-06-25,120,J-GAAP,連結,2026-03-31,2026-03-31
5391,株式会社エーアンドエーマテリアル,19101000000,26274000000,43440000000,17165000000,NetAssets,39.51,total,17165000000,NetAssets,39.51,16274000000.0,ShareholdersEquity,37.46,186000000,bs,186000000.0,186000000,6928000.0,2026-06-25,NumberOfIssuedSharesAsOfFilingDateIssuedSharesTotalNumberOfSharesEtc,S100YK9E,2026-06-25,120,J-GAAP,連結,2026-03-31,2026-03-31
4678,株式会社　秀英予備校,2022967000,4940283000,9698836000,4758553000,NetAssets,49.06,total,4758553000,NetAssets,49.06,4510422000.0,ShareholdersEquity,46.5,1519481000,bs,1519481000.0,1463922000,6710000.0,2026-06-25,NumberOfIssuedSharesAsOfFilingDateIssuedSharesTotalNumberOfSharesEtc,S100YJWK,2026-06-25,120,J-GAAP,連結,2026-03-31,2026-03-31
2201,森永製菓株式会社,105827000000,82225000000,225921000000,143696000000,NetAssets,63.6,total,143696000000,NetAssets,63.6,122806000000.0,ShareholdersEquity,54.36,26419000000,bs,26419000000.0,25726000000,86111638.0,2026-06-25,NumberOfIssuedSharesAsOfFilingDateIssuedSharesTotalNumberOfSharesEtc,S100YHJS,2026-06-25,120,J-GAAP,連結,2026-03-31,2026-03-31
6495,株式会社宮入バルブ製作所,3564779000,4829671000,8811813000,3982141000,NetAssets,45.19,total,3982141000,NetAssets,45.19,2186986000.0,ShareholdersEquity,24.82,353826000,bs,353826000.0,260826000,48849935.0,2026-06-25,NumberOfIssuedSharesAsOfFilingDateIssuedSharesTotalNumberOfSharesEtc,S100YKBD,2026-06-25,120,J-GAAP,個別,2026-03-31,2026-03-31
4092,日本化学工業株式会社,31070000000,28136000000,78457000000,50321000000,NetAssets,64.14,total,50321000000,NetAssets,64.14,43016000000.0,ShareholdersEquity,54.83,8112000000,bs,8112000000.0,7784000000,8922775.0,2026-06-25,NumberOfIssuedSharesAsOfFilingDateIssuedSharesTotalNumberOfSharesEtc,S100YJUC,2026-06-25,120,J-GAAP,連結,2026-03-31,2026-03-31
3774,株式会社インターネットイニシアティブ,152167000000,187462000000,346933000000,159471000000,EquityIFRS,45.97,total,159471000000,EquityIFRS,45.97,158007000000.0,EquityAttributableToOwnersOfParentIFRS,45.54,38395000000,cf,,38395000000,183471380.0,2026-06-25,NumberOfIssuedSharesAsOfFilingDateIssuedSharesTotalNumberOfSharesEtc,S100YHYH,2026-06-25,120,IFRS,連結,2026-03-31,2026-03-31
2531,宝ホールディングス株式会社,249314000000,202863000000,513801000000,310937000000,NetAssets,60.52,total,310937000000,NetAssets,60.52,197019000000.0,ShareholdersEquity,38.35,73191000000,bs,73191000000.0,69125000000,197252043.0,2026-06-25,NumberOfIssuedSharesAsOfFilingDateIssuedSharesTotalNumberOfSharesEtc,S100YINV,2026-06-25,120,J-GAAP,連結,2026-03-31,2026-03-31
9928,株式会社ミロク情報サービス,22712000000,15378000000,48758000000,33380000000,NetAssets,68.46,total,33380000000,NetAssets,68.46,32721000000.0,ShareholdersEquity,67.11,14336000000,bs,14336000000.0,13754000000,32306286.0,2026-06-25,NumberOfIssuedSharesAsOfFilingDateIssuedSharesTotalNumberOfSharesEtc,S100YKDZ,2026-06-25,120,J-GAAP,連結,2026-03-31,2026-03-31
9761,東海リース株式会社,17105414000,21745151000,39413615000,17668464000,NetAssets,44.83,total,17668464000,NetAssets,44.83,16566606000.0,ShareholdersEquity,42.03,3565436000,bs,3565436000.0,3052722000,3494322.0,2026-06-25,NumberOfIssuedSharesAsOfFilingDateIssuedSharesTotalNumberOfSharesEtc,S100YJ2Z,2026-06-25,120,J-GAAP,連結,2026-03-31,2026-03-31
3447,信和株式会社,9725286000,15073548000,31984489000,16910940000,EquityIFRS,52.87,total,16910940000,EquityIFRS,52.87,16910940000.0,EquityAttributableToOwnersOfParentIFRS,52.87,2957164000,cf,,2957164000,14103000.0,2026-06-25,NumberOfIssuedSharesAsOfFilingDateIssuedSharesTotalNumberOfSharesEtc,S100YJZ0,2026-06-25,120,IFRS,連結,2026-03-31,2026-03-31
6351,株式会社鶴見製作所,87820000000,34698000000,138273000000,103575000000,NetAssets,74.91,total,103575000000,NetAssets,74.91,88051000000.0,ShareholdersEquity,63.68,35294000000,bs,35294000000.0,32153000000,50826972.0,2026-06-25,NumberOfIssuedSharesAsOfFilingDateIssuedSharesTotalNumberOfSharesEtc,S100YKE5,2026-06-25,120,J-GAAP,連結,2026-03-31,2026-03-31
5918,瀧上工業株式会社,26119000000,22668000000,72944000000,50275000000,NetAssets,68.92,total,50275000000,NetAssets,68.92,33558000000.0,ShareholdersEquity,46.01,7020000000,bs,7020000000.0,6940000000,2697600.0,2026-06-25,NumberOfIssuedSharesAsOfFilingDateIssuedSharesTotalNumberOfSharesEtc,S100YJYC,2026-06-25,120,J-GAAP,連結,2026-03-31,2026-03-31
4464,株式会社ソフト９９コーポレーション,34958249000,8163048000,67008141000,58845092000,NetAssets,87.82,total,58845092000,NetAssets,87.82,57952252000.0,ShareholdersEquity,86.49,23994808000,bs,23994808000.0,23755777000,22274688.0,2026-06-25,NumberOfIssuedSharesAsOfFilingDateIssuedSharesTotalNumberOfSharesEtc,S100YKEL,2026-06-25,120,J-GAAP,連結,2026-03-31,2026-03-31
2911,旭松食品株式会社,4889809000,1920603000,10317981000,8397378000,NetAssets,81.39,total,8397378000,NetAssets,81.39,7871135000.0,ShareholdersEquity,76.29,1960885000,bs,1960885000.0,1225841000,1876588.0,2026-06-25,NumberOfIssuedSharesAsOfFilingDateIssuedSharesTotalNumberOfSharesEtc,S100YI4Q,2026-06-25,120,J-GAAP,連結,2026-03-31,2026-03-31
6457,グローリー株式会社,219390000000,234035000000,452489000000,218454000000,EquityIFRS,48.28,total,218454000000,EquityIFRS,48.28,217878000000.0,EquityAttributableToOwnersOfParentIFRS,48.15,50042000000,cf,,50042000000,58938210.0,2026-06-25,NumberOfIssuedSharesAsOfFilingDateIssuedSharesTotalNumberOfSharesEtc,S100YG4D,2026-06-25,120,IFRS,連結,2026-03-31,2026-03-31
7932,株式会社ニッピ,27246000000,28196000000,70126000000,41929000000,NetAssets,59.79,total,41929000000,NetAssets,59.79,29866000000.0,ShareholdersEquity,42.59,8754000000,bs,8754000000.0,8581000000,2889000.0,2026-06-25,NumberOfIssuedSharesAsOfFilingDateIssuedSharesTotalNumberOfSharesEtc,S100YIZ2,2026-06-25,120,J-GAAP,連結,2026-03-31,2026-03-31
5941,株式会社　中西製作所,17841232000,11424380000,33899523000,22475142000,NetAssets,66.3,total,22475142000,NetAssets,66.3,22079475000.0,ShareholdersEquity,65.13,3531115000,bs,3531115000.0,3531115000,6306000.0,2026-06-25,NumberOfIssuedSharesAsOfFilingDateIssuedSharesTotalNumberOfSharesEtc,S100YJT1,2026-06-25,120,J-GAAP,個別,2026-03-31,2026-03-31
2055,日和産業株式会社,24050000000,11777000000,30816000000,19039000000,NetAssets,61.78,total,19039000000,NetAssets,61.78,18011000000.0,ShareholdersEquity,58.45,9390000000,bs,9390000000.0,9390000000,20830825.0,2026-06-25,NumberOfIssuedSharesAsOfFilingDateIssuedSharesTotalNumberOfSharesEtc,S100YIEA,2026-06-25,120,J-GAAP,連結,2026-03-31,2026-03-31
7602,株式会社レダックス,5967223000,2174787000,7163862000,4989075000,NetAssets,69.64,total,4989075000,NetAssets,69.64,4709433000.0,ShareholdersEquity,65.74,2149258000,bs,2149258000.0,2149258000,24106009.0,2026-06-25,NumberOfIssuedSharesAsOfFilingDateIssuedSharesTotalNumberOfSharesEtc,S100YKCQ,2026-06-25,120,J-GAAP,連結,2026-03-31,2026-03-31
6771,池上通信機株式会社,23577000000,15615000000,29917000000,14302000000,NetAssets,47.81,total,14302000000,NetAssets,47.81,14453000000.0,ShareholdersEquity,48.31,4669000000,bs,4669000000.0,3990000000,7285746.0,2026-06-25,NumberOfIssuedSharesAsOfFilingDateIssuedSharesTotalNumberOfSharesEtc,S100YGW1,2026-06-25,120,J-GAAP,連結,2026-03-31,2026-03-31
8881,株式会社日神グループホールディングス,128732853000,74645281000,147404755000,72759473000,NetAssets,49.36,total,72759473000,NetAssets,49.36,70663087000.0,ShareholdersEquity,47.94,58079247000,bs,58079247000.0,37452435000,46951260.0,2026-06-25,NumberOfIssuedSharesAsOfFilingDateIssuedSharesTotalNumberOfSharesEtc,S100YK7Q,2026-06-25,120,J-GAAP,連結,2026-03-31,2026-03-31
5915,株式会社駒井ハルテック,35771000000,31552000000,66539000000,34987000000,NetAssets,52.58,total,34987000000,NetAssets,52.58,27431000000.0,ShareholdersEquity,41.23,6097000000,bs,6097000000.0,6097000000,4972709.0,2026-06-25,NumberOfIssuedSharesAsOfFilingDateIssuedSharesTotalNumberOfSharesEtc,S100YKDC,2026-06-25,120,J-GAAP,連結,2026-03-31,2026-03-31
5233,太平洋セメント株式会社,412601000000,766824000000,1479061000000,712237000000,NetAssets,48.15,total,712237000000,NetAssets,48.15,547064000000.0,ShareholdersEquity,36.99,63719000000,bs,63719000000.0,53926000000,118191578.0,2026-06-25,NumberOfIssuedSharesAsOfFilingDateIssuedSharesTotalNumberOfSharesEtc,S100YJYE,2026-06-25,120,J-GAAP,連結,2026-03-31,2026-03-31
1808,株式会社　長谷工コーポレーション,1051966000000,854274000000,1417724000000,563451000000,NetAssets,39.74,total,563451000000,NetAssets,39.74,510686000000.0,ShareholdersEquity,36.02,279968000000,bs,279968000000.0,288134000000,292479897.0,2026-06-25,NumberOfIssuedSharesAsOfFilingDateIssuedSharesTotalNumberOfSharesEtc,S100YJVQ,2026-06-25,120,J-GAAP,連結,2026-03-31,2026-03-31
5922,那須電機鉄工株式会社,19200898000,14025589000,47563204000,33537615000,NetAssets,70.51,total,33537615000,NetAssets,70.51,25693829000.0,ShareholdersEquity,54.02,8218000000,bs,8218000000.0,8218000000,1200000.0,2026-06-25,NumberOfIssuedSharesAsOfFilingDateIssuedSharesTotalNumberOfSharesEtc,S100YJYT,2026-06-25,120,J-GAAP,連結,2026-03-31,2026-03-31
4628,エスケー化研株式会社,137331000000,30500000000,205260000000,174759000000,NetAssets,85.14,total,174759000000,NetAssets,85.14,168338000000.0,ShareholdersEquity,82.01,105240000000,bs,105240000000.0,45748000000,15673885.0,2026-06-25,NumberOfIssuedSharesAsOfFilingDateIssuedSharesTotalNumberOfSharesEtc,S100YJ5K,2026-06-25,120,J-GAAP,連結,2026-03-31,2026-03-31
3840,パス株式会社,1834820000,621088000,2526909000,1905821000,NetAssets,75.42,total,1905821000,NetAssets,75.42,1905821000.0,ShareholdersEquity,75.42,357200000,bs,357200000.0,357200000,82680236.0,2026-06-25,NumberOfIssuedSharesAsOfFilingDateIssuedSharesTotalNumberOfSharesEtc,S100YKGU,2026-06-25,120,J-GAAP,連結,2026-03-31,2026-03-31
9068,丸全昭和運輸株式会社,72368000000,60207000000,204585000000,144377000000,NetAssets,70.57,total,144377000000,NetAssets,70.57,123930000000.0,ShareholdersEquity,60.58,19553000000,bs,19553000000.0,40402000000,20618244.0,2026-06-25,NumberOfIssuedSharesAsOfFilingDateIssuedSharesTotalNumberOfSharesEtc,S100YKCI,2026-06-25,120,J-GAAP,連結,2026-03-31,2026-03-31
6392,株式会社　ヤマダコーポレーション,12283709000,2732393000,21141072000,18408678000,NetAssets,87.08,total,18408678000,NetAssets,87.08,16674428000.0,ShareholdersEquity,78.87,4683978000,bs,4683978000.0,4683978000,2400000.0,2026-06-25,NumberOfIssuedSharesAsOfFilingDateIssuedSharesTotalNumberOfSharesEtc,S100YJDP,2026-06-25,120,J-GAAP,連結,2026-03-31,2026-03-31
7502,株式会社プラザホールディングス,7061425000,8825644000,11139175000,2313530000,NetAssets,20.77,total,2313530000,NetAssets,20.77,2309860000.0,ShareholdersEquity,20.74,1870902000,bs,1870902000.0,1870902000,2439433.0,2026-06-25,NumberOfIssuedSharesAsOfFilingDateIssuedSharesTotalNumberOfSharesEtc,S100YJCG,2026-06-25,120,J-GAAP,連結,2026-03-31,2026-03-31
3375,株式会社ＺＯＡ,3611946000,2093127000,5279697000,3186569000,NetAssets,60.36,total,3186569000,NetAssets,60.36,3159968000.0,ShareholdersEquity,59.85,1075297000,bs,1075297000.0,1075297000,1454000.0,2026-06-25,NumberOfIssuedSharesAsOfFilingDateIssuedSharesTotalNumberOfSharesEtc,S100YKCU,2026-06-25,120,J-GAAP,個別,2026-03-31,2026-03-31
9635,武蔵野興業株式会社,1315869000,2359999000,6337398000,3977399000,NetAssets,62.76,total,3977399000,NetAssets,62.76,1551485000.0,ShareholdersEquity,24.48,1169613000,bs,1169613000.0,1169613000,1050000.0,2026-06-25,NumberOfIssuedSharesAsOfFilingDateIssuedSharesTotalNumberOfSharesEtc,S100YKI6,2026-06-25,120,J-GAAP,連結,2026-03-31,2026-03-31
6989,北陸電気工業株式会社,32663000000,20359000000,46177000000,25817000000,NetAssets,55.91,total,25817000000,NetAssets,55.91,19303000000.0,ShareholdersEquity,41.8,13079000000,bs,13079000000.0,10210000000,8450099.0,2026-06-25,NumberOfIssuedSharesAsOfFilingDateIssuedSharesTotalNumberOfSharesEtc,S100YJZD,2026-06-25,120,J-GAAP,連結,2026-03-31,2026-03-31
6407,ＣＫＤ株式会社,144435000000,73183000000,226721000000,153538000000,NetAssets,67.72,total,153538000000,NetAssets,67.72,133318000000.0,ShareholdersEquity,58.8,42839000000,bs,42839000000.0,42258000000,67909449.0,2026-06-25,NumberOfIssuedSharesAsOfFilingDateIssuedSharesTotalNumberOfSharesEtc,S100YGB2,2026-06-25,120,J-GAAP,連結,2026-03-31,2026-03-31
1905,株式会社テノックス,14256938000,7370010000,21306756000,13936746000,NetAssets,65.41,total,13936746000,NetAssets,65.41,13333024000.0,ShareholdersEquity,62.58,7882234000,bs,7882234000.0,7841146000,7347680.0,2026-06-25,NumberOfIssuedSharesAsOfFilingDateIssuedSharesTotalNumberOfSharesEtc,S100YJFD,2026-06-25,120,J-GAAP,連結,2026-03-31,2026-03-31
6718,アイホン株式会社,56289000000,9923000000,79957000000,70034000000,NetAssets,87.59,total,70034000000,NetAssets,87.59,58501000000.0,ShareholdersEquity,73.17,23598000000,bs,23598000000.0,22817000000,17640000.0,2026-06-25,NumberOfIssuedSharesAsOfFilingDateIssuedSharesTotalNumberOfSharesEtc,S100YIVR,2026-06-25,120,J-GAAP,連結,2026-03-31,2026-03-31
5579,株式会社ＧＳＩ,2277944000,1168092000,3603931000,2435838000,NetAssets,67.59,total,2435838000,NetAssets,67.59,2454347000.0,ShareholdersEquity,68.1,1597882000,bs,1597882000.0,1597882000,2000000.0,2026-06-25,NumberOfIssuedSharesAsOfFilingDateIssuedSharesTotalNumberOfSharesEtc,S100YKIG,2026-06-25,120,J-GAAP,連結,2026-03-31,2026-03-31
6125,株式会社岡本工作機械製作所,43108000000,24545000000,67198000000,42652000000,NetAssets,63.47,total,42652000000,NetAssets,63.47,37858000000.0,ShareholdersEquity,56.34,12227000000,bs,12227000000.0,14327000000,6703795.0,2026-06-25,NumberOfIssuedSharesAsOfFilingDateIssuedSharesTotalNumberOfSharesEtc,S100YKCW,2026-06-25,120,J-GAAP,連結,2026-03-31,2026-03-31
5936,東洋シヤッター株式会社,10597030000,7642097000,18090110000,10448012000,NetAssets,57.76,total,10448012000,NetAssets,57.76,9992941000.0,ShareholdersEquity,55.24,3107547000,bs,3107547000.0,3107547000,6387123.0,2026-06-25,NumberOfIssuedSharesAsOfFilingDateIssuedSharesTotalNumberOfSharesEtc,S100YKHR,2026-06-25,120,J-GAAP,連結,2026-03-31,2026-03-31
5975,東プレ株式会社,180268000000,142103000000,389387000000,247283000000,NetAssets,63.51,total,247283000000,NetAssets,63.51,207952000000.0,ShareholdersEquity,53.4,62855000000,bs,62855000000.0,62204000000,54021824.0,2026-06-25,NumberOfIssuedSharesAsOfFilingDateIssuedSharesTotalNumberOfSharesEtc,S100YHLP,2026-06-25,120,J-GAAP,連結,2026-03-31,2026-03-31
7192,日本モーゲージサービス株式会社,22565635000,15098314000,24657340000,9559025000,NetAssets,38.77,total,9559025000,NetAssets,38.77,9542164000.0,ShareholdersEquity,38.7,5107927000,bs,5107927000.0,5103956000,14704000.0,2026-06-25,NumberOfIssuedSharesAsOfFilingDateIssuedSharesTotalNumberOfSharesEtc,S100YKHZ,2026-06-25,120,J-GAAP,連結,2026-03-31,2026-03-31
8147,株式会社トミタ,15764320000,8175210000,21404992000,13229781000,NetAssets,61.81,total,13229781000,NetAssets,61.81,10010991000.0,ShareholdersEquity,46.77,7669558000,bs,7669558000.0,6949261000,6158000.0,2026-06-25,NumberOfIssuedSharesAsOfFilingDateIssuedSharesTotalNumberOfSharesEtc,S100YJEU,2026-06-25,120,J-GAAP,連結,2026-03-31,2026-03-31
6517,デンヨー株式会社,64946000000,19209000000,104542000000,85333000000,NetAssets,81.63,total,85333000000,NetAssets,81.63,70508000000.0,ShareholdersEquity,67.44,21131000000,bs,21131000000.0,22128000000,21859660.0,2026-06-25,NumberOfIssuedSharesAsOfFilingDateIssuedSharesTotalNumberOfSharesEtc,S100YHXJ,2026-06-25,120,J-GAAP,連結,2026-03-31,2026-03-31
7021,株式会社ニッチツ,6908959000,4945701000,17191818000,12246116000,NetAssets,71.23,total,12246116000,NetAssets,71.23,10193370000.0,ShareholdersEquity,59.29,3343425000,bs,3343425000.0,3343425000,2130000.0,2026-06-25,NumberOfIssuedSharesAsOfFilingDateIssuedSharesTotalNumberOfSharesEtc,S100Y8BD,2026-06-25,120,J-GAAP,連結,2026-03-31,2026-03-31
6648,株式会社かわでん,20291479000,7416130000,27735002000,20318871000,NetAssets,73.26,total,20318871000,NetAssets,73.26,19371851000.0,ShareholdersEquity,69.85,10837928000,bs,10837928000.0,10837928000,20960000.0,2026-06-25,NumberOfIssuedSharesAsOfFilingDateIssuedSharesTotalNumberOfSharesEtc,S100YKAV,2026-06-25,120,J-GAAP,個別,2026-03-31,2026-03-31
5905,日本製罐株式会社,6839198000,8119437000,12975874000,4856436000,NetAssets,37.43,total,4856436000,NetAssets,37.43,2791253000.0,ShareholdersEquity,21.51,1784682000,bs,1784682000.0,1779682000,1392000.0,2026-06-25,NumberOfIssuedSharesAsOfFilingDateIssuedSharesTotalNumberOfSharesEtc,S100YK2J,2026-06-25,120,J-GAAP,連結,2026-03-31,2026-03-31
4492,株式会社ゼネテック,4490893000,4185231000,6912112000,2726880000,NetAssets,39.45,total,2726880000,NetAssets,39.45,2726880000.0,ShareholdersEquity,39.45,1597620000,bs,1597620000.0,1552583000,11727700.0,2026-06-25,NumberOfIssuedSharesAsOfFilingDateIssuedSharesTotalNumberOfSharesEtc,S100YJQM,2026-06-25,120,J-GAAP,連結,2026-03-31,2026-03-31
6986,双葉電子工業株式会社,62075000000,13684000000,108884000000,95200000000,NetAssets,87.43,total,95200000000,NetAssets,87.43,67503000000.0,ShareholdersEquity,62.0,36189000000,bs,36189000000.0,28281000000,42426739.0,2026-06-25,NumberOfIssuedSharesAsOfFilingDateIssuedSharesTotalNumberOfSharesEtc,S100YK0D,2026-06-25,120,J-GAAP,連結,2026-03-31,2026-03-31
5603,虹技株式会社,20664000000,16532000000,35885000000,19352000000,NetAssets,53.93,total,19352000000,NetAssets,53.93,11563000000.0,ShareholdersEquity,32.22,2428000000,bs,2428000000.0,2418000000,3362163.0,2026-06-25,NumberOfIssuedSharesAsOfFilingDateIssuedSharesTotalNumberOfSharesEtc,S100YJMF,2026-06-25,120,J-GAAP,連結,2026-03-31,2026-03-31
6247,株式会社日阪製作所,35832000000,19802000000,83082000000,63280000000,NetAssets,76.17,total,63280000000,NetAssets,76.17,53201000000.0,ShareholdersEquity,64.03,12009000000,bs,12009000000.0,11918000000,28732800.0,2026-06-25,NumberOfIssuedSharesAsOfFilingDateIssuedSharesTotalNumberOfSharesEtc,S100YJL5,2026-06-25,120,J-GAAP,連結,2026-03-31,2026-03-31
2440,株式会社ぐるなび,7987145000,5667733000,10911260000,5243527000,NetAssets,48.06,total,5243527000,NetAssets,48.06,5019933000.0,ShareholdersEquity,46.01,3300833000,bs,3300833000.0,3300833000,56903800.0,2026-06-25,NumberOfIssuedSharesAsOfFilingDateIssuedSharesTotalNumberOfSharesEtc,S100YJQU,2026-06-25,120,J-GAAP,連結,2026-03-31,2026-03-31
1853,株式会社　森組,22280000000,9688000000,25158000000,15470000000,NetAssets,61.49,total,15470000000,NetAssets,61.49,15159000000.0,ShareholdersEquity,60.26,6394000000,bs,6394000000.0,6394000000,32800000.0,2026-06-25,NumberOfIssuedSharesAsOfFilingDateIssuedSharesTotalNumberOfSharesEtc,S100YJ3W,2026-06-25,120,J-GAAP,個別,2026-03-31,2026-03-31
9202,ＡＮＡホールディングス株式会社,1890505000000,2452495000000,3955128000000,1502633000000,NetAssets,37.99,total,1502633000000,NetAssets,37.99,1358792000000.0,ShareholdersEquity,34.36,552792000000,bs,552792000000.0,736385000000,524293561.0,2026-06-25,NumberOfIssuedSharesAsOfFilingDateIssuedSharesTotalNumberOfSharesEtc,S100YKL4,2026-06-25,120,J-GAAP,連結,2026-03-31,2026-03-31
7461,株式会社キムラ,13921576000,17138363000,36831202000,19692838000,NetAssets,53.47,total,19692838000,NetAssets,53.47,16230154000.0,ShareholdersEquity,44.07,4772845000,bs,4772845000.0,4757603000,15180000.0,2026-06-25,NumberOfIssuedSharesAsOfFilingDateIssuedSharesTotalNumberOfSharesEtc,S100YJ86,2026-06-25,120,J-GAAP,連結,2026-03-31,2026-03-31
6994,株式会社指月電機製作所,22190913000,15835702000,41626637000,25790934000,NetAssets,61.96,total,25790934000,NetAssets,61.96,21391780000.0,ShareholdersEquity,51.39,9187655000,bs,9187655000.0,9187655000,33061003.0,2026-06-25,NumberOfIssuedSharesAsOfFilingDateIssuedSharesTotalNumberOfSharesEtc,S100YKEP,2026-06-25,120,J-GAAP,連結,2026-03-31,2026-03-31
7571,株式会社ヤマノホールディングス,6180655000,6920839000,8413381000,1492541000,NetAssets,17.74,total,1492541000,NetAssets,17.74,1492541000.0,ShareholdersEquity,17.74,2841501000,bs,2841501000.0,2352751000,35830058.0,2026-06-25,NumberOfIssuedSharesAsOfFilingDateIssuedSharesTotalNumberOfSharesEtc,S100YJEK,2026-06-25,120,J-GAAP,連結,2026-03-31,2026-03-31
4234,株式会社サンエー化研,21732893000,15592295000,38837975000,23245680000,NetAssets,59.85,total,23245680000,NetAssets,59.85,18189543000.0,ShareholdersEquity,46.83,6005736000,bs,6005736000.0,5944478000,11320000.0,2026-06-25,NumberOfIssuedSharesAsOfFilingDateIssuedSharesTotalNumberOfSharesEtc,S100YK61,2026-06-25,120,J-GAAP,連結,2026-03-31,2026-03-31
4167,株式会社ココペリ,1317404000,373094000,1887301000,1514207000,NetAssets,80.23,total,1514207000,NetAssets,80.23,1463840000.0,ShareholdersEquity,77.56,1043904000,bs,1043904000.0,1043904000,7916230.0,2026-06-25,NumberOfIssuedSharesAsOfFilingDateIssuedSharesTotalNumberOfSharesEtc,S100YKE7,2026-06-25,120,J-GAAP,連結,2026-03-31,2026-03-31
7570,橋本総業ホールディングス株式会社,47413000000,48514000000,84994000000,36479000000,NetAssets,42.92,total,36479000000,NetAssets,42.92,30520000000.0,ShareholdersEquity,35.91,5595000000,bs,5595000000.0,5595000000,21293052.0,2026-06-25,NumberOfIssuedSharesAsOfFilingDateIssuedSharesTotalNumberOfSharesEtc,S100YK09,2026-06-25,120,J-GAAP,連結,2026-03-31,2026-03-31
9007,小田急電鉄株式会社,181317000000,884738000000,1393521000000,508783000000,NetAssets,36.51,total,508783000000,NetAssets,36.51,461851000000.0,ShareholdersEquity,33.14,39943000000,bs,39943000000.0,39863000000,368497717.0,2026-06-25,NumberOfIssuedSharesAsOfFilingDateIssuedSharesTotalNumberOfSharesEtc,S100YIM7,2026-06-25,120,J-GAAP,連結,2026-03-31,2026-03-31
9767,日建工学株式会社,4296206000,1420558000,6358198000,4937639000,NetAssets,77.66,total,4937639000,NetAssets,77.66,4606984000.0,ShareholdersEquity,72.46,2549864000,bs,2549864000.0,2549864000,1862254.0,2026-06-25,NumberOfIssuedSharesAsOfFilingDateIssuedSharesTotalNumberOfSharesEtc,S100YJLW,2026-06-25,120,J-GAAP,連結,2026-03-31,2026-03-31
9327,株式会社イー・ロジット,2579966000,2087341000,4155866000,2068525000,NetAssets,49.77,total,2068525000,NetAssets,49.77,1989486000.0,ShareholdersEquity,47.87,1453996000,bs,1453996000.0,1275996000,15843000.0,2026-06-25,NumberOfIssuedSharesAsOfFilingDateIssuedSharesTotalNumberOfSharesEtc,S100YI5P,2026-06-25,120,J-GAAP,個別,2026-03-31,2026-03-31
4720,株式会社城南進学研究社,2289118000,3715000000,5108397000,1393396000,NetAssets,27.28,total,1393396000,NetAssets,27.28,1735011000.0,ShareholdersEquity,33.96,1751919000,bs,1751919000.0,1762292000,8937840.0,2026-06-25,NumberOfIssuedSharesAsOfFilingDateIssuedSharesTotalNumberOfSharesEtc,S100YKMH,2026-06-25,120,J-GAAP,連結,2026-03-31,2026-03-31
8841,株式会社テーオーシー,32388000000,17506000000,122226000000,104719000000,NetAssets,85.68,total,104719000000,NetAssets,85.68,93882000000.0,ShareholdersEquity,76.81,31148000000,bs,31148000000.0,31148000000,93849352.0,2026-06-25,NumberOfIssuedSharesAsOfFilingDateIssuedSharesTotalNumberOfSharesEtc,S100YJ5N,2026-06-25,120,J-GAAP,連結,2026-03-31,2026-03-31
4387,株式会社ＺＵＵ,6108236000,5579109000,17454795000,11875685000,NetAssets,68.04,total,11875685000,NetAssets,68.04,932149000.0,ShareholdersEquity,5.34,1772868000,bs,1772868000.0,1959441000,4749860.0,2026-06-25,NumberOfIssuedSharesAsOfFilingDateIssuedSharesTotalNumberOfSharesEtc,S100YKM3,2026-06-25,120,J-GAAP,連結,2026-03-31,2026-03-31
3069,株式会社　ＪＦＬＡホールディングス,21454835000,30356389000,40503264000,10146875000,NetAssets,25.05,total,10146875000,NetAssets,25.05,8579809000.0,ShareholdersEquity,21.18,4556144000,bs,4556144000.0,4536100000,48279135.0,2026-06-25,NumberOfIssuedSharesAsOfFilingDateIssuedSharesTotalNumberOfSharesEtc,S100YK48,2026-06-25,120,J-GAAP,連結,2026-03-31,2026-03-31
3936,株式会社グローバルウェイ,1912139000,677080000,2166976000,1489895000,NetAssets,68.75,total,1489895000,NetAssets,68.75,923896000.0,ShareholdersEquity,42.64,744713000,bs,744713000.0,735704000,37566450.0,2026-06-25,NumberOfIssuedSharesAsOfFilingDateIssuedSharesTotalNumberOfSharesEtc,S100YIGW,2026-06-25,120,J-GAAP,連結,2026-03-31,2026-03-31
5237,株式会社ノザワ,14388740000,8519913000,30450778000,21930864000,NetAssets,72.02,total,21930864000,NetAssets,72.02,16170603000.0,ShareholdersEquity,53.1,5722255000,bs,5722255000.0,5722255000,12075000.0,2026-06-25,NumberOfIssuedSharesAsOfFilingDateIssuedSharesTotalNumberOfSharesEtc,S100YK4Z,2026-06-25,120,J-GAAP,連結,2026-03-31,2026-03-31
5142,アキレス株式会社,46645000000,40345000000,83628000000,43282000000,NetAssets,51.76,total,43282000000,NetAssets,51.76,32460000000.0,ShareholdersEquity,38.81,9748000000,bs,9748000000.0,8746000000,14562714.0,2026-06-25,NumberOfIssuedSharesAsOfFilingDateIssuedSharesTotalNumberOfSharesEtc,S100YJF9,2026-06-25,120,J-GAAP,連結,2026-03-31,2026-03-31
1878,大東建託株式会社,883594000000,870903000000,1367502000000,496598000000,NetAssets,36.31,total,496598000000,NetAssets,36.31,489802000000.0,ShareholdersEquity,35.82,275045000000,bs,275045000000.0,258120000000,344594895.0,2026-06-25,NumberOfIssuedSharesAsOfFilingDateIssuedSharesTotalNumberOfSharesEtc,S100YFJK,2026-06-25,120,J-GAAP,連結,2026-03-31,2026-03-31
8104,クワザワホールディングス株式会社,34805000000,27024000000,44296000000,17271000000,NetAssets,38.99,total,17271000000,NetAssets,38.99,16630000000.0,ShareholdersEquity,37.54,9330000000,bs,9330000000.0,9314000000,16694496.0,2026-06-25,NumberOfIssuedSharesAsOfFilingDateIssuedSharesTotalNumberOfSharesEtc,S100YJIQ,2026-06-25,120,J-GAAP,連結,2026-03-31,2026-03-31
6346,キクカワエンタープライズ株式会社,10125846000,1900855000,14801189000,12900333000,NetAssets,87.16,total,12900333000,NetAssets,87.16,11808597000.0,ShareholdersEquity,79.78,8389401000,bs,8389401000.0,4538401000,1320000.0,2026-06-25,NumberOfIssuedSharesAsOfFilingDateIssuedSharesTotalNumberOfSharesEtc,S100YHXC,2026-06-25,120,J-GAAP,個別,2026-03-31,2026-03-31
9254,株式会社ラバブルマーケティンググループ,1798026000,2061205000,3048157000,986951000,NetAssets,32.38,total,986951000,NetAssets,32.38,943034000.0,ShareholdersEquity,30.94,1003147000,bs,1003147000.0,1003147000,1806775.0,2026-06-25,NumberOfIssuedSharesAsOfFilingDateIssuedSharesTotalNumberOfSharesEtc,S100YIBJ,2026-06-25,120,J-GAAP,連結,2026-03-31,2026-03-31
2329,株式会社東北新社,66528000000,14139000000,101026000000,86886000000,NetAssets,86.0,total,86886000000,NetAssets,86.0,83316000000.0,ShareholdersEquity,82.47,50714000000,bs,50714000000.0,50742000000,140206002.0,2026-06-25,NumberOfIssuedSharesAsOfFilingDateIssuedSharesTotalNumberOfSharesEtc,S100YKO9,2026-06-25,120,J-GAAP,連結,2026-03-31,2026-03-31
366A,ウェルネス・コミュニケーションズ株式会社,6591116000,3896627000,9729358000,5832731000,NetAssets,59.95,total,5832731000,NetAssets,59.95,5826949000.0,ShareholdersEquity,59.89,5260149000,bs,5260149000.0,5260149000,12463400.0,2026-06-25,NumberOfIssuedSharesAsOfFilingDateIssuedSharesTotalNumberOfSharesEtc,S100YKON,2026-06-25,120,J-GAAP,連結,2026-03-31,2026-03-31
4347,ブロードメディア株式会社,6483573000,4698136000,9760334000,5062198000,NetAssets,51.87,total,5062198000,NetAssets,51.87,5051832000.0,ShareholdersEquity,51.76,4844872000,bs,4844872000.0,4844872000,7500000.0,2026-06-25,NumberOfIssuedSharesAsOfFilingDateIssuedSharesTotalNumberOfSharesEtc,S100YK4A,2026-06-25,120,J-GAAP,連結,2026-03-31,2026-03-31
4316,株式会社ビーマップ,856083000,435423000,938232000,502808000,NetAssets,53.59,total,502808000,NetAssets,53.59,374297000.0,ShareholdersEquity,39.89,282108000,bs,282108000.0,282108000,3561900.0,2026-06-25,NumberOfIssuedSharesAsOfFilingDateIssuedSharesTotalNumberOfSharesEtc,S100YK9U,2026-06-25,120,J-GAAP,連結,2026-03-31,2026-03-31
4116,大日精化工業株式会社,109573000000,64233000000,205444000000,141210000000,NetAssets,68.73,total,141210000000,NetAssets,68.73,113321000000.0,ShareholdersEquity,55.16,23436000000,bs,23436000000.0,21990000000,72452440.0,2026-06-25,NumberOfIssuedSharesAsOfFilingDateIssuedSharesTotalNumberOfSharesEtc,S100YGML,2026-06-25,120,J-GAAP,連結,2026-03-31,2026-03-31
6023,ダイハツインフィニアース株式会社,67924000000,61066000000,110498000000,49432000000,NetAssets,44.74,total,49432000000,NetAssets,44.74,47185000000.0,ShareholdersEquity,42.7,23330000000,bs,23330000000.0,20996000000,27350000.0,2026-06-25,NumberOfIssuedSharesAsOfFilingDateIssuedSharesTotalNumberOfSharesEtc,S100YCLQ,2026-06-25,120,J-GAAP,連結,2026-03-31,2026-03-31
3370,株式会社フジタコーポレーション,728268000,2470167000,2816166000,345999000,NetAssets,12.29,total,345999000,NetAssets,12.29,331115000.0,ShareholdersEquity,11.76,328479000,bs,328479000.0,313479000,3522300.0,2026-06-25,NumberOfIssuedSharesAsOfFilingDateIssuedSharesTotalNumberOfSharesEtc,S100YIJ4,2026-06-25,120,J-GAAP,連結,2026-03-31,2026-03-31
6647,森尾電機株式会社,5949286000,3488546000,9548432000,6059885000,NetAssets,63.46,total,6059885000,NetAssets,63.46,5022540000.0,ShareholdersEquity,52.6,900986000,bs,900986000.0,660986000,1425000.0,2026-06-25,NumberOfIssuedSharesAsOfFilingDateIssuedSharesTotalNumberOfSharesEtc,S100YJH1,2026-06-25,120,J-GAAP,連結,2026-03-31,2026-03-31
2435,株式会社シダー,4937000000,17760000000,19721000000,1960000000,NetAssets,9.94,total,1960000000,NetAssets,9.94,1904000000.0,ShareholdersEquity,9.65,1766000000,bs,1766000000.0,1748000000,11476000.0,2026-06-25,NumberOfIssuedSharesAsOfFilingDateIssuedSharesTotalNumberOfSharesEtc,S100YJJS,2026-06-25,120,J-GAAP,連結,2026-03-31,2026-03-31
7444,ハリマ共和物産株式会社,19014354000,11545693000,37799948000,26254254000,NetAssets,69.46,total,26254254000,NetAssets,69.46,24899708000.0,ShareholdersEquity,65.87,3819346000,bs,3819346000.0,3658770000,5441568.0,2026-06-25,NumberOfIssuedSharesAsOfFilingDateIssuedSharesTotalNumberOfSharesEtc,S100YK4R,2026-06-25,120,J-GAAP,連結,2026-03-31,2026-03-31
2737,株式会社トーメンデバイス,343129000000,285719000000,344957000000,59237000000,NetAssets,17.17,total,59237000000,NetAssets,17.17,51978000000.0,ShareholdersEquity,15.07,7829000000,bs,7829000000.0,11721000000,6802000.0,2026-06-25,NumberOfIssuedSharesAsOfFilingDateIssuedSharesTotalNumberOfSharesEtc,S100YJQ2,2026-06-25,120,J-GAAP,連結,2026-03-31,2026-03-31
4664,株式会社アール・エス・シー,2833861000,1653237000,4052489000,2399252000,NetAssets,59.2,total,2399252000,NetAssets,59.2,2287861000.0,ShareholdersEquity,56.46,1806105000,bs,1806105000.0,1380042000,3120000.0,2026-06-25,NumberOfIssuedSharesAsOfFilingDateIssuedSharesTotalNumberOfSharesEtc,S100YIKA,2026-06-25,120,J-GAAP,連結,2026-03-31,2026-03-31
6507,シンフォニアテクノロジー株式会社,82700000000,59833000000,158740000000,98906000000,NetAssets,62.31,total,98906000000,NetAssets,62.31,75565000000.0,ShareholdersEquity,47.6,11619000000,bs,11619000000.0,11618000000,29789122.0,2026-06-25,NumberOfIssuedSharesAsOfFilingDateIssuedSharesTotalNumberOfSharesEtc,S100YI4V,2026-06-25,120,J-GAAP,連結,2026-03-31,2026-03-31
7060,ギークス株式会社,6972575000,4797358000,7852040000,3054682000,NetAssets,38.9,total,3054682000,NetAssets,38.9,2943943000.0,ShareholdersEquity,37.49,3747062000,bs,3747062000.0,3747062000,10330709.0,2026-06-25,NumberOfIssuedSharesAsOfFilingDateIssuedSharesTotalNumberOfSharesEtc,S100YJZ1,2026-06-25,120,J-GAAP,連結,2026-03-31,2026-03-31
5947,リンナイ株式会社,374185000000,155445000000,649569000000,494124000000,NetAssets,76.07,total,494124000000,NetAssets,76.07,371269000000.0,ShareholdersEquity,57.16,172202000000,bs,172202000000.0,134506000000,141126771.0,2026-06-25,NumberOfIssuedSharesAsOfFilingDateIssuedSharesTotalNumberOfSharesEtc,S100YJCU,2026-06-25,120,J-GAAP,連結,2026-03-31,2026-03-31
8281,ゼビオホールディングス株式会社,133500000000,87682000000,205996000000,118313000000,NetAssets,57.43,total,118313000000,NetAssets,57.43,116076000000.0,ShareholdersEquity,56.35,15808000000,bs,15808000000.0,15808000000,47911023.0,2026-06-25,NumberOfIssuedSharesAsOfFilingDateIssuedSharesTotalNumberOfSharesEtc,S100YJT6,2026-06-25,120,J-GAAP,連結,2026-03-31,2026-03-31
7735,株式会社ＳＣＲＥＥＮホールディングス,508567000000,235736000000,722421000000,486684000000,NetAssets,67.37,total,486684000000,NetAssets,67.37,446679000000.0,ShareholdersEquity,61.83,147370000000,bs,147370000000.0,225734000000,190759972.0,2026-06-25,NumberOfIssuedSharesAsOfFilingDateIssuedSharesTotalNumberOfSharesEtc,S100YK9N,2026-06-25,120,J-GAAP,連結,2026-03-31,2026-03-31
9171,栗林商船株式会社,22569675000,46214357000,82355116000,36140758000,NetAssets,43.88,total,36140758000,NetAssets,43.88,23545762000.0,ShareholdersEquity,28.59,12681825000,bs,12681825000.0,12235527000,12739696.0,2026-06-25,NumberOfIssuedSharesAsOfFilingDateIssuedSharesTotalNumberOfSharesEtc,S100YKD9,2026-06-25,120,J-GAAP,連結,2026-03-31,2026-03-31
3106,倉敷紡績株式会社,82496000000,68170000000,201844000000,133674000000,NetAssets,66.23,total,133674000000,NetAssets,66.23,101900000000.0,ShareholdersEquity,50.48,15533000000,bs,15533000000.0,15499000000,17000000.0,2026-06-25,NumberOfIssuedSharesAsOfFilingDateIssuedSharesTotalNumberOfSharesEtc,S100YIYE,2026-06-25,120,J-GAAP,連結,2026-03-31,2026-03-31
3103,ユニチカ株式会社,86987000000,96659000000,150704000000,54044000000,NetAssets,35.86,total,54044000000,NetAssets,35.86,51482000000.0,ShareholdersEquity,34.16,47700000000,bs,47700000000.0,47314000000,173256943.0,2026-06-25,NumberOfIssuedSharesAsOfFilingDateIssuedSharesTotalNumberOfSharesEtc,S100YJHA,2026-06-25,120,J-GAAP,連結,2026-03-31,2026-03-31
6750,エレコム株式会社,121302000000,37022000000,145205000000,108183000000,NetAssets,74.5,total,108183000000,NetAssets,74.5,101372000000.0,ShareholdersEquity,69.81,58497000000,bs,58497000000.0,58497000000,92221420.0,2026-06-25,NumberOfIssuedSharesAsOfFilingDateIssuedSharesTotalNumberOfSharesEtc,S100YK25,2026-06-25,120,J-GAAP,連結,2026-03-31,2026-03-31
9363,株式会社大運,2950093000,2070967000,6148894000,4077926000,NetAssets,66.32,total,4077926000,NetAssets,66.32,3374848000.0,ShareholdersEquity,54.89,1498422000,bs,1498422000.0,1498422000,6228039.0,2026-06-25,NumberOfIssuedSharesAsOfFilingDateIssuedSharesTotalNumberOfSharesEtc,S100YK5Y,2026-06-25,120,J-GAAP,個別,2026-03-31,2026-03-31
3954,昭和パックス株式会社,19891972000,9444535000,36921064000,27476529000,NetAssets,74.42,total,27476529000,NetAssets,74.42,19908676000.0,ShareholdersEquity,53.92,9644589000,bs,9644589000.0,8243739000,4450000.0,2026-06-25,NumberOfIssuedSharesAsOfFilingDateIssuedSharesTotalNumberOfSharesEtc,S100YK0Y,2026-06-25,120,J-GAAP,連結,2026-03-31,2026-03-31
6846,株式会社中央製作所,3593510000,2744390000,5293761000,2549370000,NetAssets,48.16,total,2549370000,NetAssets,48.16,2356642000.0,ShareholdersEquity,44.52,954901000,bs,954901000.0,954901000,784300.0,2026-06-25,NumberOfIssuedSharesAsOfFilingDateIssuedSharesTotalNumberOfSharesEtc,S100YJMI,2026-06-25,120,J-GAAP,個別,2026-03-31,2026-03-31
2654,株式会社アスモ,8823288000,2955379000,9945503000,6990124000,NetAssets,70.28,total,6990124000,NetAssets,70.28,6808083000.0,ShareholdersEquity,68.45,5174180000,bs,5174180000.0,5104077000,15145175.0,2026-06-25,NumberOfIssuedSharesAsOfFilingDateIssuedSharesTotalNumberOfSharesEtc,S100YIEY,2026-06-25,120,J-GAAP,連結,2026-03-31,2026-03-31
9402,中部日本放送株式会社,25588000000,21723000000,101553000000,79829000000,NetAssets,78.61,total,79829000000,NetAssets,78.61,58089000000.0,ShareholdersEquity,57.2,14151000000,bs,14151000000.0,15343000000,26400000.0,2026-06-25,NumberOfIssuedSharesAsOfFilingDateIssuedSharesTotalNumberOfSharesEtc,S100YJ8A,2026-06-25,120,J-GAAP,連結,2026-03-31,2026-03-31
9790,福井コンピュータホールディングス株式会社,25936000000,6737000000,36816000000,30078000000,NetAssets,81.7,total,30078000000,NetAssets,81.7,29336000000.0,ShareholdersEquity,79.68,24085000000,bs,24085000000.0,21485000000,20700000.0,2026-06-25,NumberOfIssuedSharesAsOfFilingDateIssuedSharesTotalNumberOfSharesEtc,S100YHZN,2026-06-25,120,J-GAAP,連結,2026-03-31,2026-03-31
6803,ティアック株式会社,8447000000,6523000000,10593000000,4070000000,EquityIFRS,38.42,total,4070000000,EquityIFRS,38.42,4070000000.0,EquityAttributableToOwnersOfParentIFRS,38.42,2173000000,cf,,2173000000,28931713.0,2026-06-25,NumberOfIssuedSharesAsOfFilingDateIssuedSharesTotalNumberOfSharesEtc,S100YG7Z,2026-06-25,120,IFRS,連結,2026-03-31,2026-03-31
2376,株式会社　サイネックス,6750103000,6385607000,14443534000,8057926000,NetAssets,55.79,total,8057926000,NetAssets,55.79,7961506000.0,ShareholdersEquity,55.12,4294142000,bs,4294142000.0,3661130000,6470660.0,2026-06-25,NumberOfIssuedSharesAsOfFilingDateIssuedSharesTotalNumberOfSharesEtc,S100YICX,2026-06-25,120,J-GAAP,連結,2026-03-31,2026-03-31
3315,日本コークス工業株式会社,45395000000,91746000000,126544000000,34797000000,NetAssets,27.5,total,34797000000,NetAssets,27.5,33630000000.0,ShareholdersEquity,26.58,6392000000,bs,6392000000.0,6388000000,302349449.0,2026-06-25,NumberOfIssuedSharesAsOfFilingDateIssuedSharesTotalNumberOfSharesEtc,S100YK1Z,2026-06-25,120,J-GAAP,連結,2026-03-31,2026-03-31
1723,日本電技株式会社,35959000000,14241000000,61099000000,46857000000,NetAssets,76.69,total,46857000000,NetAssets,76.69,44248000000.0,ShareholdersEquity,72.42,10588000000,bs,10588000000.0,13585000000,65580000.0,2026-06-25,NumberOfIssuedSharesAsOfFilingDateIssuedSharesTotalNumberOfSharesEtc,S100YH9O,2026-06-25,120,J-GAAP,連結,2026-03-31,2026-03-31
6836,ぷらっとホーム株式会社,811224000,416433000,862001000,445567000,NetAssets,51.69,total,445567000,NetAssets,51.69,438103000.0,ShareholdersEquity,50.82,212706000,bs,212706000.0,212706000,4785000.0,2026-06-25,NumberOfIssuedSharesAsOfFilingDateIssuedSharesTotalNumberOfSharesEtc,S100YHPG,2026-06-25,120,J-GAAP,連結,2026-03-31,2026-03-31
7885,タカノ株式会社,23936416000,5422773000,37934510000,32511736000,NetAssets,85.7,total,32511736000,NetAssets,85.7,30897140000.0,ShareholdersEquity,81.45,8700463000,bs,8700463000.0,8275253000,15721000.0,2026-06-25,NumberOfIssuedSharesAsOfFilingDateIssuedSharesTotalNumberOfSharesEtc,S100YITM,2026-06-25,120,J-GAAP,連結,2026-03-31,2026-03-31
1491,中外鉱業株式会社,13258979000,8203633000,17570586000,9366952000,NetAssets,53.31,total,9366952000,NetAssets,53.31,9366952000.0,ShareholdersEquity,53.31,6299962000,bs,6299962000.0,6299962000,14487399.0,2026-06-25,NumberOfIssuedSharesAsOfFilingDateIssuedSharesTotalNumberOfSharesEtc,S100YKQY,2026-06-25,120,J-GAAP,連結,2026-03-31,2026-03-31
9867,ソレキア株式会社,21820468000,11336329000,24156509000,12820180000,NetAssets,53.07,total,12820180000,NetAssets,53.07,12535620000.0,ShareholdersEquity,51.89,12487624000,bs,12487624000.0,12487624000,865301.0,2026-06-25,NumberOfIssuedSharesAsOfFilingDateIssuedSharesTotalNumberOfSharesEtc,S100YKQM,2026-06-25,120,J-GAAP,連結,2026-03-31,2026-03-31
6655,東洋電機株式会社,7542129000,4270280000,11049922000,6779641000,NetAssets,61.35,total,6779641000,NetAssets,61.35,5864640000.0,ShareholdersEquity,53.07,2690586000,bs,2690586000.0,1728108000,4694475.0,2026-06-25,NumberOfIssuedSharesAsOfFilingDateIssuedSharesTotalNumberOfSharesEtc,S100YKQN,2026-06-25,120,J-GAAP,連結,2026-03-31,2026-03-31
2003,日東富士製粉株式会社,33097000000,13634000000,63742000000,50108000000,NetAssets,78.61,total,50108000000,NetAssets,78.61,45069000000.0,ShareholdersEquity,70.71,1176000000,bs,1176000000.0,11554000000,37538912.0,2026-06-25,NumberOfIssuedSharesAsOfFilingDateIssuedSharesTotalNumberOfSharesEtc,S100YK99,2026-06-25,120,J-GAAP,連結,2026-03-31,2026-03-31
8086,ニプロ株式会社,594832000000,878518000000,1213290000000,334772000000,NetAssets,27.59,total,334772000000,NetAssets,27.59,188445000000.0,ShareholdersEquity,15.53,97835000000,bs,97835000000.0,88366000000,171459479.0,2026-06-25,NumberOfIssuedSharesAsOfFilingDateIssuedSharesTotalNumberOfSharesEtc,S100YJLK,2026-06-25,120,J-GAAP,連結,2026-03-31,2026-03-31
7414,小野建株式会社,106455000000,102317000000,196119000000,93802000000,NetAssets,47.83,total,93802000000,NetAssets,47.83,91569000000.0,ShareholdersEquity,46.69,6362000000,bs,6362000000.0,6109000000,25123913.0,2026-06-25,NumberOfIssuedSharesAsOfFilingDateIssuedSharesTotalNumberOfSharesEtc,S100YK40,2026-06-25,120,J-GAAP,連結,2026-03-31,2026-03-31
9051,センコン物流株式会社,6049192000,12195306000,18631793000,6436487000,NetAssets,34.55,total,6436487000,NetAssets,34.55,5839772000.0,ShareholdersEquity,31.34,2551459000,bs,2551459000.0,2526459000,5651000.0,2026-06-25,NumberOfIssuedSharesAsOfFilingDateIssuedSharesTotalNumberOfSharesEtc,S100YKGW,2026-06-25,120,J-GAAP,連結,2026-03-31,2026-03-31
4719,株式会社アルファシステムズ,33217368000,7903717000,53238500000,45334783000,NetAssets,85.15,total,45334783000,NetAssets,85.15,45236922000.0,ShareholdersEquity,84.97,22774245000,bs,22774245000.0,20074245000,14052400.0,2026-06-25,NumberOfIssuedSharesAsOfFilingDateIssuedSharesTotalNumberOfSharesEtc,S100YK7V,2026-06-25,120,J-GAAP,個別,2026-03-31,2026-03-31
9791,株式会社ビケンテクノ,18420314000,15985666000,38858014000,22872348000,NetAssets,58.86,total,22872348000,NetAssets,58.86,22776569000.0,ShareholdersEquity,58.61,7558983000,bs,7558983000.0,7523983000,7718722.0,2026-06-25,NumberOfIssuedSharesAsOfFilingDateIssuedSharesTotalNumberOfSharesEtc,S100YJP6,2026-06-25,120,J-GAAP,連結,2026-03-31,2026-03-31
6620,宮越ホールディングス株式会社,12353000000,413000000,26506000000,26093000000,NetAssets,98.44,total,26093000000,NetAssets,98.44,22686000000.0,ShareholdersEquity,85.59,11359000000,bs,11359000000.0,5485000000,40014943.0,2026-06-25,NumberOfIssuedSharesAsOfFilingDateIssuedSharesTotalNumberOfSharesEtc,S100YJZT,2026-06-25,120,J-GAAP,連結,2026-03-31,2026-03-31
5363,東京窯業株式会社,38430374000,12979737000,66994868000,54015131000,NetAssets,80.63,total,54015131000,NetAssets,80.63,38672042000.0,ShareholdersEquity,57.72,17354986000,bs,17354986000.0,14323399000,45477000.0,2026-06-25,NumberOfIssuedSharesAsOfFilingDateIssuedSharesTotalNumberOfSharesEtc,S100YI3M,2026-06-25,120,J-GAAP,連結,2026-03-31,2026-03-31
9359,伊勢湾海運株式会社,32057133000,11464276000,62658722000,51194446000,NetAssets,81.7,total,51194446000,NetAssets,81.7,43486557000.0,ShareholdersEquity,69.4,21066382000,bs,21066382000.0,20236238000,27487054.0,2026-06-25,NumberOfIssuedSharesAsOfFilingDateIssuedSharesTotalNumberOfSharesEtc,S100YE7Y,2026-06-25,120,J-GAAP,連結,2026-03-31,2026-03-31
3945,スーパーバッグ株式会社,8901000000,8202000000,13761000000,5559000000,NetAssets,40.4,total,5559000000,NetAssets,40.4,4878000000.0,ShareholdersEquity,35.45,1619000000,bs,1619000000.0,1558000000,1686154.0,2026-06-25,NumberOfIssuedSharesAsOfFilingDateIssuedSharesTotalNumberOfSharesEtc,S100YJ4G,2026-06-25,120,J-GAAP,連結,2026-03-31,2026-03-31
6626,ＳＥＭＩＴＥＣ株式会社,21304071000,6964747000,30819163000,23854415000,NetAssets,77.4,total,23854415000,NetAssets,77.4,19969482000.0,ShareholdersEquity,64.8,9619214000,bs,9619214000.0,9619214000,11371600.0,2026-06-25,NumberOfIssuedSharesAsOfFilingDateIssuedSharesTotalNumberOfSharesEtc,S100YJ3G,2026-06-25,120,J-GAAP,連結,2026-03-31,2026-03-31
3849,日本テクノ・ラボ株式会社,1123874000,309671000,1578493000,1268822000,NetAssets,80.38,total,1268822000,NetAssets,80.38,1252544000.0,ShareholdersEquity,79.35,522065000,bs,522065000.0,522065000,1731000.0,2026-06-25,NumberOfIssuedSharesAsOfFilingDateIssuedSharesTotalNumberOfSharesEtc,S100YJVO,2026-06-25,120,J-GAAP,個別,2026-03-31,2026-03-31
6391,株式会社加地テック,8241762000,3825668000,12300858000,8475189000,NetAssets,68.9,total,8475189000,NetAssets,68.9,8475189000.0,ShareholdersEquity,68.9,2571073000,bs,2571073000.0,2071073000,1718000.0,2026-06-25,NumberOfIssuedSharesAsOfFilingDateIssuedSharesTotalNumberOfSharesEtc,S100YJ76,2026-06-25,120,J-GAAP,個別,2026-03-31,2026-03-31
8836,株式会社ＲＩＳＥ,518000000,155000000,1854000000,1699000000,NetAssets,91.64,total,1699000000,NetAssets,91.64,1699000000.0,ShareholdersEquity,91.64,466000000,bs,466000000.0,466000000,102257584.0,2026-06-25,NumberOfIssuedSharesAsOfFilingDateIssuedSharesTotalNumberOfSharesEtc,S100YIFC,2026-06-25,120,J-GAAP,連結,2026-03-31,2026-03-31
7018,内海造船株式会社,32947000000,33629000000,47136000000,13506000000,NetAssets,28.65,total,13506000000,NetAssets,28.65,11246000000.0,ShareholdersEquity,23.86,10783000000,bs,10783000000.0,10590000000,2253000.0,2026-06-25,NumberOfIssuedSharesAsOfFilingDateIssuedSharesTotalNumberOfSharesEtc,S100YJMY,2026-06-25,120,J-GAAP,連結,2026-03-31,2026-03-31
1861,株式会社　熊谷組,337919000000,261050000000,448918000000,187867000000,NetAssets,41.85,total,187867000000,NetAssets,41.85,175344000000.0,ShareholdersEquity,39.06,64679000000,bs,64679000000.0,64679000000,173142240.0,2026-06-25,NumberOfIssuedSharesAsOfFilingDateIssuedSharesTotalNumberOfSharesEtc,S100YK9Q,2026-06-25,120,J-GAAP,連結,2026-03-31,2026-03-31
6190,株式会社フェニックスバイオ,1643360000,640054000,2192682000,1552627000,NetAssets,70.81,total,1552627000,NetAssets,70.81,1459250000.0,ShareholdersEquity,66.55,1147175000,bs,1147175000.0,1147175000,4076933.0,2026-06-25,NumberOfIssuedSharesAsOfFilingDateIssuedSharesTotalNumberOfSharesEtc,S100YKSV,2026-06-25,120,J-GAAP,連結,2026-03-31,2026-03-31
3583,オーベクス株式会社,6609359000,2913489000,10165188000,7251699000,NetAssets,71.34,total,7251699000,NetAssets,71.34,6975572000.0,ShareholdersEquity,68.62,2627404000,bs,2627404000.0,2527404000,3092623.0,2026-06-25,NumberOfIssuedSharesAsOfFilingDateIssuedSharesTotalNumberOfSharesEtc,S100YK22,2026-06-25,120,J-GAAP,連結,2026-03-31,2026-03-31
2916,仙波糖化工業株式会社,11803913000,8678133000,21444744000,12766610000,NetAssets,59.53,total,12766610000,NetAssets,59.53,10452490000.0,ShareholdersEquity,48.74,3378420000,bs,3378420000.0,3313420000,11400000.0,2026-06-25,NumberOfIssuedSharesAsOfFilingDateIssuedSharesTotalNumberOfSharesEtc,S100YKFH,2026-06-25,120,J-GAAP,連結,2026-03-31,2026-03-31
2433,株式会社博報堂ＤＹホールディングス,742959000000,678615000000,1081132000000,402516000000,NetAssets,37.23,total,402516000000,NetAssets,37.23,327036000000.0,ShareholdersEquity,30.25,238960000000,bs,238960000000.0,233077000000,363902636.0,2026-06-25,NumberOfIssuedSharesAsOfFilingDateIssuedSharesTotalNumberOfSharesEtc,S100YHXU,2026-06-25,120,J-GAAP,連結,2026-03-31,2026-03-31
5821,平河ヒューテック株式会社,39037000000,13001000000,56662000000,43661000000,NetAssets,77.06,total,43661000000,NetAssets,77.06,32657000000.0,ShareholdersEquity,57.63,17897000000,bs,17897000000.0,15116000000,17627800.0,2026-06-25,NumberOfIssuedSharesAsOfFilingDateIssuedSharesTotalNumberOfSharesEtc,S100YKSU,2026-06-25,120,J-GAAP,連結,2026-03-31,2026-03-31
8037,カメイ株式会社,188244000000,152713000000,331061000000,178348000000,NetAssets,53.87,total,178348000000,NetAssets,53.87,152809000000.0,ShareholdersEquity,46.16,68571000000,bs,68571000000.0,58900000000,32991969.0,2026-06-25,NumberOfIssuedSharesAsOfFilingDateIssuedSharesTotalNumberOfSharesEtc,S100YKU0,2026-06-25,120,J-GAAP,連結,2026-03-31,2026-03-31
1719,株式会社安藤・間,300735000000,202195000000,411575000000,209380000000,NetAssets,50.87,total,209380000000,NetAssets,50.87,175698000000.0,ShareholdersEquity,42.69,66170000000,bs,66170000000.0,64591000000,181021197.0,2026-06-25,NumberOfIssuedSharesAsOfFilingDateIssuedSharesTotalNumberOfSharesEtc,S100YHJP,2026-06-25,120,J-GAAP,連結,2026-03-31,2026-03-31
7564,株式会社ワークマン,138440000000,31800000000,185257000000,153456000000,NetAssets,82.83,total,153456000000,NetAssets,82.83,150456000000.0,ShareholdersEquity,81.21,83743000000,bs,83743000000.0,36743000000,81846816.0,2026-06-25,NumberOfIssuedSharesAsOfFilingDateIssuedSharesTotalNumberOfSharesEtc,S100YGNI,2026-06-25,120,J-GAAP,個別,2026-03-31,2026-03-31
9364,株式会社上組,149534000000,140547000000,538407000000,397859000000,NetAssets,73.9,total,397859000000,NetAssets,73.9,361297000000.0,ShareholdersEquity,67.1,76279000000,bs,76279000000.0,69189000000,106576837.0,2026-06-25,NumberOfIssuedSharesAsOfFilingDateIssuedSharesTotalNumberOfSharesEtc,S100YG9D,2026-06-25,120,J-GAAP,連結,2026-03-31,2026-03-31
7780,株式会社メニコン,78978000000,99533000000,194640000000,95106000000,NetAssets,48.86,total,95106000000,NetAssets,48.86,78484000000.0,ShareholdersEquity,40.32,32608000000,bs,32608000000.0,32410000000,76771488.0,2026-06-25,NumberOfIssuedSharesAsOfFilingDateIssuedSharesTotalNumberOfSharesEtc,S100YIHS,2026-06-25,120,J-GAAP,連結,2026-03-31,2026-03-31
7722,国際計測器株式会社,15994616000,7839186000,20800821000,12961635000,NetAssets,62.31,total,12961635000,NetAssets,62.31,11418180000.0,ShareholdersEquity,54.89,8537390000,bs,8537390000.0,5483363000,14200000.0,2026-06-25,NumberOfIssuedSharesAsOfFilingDateIssuedSharesTotalNumberOfSharesEtc,S100YJ8C,2026-06-25,120,J-GAAP,連結,2026-03-31,2026-03-31
9036,東部ネットワーク株式会社,5604527000,4381842000,25295556000,20913714000,NetAssets,82.68,total,20913714000,NetAssets,82.68,19582608000.0,ShareholdersEquity,77.42,4304236000,bs,4304236000.0,4304236000,5749000.0,2026-06-25,NumberOfIssuedSharesAsOfFilingDateIssuedSharesTotalNumberOfSharesEtc,S100YK2G,2026-06-25,120,J-GAAP,連結,2026-03-31,2026-03-31
5607,中央可鍛工業株式会社,18904730000,15119537000,47431452000,32311915000,NetAssets,68.12,total,32311915000,NetAssets,68.12,24808643000.0,ShareholdersEquity,52.3,8065211000,bs,8065211000.0,6977993000,16020300.0,2026-06-25,NumberOfIssuedSharesAsOfFilingDateIssuedSharesTotalNumberOfSharesEtc,S100YJLT,2026-06-25,120,J-GAAP,連結,2026-03-31,2026-03-31
6384,株式会社昭和真空,11341745000,2999236000,15173402000,12174165000,NetAssets,80.23,total,12174165000,NetAssets,80.23,11460092000.0,ShareholdersEquity,75.53,6450300000,bs,6450300000.0,6037983000,6499000.0,2026-06-25,NumberOfIssuedSharesAsOfFilingDateIssuedSharesTotalNumberOfSharesEtc,S100YKGJ,2026-06-25,120,J-GAAP,連結,2026-03-31,2026-03-31
5273,三谷セキサン株式会社,80956000000,37592000000,141295000000,103702000000,NetAssets,73.39,total,103702000000,NetAssets,73.39,82334000000.0,ShareholdersEquity,58.27,47931000000,bs,47931000000.0,46659000000,83946396.0,2026-06-25,NumberOfIssuedSharesAsOfFilingDateIssuedSharesTotalNumberOfSharesEtc,S100YJGQ,2026-06-25,120,J-GAAP,連結,2026-03-31,2026-03-31
1879,新日本建設株式会社,170623000000,50748000000,185296000000,134547000000,NetAssets,72.61,total,134547000000,NetAssets,72.61,133432000000.0,ShareholdersEquity,72.01,95824000000,bs,95824000000.0,54824000000,61360720.0,2026-06-25,NumberOfIssuedSharesAsOfFilingDateIssuedSharesTotalNumberOfSharesEtc,S100YHI2,2026-06-25,120,J-GAAP,連結,2026-03-31,2026-03-31
3096,株式会社オーシャンシステム,11399122000,12996793000,25138216000,12141423000,NetAssets,48.3,total,12141423000,NetAssets,48.3,11647325000.0,ShareholdersEquity,46.33,4719739000,bs,4719739000.0,4340760000,10833000.0,2026-06-25,NumberOfIssuedSharesAsOfFilingDateIssuedSharesTotalNumberOfSharesEtc,S100YKNJ,2026-06-25,120,J-GAAP,連結,2026-03-31,2026-03-31
6837,株式会社京写,16333000000,14823000000,24961000000,10137000000,NetAssets,40.61,total,10137000000,NetAssets,40.61,6930000000.0,ShareholdersEquity,27.76,5687000000,bs,5687000000.0,5535000000,14624000.0,2026-06-25,NumberOfIssuedSharesAsOfFilingDateIssuedSharesTotalNumberOfSharesEtc,S100YHX8,2026-06-25,120,J-GAAP,連結,2026-03-31,2026-03-31
7937,株式会社ツツミ,60032000000,3599000000,73704000000,70104000000,NetAssets,95.12,total,70104000000,NetAssets,95.12,70073000000.0,ShareholdersEquity,95.07,32225000000,bs,32225000000.0,32225000000,15630000.0,2026-06-25,NumberOfIssuedSharesAsOfFilingDateIssuedSharesTotalNumberOfSharesEtc,S100Y7SI,2026-06-25,120,J-GAAP,個別,2026-03-31,2026-03-31
1869,名工建設株式会社,77408000000,44974000000,130915000000,85941000000,NetAssets,65.65,total,85941000000,NetAssets,65.65,68351000000.0,ShareholdersEquity,52.21,14931000000,bs,14931000000.0,14931000000,27060000.0,2026-06-25,NumberOfIssuedSharesAsOfFilingDateIssuedSharesTotalNumberOfSharesEtc,S100YK2R,2026-06-25,120,J-GAAP,連結,2026-03-31,2026-03-31
6368,オルガノ株式会社,192002000000,81904000000,224867000000,142962000000,NetAssets,63.58,total,142962000000,NetAssets,63.58,136008000000.0,ShareholdersEquity,60.48,31055000000,bs,31055000000.0,31055000000,46359700.0,2026-06-25,NumberOfIssuedSharesAsOfFilingDateIssuedSharesTotalNumberOfSharesEtc,S100YK07,2026-06-25,120,J-GAAP,連結,2026-03-31,2026-03-31
3692,株式会社ＦＦＲＩセキュリティ,4706179000,2101612000,5879282000,3777669000,NetAssets,64.25,total,3777669000,NetAssets,64.25,3777669000.0,ShareholdersEquity,64.25,3334197000,bs,3334197000.0,3334197000,8190000.0,2026-06-25,NumberOfIssuedSharesAsOfFilingDateIssuedSharesTotalNumberOfSharesEtc,S100YKWG,2026-06-25,120,J-GAAP,連結,2026-03-31,2026-03-31
3863,日本製紙株式会社,665069000000,1197971000000,1738479000000,540507000000,NetAssets,31.09,total,540507000000,NetAssets,31.09,340848000000.0,ShareholdersEquity,19.61,207411000000,bs,207411000000.0,207411000000,116254892.0,2026-06-25,NumberOfIssuedSharesAsOfFilingDateIssuedSharesTotalNumberOfSharesEtc,S100YJ5X,2026-06-25,120,J-GAAP,連結,2026-03-31,2026-03-31
6964,株式会社サンコー,15355328000,6598171000,22927609000,16329437000,NetAssets,71.22,total,16329437000,NetAssets,71.22,15391443000.0,ShareholdersEquity,67.13,4920154000,bs,4920154000.0,4920154000,9000000.0,2026-06-25,NumberOfIssuedSharesAsOfFilingDateIssuedSharesTotalNumberOfSharesEtc,S100YJUI,2026-06-25,120,J-GAAP,連結,2026-03-31,2026-03-31
8850,スターツコーポレーション株式会社,162992000000,160174000000,352746000000,192571000000,NetAssets,54.59,total,192571000000,NetAssets,54.59,183273000000.0,ShareholdersEquity,51.96,84509000000,bs,84509000000.0,74904000000,53998205.0,2026-06-25,NumberOfIssuedSharesAsOfFilingDateIssuedSharesTotalNumberOfSharesEtc,S100YKTS,2026-06-25,120,J-GAAP,連結,2026-03-31,2026-03-31
6962,株式会社大真空,53425145000,50859524000,98809807000,47950283000,NetAssets,48.53,total,47950283000,NetAssets,48.53,30684638000.0,ShareholdersEquity,31.05,16346653000,bs,16346653000.0,15979160000,32138881.0,2026-06-25,NumberOfIssuedSharesAsOfFilingDateIssuedSharesTotalNumberOfSharesEtc,S100YKVO,2026-06-25,120,J-GAAP,連結,2026-03-31,2026-03-31
8145,中部水産株式会社,9672285000,3477287000,18301572000,14824284000,NetAssets,81.0,total,14824284000,NetAssets,81.0,12146246000.0,ShareholdersEquity,66.37,4778290000,bs,4778290000.0,3693749000,1926900.0,2026-06-25,NumberOfIssuedSharesAsOfFilingDateIssuedSharesTotalNumberOfSharesEtc,S100YI2J,2026-06-25,120,J-GAAP,個別,2026-03-31,2026-03-31
7003,株式会社三井Ｅ＆Ｓ,246241000000,260734000000,494554000000,233819000000,NetAssets,47.28,total,233819000000,NetAssets,47.28,150132000000.0,ShareholdersEquity,30.36,57055000000,bs,57055000000.0,54589000000,103098717.0,2026-06-25,NumberOfIssuedSharesAsOfFilingDateIssuedSharesTotalNumberOfSharesEtc,S100YKIO,2026-06-25,120,J-GAAP,連結,2026-03-31,2026-03-31
7118,株式会社伸和ホールディングス,1492892000,1375675000,2185168000,809492000,NetAssets,37.04,total,809492000,NetAssets,37.04,809492000.0,ShareholdersEquity,37.04,976712000,bs,976712000.0,976712000,1383800.0,2026-06-25,NumberOfIssuedSharesAsOfFilingDateIssuedSharesTotalNumberOfSharesEtc,S100YK6C,2026-06-25,120,J-GAAP,連結,2026-03-31,2026-03-31
6145,ＮＩＴＴＯＫＵ株式会社,44470000000,22423000000,62940000000,40516000000,NetAssets,64.37,total,40516000000,NetAssets,64.37,35040000000.0,ShareholdersEquity,55.67,20132000000,bs,20132000000.0,19579000000,18098923.0,2026-06-25,NumberOfIssuedSharesAsOfFilingDateIssuedSharesTotalNumberOfSharesEtc,S100YKQX,2026-06-25,120,J-GAAP,連結,2026-03-31,2026-03-31
5945,天龍製鋸株式会社,20377458000,3802504000,42895572000,39093068000,NetAssets,91.14,total,39093068000,NetAssets,91.14,29742848000.0,ShareholdersEquity,69.34,9130472000,bs,9130472000.0,7140934000,11147634.0,2026-06-25,NumberOfIssuedSharesAsOfFilingDateIssuedSharesTotalNumberOfSharesEtc,S100YJDZ,2026-06-25,120,J-GAAP,連結,2026-03-31,2026-03-31
5071,株式会社ヴィス,8985560000,4577441000,12512389000,7934947000,NetAssets,63.42,total,7934947000,NetAssets,63.42,7920833000.0,ShareholdersEquity,63.3,6754424000,bs,6754424000.0,6604424000,8435050.0,2026-06-25,NumberOfIssuedSharesAsOfFilingDateIssuedSharesTotalNumberOfSharesEtc,S100YJJP,2026-06-25,120,J-GAAP,連結,2026-03-31,2026-03-31
4041,日本曹達株式会社,125328000000,101211000000,307305000000,206094000000,NetAssets,67.06,total,206094000000,NetAssets,67.06,180470000000.0,ShareholdersEquity,58.73,24626000000,bs,24626000000.0,21907000000,55294534.0,2026-06-25,NumberOfIssuedSharesAsOfFilingDateIssuedSharesTotalNumberOfSharesEtc,S100YJKO,2026-06-25,120,J-GAAP,連結,2026-03-31,2026-03-31
3388,明治電機工業株式会社,44025882000,18772921000,57099476000,38326555000,NetAssets,67.12,total,38326555000,NetAssets,67.12,32752420000.0,ShareholdersEquity,57.36,14779964000,bs,14779964000.0,14779964000,12765820.0,2026-06-25,NumberOfIssuedSharesAsOfFilingDateIssuedSharesTotalNumberOfSharesEtc,S100YKYA,2026-06-25,120,J-GAAP,連結,2026-03-31,2026-03-31
7458,株式会社第一興商,77209000000,95096000000,220445000000,125349000000,NetAssets,56.86,total,125349000000,NetAssets,56.86,122263000000.0,ShareholdersEquity,55.46,48841000000,bs,48841000000.0,48475000000,103968400.0,2026-06-25,NumberOfIssuedSharesAsOfFilingDateIssuedSharesTotalNumberOfSharesEtc,S100YK39,2026-06-25,120,J-GAAP,連結,2026-03-31,2026-03-31
4193,株式会社ファブリカホールディングス,3827366000,2265281000,5827120000,3561838000,NetAssets,61.13,total,3561838000,NetAssets,61.13,3527470000.0,ShareholdersEquity,60.54,2454312000,bs,2454312000.0,2454312000,5475400.0,2026-06-25,NumberOfIssuedSharesAsOfFilingDateIssuedSharesTotalNumberOfSharesEtc,S100YK86,2026-06-25,120,J-GAAP,連結,2026-03-31,2026-03-31
2395,株式会社新日本科学,42988777000,61566263000,105055514000,43489251000,NetAssets,41.4,total,43489251000,NetAssets,41.4,34649589000.0,ShareholdersEquity,32.98,18536325000,bs,18536325000.0,18371101000,41632400.0,2026-06-25,NumberOfIssuedSharesAsOfFilingDateIssuedSharesTotalNumberOfSharesEtc,S100YK73,2026-06-25,120,J-GAAP,連結,2026-03-31,2026-03-31
7443,横浜魚類株式会社,3399680000,2952496000,5647089000,2694592000,NetAssets,47.72,total,2694592000,NetAssets,47.72,2435069000.0,ShareholdersEquity,43.12,462978000,bs,462978000.0,462978000,6290000.0,2026-06-25,NumberOfIssuedSharesAsOfFilingDateIssuedSharesTotalNumberOfSharesEtc,S100YI62,2026-06-25,120,J-GAAP,個別,2026-03-31,2026-03-31
1736,株式会社　オーテック,22997694000,12229559000,39314866000,27085306000,NetAssets,68.89,total,27085306000,NetAssets,68.89,23224511000.0,ShareholdersEquity,59.07,10934215000,bs,10934215000.0,10340426000,17100000.0,2026-06-25,NumberOfIssuedSharesAsOfFilingDateIssuedSharesTotalNumberOfSharesEtc,S100YKWY,2026-06-25,120,J-GAAP,連結,2026-03-31,2026-03-31
3034,クオールホールディングス株式会社,59277000000,98276000000,158116000000,59840000000,NetAssets,37.85,total,59840000000,NetAssets,37.85,57433000000.0,ShareholdersEquity,36.32,21401000000,bs,21401000000.0,20988000000,38902785.0,2026-06-25,NumberOfIssuedSharesAsOfFilingDateIssuedSharesTotalNumberOfSharesEtc,S100YJYW,2026-06-25,120,J-GAAP,連結,2026-03-31,2026-03-31
6371,株式会社椿本チエイン,246920000000,155969000000,459784000000,303815000000,NetAssets,66.08,total,303815000000,NetAssets,66.08,241766000000.0,ShareholdersEquity,52.58,81448000000,bs,81448000000.0,78529000000,106213279.0,2026-06-25,NumberOfIssuedSharesAsOfFilingDateIssuedSharesTotalNumberOfSharesEtc,S100YKVK,2026-06-25,120,J-GAAP,連結,2026-03-31,2026-03-31
9769,株式会社学究社,3787217000,4391871000,12566161000,8174290000,NetAssets,65.05,total,8174290000,NetAssets,65.05,8170183000.0,ShareholdersEquity,65.02,3417345000,bs,3417345000.0,3417825000,10968356.0,2026-06-25,NumberOfIssuedSharesAsOfFilingDateIssuedSharesTotalNumberOfSharesEtc,S100YKPV,2026-06-25,120,J-GAAP,連結,2026-03-31,2026-03-31
4367,広栄化学株式会社,14307955000,13779209000,29869023000,16089813000,NetAssets,53.87,total,16089813000,NetAssets,53.87,16089813000.0,ShareholdersEquity,53.87,433043000,bs,433043000.0,433043000,4900000.0,2026-06-25,NumberOfIssuedSharesAsOfFilingDateIssuedSharesTotalNumberOfSharesEtc,S100YKG9,2026-06-25,120,J-GAAP,個別,2026-03-31,2026-03-31
6331,三菱化工機株式会社,56625000000,33161000000,78093000000,44932000000,NetAssets,57.54,total,44932000000,NetAssets,57.54,40766000000.0,ShareholdersEquity,52.2,9025000000,bs,9025000000.0,9024000000,23741850.0,2026-06-25,NumberOfIssuedSharesAsOfFilingDateIssuedSharesTotalNumberOfSharesEtc,S100YK3Y,2026-06-25,120,J-GAAP,連結,2026-03-31,2026-03-31
4651,株式会社サニックスホールディングス,15102000000,29018000000,40024000000,11006000000,NetAssets,27.5,total,11006000000,NetAssets,27.5,10501000000.0,ShareholdersEquity,26.24,4704000000,bs,4704000000.0,4572000000,48919396.0,2026-06-25,NumberOfIssuedSharesAsOfFilingDateIssuedSharesTotalNumberOfSharesEtc,S100YKAR,2026-06-25,120,J-GAAP,連結,2026-03-31,2026-03-31
5902,ホッカンホールディングス株式会社,49433000000,75741000000,138627000000,62885000000,NetAssets,45.36,total,62885000000,NetAssets,45.36,51046000000.0,ShareholdersEquity,36.82,10115000000,bs,10115000000.0,10115000000,13469387.0,2026-06-25,NumberOfIssuedSharesAsOfFilingDateIssuedSharesTotalNumberOfSharesEtc,S100YIET,2026-06-25,120,J-GAAP,連結,2026-03-31,2026-03-31
2378,株式会社ルネサンス,14112931000,47354168000,57043609000,9689440000,NetAssets,16.99,total,9689440000,NetAssets,16.99,9756776000.0,ShareholdersEquity,17.1,8570778000,bs,8570778000.0,8570778000,23471000.0,2026-06-25,NumberOfIssuedSharesAsOfFilingDateIssuedSharesTotalNumberOfSharesEtc,S100YK5N,2026-06-25,120,J-GAAP,連結,2026-03-31,2026-03-31
7726,黒田精工株式会社,14523809000,17576990000,29203561000,11626570000,NetAssets,39.81,total,11626570000,NetAssets,39.81,8413380000.0,ShareholdersEquity,28.81,3360854000,bs,3360854000.0,3360854000,5743286.0,2026-06-25,NumberOfIssuedSharesAsOfFilingDateIssuedSharesTotalNumberOfSharesEtc,S100YK6H,2026-06-25,120,J-GAAP,連結,2026-03-31,2026-03-31
6998,日本タングステン株式会社,11048000000,5587000000,18931000000,13343000000,NetAssets,70.48,total,13343000000,NetAssets,70.48,11705000000.0,ShareholdersEquity,61.83,3211000000,bs,3211000000.0,3195000000,5155520.0,2026-06-25,NumberOfIssuedSharesAsOfFilingDateIssuedSharesTotalNumberOfSharesEtc,S100YIQP,2026-06-25,120,J-GAAP,連結,2026-03-31,2026-03-31
4410,ハリマ化成グループ株式会社,53371000000,61380000000,102886000000,41506000000,NetAssets,40.34,total,41506000000,NetAssets,40.34,34818000000.0,ShareholdersEquity,33.84,6264000000,bs,6264000000.0,6177000000,26080396.0,2026-06-25,NumberOfIssuedSharesAsOfFilingDateIssuedSharesTotalNumberOfSharesEtc,S100YEIE,2026-06-25,120,J-GAAP,連結,2026-03-31,2026-03-31
1814,大末建設株式会社,53053000000,34438000000,59649000000,25211000000,NetAssets,42.27,total,25211000000,NetAssets,42.27,24552000000.0,ShareholdersEquity,41.16,10776000000,bs,10776000000.0,10776000000,10614225.0,2026-06-25,NumberOfIssuedSharesAsOfFilingDateIssuedSharesTotalNumberOfSharesEtc,S100YK21,2026-06-25,120,J-GAAP,連結,2026-03-31,2026-03-31
8119,株式会社三栄コーポレーション,16368213000,9906030000,24647871000,14741840000,NetAssets,59.81,total,14741840000,NetAssets,59.81,10212241000.0,ShareholdersEquity,41.43,8092398000,bs,8092398000.0,8092398000,10211784.0,2026-06-25,NumberOfIssuedSharesAsOfFilingDateIssuedSharesTotalNumberOfSharesEtc,S100YJU6,2026-06-25,120,J-GAAP,連結,2026-03-31,2026-03-31
9733,株式会社ナガセ,26883000000,60936000000,97882000000,36946000000,NetAssets,37.75,total,36946000000,NetAssets,37.75,22950000000.0,ShareholdersEquity,23.45,20850000000,bs,20850000000.0,15755000000,30445227.0,2026-06-25,NumberOfIssuedSharesAsOfFilingDateIssuedSharesTotalNumberOfSharesEtc,S100YK8I,2026-06-25,120,J-GAAP,連結,2026-03-31,2026-03-31
6408,小倉クラッチ株式会社,31334000000,27428000000,47286000000,19857000000,NetAssets,41.99,total,19857000000,NetAssets,41.99,15442000000.0,ShareholdersEquity,32.66,8560000000,bs,8560000000.0,8100000000,1553323.0,2026-06-25,NumberOfIssuedSharesAsOfFilingDateIssuedSharesTotalNumberOfSharesEtc,S100YJ6L,2026-06-25,120,J-GAAP,連結,2026-03-31,2026-03-31
2112,塩水港精糖株式会社,8766000000,11209000000,31813000000,20603000000,NetAssets,64.76,total,20603000000,NetAssets,64.76,17137000000.0,ShareholdersEquity,53.87,2892000000,bs,2892000000.0,2892000000,35000000.0,2026-06-25,NumberOfIssuedSharesAsOfFilingDateIssuedSharesTotalNumberOfSharesEtc,S100YJQ7,2026-06-25,120,J-GAAP,連結,2026-03-31,2026-03-31
6969,松尾電機株式会社,4428361000,3774172000,6905749000,3131576000,NetAssets,45.35,total,3131576000,NetAssets,45.35,3131576000.0,ShareholdersEquity,45.35,1527728000,bs,1527728000.0,807728000,3837000.0,2026-06-25,NumberOfIssuedSharesAsOfFilingDateIssuedSharesTotalNumberOfSharesEtc,S100YD97,2026-06-25,120,J-GAAP,個別,2026-03-31,2026-03-31
1981,株式会社協和日成,17458062000,9911917000,29691852000,19779934000,NetAssets,66.62,total,19779934000,NetAssets,66.62,18074684000.0,ShareholdersEquity,60.87,7182150000,bs,7182150000.0,7182150000,10342200.0,2026-06-25,NumberOfIssuedSharesAsOfFilingDateIssuedSharesTotalNumberOfSharesEtc,S100YDX8,2026-06-25,120,J-GAAP,個別,2026-03-31,2026-03-31
7877,永大化工株式会社,6071834000,2709824000,10120437000,7410612000,NetAssets,73.22,total,7410612000,NetAssets,73.22,6320779000.0,ShareholdersEquity,62.46,2850116000,bs,2850116000.0,2850116000,1460000.0,2026-06-25,NumberOfIssuedSharesAsOfFilingDateIssuedSharesTotalNumberOfSharesEtc,S100YJVJ,2026-06-25,120,J-GAAP,連結,2026-03-31,2026-03-31
6775,株式会社ＴＢグループ,1129562000,899978000,1379588000,479609000,NetAssets,34.76,total,479609000,NetAssets,34.76,476728000.0,ShareholdersEquity,34.56,262725000,bs,262725000.0,262725000,13996942.0,2026-06-25,NumberOfIssuedSharesAsOfFilingDateIssuedSharesTotalNumberOfSharesEtc,S100YK9X,2026-06-25,120,J-GAAP,連結,2026-03-31,2026-03-31
6617,株式会社東光高岳,73106000000,46563000000,120316000000,73753000000,NetAssets,61.3,total,73753000000,NetAssets,61.3,65352000000.0,ShareholdersEquity,54.32,13564000000,bs,13564000000.0,16564000000,16276305.0,2026-06-25,NumberOfIssuedSharesAsOfFilingDateIssuedSharesTotalNumberOfSharesEtc,S100YL24,2026-06-25,120,J-GAAP,連結,2026-03-31,2026-03-31
8747,豊トラスティ証券株式会社,279967867000,268266559000,286450984000,18184424000,NetAssets,6.35,total,18184424000,NetAssets,6.35,17196382000.0,ShareholdersEquity,6.0,11038208000,bs,11038208000.0,11353108000,8897472.0,2026-06-25,NumberOfIssuedSharesAsOfFilingDateIssuedSharesTotalNumberOfSharesEtc,S100YJ8P,2026-06-25,120,J-GAAP,連結,2026-03-31,2026-03-31
9034,南総通運株式会社,6424387000,11536336000,34451627000,22915291000,NetAssets,66.51,total,22915291000,NetAssets,66.51,22598044000.0,ShareholdersEquity,65.59,4232678000,bs,4232678000.0,3528678000,10000000.0,2026-06-25,NumberOfIssuedSharesAsOfFilingDateIssuedSharesTotalNumberOfSharesEtc,S100YK2X,2026-06-25,120,J-GAAP,連結,2026-03-31,2026-03-31
9537,北陸瓦斯株式会社,15800174000,14583736000,71507491000,56923755000,NetAssets,79.61,total,56923755000,NetAssets,79.61,48793504000.0,ShareholdersEquity,68.24,8229426000,bs,8229426000.0,5249426000,4800000.0,2026-06-25,NumberOfIssuedSharesAsOfFilingDateIssuedSharesTotalNumberOfSharesEtc,S100YIW6,2026-06-25,120,J-GAAP,連結,2026-03-31,2026-03-31
4762,株式会社エックスネット,1772415000,2861075000,6119600000,3258524000,NetAssets,53.25,total,3258524000,NetAssets,53.25,3258524000.0,ShareholdersEquity,53.25,1188937000,bs,1188937000.0,1188937000,8261600.0,2026-06-25,NumberOfIssuedSharesAsOfFilingDateIssuedSharesTotalNumberOfSharesEtc,S100YKNO,2026-06-25,120,J-GAAP,個別,2026-03-31,2026-03-31
9158,株式会社シーユーシー,30132000000,63911000000,97949000000,34037000000,EquityIFRS,34.75,total,34037000000,EquityIFRS,34.75,33400000000.0,EquityAttributableToOwnersOfParentIFRS,34.1,15835000000,cf,,15835000000,29990400.0,2026-06-25,NumberOfIssuedSharesAsOfFilingDateIssuedSharesTotalNumberOfSharesEtc,S100YKO7,2026-06-25,120,IFRS,連結,2026-03-31,2026-03-31
9687,株式会社ＫＳＫ,16302000000,7500000000,26110000000,18609000000,NetAssets,71.27,total,18609000000,NetAssets,71.27,17764000000.0,ShareholdersEquity,68.04,6877000000,bs,6877000000.0,6677000000,7636368.0,2026-06-25,NumberOfIssuedSharesAsOfFilingDateIssuedSharesTotalNumberOfSharesEtc,S100YIFE,2026-06-25,120,J-GAAP,連結,2026-03-31,2026-03-31
5445,東京鐵鋼株式会社,36783000000,17033000000,80449000000,63416000000,NetAssets,78.83,total,63416000000,NetAssets,78.83,60242000000.0,ShareholdersEquity,74.88,7172000000,bs,7172000000.0,7162000000,25335915.0,2026-06-25,NumberOfIssuedSharesAsOfFilingDateIssuedSharesTotalNumberOfSharesEtc,S100YJ6R,2026-06-25,120,J-GAAP,連結,2026-03-31,2026-03-31
9063,岡山県貨物運送株式会社,16476641000,24447652000,51319979000,26872327000,NetAssets,52.36,total,26872327000,NetAssets,52.36,25131274000.0,ShareholdersEquity,48.97,10500418000,bs,10500418000.0,9925387000,2200000.0,2026-06-25,NumberOfIssuedSharesAsOfFilingDateIssuedSharesTotalNumberOfSharesEtc,S100YJ0L,2026-06-25,120,J-GAAP,連結,2026-03-31,2026-03-31
5852,株式会社アーレスティ,65815000000,79872000000,135815000000,55943000000,NetAssets,41.19,total,55943000000,NetAssets,41.19,38310000000.0,ShareholdersEquity,28.21,12202000000,bs,12202000000.0,11725000000,25546717.0,2026-06-25,NumberOfIssuedSharesAsOfFilingDateIssuedSharesTotalNumberOfSharesEtc,S100YIGS,2026-06-25,120,J-GAAP,連結,2026-03-31,2026-03-31
9633,東京テアトル株式会社,8984324000,13308078000,30078068000,16769989000,NetAssets,55.75,total,16769989000,NetAssets,55.75,13064048000.0,ShareholdersEquity,43.43,4334783000,bs,4334783000.0,4334783000,8013000.0,2026-06-25,NumberOfIssuedSharesAsOfFilingDateIssuedSharesTotalNumberOfSharesEtc,S100YL02,2026-06-25,120,J-GAAP,連結,2026-03-31,2026-03-31
5202,日本板硝子株式会社,341849000000,931975000000,1117494000000,185519000000,EquityIFRS,16.6,total,185519000000,EquityIFRS,16.6,151225000000.0,EquityAttributableToOwnersOfParentIFRS,13.53,57559000000,cf,,57559000000,142363106.0,2026-06-25,NumberOfIssuedSharesAsOfFilingDateIssuedSharesTotalNumberOfSharesEtc,S100YL06,2026-06-25,120,IFRS,連結,2026-03-31,2026-03-31
4095,日本パーカライジング株式会社,127104000000,51636000000,273094000000,221457000000,NetAssets,81.09,total,221457000000,NetAssets,81.09,163993000000.0,ShareholdersEquity,60.05,72757000000,bs,72757000000.0,53849000000,132604524.0,2026-06-25,NumberOfIssuedSharesAsOfFilingDateIssuedSharesTotalNumberOfSharesEtc,S100YJGK,2026-06-25,120,J-GAAP,連結,2026-03-31,2026-03-31
6993,大黒屋ホールディングス株式会社,8617411000,4105197000,10065025000,5959828000,NetAssets,59.21,total,5959828000,NetAssets,59.21,5302535000.0,ShareholdersEquity,52.68,2297164000,bs,2297164000.0,2297164000,739896570.0,2026-06-25,NumberOfIssuedSharesAsOfFilingDateIssuedSharesTotalNumberOfSharesEtc,S100YL2D,2026-06-25,120,J-GAAP,連結,2026-03-31,2026-03-31
2594,キーコーヒー株式会社,52255000000,46267000000,78524000000,32256000000,NetAssets,41.08,total,32256000000,NetAssets,41.08,33086000000.0,ShareholdersEquity,42.13,5279000000,bs,5279000000.0,5279000000,22689000.0,2026-06-25,NumberOfIssuedSharesAsOfFilingDateIssuedSharesTotalNumberOfSharesEtc,S100YK1N,2026-06-25,120,J-GAAP,連結,2026-03-31,2026-03-31
7795,株式会社ＫＹＯＲＩＴＳＵ,18094782000,23274372000,41043921000,17769549000,NetAssets,43.29,total,17769549000,NetAssets,43.29,17047498000.0,ShareholdersEquity,41.53,8189423000,bs,8189423000.0,8162915000,49235000.0,2026-06-26,NumberOfIssuedSharesAsOfFilingDateIssuedSharesTotalNumberOfSharesEtc,S100YJSY,2026-06-25,120,J-GAAP,連結,2026-03-31,2026-03-31
3865,北越コーポレーション株式会社,189330000000,167827000000,420574000000,252747000000,NetAssets,60.1,total,252747000000,NetAssets,60.1,206939000000.0,ShareholdersEquity,49.2,30123000000,bs,30123000000.0,26421000000,163053114.0,2026-06-25,NumberOfIssuedSharesAsOfFilingDateIssuedSharesTotalNumberOfSharesEtc,S100YITB,2026-06-25,120,J-GAAP,連結,2026-03-31,2026-03-31
6907,ジオマテック株式会社,10539533000,6416713000,16460346000,10043632000,NetAssets,61.02,total,10043632000,NetAssets,61.02,9295964000.0,ShareholdersEquity,56.47,3729857000,bs,3729857000.0,4029857000,9152400.0,2026-06-25,NumberOfIssuedSharesAsOfFilingDateIssuedSharesTotalNumberOfSharesEtc,S100YKF2,2026-06-25,120,J-GAAP,個別,2026-03-31,2026-03-31
3926,株式会社オープンドア,2748861000,587298000,4065046000,3477748000,NetAssets,85.55,total,3477748000,NetAssets,85.55,3458447000.0,ShareholdersEquity,85.08,2141941000,bs,2141941000.0,2136941000,31260000.0,2026-06-25,NumberOfIssuedSharesAsOfFilingDateIssuedSharesTotalNumberOfSharesEtc,S100YKIK,2026-06-25,120,J-GAAP,連結,2026-03-31,2026-03-31
5612,日本鋳鉄管株式会社,14103000000,15360000000,25626000000,10265000000,NetAssets,40.06,total,10265000000,NetAssets,40.06,8385000000.0,ShareholdersEquity,32.72,3881000000,bs,3881000000.0,3881000000,3293074.0,2026-06-25,NumberOfIssuedSharesAsOfFilingDateIssuedSharesTotalNumberOfSharesEtc,S100YKL0,2026-06-25,120,J-GAAP,連結,2026-03-31,2026-03-31
9433,ＫＤＤＩ株式会社,5578428000000,13470674000000,19063364000000,5592690000000,EquityIFRS,29.34,total,5592690000000,EquityIFRS,29.34,5076738000000.0,EquityAttributableToOwnersOfParentIFRS,26.63,1078807000000,cf,,1078807000000,4007450967.0,2026-06-25,NumberOfIssuedSharesAsOfFilingDateIssuedSharesTotalNumberOfSharesEtc,S100YKG2,2026-06-25,120,IFRS,連結,2026-03-31,2026-03-31
8139,株式会社ナガホリ,22603713000,16973777000,31097023000,14123246000,NetAssets,45.42,total,14123246000,NetAssets,45.42,14370672000.0,ShareholdersEquity,46.21,3086322000,bs,3086322000.0,3086322000,16773376.0,2026-06-25,NumberOfIssuedSharesAsOfFilingDateIssuedSharesTotalNumberOfSharesEtc,S100YJAK,2026-06-25,120,J-GAAP,連結,2026-03-31,2026-03-31
7974,任天堂株式会社,3009784000000,850132000000,3805312000000,2955180000000,NetAssets,77.66,total,2955180000000,NetAssets,77.66,2663163000000.0,ShareholdersEquity,69.99,1791802000000,bs,1791802000000.0,1316680000000,1287260000.0,2026-06-25,NumberOfIssuedSharesAsOfFilingDateIssuedSharesTotalNumberOfSharesEtc,S100Y9NX,2026-06-25,120,J-GAAP,連結,2026-03-31,2026-03-31
7731,株式会社ニコン,646499000000,486811000000,1075007000000,588196000000,EquityIFRS,54.72,total,588196000000,EquityIFRS,54.72,586785000000.0,EquityAttributableToOwnersOfParentIFRS,54.58,158036000000,cf,,158036000000,333585686.0,2026-06-25,NumberOfIssuedSharesAsOfFilingDateIssuedSharesTotalNumberOfSharesEtc,S100YKBP,2026-06-25,120,IFRS,連結,2026-03-31,2026-03-31
5334,日本特殊陶業株式会社,658236000000,449846000000,1221101000000,771255000000,EquityIFRS,63.16,total,771255000000,EquityIFRS,63.16,767419000000.0,EquityAttributableToOwnersOfParentIFRS,62.85,187747000000,cf,,187747000000,199247720.0,2026-06-25,NumberOfIssuedSharesAsOfFilingDateIssuedSharesTotalNumberOfSharesEtc,S100YJTF,2026-06-25,120,IFRS,連結,2026-03-31,2026-03-31
4594,ブライトパス・バイオ株式会社,2554230000,236412000,2604864000,2368452000,NetAssets,90.92,total,2368452000,NetAssets,90.92,2348184000.0,ShareholdersEquity,90.15,2156198000,bs,2156198000.0,2156198000,138891300.0,2026-06-25,NumberOfIssuedSharesAsOfFilingDateIssuedSharesTotalNumberOfSharesEtc,S100YJ3C,2026-06-25,120,J-GAAP,個別,2026-03-31,2026-03-31
1375,ユキグニファクトリー株式会社,11688000000,22916000000,37686000000,14770000000,EquityIFRS,39.19,total,14770000000,EquityIFRS,39.19,14770000000.0,EquityAttributableToOwnersOfParentIFRS,39.19,3968000000,cf,,3968000000,39910700.0,2026-06-25,NumberOfIssuedSharesAsOfFilingDateIssuedSharesTotalNumberOfSharesEtc,S100YK0W,2026-06-25,120,IFRS,連結,2026-03-31,2026-03-31
6625,ＪＡＬＣＯホールディングス株式会社,27626188000,72745935000,91699806000,18953870000,NetAssets,20.67,total,18953870000,NetAssets,20.67,18973985000.0,ShareholdersEquity,20.69,7052808000,bs,7052808000.0,6318444000,117416118.0,2026-06-25,NumberOfIssuedSharesAsOfFilingDateIssuedSharesTotalNumberOfSharesEtc,S100YKK9,2026-06-25,120,J-GAAP,連結,2026-03-31,2026-03-31
8769,株式会社アドバンテッジリスクマネジメント,3639594000,4200900000,8580172000,4379272000,NetAssets,51.04,total,4379272000,NetAssets,51.04,4343609000.0,ShareholdersEquity,50.62,1848950000,bs,1848950000.0,1838902000,16280200.0,2026-06-25,NumberOfIssuedSharesAsOfFilingDateIssuedSharesTotalNumberOfSharesEtc,S100YKPM,2026-06-25,120,J-GAAP,連結,2026-03-31,2026-03-31
1514,住石ホールディングス株式会社,22945000000,3040000000,32191000000,29150000000,NetAssets,90.55,total,29150000000,NetAssets,90.55,28140000000.0,ShareholdersEquity,87.42,10924000000,bs,10924000000.0,16924000000,67222853.0,2026-06-25,NumberOfIssuedSharesAsOfFilingDateIssuedSharesTotalNumberOfSharesEtc,S100YKD1,2026-06-25,120,J-GAAP,連結,2026-03-31,2026-03-31
438A,株式会社インフキュリオン,8964229000,5182122000,10759163000,5577041000,NetAssets,51.84,total,5577041000,NetAssets,51.84,5575757000.0,ShareholdersEquity,51.82,5340905000,bs,5340905000.0,5340905000,20819600.0,2026-06-25,NumberOfIssuedSharesAsOfFilingDateIssuedSharesTotalNumberOfSharesEtc,S100YL3J,2026-06-25,120,J-GAAP,連結,2026-03-31,2026-03-31
4179,株式会社ジーネクスト,386188000,338310000,435201000,96891000,NetAssets,22.26,total,96891000,NetAssets,22.26,76005000.0,ShareholdersEquity,17.46,182835000,bs,182835000.0,182835000,5433066.0,2026-06-25,NumberOfIssuedSharesAsOfFilingDateIssuedSharesTotalNumberOfSharesEtc,S100YIOX,2026-06-25,120,J-GAAP,連結,2026-03-31,2026-03-31
2586,株式会社フルッタフルッタ,7575877000,621850000,7699573000,7077723000,NetAssets,91.92,total,7077723000,NetAssets,91.92,7077498000.0,ShareholdersEquity,91.92,4716262000,bs,4716262000.0,4716262000,113264569.0,2026-06-25,NumberOfIssuedSharesAsOfFilingDateIssuedSharesTotalNumberOfSharesEtc,S100YKRG,2026-06-25,120,J-GAAP,個別,2026-03-31,2026-03-31
7550,株式会社ゼンショーホールディングス,319606000000,618912000000,960362000000,341449000000,NetAssets,35.55,total,341449000000,NetAssets,35.55,301548000000.0,ShareholdersEquity,31.4,128054000000,bs,128054000000.0,128054000000,170733525.0,2026-06-25,NumberOfIssuedSharesAsOfFilingDateIssuedSharesTotalNumberOfSharesEtc,S100YKA9,2026-06-25,120,J-GAAP,連結,2026-03-31,2026-03-31
8039,築地魚市場株式会社,8535000000,11017000000,18110000000,7092000000,NetAssets,39.16,total,7092000000,NetAssets,39.16,6260000000.0,ShareholdersEquity,34.57,1813000000,bs,1813000000.0,1813000000,2253520.0,2026-06-25,NumberOfIssuedSharesAsOfFilingDateIssuedSharesTotalNumberOfSharesEtc,S100YISR,2026-06-25,120,J-GAAP,連結,2026-03-31,2026-03-31
332A,ミーク株式会社,6774176000,1990552000,8085024000,6094471000,NetAssets,75.38,total,6094471000,NetAssets,75.38,5907986000.0,ShareholdersEquity,73.07,4902655000,bs,4902655000.0,2402655000,11483200.0,2026-06-25,NumberOfIssuedSharesAsOfFilingDateIssuedSharesTotalNumberOfSharesEtc,S100YKM2,2026-06-25,120,J-GAAP,連結,2026-03-31,2026-03-31
4661,株式会社オリエンタルランド,675214000000,529055000000,1629076000000,1100021000000,NetAssets,67.52,total,1100021000000,NetAssets,67.52,1062673000000.0,ShareholdersEquity,65.23,468214000000,bs,468214000000.0,236132000000,1800450800.0,2026-06-25,NumberOfIssuedSharesAsOfFilingDateIssuedSharesTotalNumberOfSharesEtc,S100YCJX,2026-06-25,120,J-GAAP,連結,2026-03-31,2026-03-31
2540,養命酒製造株式会社,14480820000,7700259000,54045885000,46345625000,NetAssets,85.75,total,46345625000,NetAssets,85.75,33961677000.0,ShareholdersEquity,62.84,9409323000,bs,9409323000.0,5149323000,,,,S100YK3W,2026-06-25,120,J-GAAP,個別,2026-03-31,2026-03-31
8771,イー・ギャランティ株式会社,15124333000,6973889000,29398045000,22424155000,NetAssets,76.28,total,22424155000,NetAssets,76.28,20223049000.0,ShareholdersEquity,68.79,12713611000,bs,12713611000.0,8713611000,45335467.0,2026-06-25,NumberOfIssuedSharesAsOfFilingDateIssuedSharesTotalNumberOfSharesEtc,S100YKOI,2026-06-25,120,J-GAAP,連結,2026-03-31,2026-03-31
2831,はごろもフーズ株式会社,38013431000,30728809000,80393266000,49664456000,NetAssets,61.78,total,49664456000,NetAssets,61.78,34307319000.0,ShareholdersEquity,42.67,4017276000,bs,4017276000.0,4017276000,10325365.0,2026-06-25,NumberOfIssuedSharesAsOfFilingDateIssuedSharesTotalNumberOfSharesEtc,S100YJSM,2026-06-25,120,J-GAAP,連結,2026-03-31,2026-03-31
9956,株式会社バローホールディングス,154219000000,311546000000,514858000000,203311000000,NetAssets,39.49,total,203311000000,NetAssets,39.49,181778000000.0,ShareholdersEquity,35.31,32983000000,bs,32983000000.0,31739000000,53987499.0,2026-06-25,NumberOfIssuedSharesAsOfFilingDateIssuedSharesTotalNumberOfSharesEtc,S100YHUD,2026-06-25,120,J-GAAP,連結,2026-03-31,2026-03-31
4800,オリコン株式会社,5654213000,1293008000,7096620000,5803612000,NetAssets,81.78,total,5803612000,NetAssets,81.78,5704701000.0,ShareholdersEquity,80.39,4587262000,bs,4587262000.0,3882371000,15123200.0,2026-06-25,NumberOfIssuedSharesAsOfFilingDateIssuedSharesTotalNumberOfSharesEtc,S100YJQT,2026-06-25,120,J-GAAP,連結,2026-03-31,2026-03-31
2413,エムスリー株式会社,273035000000,190747000000,637396000000,446648000000,EquityIFRS,70.07,total,446648000000,EquityIFRS,70.07,408217000000.0,EquityAttributableToOwnersOfParentIFRS,64.04,156177000000,cf,,156177000000,679124300.0,2026-06-25,NumberOfIssuedSharesAsOfFilingDateIssuedSharesTotalNumberOfSharesEtc,S100YJ25,2026-06-25,120,IFRS,連結,2026-03-31,2026-03-31
6786,株式会社ＲＶＨ,1537293000,928162000,1709739000,781577000,NetAssets,45.71,total,781577000,NetAssets,45.71,771331000.0,ShareholdersEquity,45.11,643177000,bs,643177000.0,629576000,25321760.0,2026-06-25,NumberOfIssuedSharesAsOfFilingDateIssuedSharesTotalNumberOfSharesEtc,S100YKOS,2026-06-25,120,J-GAAP,連結,2026-03-31,2026-03-31
5491,日本金属株式会社,34746000000,36503000000,65697000000,29194000000,NetAssets,44.44,total,29194000000,NetAssets,44.44,19657000000.0,ShareholdersEquity,29.92,9087000000,bs,9087000000.0,8901000000,6700000.0,2026-06-25,NumberOfIssuedSharesAsOfFilingDateIssuedSharesTotalNumberOfSharesEtc,S100YJG2,2026-06-25,120,J-GAAP,連結,2026-03-31,2026-03-31
2138,クルーズ株式会社,9510029000,21942051000,30800602000,8858551000,NetAssets,28.76,total,8858551000,NetAssets,28.76,8500476000.0,ShareholdersEquity,27.6,6574297000,bs,6574297000.0,3873524000,12957600.0,2026-06-25,NumberOfIssuedSharesAsOfFilingDateIssuedSharesTotalNumberOfSharesEtc,S100YL1X,2026-06-25,120,J-GAAP,連結,2026-03-31,2026-03-31
6599,エブレン株式会社,4117074000,1264947000,6368996000,5104048000,NetAssets,80.14,total,5104048000,NetAssets,80.14,4987472000.0,ShareholdersEquity,78.31,2245601000,bs,2245601000.0,2065804000,1536000.0,2026-06-25,NumberOfIssuedSharesAsOfFilingDateIssuedSharesTotalNumberOfSharesEtc,S100YI0V,2026-06-25,120,J-GAAP,連結,2026-03-31,2026-03-31
9065,山九株式会社,269255000000,252758000000,559746000000,306988000000,NetAssets,54.84,total,306988000000,NetAssets,54.84,257196000000.0,ShareholdersEquity,45.95,46141000000,bs,46141000000.0,42529000000,52901749.0,2026-06-25,NumberOfIssuedSharesAsOfFilingDateIssuedSharesTotalNumberOfSharesEtc,S100YJRS,2026-06-25,120,J-GAAP,連結,2026-03-31,2026-03-31
7951,ヤマハ株式会社,364945000000,137837000000,617568000000,479730000000,EquityIFRS,77.68,total,479730000000,EquityIFRS,77.68,478347000000.0,EquityAttributableToOwnersOfParentIFRS,77.46,108952000000,cf,,108952000000,463000000.0,2026-06-25,NumberOfIssuedSharesAsOfFilingDateIssuedSharesTotalNumberOfSharesEtc,S100YJE7,2026-06-25,120,IFRS,連結,2026-03-31,2026-03-31
9006,京浜急行電鉄株式会社,197632000000,738290000000,1128720000000,390430000000,NetAssets,34.59,total,390430000000,NetAssets,34.59,358098000000.0,ShareholdersEquity,31.73,67246000000,bs,67246000000.0,67033000000,275760547.0,2026-06-25,NumberOfIssuedSharesAsOfFilingDateIssuedSharesTotalNumberOfSharesEtc,S100YK5J,2026-06-25,120,J-GAAP,連結,2026-03-31,2026-03-31
3068,株式会社ＷＤＩ,9555495000,16048891000,23985723000,7936831000,NetAssets,33.09,total,7936831000,NetAssets,33.09,7108236000.0,ShareholdersEquity,29.64,5776476000,bs,5776476000.0,5776476000,6331920.0,2026-06-25,NumberOfIssuedSharesAsOfFilingDateIssuedSharesTotalNumberOfSharesEtc,S100YKH9,2026-06-25,120,J-GAAP,連結,2026-03-31,2026-03-31
6890,株式会社フェローテック,338977000000,327162000000,689238000000,362075000000,NetAssets,52.53,total,362075000000,NetAssets,52.53,196559000000.0,ShareholdersEquity,28.52,129918000000,bs,129918000000.0,113960000000,52712305.0,2026-06-25,NumberOfIssuedSharesAsOfFilingDateIssuedSharesTotalNumberOfSharesEtc,S100YJVG,2026-06-25,120,J-GAAP,連結,2026-03-31,2026-03-31
6615,ユー・エム・シー・エレクトロニクス株式会社,46033000000,58756000000,75900000000,17143000000,NetAssets,22.59,total,17143000000,NetAssets,22.59,14261000000.0,ShareholdersEquity,18.79,10599000000,bs,10599000000.0,10599000000,28283620.0,2026-06-25,NumberOfIssuedSharesAsOfFilingDateIssuedSharesTotalNumberOfSharesEtc,S100YK9A,2026-06-25,120,J-GAAP,連結,2026-03-31,2026-03-31
9831,株式会社ヤマダホールディングス,613743000000,661346000000,1303905000000,642558000000,NetAssets,49.28,total,642558000000,NetAssets,49.28,625870000000.0,ShareholdersEquity,48.0,38217000000,bs,38217000000.0,37293000000,966863199.0,2026-06-25,NumberOfIssuedSharesAsOfFilingDateIssuedSharesTotalNumberOfSharesEtc,S100YJWD,2026-06-25,120,J-GAAP,連結,2026-03-31,2026-03-31
2915,ケンコーマヨネーズ株式会社,33733000000,22358000000,63922000000,41563000000,NetAssets,65.02,total,41563000000,NetAssets,65.02,39537000000.0,ShareholdersEquity,61.85,13487000000,bs,13487000000.0,13487000000,16476000.0,2026-06-25,NumberOfIssuedSharesAsOfFilingDateIssuedSharesTotalNumberOfSharesEtc,S100YDV4,2026-06-25,120,J-GAAP,連結,2026-03-31,2026-03-31
6113,株式会社アマダ,498034000000,231751000000,772109000000,540358000000,EquityIFRS,69.98,total,540358000000,EquityIFRS,69.98,535467000000.0,EquityAttributableToOwnersOfParentIFRS,69.35,153626000000,cf,,153626000000,317451417.0,2026-06-25,NumberOfIssuedSharesAsOfFilingDateIssuedSharesTotalNumberOfSharesEtc,S100YKCP,2026-06-25,120,IFRS,連結,2026-03-31,2026-03-31
1379,ホクト株式会社,40529000000,48802000000,113726000000,64924000000,NetAssets,57.09,total,64924000000,NetAssets,57.09,59994000000.0,ShareholdersEquity,52.75,18740000000,bs,18740000000.0,18861000000,33359040.0,2026-06-25,NumberOfIssuedSharesAsOfFilingDateIssuedSharesTotalNumberOfSharesEtc,S100YKAZ,2026-06-25,120,J-GAAP,連結,2026-03-31,2026-03-31
7162,アストマックス株式会社,15156392000,13439255000,21370454000,7931199000,NetAssets,37.11,total,7931199000,NetAssets,37.11,7568827000.0,ShareholdersEquity,35.42,3432324000,bs,3432324000.0,3432324000,13160300.0,2026-06-25,NumberOfIssuedSharesAsOfFilingDateIssuedSharesTotalNumberOfSharesEtc,S100YHVT,2026-06-25,120,J-GAAP,連結,2026-03-31,2026-03-31
4093,東邦アセチレン株式会社,18962609000,12643337000,33962277000,21318940000,NetAssets,62.77,total,21318940000,NetAssets,62.77,19056712000.0,ShareholdersEquity,56.11,9443844000,bs,9443844000.0,9443844000,35020000.0,2026-06-25,NumberOfIssuedSharesAsOfFilingDateIssuedSharesTotalNumberOfSharesEtc,S100YL3N,2026-06-25,120,J-GAAP,連結,2026-03-31,2026-03-31
6644,大崎電気工業株式会社,58786000000,30986000000,99821000000,68834000000,NetAssets,68.96,total,68834000000,NetAssets,68.96,47944000000.0,ShareholdersEquity,48.03,15920000000,bs,15920000000.0,18408000000,46917180.0,2026-06-25,NumberOfIssuedSharesAsOfFilingDateIssuedSharesTotalNumberOfSharesEtc,S100YGJ0,2026-06-25,120,J-GAAP,連結,2026-03-31,2026-03-31
5660,神鋼鋼線工業株式会社,24138000000,19195000000,44582000000,25386000000,NetAssets,56.94,total,25386000000,NetAssets,56.94,22459000000.0,ShareholdersEquity,50.38,2803000000,bs,2803000000.0,2803000000,5912999.0,2026-06-25,NumberOfIssuedSharesAsOfFilingDateIssuedSharesTotalNumberOfSharesEtc,S100YJTL,2026-06-25,120,J-GAAP,連結,2026-03-31,2026-03-31
6736,サン電子株式会社,8610866000,5471425000,53652639000,48181214000,NetAssets,89.8,total,48181214000,NetAssets,89.8,45219526000.0,ShareholdersEquity,84.28,2242194000,bs,2242194000.0,2093850000,24007728.0,2026-06-25,NumberOfIssuedSharesAsOfFilingDateIssuedSharesTotalNumberOfSharesEtc,S100YKGG,2026-06-25,120,J-GAAP,連結,2026-03-31,2026-03-31
9357,名港海運株式会社,51223890000,37686302000,179705814000,142019512000,NetAssets,79.03,total,142019512000,NetAssets,79.03,110530785000.0,ShareholdersEquity,61.51,32626094000,bs,32626094000.0,23816258000,33006204.0,2026-06-25,NumberOfIssuedSharesAsOfFilingDateIssuedSharesTotalNumberOfSharesEtc,S100YL49,2026-06-25,120,J-GAAP,連結,2026-03-31,2026-03-31
5162,株式会社朝日ラバー,5304493000,4707371000,9731779000,5024408000,NetAssets,51.63,total,5024408000,NetAssets,51.63,4378242000.0,ShareholdersEquity,44.99,2303478000,bs,2303478000.0,1591408000,4618520.0,2026-06-25,NumberOfIssuedSharesAsOfFilingDateIssuedSharesTotalNumberOfSharesEtc,S100YKQB,2026-06-25,120,J-GAAP,連結,2026-03-31,2026-03-31
6092,株式会社エンバイオ・ホールディングス,11409000000,13521000000,22848000000,9326000000,NetAssets,40.82,total,9326000000,NetAssets,40.82,9043000000.0,ShareholdersEquity,39.58,4036000000,bs,4036000000.0,4006000000,8175200.0,2026-06-25,NumberOfIssuedSharesAsOfFilingDateIssuedSharesTotalNumberOfSharesEtc,S100YKUO,2026-06-25,120,J-GAAP,連結,2026-03-31,2026-03-31
3896,阿波製紙株式会社,10876871000,20097957000,28997170000,8899213000,NetAssets,30.69,total,8899213000,NetAssets,30.69,4498094000.0,ShareholdersEquity,15.51,1850605000,bs,1850605000.0,1585767000,10172676.0,2026-06-25,NumberOfIssuedSharesAsOfFilingDateIssuedSharesTotalNumberOfSharesEtc,S100YL59,2026-06-25,120,J-GAAP,連結,2026-03-31,2026-03-31
6925,ウシオ電機株式会社,206507000000,132739000000,331078000000,198338000000,NetAssets,59.91,total,198338000000,NetAssets,59.91,133728000000.0,ShareholdersEquity,40.39,75749000000,bs,75749000000.0,71868000000,83500000.0,2026-06-25,NumberOfIssuedSharesAsOfFilingDateIssuedSharesTotalNumberOfSharesEtc,S100YKRT,2026-06-25,120,J-GAAP,連結,2026-03-31,2026-03-31
5621,株式会社ヒューマンテクノロジーズ,5912052000,1517931000,6788827000,5270896000,NetAssets,77.64,total,5270896000,NetAssets,77.64,5229034000.0,ShareholdersEquity,77.02,3645674000,bs,3645674000.0,2345674000,9593200.0,2026-06-25,NumberOfIssuedSharesAsOfFilingDateIssuedSharesTotalNumberOfSharesEtc,S100YL5B,2026-06-25,120,J-GAAP,連結,2026-03-31,2026-03-31
7102,日本車輌製造株式会社,87013000000,70316000000,152564000000,82248000000,NetAssets,53.91,total,82248000000,NetAssets,53.91,66825000000.0,ShareholdersEquity,43.8,5087000000,bs,5087000000.0,13709000000,14675012.0,2026-06-25,NumberOfIssuedSharesAsOfFilingDateIssuedSharesTotalNumberOfSharesEtc,S100YK10,2026-06-25,120,J-GAAP,連結,2026-03-31,2026-03-31
8118,株式会社　キング,11730000000,3623000000,26746000000,23122000000,NetAssets,86.45,total,23122000000,NetAssets,86.45,21326000000.0,ShareholdersEquity,79.74,9827000000,bs,9827000000.0,9827000000,24771561.0,2026-06-25,NumberOfIssuedSharesAsOfFilingDateIssuedSharesTotalNumberOfSharesEtc,S100YKP8,2026-06-25,120,J-GAAP,連結,2026-03-31,2026-03-31
3923,株式会社ラクス,23399000000,10547000000,36581000000,26034000000,NetAssets,71.17,total,26034000000,NetAssets,71.17,26430000000.0,ShareholdersEquity,72.25,13894000000,bs,13894000000.0,13891000000,354391000.0,2026-06-25,NumberOfIssuedSharesAsOfFilingDateIssuedSharesTotalNumberOfSharesEtc,S100YL65,2026-06-25,120,J-GAAP,連結,2026-03-31,2026-03-31
6482,ＹＵＳＨＩＮ株式会社,26269212000,5045081000,39832970000,34787888000,NetAssets,87.33,total,34787888000,NetAssets,87.33,31398002000.0,ShareholdersEquity,78.82,11865318000,bs,11865318000.0,6928938000,35638066.0,2026-06-25,NumberOfIssuedSharesAsOfFilingDateIssuedSharesTotalNumberOfSharesEtc,S100YJC5,2026-06-25,120,J-GAAP,連結,2026-03-31,2026-03-31
3844,コムチュア株式会社,18776000000,6860000000,27052000000,20191000000,NetAssets,74.64,total,20191000000,NetAssets,74.64,20176000000.0,ShareholdersEquity,74.58,10826000000,bs,10826000000.0,10826000000,32241600.0,2026-06-25,NumberOfIssuedSharesAsOfFilingDateIssuedSharesTotalNumberOfSharesEtc,S100YL64,2026-06-25,120,J-GAAP,連結,2026-03-31,2026-03-31
7638,株式会社ＮＥＷ　ＡＲＴ　ＨＯＬＤＩＮＧＳ,19115866000,16239623000,28105074000,11865451000,NetAssets,42.22,total,11865451000,NetAssets,42.22,11610293000.0,ShareholdersEquity,41.31,2235520000,bs,2235520000.0,1987520000,17386204.0,2026-06-25,NumberOfIssuedSharesAsOfFilingDateIssuedSharesTotalNumberOfSharesEtc,S100YL5P,2026-06-25,120,J-GAAP,連結,2026-03-31,2026-03-31
2326,デジタルアーツ株式会社,25080000000,9410000000,27865000000,18454000000,NetAssets,66.23,total,18454000000,NetAssets,66.23,18405000000.0,ShareholdersEquity,66.05,23083000000,bs,23083000000.0,23083000000,14133000.0,2026-06-25,NumberOfIssuedSharesAsOfFilingDateIssuedSharesTotalNumberOfSharesEtc,S100YKKS,2026-06-25,120,J-GAAP,連結,2026-03-31,2026-03-31
3360,シップヘルスケアホールディングス株式会社,270599000000,232681000000,385109000000,152428000000,NetAssets,39.58,total,152428000000,NetAssets,39.58,146679000000.0,ShareholdersEquity,38.09,80566000000,bs,80566000000.0,78604000000,94350134.0,2026-06-25,NumberOfIssuedSharesAsOfFilingDateIssuedSharesTotalNumberOfSharesEtc,S100YJZ3,2026-06-25,120,J-GAAP,連結,2026-03-31,2026-03-31
9788,株式会社ナック,24891000000,15762000000,38878000000,23115000000,NetAssets,59.46,total,23115000000,NetAssets,59.46,23817000000.0,ShareholdersEquity,61.26,8478000000,bs,8478000000.0,8454000000,46613500.0,2026-06-25,NumberOfIssuedSharesAsOfFilingDateIssuedSharesTotalNumberOfSharesEtc,S100YKSL,2026-06-25,120,J-GAAP,連結,2026-03-31,2026-03-31
6525,株式会社ＫＯＫＵＳＡＩ　ＥＬＥＣＴＲＩＣ,185839000000,140388000000,359658000000,219270000000,EquityIFRS,60.97,total,219270000000,EquityIFRS,60.97,219270000000.0,EquityAttributableToOwnersOfParentIFRS,60.97,56543000000,cf,,56543000000,238115614.0,2026-06-25,NumberOfIssuedSharesAsOfFilingDateIssuedSharesTotalNumberOfSharesEtc,S100YJUA,2026-06-25,120,IFRS,連結,2026-03-31,2026-03-31
7368,表示灯株式会社,10502518000,7267776000,15792013000,8524237000,NetAssets,53.98,total,8524237000,NetAssets,53.98,8336926000.0,ShareholdersEquity,52.79,8530717000,bs,8530717000.0,3523717000,4720245.0,2026-06-25,NumberOfIssuedSharesAsOfFilingDateIssuedSharesTotalNumberOfSharesEtc,S100YKV6,2026-06-25,120,J-GAAP,連結,2026-03-31,2026-03-31
7677,株式会社ヤシマキザイ,22160820000,17487575000,27783614000,10296038000,NetAssets,37.06,total,10296038000,NetAssets,37.06,8734174000.0,ShareholdersEquity,31.44,9692051000,bs,9692051000.0,9470051000,2880000.0,2026-06-25,NumberOfIssuedSharesAsOfFilingDateIssuedSharesTotalNumberOfSharesEtc,S100YJ1S,2026-06-25,120,J-GAAP,連結,2026-03-31,2026-03-31
2139,株式会社中広,3878749000,3245380000,5527337000,2281957000,NetAssets,41.28,total,2281957000,NetAssets,41.28,2111720000.0,ShareholdersEquity,38.21,2077765000,bs,2077765000.0,759360000,7044000.0,2026-06-25,NumberOfIssuedSharesAsOfFilingDateIssuedSharesTotalNumberOfSharesEtc,S100YHNL,2026-06-25,120,J-GAAP,連結,2026-03-31,2026-03-31
9130,共栄タンカー株式会社,8424012000,51345846000,77437542000,26091696000,NetAssets,33.69,total,26091696000,NetAssets,33.69,20253221000.0,ShareholdersEquity,26.15,5968264000,bs,5968264000.0,5808384000,7650000.0,2026-06-25,NumberOfIssuedSharesAsOfFilingDateIssuedSharesTotalNumberOfSharesEtc,S100YK3U,2026-06-25,120,J-GAAP,連結,2026-03-31,2026-03-31
6193,バーチャレクス・ホールディングス株式会社,2888980000,2113914000,3773987000,1660072000,NetAssets,43.99,total,1660072000,NetAssets,43.99,1592358000.0,ShareholdersEquity,42.19,1369905000,bs,1369905000.0,1369905000,3009553.0,2026-06-25,NumberOfIssuedSharesAsOfFilingDateIssuedSharesTotalNumberOfSharesEtc,S100YK5W,2026-06-25,120,J-GAAP,連結,2026-03-31,2026-03-31
3392,デリカフーズホールディングス株式会社,12401143000,19081085000,29514846000,10433760000,NetAssets,35.35,total,10433760000,NetAssets,35.35,10088134000.0,ShareholdersEquity,34.18,5339295000,bs,5339295000.0,4914432000,16372000.0,2026-06-25,NumberOfIssuedSharesAsOfFilingDateIssuedSharesTotalNumberOfSharesEtc,S100YJQR,2026-06-25,120,J-GAAP,連結,2026-03-31,2026-03-31
9229,株式会社サンウェルズ,9448000000,38661000000,45633000000,6972000000,NetAssets,15.28,total,6972000000,NetAssets,15.28,6932000000.0,ShareholdersEquity,15.19,4092000000,bs,4092000000.0,4092000000,35220000.0,2026-06-25,NumberOfIssuedSharesAsOfFilingDateIssuedSharesTotalNumberOfSharesEtc,S100YL7U,2026-06-25,120,J-GAAP,個別,2026-03-31,2026-03-31
4488,ＡＩ　ｉｎｓｉｄｅ株式会社,5667915000,1864861000,6808272000,4943410000,NetAssets,72.61,total,4943410000,NetAssets,72.61,4934817000.0,ShareholdersEquity,72.48,4766006000,bs,4766006000.0,3566006000,3999950.0,2026-06-25,NumberOfIssuedSharesAsOfFilingDateIssuedSharesTotalNumberOfSharesEtc,S100YJYU,2026-06-25,120,J-GAAP,個別,2026-03-31,2026-03-31
3864,三菱製紙株式会社,81961000000,119590000000,222776000000,103185000000,NetAssets,46.32,total,103185000000,NetAssets,46.32,65091000000.0,ShareholdersEquity,29.22,4895000000,bs,4895000000.0,4895000000,44741433.0,2026-06-25,NumberOfIssuedSharesAsOfFilingDateIssuedSharesTotalNumberOfSharesEtc,S100YJLB,2026-06-25,120,J-GAAP,連結,2026-03-31,2026-03-31
6365,株式会社電業社機械製作所,30539000000,11063000000,41721000000,30658000000,NetAssets,73.48,total,30658000000,NetAssets,73.48,27902000000.0,ShareholdersEquity,66.88,6037000000,bs,6037000000.0,5950000000,4776900.0,2026-06-25,NumberOfIssuedSharesAsOfFilingDateIssuedSharesTotalNumberOfSharesEtc,S100YI72,2026-06-25,120,J-GAAP,連結,2026-03-31,2026-03-31
7091,株式会社リビングプラットフォーム,4173239000,10581979000,13078318000,2496339000,NetAssets,19.09,total,2496339000,NetAssets,19.09,2432612000.0,ShareholdersEquity,18.6,1478068000,bs,1478068000.0,1478068000,4484742.0,2026-06-25,NumberOfIssuedSharesAsOfFilingDateIssuedSharesTotalNumberOfSharesEtc,S100YKPS,2026-06-25,120,J-GAAP,連結,2026-03-31,2026-03-31
7254,株式会社ユニバンス,28411104000,19505645000,48800940000,29295295000,NetAssets,60.03,total,29295295000,NetAssets,60.03,22285977000.0,ShareholdersEquity,45.67,11314796000,bs,11314796000.0,11314796000,23396787.0,2026-06-25,NumberOfIssuedSharesAsOfFilingDateIssuedSharesTotalNumberOfSharesEtc,S100YFXP,2026-06-25,120,J-GAAP,連結,2026-03-31,2026-03-31
3910,株式会社エムケイシステム,1496273000,1366274000,2276588000,910313000,NetAssets,39.99,total,910313000,NetAssets,39.99,902325000.0,ShareholdersEquity,39.63,751186000,bs,751186000.0,751186000,5428000.0,2026-06-25,NumberOfIssuedSharesAsOfFilingDateIssuedSharesTotalNumberOfSharesEtc,S100YL5Q,2026-06-25,120,J-GAAP,連結,2026-03-31,2026-03-31
7367,株式会社セルム,3076228000,3940174000,7056967000,3116792000,NetAssets,44.17,total,3116792000,NetAssets,44.17,2918259000.0,ShareholdersEquity,41.35,1839172000,bs,1839172000.0,1709081000,23138000.0,2026-06-25,NumberOfIssuedSharesAsOfFilingDateIssuedSharesTotalNumberOfSharesEtc,S100YL5T,2026-06-25,120,J-GAAP,連結,2026-03-31,2026-03-31
6364,株式会社ＡＩＲＭＡＮ,46019313000,20502178000,65690394000,45188215000,NetAssets,68.79,total,45188215000,NetAssets,68.79,40939938000.0,ShareholdersEquity,62.32,12117386000,bs,12117386000.0,11786750000,30165418.0,2026-06-25,NumberOfIssuedSharesAsOfFilingDateIssuedSharesTotalNumberOfSharesEtc,S100YI16,2026-06-25,120,J-GAAP,連結,2026-03-31,2026-03-31
1780,株式会社　ヤマウラ,28209181000,9826580000,36007501000,26180920000,NetAssets,72.71,total,26180920000,NetAssets,72.71,24848763000.0,ShareholdersEquity,69.01,8839964000,bs,8839964000.0,7699813000,21103514.0,2026-06-25,NumberOfIssuedSharesAsOfFilingDateIssuedSharesTotalNumberOfSharesEtc,S100YK4B,2026-06-25,120,J-GAAP,連結,2026-03-31,2026-03-31
2976,日本グランデ株式会社,1868584000,2815147000,4823516000,2008369000,NetAssets,41.64,total,2008369000,NetAssets,41.64,2005798000.0,ShareholdersEquity,41.58,1191566000,bs,1191566000.0,1191566000,1343600.0,2026-06-25,NumberOfIssuedSharesAsOfFilingDateIssuedSharesTotalNumberOfSharesEtc,S100YIXO,2026-06-25,120,J-GAAP,連結,2026-03-31,2026-03-31
5262,日本ヒューム株式会社,31424671000,16268297000,68996244000,52727947000,NetAssets,76.42,total,52727947000,NetAssets,76.42,46505415000.0,ShareholdersEquity,67.4,10297966000,bs,10297966000.0,10066474000,58695000.0,2026-06-25,NumberOfIssuedSharesAsOfFilingDateIssuedSharesTotalNumberOfSharesEtc,S100YL8F,2026-06-25,120,J-GAAP,連結,2026-03-31,2026-03-31
5939,株式会社大谷工業,4991867000,3220325000,7626849000,4406524000,NetAssets,57.78,total,4406524000,NetAssets,57.78,4295685000.0,ShareholdersEquity,56.32,1222598000,bs,1222598000.0,1222598000,780000.0,2026-06-25,NumberOfIssuedSharesAsOfFilingDateIssuedSharesTotalNumberOfSharesEtc,S100YKRJ,2026-06-25,120,J-GAAP,個別,2026-03-31,2026-03-31
2393,株式会社日本ケアサプライ,6341230000,9123377000,27734606000,18611228000,NetAssets,67.1,total,18611228000,NetAssets,67.1,18383237000.0,ShareholdersEquity,66.28,692644000,bs,692644000.0,692644000,16237693.0,2026-06-25,NumberOfIssuedSharesAsOfFilingDateIssuedSharesTotalNumberOfSharesEtc,S100YK97,2026-06-25,120,J-GAAP,連結,2026-03-31,2026-03-31
6074,株式会社ジェイエスエス,1535479000,4157521000,7340245000,3182723000,NetAssets,43.36,total,3182723000,NetAssets,43.36,3170389000.0,ShareholdersEquity,43.19,1132065000,bs,1132065000.0,1127063000,4026056.0,2026-06-25,NumberOfIssuedSharesAsOfFilingDateIssuedSharesTotalNumberOfSharesEtc,S100YGXC,2026-06-25,120,J-GAAP,連結,2026-03-31,2026-03-31
3861,王子ホールディングス株式会社,803726000000,1550061000000,2686944000000,1136882000000,NetAssets,42.31,total,1136882000000,NetAssets,42.31,797427000000.0,ShareholdersEquity,29.68,65909000000,bs,65909000000.0,74247000000,914381817.0,2026-06-25,NumberOfIssuedSharesAsOfFilingDateIssuedSharesTotalNumberOfSharesEtc,S100YJ8J,2026-06-25,120,J-GAAP,連結,2026-03-31,2026-03-31
6952,カシオ計算機株式会社,246640000000,116284000000,351475000000,235191000000,NetAssets,66.92,total,235191000000,NetAssets,66.92,199582000000.0,ShareholdersEquity,56.78,94677000000,bs,94677000000.0,150658000000,234461814.0,2026-06-25,NumberOfIssuedSharesAsOfFilingDateIssuedSharesTotalNumberOfSharesEtc,S100YJ1H,2026-06-25,120,J-GAAP,連結,2026-03-31,2026-03-31
9027,株式会社ロジネットジャパン,11139000000,16510000000,38941000000,22431000000,NetAssets,57.6,total,22431000000,NetAssets,57.6,21096000000.0,ShareholdersEquity,54.17,1522000000,bs,1522000000.0,1521000000,5740000.0,2026-06-23,NumberOfIssuedSharesAsOfFilingDateIssuedSharesTotalNumberOfSharesEtc,S100YHHR,2026-06-23,120,J-GAAP,連結,2026-03-31,2026-03-31
6862,ミナトホールディングス株式会社,26662963000,24027515000,32110534000,8083018000,NetAssets,25.17,total,8083018000,NetAssets,25.17,7872258000.0,ShareholdersEquity,24.52,2345624000,bs,2345624000.0,2331423000,7925714.0,2026-06-25,NumberOfIssuedSharesAsOfFilingDateIssuedSharesTotalNumberOfSharesEtc,S100YKH4,2026-06-25,120,J-GAAP,連結,2026-03-31,2026-03-31
4047,関東電化工業株式会社,64442000000,57064000000,131314000000,74249000000,NetAssets,56.54,total,74249000000,NetAssets,56.54,61863000000.0,ShareholdersEquity,47.11,20220000000,bs,20220000000.0,19362000000,57546050.0,2026-06-25,NumberOfIssuedSharesAsOfFilingDateIssuedSharesTotalNumberOfSharesEtc,S100YJCK,2026-06-25,120,J-GAAP,連結,2026-03-31,2026-03-31
6997,日本ケミコン株式会社,87573000000,102850000000,165985000000,63135000000,NetAssets,38.04,total,63135000000,NetAssets,38.04,36954000000.0,ShareholdersEquity,22.26,21291000000,bs,21291000000.0,21286000000,28005542.0,2026-06-25,NumberOfIssuedSharesAsOfFilingDateIssuedSharesTotalNumberOfSharesEtc,S100YL3Z,2026-06-25,120,J-GAAP,連結,2026-03-31,2026-03-31
4960,ケミプロ化成株式会社,7631202000,7818015000,12817685000,4999669000,NetAssets,39.01,total,4999669000,NetAssets,39.01,4874019000.0,ShareholdersEquity,38.03,1673024000,bs,1673024000.0,1657689000,16623613.0,2026-06-25,NumberOfIssuedSharesAsOfFilingDateIssuedSharesTotalNumberOfSharesEtc,S100YIYR,2026-06-25,120,J-GAAP,個別,2026-03-31,2026-03-31
5858,株式会社ＳＴＧ,4785453000,6082984000,9639320000,3556335000,NetAssets,36.89,total,3556335000,NetAssets,36.89,2780209000.0,ShareholdersEquity,28.84,1771451000,bs,1771451000.0,1771396000,2148500.0,2026-06-25,NumberOfIssuedSharesAsOfFilingDateIssuedSharesTotalNumberOfSharesEtc,S100YL7C,2026-06-25,120,J-GAAP,連結,2026-03-31,2026-03-31
3422,株式会社　Ｊ－ＭＡＸ,31392000000,41158000000,62109000000,20950000000,NetAssets,33.73,total,20950000000,NetAssets,33.73,12355000000.0,ShareholdersEquity,19.89,7322000000,bs,7322000000.0,7322000000,11857200.0,2026-06-25,NumberOfIssuedSharesAsOfFilingDateIssuedSharesTotalNumberOfSharesEtc,S100YJJI,2026-06-25,120,J-GAAP,連結,2026-03-31,2026-03-31
3880,大王製紙株式会社,334894000000,611172000000,853930000000,242757000000,NetAssets,28.43,total,242757000000,NetAssets,28.43,200389000000.0,ShareholdersEquity,23.47,96026000000,bs,96026000000.0,95737000000,169012926.0,2026-06-25,NumberOfIssuedSharesAsOfFilingDateIssuedSharesTotalNumberOfSharesEtc,S100YJ8D,2026-06-25,120,J-GAAP,連結,2026-03-31,2026-03-31
6904,原田工業株式会社,26651541000,22133501000,35843126000,13709624000,NetAssets,38.25,total,13709624000,NetAssets,38.25,10423386000.0,ShareholdersEquity,29.08,6982965000,bs,6982965000.0,6982965000,21758000.0,2026-06-25,NumberOfIssuedSharesAsOfFilingDateIssuedSharesTotalNumberOfSharesEtc,S100YJHN,2026-06-25,120,J-GAAP,連結,2026-03-31,2026-03-31
7715,長野計器株式会社,45361056000,27368722000,76475148000,49106426000,NetAssets,64.21,total,49106426000,NetAssets,64.21,41351869000.0,ShareholdersEquity,54.07,13862632000,bs,13862632000.0,13485398000,18892484.0,2026-06-25,NumberOfIssuedSharesAsOfFilingDateIssuedSharesTotalNumberOfSharesEtc,S100YLAN,2026-06-25,120,J-GAAP,連結,2026-03-31,2026-03-31
9272,ブティックス株式会社,4873494000,2594768000,5584022000,2989254000,NetAssets,53.53,total,2989254000,NetAssets,53.53,2626855000.0,ShareholdersEquity,47.04,4640070000,bs,4640070000.0,4690531000,10160400.0,2026-06-25,NumberOfIssuedSharesAsOfFilingDateIssuedSharesTotalNumberOfSharesEtc,S100YJV7,2026-06-25,120,J-GAAP,個別,2026-03-31,2026-03-31
7621,株式会社うかい,5928851000,5456715000,10473147000,5016432000,NetAssets,47.9,total,5016432000,NetAssets,47.9,4964861000.0,ShareholdersEquity,47.41,3376397000,bs,3376397000.0,3076397000,5616940.0,2026-06-25,NumberOfIssuedSharesAsOfFilingDateIssuedSharesTotalNumberOfSharesEtc,S100YL71,2026-06-25,120,J-GAAP,個別,2026-03-31,2026-03-31
7075,株式会社ＱＬＳホールディングス,3738646000,3630319000,5704855000,2074536000,NetAssets,36.36,total,2074536000,NetAssets,36.36,2059845000.0,ShareholdersEquity,36.11,1972693000,bs,1972693000.0,1866974000,7485880.0,2026-06-23,NumberOfIssuedSharesAsOfFilingDateIssuedSharesTotalNumberOfSharesEtc,S100YHTD,2026-06-23,120,J-GAAP,連結,2026-03-31,2026-03-31
9348,株式会社ｉｓｐａｃｅ,34384613000,32531470000,47704955000,15173485000,NetAssets,31.81,total,15173485000,NetAssets,31.81,16270727000.0,ShareholdersEquity,34.11,29690611000,bs,29690611000.0,29690611000,146303943.0,2026-06-25,NumberOfIssuedSharesAsOfFilingDateIssuedSharesTotalNumberOfSharesEtc,S100YL5W,2026-06-25,120,J-GAAP,連結,2026-03-31,2026-03-31
4046,株式会社大阪ソーダ,98250000000,40199000000,168741000000,128541000000,NetAssets,76.18,total,128541000000,NetAssets,76.18,109342000000.0,ShareholdersEquity,64.8,21855000000,bs,21855000000.0,48802000000,133660085.0,2026-06-25,NumberOfIssuedSharesAsOfFilingDateIssuedSharesTotalNumberOfSharesEtc,S100YKCT,2026-06-25,120,J-GAAP,連結,2026-03-31,2026-03-31
6513,株式会社オリジン,23215714000,19841235000,45106783000,25265547000,NetAssets,56.01,total,25265547000,NetAssets,56.01,15453386000.0,ShareholdersEquity,34.26,6685761000,bs,6685761000.0,5401723000,6699986.0,2026-06-25,NumberOfIssuedSharesAsOfFilingDateIssuedSharesTotalNumberOfSharesEtc,S100YJF6,2026-06-25,120,J-GAAP,連結,2026-03-31,2026-03-31
6358,酒井重工業株式会社,27545135000,12259103000,43936308000,31677204000,NetAssets,72.1,total,31677204000,NetAssets,72.1,24980880000.0,ShareholdersEquity,56.86,6552672000,bs,6552672000.0,6492851000,8890434.0,2026-06-25,NumberOfIssuedSharesAsOfFilingDateIssuedSharesTotalNumberOfSharesEtc,S100YKE1,2026-06-25,120,J-GAAP,連結,2026-03-31,2026-03-31
7297,株式会社カーメイト,17003934000,5006988000,20210160000,15203171000,NetAssets,75.23,total,15203171000,NetAssets,75.23,12447287000.0,ShareholdersEquity,61.59,11139514000,bs,11139514000.0,9055784000,7928885.0,2026-06-25,NumberOfIssuedSharesAsOfFilingDateIssuedSharesTotalNumberOfSharesEtc,S100YKN6,2026-06-25,120,J-GAAP,連結,2026-03-31,2026-03-31
7277,株式会社ＴＢＫ,29276000000,24126000000,56511000000,32384000000,NetAssets,57.31,total,32384000000,NetAssets,57.31,22519000000.0,ShareholdersEquity,39.85,7359000000,bs,7359000000.0,7344000000,32694135.0,2026-06-25,NumberOfIssuedSharesAsOfFilingDateIssuedSharesTotalNumberOfSharesEtc,S100YLAF,2026-06-25,120,J-GAAP,連結,2026-03-31,2026-03-31
7129,ミアヘルサホールディングス株式会社,8396572000,11679953000,15594059000,3914105000,NetAssets,25.1,total,3914105000,NetAssets,25.1,3913898000.0,ShareholdersEquity,25.1,4523755000,bs,4523755000.0,4483135000,2802300.0,2026-06-25,NumberOfIssuedSharesAsOfFilingDateIssuedSharesTotalNumberOfSharesEtc,S100YK3E,2026-06-25,120,J-GAAP,連結,2026-03-31,2026-03-31
4205,日本ゼオン株式会社,257545000000,169994000000,548246000000,378252000000,NetAssets,68.99,total,378252000000,NetAssets,68.99,322452000000.0,ShareholdersEquity,58.82,28678000000,bs,28678000000.0,28437000000,209251256.0,2026-06-25,NumberOfIssuedSharesAsOfFilingDateIssuedSharesTotalNumberOfSharesEtc,S100YJ12,2026-06-25,120,J-GAAP,連結,2026-03-31,2026-03-31
9074,日本石油輸送株式会社,13296000000,19697000000,49466000000,29768000000,NetAssets,60.18,total,29768000000,NetAssets,60.18,24262000000.0,ShareholdersEquity,49.05,5915000000,bs,5915000000.0,7014000000,3322935.0,2026-06-25,NumberOfIssuedSharesAsOfFilingDateIssuedSharesTotalNumberOfSharesEtc,S100YC3A,2026-06-25,120,J-GAAP,連結,2026-03-31,2026-03-31
6144,西部電機株式会社,25729000000,16011000000,49723000000,33711000000,NetAssets,67.8,total,33711000000,NetAssets,67.8,26365000000.0,ShareholdersEquity,53.02,10100000000,bs,10100000000.0,10020000000,15160000.0,2026-06-25,NumberOfIssuedSharesAsOfFilingDateIssuedSharesTotalNumberOfSharesEtc,S100YLBS,2026-06-25,120,J-GAAP,連結,2026-03-31,2026-03-31
7860,エイベックス株式会社,81755000000,57904000000,110793000000,52889000000,NetAssets,47.74,total,52889000000,NetAssets,47.74,50098000000.0,ShareholdersEquity,45.22,34305000000,bs,34305000000.0,34305000000,45919300.0,2026-06-25,NumberOfIssuedSharesAsOfFilingDateIssuedSharesTotalNumberOfSharesEtc,S100YKQ4,2026-06-25,120,J-GAAP,連結,2026-03-31,2026-03-31
8144,株式会社デンキョーグループホールディングス,18409000000,8497000000,35988000000,27490000000,NetAssets,76.39,total,27490000000,NetAssets,76.39,25058000000.0,ShareholdersEquity,69.63,4524000000,bs,4524000000.0,4524000000,6665021.0,2026-06-25,NumberOfIssuedSharesAsOfFilingDateIssuedSharesTotalNumberOfSharesEtc,S100YFT7,2026-06-25,120,J-GAAP,連結,2026-03-31,2026-03-31
3762,テクマトリックス株式会社,101405220000,88850870000,121531414000,32680543000,EquityIFRS,26.89,total,32680543000,EquityIFRS,26.89,26327327000.0,EquityAttributableToOwnersOfParentIFRS,21.66,35801807000,cf,,35801807000,44518400.0,2026-06-25,NumberOfIssuedSharesAsOfFilingDateIssuedSharesTotalNumberOfSharesEtc,S100YL8T,2026-06-25,120,IFRS,連結,2026-03-31,2026-03-31
3079,ディーブイエックス株式会社,22027921000,16157236000,25000015000,8842779000,NetAssets,35.37,total,8842779000,NetAssets,35.37,8842724000.0,ShareholdersEquity,35.37,4315869000,bs,4315869000.0,4313868000,10780000.0,2026-06-25,NumberOfIssuedSharesAsOfFilingDateIssuedSharesTotalNumberOfSharesEtc,S100YL91,2026-06-25,120,J-GAAP,連結,2026-03-31,2026-03-31
2928,ＲＩＺＡＰグループ株式会社,73914000000,98921000000,163480000000,64559000000,EquityIFRS,39.49,total,64559000000,EquityIFRS,39.49,50488000000.0,EquityAttributableToOwnersOfParentIFRS,30.88,29067000000,cf,,29067000000,596664367.0,2026-06-25,NumberOfIssuedSharesAsOfFilingDateIssuedSharesTotalNumberOfSharesEtc,S100YF9Y,2026-06-25,120,IFRS,連結,2026-03-31,2026-03-31
6584,三櫻工業株式会社,83377000000,89961000000,141929000000,51968000000,NetAssets,36.62,total,51968000000,NetAssets,36.62,36970000000.0,ShareholdersEquity,26.05,24519000000,bs,24519000000.0,24519000000,37112000.0,2026-06-25,NumberOfIssuedSharesAsOfFilingDateIssuedSharesTotalNumberOfSharesEtc,S100YL53,2026-06-25,120,J-GAAP,連結,2026-03-31,2026-03-31
7916,光村印刷株式会社,9913059000,8312872000,26840067000,18527194000,NetAssets,69.03,total,18527194000,NetAssets,69.03,16028474000.0,ShareholdersEquity,59.72,4064643000,bs,4064643000.0,6434278000,3103420.0,2026-06-25,NumberOfIssuedSharesAsOfFilingDateIssuedSharesTotalNumberOfSharesEtc,S100YL1G,2026-06-25,120,J-GAAP,連結,2026-03-31,2026-03-31
6257,株式会社藤商事,27814000000,4756000000,47692000000,42935000000,NetAssets,90.03,total,42935000000,NetAssets,90.03,38225000000.0,ShareholdersEquity,80.15,15815000000,bs,15815000000.0,15815000000,22895500.0,2026-06-25,NumberOfIssuedSharesAsOfFilingDateIssuedSharesTotalNumberOfSharesEtc,S100YK8S,2026-06-25,120,J-GAAP,連結,2026-03-31,2026-03-31
7087,株式会社ウイルテック,15998000000,10587000000,19263000000,8676000000,NetAssets,45.04,total,8676000000,NetAssets,45.04,8644000000.0,ShareholdersEquity,44.87,4905000000,bs,4905000000.0,4905000000,6480700.0,2026-06-25,NumberOfIssuedSharesAsOfFilingDateIssuedSharesTotalNumberOfSharesEtc,S100YHRI,2026-06-25,120,J-GAAP,連結,2026-03-31,2026-03-31
331A,株式会社メディックス,6746537000,4168777000,7732233000,3563456000,NetAssets,46.09,total,3563456000,NetAssets,46.09,3372103000.0,ShareholdersEquity,43.61,4064327000,bs,4064327000.0,4064327000,8080000.0,2026-06-25,NumberOfIssuedSharesAsOfFilingDateIssuedSharesTotalNumberOfSharesEtc,S100YHLO,2026-06-25,120,J-GAAP,連結,2026-03-31,2026-03-31
6137,小池酸素工業株式会社,41614000000,29032000000,79112000000,50079000000,NetAssets,63.3,total,50079000000,NetAssets,63.3,35803000000.0,ShareholdersEquity,45.26,16721000000,bs,16721000000.0,16221000000,22614665.0,2026-06-25,NumberOfIssuedSharesAsOfFilingDateIssuedSharesTotalNumberOfSharesEtc,S100YKGK,2026-06-25,120,J-GAAP,連結,2026-03-31,2026-03-31
3042,株式会社セキュアヴェイル,1427661000,297425000,1579068000,1281643000,NetAssets,81.16,total,1281643000,NetAssets,81.16,1276346000.0,ShareholdersEquity,80.83,1130962000,bs,1130962000.0,1130962000,7690000.0,2026-06-24,NumberOfIssuedSharesAsOfFilingDateIssuedSharesTotalNumberOfSharesEtc,S100YH8N,2026-06-24,120,J-GAAP,連結,2026-03-31,2026-03-31
1832,株式会社北海電工,39194000000,18270000000,55202000000,36932000000,NetAssets,66.9,total,36932000000,NetAssets,66.9,33850000000.0,ShareholdersEquity,61.32,2683000000,bs,2683000000.0,12658000000,20733107.0,2026-06-24,NumberOfIssuedSharesAsOfFilingDateIssuedSharesTotalNumberOfSharesEtc,S100YH4H,2026-06-24,120,J-GAAP,連結,2026-03-31,2026-03-31
2108,日本甜菜製糖株式会社,47665000000,20178000000,97696000000,77517000000,NetAssets,79.35,total,77517000000,NetAssets,79.35,62677000000.0,ShareholdersEquity,64.16,2555000000,bs,2555000000.0,4555000000,12487589.0,2026-06-24,NumberOfIssuedSharesAsOfFilingDateIssuedSharesTotalNumberOfSharesEtc,S100YEPB,2026-06-24,120,J-GAAP,連結,2026-03-31,2026-03-31
4366,ダイトーケミックス株式会社,15570000000,12438000000,28797000000,16358000000,NetAssets,56.8,total,16358000000,NetAssets,56.8,14347000000.0,ShareholdersEquity,49.82,4854000000,bs,4854000000.0,4854000000,33600000.0,2026-06-24,NumberOfIssuedSharesAsOfFilingDateIssuedSharesTotalNumberOfSharesEtc,S100YGAU,2026-06-24,120,J-GAAP,連結,2026-03-31,2026-03-31
7791,ドリームベッド株式会社,4554559000,6669029000,11513686000,4844657000,NetAssets,42.08,total,4844657000,NetAssets,42.08,4769003000.0,ShareholdersEquity,41.42,649983000,bs,649983000.0,599903000,4152820.0,2026-06-24,NumberOfIssuedSharesAsOfFilingDateIssuedSharesTotalNumberOfSharesEtc,S100YHQB,2026-06-24,120,J-GAAP,個別,2026-03-31,2026-03-31
8596,株式会社九州リースサービス,164595000000,174087000000,219586000000,45498000000,NetAssets,20.72,total,45498000000,NetAssets,20.72,44234000000.0,ShareholdersEquity,20.14,6325000000,bs,6325000000.0,6325000000,25952374.0,2026-06-24,NumberOfIssuedSharesAsOfFilingDateIssuedSharesTotalNumberOfSharesEtc,S100YHO7,2026-06-24,120,J-GAAP,連結,2026-03-31,2026-03-31
2782,株式会社セリア,82154000000,35843000000,128681000000,92837000000,NetAssets,72.15,total,92837000000,NetAssets,72.15,92704000000.0,ShareholdersEquity,72.04,39075000000,bs,39075000000.0,38049000000,75840000.0,2026-06-24,NumberOfIssuedSharesAsOfFilingDateIssuedSharesTotalNumberOfSharesEtc,S100YH2R,2026-06-24,120,J-GAAP,個別,2026-03-31,2026-03-31
8995,株式会社誠建設工業,5097085000,2557020000,6679623000,4122602000,NetAssets,61.72,total,4122602000,NetAssets,61.72,3752845000.0,ShareholdersEquity,56.18,902505000,bs,902505000.0,700259000,2012000.0,2026-06-24,NumberOfIssuedSharesAsOfFilingDateIssuedSharesTotalNumberOfSharesEtc,S100YI2H,2026-06-24,120,J-GAAP,連結,2026-03-31,2026-03-31
9310,日本トランスシティ株式会社,44936000000,68743000000,174722000000,105978000000,NetAssets,60.66,total,105978000000,NetAssets,60.66,83597000000.0,ShareholdersEquity,47.85,25390000000,bs,25390000000.0,24186000000,66405517.0,2026-06-24,NumberOfIssuedSharesAsOfFilingDateIssuedSharesTotalNumberOfSharesEtc,S100YGL7,2026-06-24,120,J-GAAP,連結,2026-03-31,2026-03-31
1888,若築建設株式会社,98185000000,67664000000,122423000000,54759000000,NetAssets,44.73,total,54759000000,NetAssets,44.73,47632000000.0,ShareholdersEquity,38.91,19638000000,bs,19638000000.0,19638000000,12964993.0,2026-06-24,NumberOfIssuedSharesAsOfFilingDateIssuedSharesTotalNumberOfSharesEtc,S100YHAB,2026-06-24,120,J-GAAP,連結,2026-03-31,2026-03-31
4491,コンピューターマネージメント株式会社,4790278000,1577031000,5727702000,4150671000,NetAssets,72.47,total,4150671000,NetAssets,72.47,3742164000.0,ShareholdersEquity,65.33,3542748000,bs,3542748000.0,3542748000,2038000.0,2026-06-24,NumberOfIssuedSharesAsOfFilingDateIssuedSharesTotalNumberOfSharesEtc,S100YGM1,2026-06-24,120,J-GAAP,連結,2026-03-31,2026-03-31
5974,中国工業株式会社,6289000000,6506000000,12996000000,6489000000,NetAssets,49.93,total,6489000000,NetAssets,49.93,4744000000.0,ShareholdersEquity,36.5,877000000,bs,877000000.0,632000000,3420000.0,2026-06-24,NumberOfIssuedSharesAsOfFilingDateIssuedSharesTotalNumberOfSharesEtc,S100YHRE,2026-06-24,120,J-GAAP,連結,2026-03-31,2026-03-31
6111,旭精機工業株式会社,13279141000,9768625000,23883133000,14114508000,NetAssets,59.1,total,14114508000,NetAssets,59.1,12820476000.0,ShareholdersEquity,53.68,5679352000,bs,5679352000.0,5679352000,3088739.0,2026-06-24,NumberOfIssuedSharesAsOfFilingDateIssuedSharesTotalNumberOfSharesEtc,S100YHGQ,2026-06-24,120,J-GAAP,個別,2026-03-31,2026-03-31
5285,株式会社ヤマックス,9751644000,6656915000,16814469000,10157553000,NetAssets,60.41,total,10157553000,NetAssets,60.41,9964071000.0,ShareholdersEquity,59.26,1842790000,bs,1842790000.0,1698790000,11580000.0,2026-06-24,NumberOfIssuedSharesAsOfFilingDateIssuedSharesTotalNumberOfSharesEtc,S100YFLV,2026-06-24,120,J-GAAP,連結,2026-03-31,2026-03-31
7955,クリナップ株式会社,56637000000,32996000000,93440000000,60444000000,NetAssets,64.69,total,60444000000,NetAssets,64.69,56750000000.0,ShareholdersEquity,60.73,19375000000,bs,19375000000.0,19375000000,36442374.0,2026-06-24,NumberOfIssuedSharesAsOfFilingDateIssuedSharesTotalNumberOfSharesEtc,S100YHN2,2026-06-24,120,J-GAAP,連結,2026-03-31,2026-03-31
3317,株式会社フライングガーデン,2154783000,1735456000,5405825000,3670368000,NetAssets,67.9,total,3670368000,NetAssets,67.9,3670368000.0,ShareholdersEquity,67.9,1733882000,bs,1733882000.0,1288369000,2898336.0,2026-06-24,NumberOfIssuedSharesAsOfFilingDateIssuedSharesTotalNumberOfSharesEtc,S100YHND,2026-06-24,120,J-GAAP,個別,2026-03-31,2026-03-31
9301,三菱倉庫株式会社,139937000000,255268000000,639786000000,384517000000,NetAssets,60.1,total,384517000000,NetAssets,60.1,316346000000.0,ShareholdersEquity,49.45,63032000000,bs,63032000000.0,60548000000,362135395.0,2026-06-24,NumberOfIssuedSharesAsOfFilingDateIssuedSharesTotalNumberOfSharesEtc,S100YA7K,2026-06-24,120,J-GAAP,連結,2026-03-31,2026-03-31
3107,ダイワボウホールディングス株式会社,426508000000,292243000000,462072000000,169829000000,NetAssets,36.75,total,169829000000,NetAssets,36.75,162538000000.0,ShareholdersEquity,35.18,45152000000,bs,45152000000.0,43852000000,88479028.0,2026-06-24,NumberOfIssuedSharesAsOfFilingDateIssuedSharesTotalNumberOfSharesEtc,S100YGNL,2026-06-24,120,J-GAAP,連結,2026-03-31,2026-03-31
256A,飛島ホールディングス株式会社,124792000000,108687000000,163096000000,54409000000,NetAssets,33.36,total,54409000000,NetAssets,33.36,52646000000.0,ShareholdersEquity,32.28,20870000000,bs,20870000000.0,20425000000,19225868.0,2026-06-24,NumberOfIssuedSharesAsOfFilingDateIssuedSharesTotalNumberOfSharesEtc,S100YIL8,2026-06-24,120,J-GAAP,連結,2026-03-31,2026-03-31
9503,関西電力株式会社,1782588000000,6351902000000,9854646000000,3502744000000,NetAssets,35.54,total,3502744000000,NetAssets,35.54,3075665000000.0,ShareholdersEquity,31.21,737411000000,bs,737411000000.0,741286000000,1114927528.0,2026-06-24,NumberOfIssuedSharesAsOfFilingDateIssuedSharesTotalNumberOfSharesEtc,S100YFXZ,2026-06-24,120,J-GAAP,連結,2026-03-31,2026-03-31
1826,佐田建設株式会社,20179000000,14001000000,25352000000,11351000000,NetAssets,44.77,total,11351000000,NetAssets,44.77,10498000000.0,ShareholdersEquity,41.41,8721000000,bs,8721000000.0,8641000000,13386233.0,2026-06-24,NumberOfIssuedSharesAsOfFilingDateIssuedSharesTotalNumberOfSharesEtc,S100YILD,2026-06-24,120,J-GAAP,連結,2026-03-31,2026-03-31
5480,日本冶金工業株式会社,99249000000,118103000000,219411000000,101308000000,NetAssets,46.17,total,101308000000,NetAssets,46.17,94334000000.0,ShareholdersEquity,42.99,11275000000,bs,11275000000.0,11034000000,15497333.0,2026-06-24,NumberOfIssuedSharesAsOfFilingDateIssuedSharesTotalNumberOfSharesEtc,S100YC9N,2026-06-24,120,J-GAAP,連結,2026-03-31,2026-03-31
5357,株式会社　ヨータイ,29711140000,7808583000,42234051000,34425468000,NetAssets,81.51,total,34425468000,NetAssets,81.51,32323532000.0,ShareholdersEquity,76.53,5748945000,bs,5748945000.0,5748945000,19594000.0,2026-06-24,NumberOfIssuedSharesAsOfFilingDateIssuedSharesTotalNumberOfSharesEtc,S100YHT7,2026-06-24,120,J-GAAP,連結,2026-03-31,2026-03-31
4887,サワイグループホールディングス株式会社,200345000000,181363000000,359919000000,178556000000,EquityIFRS,49.61,total,178556000000,EquityIFRS,49.61,178556000000.0,EquityAttributableToOwnersOfParentIFRS,49.61,28989000000,cf,,28989000000,115487137.0,2026-06-24,NumberOfIssuedSharesAsOfFilingDateIssuedSharesTotalNumberOfSharesEtc,S100YITS,2026-06-24,120,IFRS,連結,2026-03-31,2026-03-31
6768,株式会社タムラ製作所,85038000000,69484000000,132381000000,62897000000,NetAssets,47.51,total,62897000000,NetAssets,47.51,48064000000.0,ShareholdersEquity,36.31,18953000000,bs,18953000000.0,18096000000,82771473.0,2026-06-24,NumberOfIssuedSharesAsOfFilingDateIssuedSharesTotalNumberOfSharesEtc,S100YIQG,2026-06-24,120,J-GAAP,連結,2026-03-31,2026-03-31
7271,株式会社安永,21735000000,27567000000,42254000000,14687000000,NetAssets,34.76,total,14687000000,NetAssets,34.76,10667000000.0,ShareholdersEquity,25.24,6805000000,bs,6805000000.0,6802000000,12938639.0,2026-06-24,NumberOfIssuedSharesAsOfFilingDateIssuedSharesTotalNumberOfSharesEtc,S100YFR1,2026-06-24,120,J-GAAP,連結,2026-03-31,2026-03-31
7345,株式会社アイ・パートナーズフィナンシャル,1173434000,612211000,1331139000,718928000,NetAssets,54.01,total,718928000,NetAssets,54.01,718928000.0,ShareholdersEquity,54.01,597286000,bs,597286000.0,597286000,3542000.0,2026-06-24,NumberOfIssuedSharesAsOfFilingDateIssuedSharesTotalNumberOfSharesEtc,S100YHKS,2026-06-24,120,J-GAAP,連結,2026-03-31,2026-03-31
7482,株式会社シモジマ,25438000000,8357000000,45305000000,36947000000,NetAssets,81.55,total,36947000000,NetAssets,81.55,42443000000.0,ShareholdersEquity,93.68,9268000000,bs,9268000000.0,8234000000,23647826.0,2026-06-24,NumberOfIssuedSharesAsOfFilingDateIssuedSharesTotalNumberOfSharesEtc,S100YIAX,2026-06-24,120,J-GAAP,連結,2026-03-31,2026-03-31
3512,日本フエルト株式会社,10514290000,5149648000,28052980000,22903332000,NetAssets,81.64,total,22903332000,NetAssets,81.64,15669490000.0,ShareholdersEquity,55.86,2717002000,bs,2717002000.0,2591738000,18342089.0,2026-06-24,NumberOfIssuedSharesAsOfFilingDateIssuedSharesTotalNumberOfSharesEtc,S100YIXB,2026-06-24,120,J-GAAP,連結,2026-03-31,2026-03-31
3113,株式会社ＵＮＩＶＡ・Ｏａｋホールディングス,3264470000,3841860000,5038754000,1196894000,NetAssets,23.75,total,1196894000,NetAssets,23.75,1632141000.0,ShareholdersEquity,32.39,743126000,bs,743126000.0,743126000,93281713.0,2026-06-24,NumberOfIssuedSharesAsOfFilingDateIssuedSharesTotalNumberOfSharesEtc,S100YHET,2026-06-24,120,J-GAAP,連結,2026-03-31,2026-03-31
5210,日本山村硝子株式会社,40315000000,41129000000,97497000000,56367000000,NetAssets,57.81,total,56367000000,NetAssets,57.81,52845000000.0,ShareholdersEquity,54.2,11152000000,bs,11152000000.0,11152000000,11145249.0,2026-06-24,NumberOfIssuedSharesAsOfFilingDateIssuedSharesTotalNumberOfSharesEtc,S100YHIJ,2026-06-24,120,J-GAAP,連結,2026-03-31,2026-03-31
6335,株式会社東京機械製作所,12523198000,5499938000,16019874000,10519935000,NetAssets,65.67,total,10519935000,NetAssets,65.67,9021713000.0,ShareholdersEquity,56.32,7976502000,bs,7976502000.0,8276502000,8728920.0,2026-06-24,NumberOfIssuedSharesAsOfFilingDateIssuedSharesTotalNumberOfSharesEtc,S100YI7P,2026-06-24,120,J-GAAP,連結,2026-03-31,2026-03-31
1793,株式会社大本組,76039000000,34874000000,103574000000,68700000000,NetAssets,66.33,total,68700000000,NetAssets,66.33,61015000000.0,ShareholdersEquity,58.91,6888000000,bs,6888000000.0,6888000000,26794280.0,2026-06-24,NumberOfIssuedSharesAsOfFilingDateIssuedSharesTotalNumberOfSharesEtc,S100YI8J,2026-06-24,120,J-GAAP,個別,2026-03-31,2026-03-31
6419,株式会社マースグループホールディングス,52630405000,8529185000,94262460000,85733274000,NetAssets,90.95,total,85733274000,NetAssets,90.95,76620680000.0,ShareholdersEquity,81.28,38963318000,bs,38963318000.0,38963318000,22720000.0,2026-06-24,NumberOfIssuedSharesAsOfFilingDateIssuedSharesTotalNumberOfSharesEtc,S100YHFR,2026-06-24,120,J-GAAP,連結,2026-03-31,2026-03-31
3435,サンコーテクノ株式会社,17584147000,8415294000,28752471000,20337176000,NetAssets,70.73,total,20337176000,NetAssets,70.73,18854882000.0,ShareholdersEquity,65.58,4798694000,bs,4798694000.0,4702229000,8745408.0,2026-06-24,NumberOfIssuedSharesAsOfFilingDateIssuedSharesTotalNumberOfSharesEtc,S100YHPR,2026-06-24,120,J-GAAP,連結,2026-03-31,2026-03-31
6651,日東工業株式会社,105390000000,60060000000,185299000000,125238000000,NetAssets,67.59,total,125238000000,NetAssets,67.59,113044000000.0,ShareholdersEquity,61.01,35375000000,bs,35375000000.0,34417000000,40458000.0,2026-06-24,NumberOfIssuedSharesAsOfFilingDateIssuedSharesTotalNumberOfSharesEtc,S100YIVN,2026-06-24,120,J-GAAP,連結,2026-03-31,2026-03-31
6467,株式会社ニチダイ,6768846000,3224879000,13982503000,10757623000,NetAssets,76.94,total,10757623000,NetAssets,76.94,8579389000.0,ShareholdersEquity,61.36,2245815000,bs,2245815000.0,2234362000,9053300.0,2026-06-24,NumberOfIssuedSharesAsOfFilingDateIssuedSharesTotalNumberOfSharesEtc,S100YGVK,2026-06-24,120,J-GAAP,連結,2026-03-31,2026-03-31
4341,西菱電機株式会社,10285000000,6484000000,12013000000,5528000000,NetAssets,46.02,total,5528000000,NetAssets,46.02,5443000000.0,ShareholdersEquity,45.31,1120000000,bs,1120000000.0,1120000000,3500000.0,2026-06-24,NumberOfIssuedSharesAsOfFilingDateIssuedSharesTotalNumberOfSharesEtc,S100YFFX,2026-06-24,120,J-GAAP,連結,2026-03-31,2026-03-31
7521,株式会社ムサシ,36864000000,15910000000,52849000000,36939000000,NetAssets,69.9,total,36939000000,NetAssets,69.9,34201000000.0,ShareholdersEquity,64.71,23567000000,bs,23567000000.0,23477000000,7950000.0,2026-06-24,NumberOfIssuedSharesAsOfFilingDateIssuedSharesTotalNumberOfSharesEtc,S100YHDE,2026-06-24,120,J-GAAP,連結,2026-03-31,2026-03-31
9508,九州電力株式会社,930810000000,4757463000000,5983340000000,1225877000000,NetAssets,20.49,total,1225877000000,NetAssets,20.49,1050134000000.0,ShareholdersEquity,17.55,368350000000,bs,368350000000.0,351182000000,474185951.0,2026-06-24,NumberOfIssuedSharesAsOfFilingDateIssuedSharesTotalNumberOfSharesEtc,S100YHHO,2026-06-24,120,J-GAAP,連結,2026-03-31,2026-03-31
3537,昭栄薬品株式会社,11527652000,8390148000,17806225000,9416077000,NetAssets,52.88,total,9416077000,NetAssets,52.88,5775190000.0,ShareholdersEquity,32.43,1452563000,bs,1452563000.0,1452563000,3579105.0,2026-06-24,NumberOfIssuedSharesAsOfFilingDateIssuedSharesTotalNumberOfSharesEtc,S100YHFB,2026-06-24,120,J-GAAP,連結,2026-03-31,2026-03-31
4676,株式会社フジ・メディア・ホールディングス,390667000000,903260000000,1464728000000,561467000000,NetAssets,38.33,total,561467000000,NetAssets,38.33,424265000000.0,ShareholdersEquity,28.97,84265000000,bs,84265000000.0,128936000000,169123000.0,2026-06-24,NumberOfIssuedSharesAsOfFilingDateIssuedSharesTotalNumberOfSharesEtc,S100YHYX,2026-06-24,120,J-GAAP,連結,2026-03-31,2026-03-31
9385,株式会社ショーエイコーポレーション,6811671000,5874258000,11011298000,5137039000,NetAssets,46.65,total,5137039000,NetAssets,46.65,4404392000.0,ShareholdersEquity,40.0,1084352000,bs,1084352000.0,1084352000,7850000.0,2026-06-24,NumberOfIssuedSharesAsOfFilingDateIssuedSharesTotalNumberOfSharesEtc,S100YIVY,2026-06-24,120,J-GAAP,連結,2026-03-31,2026-03-31
7898,株式会社ウッドワン,30319000000,58956000000,104251000000,45294000000,NetAssets,43.45,total,45294000000,NetAssets,43.45,33730000000.0,ShareholdersEquity,32.35,4127000000,bs,4127000000.0,4127000000,9841969.0,2026-06-24,NumberOfIssuedSharesAsOfFilingDateIssuedSharesTotalNumberOfSharesEtc,S100YI45,2026-06-24,120,J-GAAP,連結,2026-03-31,2026-03-31
5268,旭コンクリート工業株式会社,8839878000,4053555000,16766159000,12712604000,NetAssets,75.82,total,12712604000,NetAssets,75.82,10634806000.0,ShareholdersEquity,63.43,4644470000,bs,4644470000.0,2559470000,13233000.0,2026-06-24,NumberOfIssuedSharesAsOfFilingDateIssuedSharesTotalNumberOfSharesEtc,S100YIYA,2026-06-24,120,J-GAAP,個別,2026-03-31,2026-03-31
6222,株式会社島精機製作所,82842000000,27149000000,109531000000,82382000000,NetAssets,75.21,total,82382000000,NetAssets,75.21,65830000000.0,ShareholdersEquity,60.1,21295000000,bs,21295000000.0,15617000000,34800000.0,2026-06-24,NumberOfIssuedSharesAsOfFilingDateIssuedSharesTotalNumberOfSharesEtc,S100YIO7,2026-06-24,120,J-GAAP,連結,2026-03-31,2026-03-31
2425,株式会社ケアサービス,3141777000,912068000,3866042000,2953973000,NetAssets,76.41,total,2953973000,NetAssets,76.41,2953973000.0,ShareholdersEquity,76.41,1674551000,bs,1674551000.0,1674551000,4200000.0,2026-06-24,NumberOfIssuedSharesAsOfFilingDateIssuedSharesTotalNumberOfSharesEtc,S100YIQF,2026-06-24,120,J-GAAP,個別,2026-03-31,2026-03-31
6823,リオン株式会社,25131973000,6980836000,41784051000,34803214000,NetAssets,83.29,total,34803214000,NetAssets,83.29,29517316000.0,ShareholdersEquity,70.64,8562701000,bs,8562701000.0,8397301000,12347700.0,2026-06-24,NumberOfIssuedSharesAsOfFilingDateIssuedSharesTotalNumberOfSharesEtc,S100YI2O,2026-06-24,120,J-GAAP,連結,2026-03-31,2026-03-31
9075,福山通運株式会社,78557000000,212178000000,497320000000,285142000000,NetAssets,57.34,total,285142000000,NetAssets,57.34,217494000000.0,ShareholdersEquity,43.73,30906000000,bs,30906000000.0,30391000000,39194163.0,2026-06-24,NumberOfIssuedSharesAsOfFilingDateIssuedSharesTotalNumberOfSharesEtc,S100YIXL,2026-06-24,120,J-GAAP,連結,2026-03-31,2026-03-31
6844,新電元工業株式会社,93480000000,72090000000,144652000000,72561000000,NetAssets,50.16,total,72561000000,NetAssets,50.16,54664000000.0,ShareholdersEquity,37.79,26922000000,bs,26922000000.0,26922000000,10338884.0,2026-06-24,NumberOfIssuedSharesAsOfFilingDateIssuedSharesTotalNumberOfSharesEtc,S100YHJ7,2026-06-24,120,J-GAAP,連結,2026-03-31,2026-03-31
9312,ケイヒン株式会社,10906000000,25976000000,59770000000,33793000000,NetAssets,56.54,total,33793000000,NetAssets,56.54,28688000000.0,ShareholdersEquity,48.0,4859000000,bs,4859000000.0,4802000000,6536445.0,2026-06-24,NumberOfIssuedSharesAsOfFilingDateIssuedSharesTotalNumberOfSharesEtc,S100YHI4,2026-06-24,120,J-GAAP,連結,2026-03-31,2026-03-31
2483,株式会社翻訳センター,7275376000,1750121000,8774005000,7023884000,NetAssets,80.05,total,7023884000,NetAssets,80.05,6947779000.0,ShareholdersEquity,79.19,5047753000,bs,5047753000.0,4409679000,3369000.0,2026-06-24,NumberOfIssuedSharesAsOfFilingDateIssuedSharesTotalNumberOfSharesEtc,S100YILW,2026-06-24,120,J-GAAP,連結,2026-03-31,2026-03-31
5729,日本精鉱株式会社,18324961000,9282715000,24729706000,15446990000,NetAssets,62.46,total,15446990000,NetAssets,62.46,15333654000.0,ShareholdersEquity,62.0,6682480000,bs,6682480000.0,6682480000,10423600.0,2026-06-24,NumberOfIssuedSharesAsOfFilingDateIssuedSharesTotalNumberOfSharesEtc,S100YIW1,2026-06-24,120,J-GAAP,連結,2026-03-31,2026-03-31
1799,第一建設工業株式会社,47472322000,11636374000,86339041000,74702667000,NetAssets,86.52,total,74702667000,NetAssets,86.52,67713718000.0,ShareholdersEquity,78.43,13838706000,bs,13838706000.0,14838706000,20858491.0,2026-06-24,NumberOfIssuedSharesAsOfFilingDateIssuedSharesTotalNumberOfSharesEtc,S100YILN,2026-06-24,120,J-GAAP,個別,2026-03-31,2026-03-31
5602,株式会社栗本鐵工所,89645000000,60148000000,155586000000,95438000000,NetAssets,61.34,total,95438000000,NetAssets,61.34,78083000000.0,ShareholdersEquity,50.19,18542000000,bs,18542000000.0,18395000000,63992450.0,2026-06-24,NumberOfIssuedSharesAsOfFilingDateIssuedSharesTotalNumberOfSharesEtc,S100YDW9,2026-06-24,120,J-GAAP,連結,2026-03-31,2026-03-31
9616,株式会社共立メンテナンス,75029000000,171126000000,316655000000,145528000000,NetAssets,45.96,total,145528000000,NetAssets,45.96,143028000000.0,ShareholdersEquity,45.17,29961000000,bs,29961000000.0,29634000000,91243720.0,2026-06-24,NumberOfIssuedSharesAsOfFilingDateIssuedSharesTotalNumberOfSharesEtc,S100YIIM,2026-06-24,120,J-GAAP,連結,2026-03-31,2026-03-31
2902,太陽化学株式会社,38540045000,12748205000,69599665000,56851459000,NetAssets,81.68,total,56851459000,NetAssets,81.68,50912535000.0,ShareholdersEquity,73.15,13879583000,bs,13879583000.0,11793506000,23513701.0,2026-06-24,NumberOfIssuedSharesAsOfFilingDateIssuedSharesTotalNumberOfSharesEtc,S100YD3Q,2026-06-24,120,J-GAAP,連結,2026-03-31,2026-03-31
4409,東邦化学工業株式会社,35891000000,46704000000,70824000000,24119000000,NetAssets,34.05,total,24119000000,NetAssets,34.05,16984000000.0,ShareholdersEquity,23.98,5344000000,bs,5344000000.0,5148000000,21350000.0,2026-06-24,NumberOfIssuedSharesAsOfFilingDateIssuedSharesTotalNumberOfSharesEtc,S100YGU8,2026-06-24,120,J-GAAP,連結,2026-03-31,2026-03-31
4212,積水樹脂株式会社,57479000000,41464000000,142568000000,101103000000,NetAssets,70.92,total,101103000000,NetAssets,70.92,87790000000.0,ShareholdersEquity,61.58,18302000000,bs,18302000000.0,15302000000,31813598.0,2026-06-24,NumberOfIssuedSharesAsOfFilingDateIssuedSharesTotalNumberOfSharesEtc,S100YIY2,2026-06-24,120,J-GAAP,連結,2026-03-31,2026-03-31
6390,株式会社加藤製作所,71047000000,49898000000,92365000000,42467000000,NetAssets,45.98,total,42467000000,NetAssets,45.98,41578000000.0,ShareholdersEquity,45.01,11068000000,bs,11068000000.0,11068000000,11743587.0,2026-06-24,NumberOfIssuedSharesAsOfFilingDateIssuedSharesTotalNumberOfSharesEtc,S100YG4R,2026-06-24,120,J-GAAP,連結,2026-03-31,2026-03-31
2908,フジッコ株式会社,36326000000,10402000000,80089000000,69686000000,NetAssets,87.01,total,69686000000,NetAssets,87.01,67035000000.0,ShareholdersEquity,83.7,10249000000,bs,10249000000.0,9249000000,30050759.0,2026-06-24,NumberOfIssuedSharesAsOfFilingDateIssuedSharesTotalNumberOfSharesEtc,S100YF97,2026-06-24,120,J-GAAP,連結,2026-03-31,2026-03-31
9502,中部電力株式会社,1294717000000,4439893000000,7652700000000,3212806000000,NetAssets,41.98,total,3212806000000,NetAssets,41.98,2579571000000.0,ShareholdersEquity,33.71,336686000000,bs,336686000000.0,364747000000,758000000.0,2026-06-24,NumberOfIssuedSharesAsOfFilingDateIssuedSharesTotalNumberOfSharesEtc,S100YDH0,2026-06-24,120,J-GAAP,連結,2026-03-31,2026-03-31
6367,ダイキン工業株式会社,3262880000000,2492702000000,5809240000000,3316538000000,NetAssets,57.09,total,3316538000000,NetAssets,57.09,2405138000000.0,ShareholdersEquity,41.4,933484000000,bs,933484000000.0,706523000000,293113973.0,2026-06-24,NumberOfIssuedSharesAsOfFilingDateIssuedSharesTotalNumberOfSharesEtc,S100YFQL,2026-06-24,120,J-GAAP,連結,2026-03-31,2026-03-31
9994,株式会社やまや,40308000000,25407000000,64981000000,39574000000,NetAssets,60.9,total,39574000000,NetAssets,60.9,36107000000.0,ShareholdersEquity,55.57,12464000000,bs,12464000000.0,12463000000,10847870.0,2026-06-24,NumberOfIssuedSharesAsOfFilingDateIssuedSharesTotalNumberOfSharesEtc,S100YIXT,2026-06-24,120,J-GAAP,連結,2026-03-31,2026-03-31
4021,日産化学株式会社,221951000000,96026000000,355078000000,259051000000,NetAssets,72.96,total,259051000000,NetAssets,72.96,238772000000.0,ShareholdersEquity,67.24,35729000000,bs,35729000000.0,35729000000,134800000.0,2026-06-24,NumberOfIssuedSharesAsOfFilingDateIssuedSharesTotalNumberOfSharesEtc,S100YIML,2026-06-24,120,J-GAAP,連結,2026-03-31,2026-03-31
5232,住友大阪セメント株式会社,103655000000,164031000000,361980000000,197948000000,NetAssets,54.68,total,197948000000,NetAssets,54.68,173217000000.0,ShareholdersEquity,47.85,16633000000,bs,16633000000.0,16588000000,32068117.0,2026-06-24,NumberOfIssuedSharesAsOfFilingDateIssuedSharesTotalNumberOfSharesEtc,S100YH1Y,2026-06-24,120,J-GAAP,連結,2026-03-31,2026-03-31
3771,株式会社システムリサーチ,14797873000,5973717000,19458796000,13485078000,NetAssets,69.3,total,13485078000,NetAssets,69.3,13457292000.0,ShareholdersEquity,69.16,8429775000,bs,8429775000.0,8429775000,16720000.0,2026-06-24,NumberOfIssuedSharesAsOfFilingDateIssuedSharesTotalNumberOfSharesEtc,S100YHX1,2026-06-24,120,J-GAAP,連結,2026-03-31,2026-03-31
3431,宮地エンジニアリンググループ株式会社,53795000000,32032000000,82021000000,49988000000,NetAssets,60.95,total,49988000000,NetAssets,60.95,34279000000.0,ShareholdersEquity,41.79,12370000000,bs,12370000000.0,12370000000,27677816.0,2026-06-24,NumberOfIssuedSharesAsOfFilingDateIssuedSharesTotalNumberOfSharesEtc,S100YDPT,2026-06-24,120,J-GAAP,連結,2026-03-31,2026-03-31
3569,セーレン株式会社,129682000000,62139000000,223926000000,161787000000,NetAssets,72.25,total,161787000000,NetAssets,72.25,134132000000.0,ShareholdersEquity,59.9,38894000000,bs,38894000000.0,34198000000,64633646.0,2026-06-24,NumberOfIssuedSharesAsOfFilingDateIssuedSharesTotalNumberOfSharesEtc,S100YH1G,2026-06-24,120,J-GAAP,連結,2026-03-31,2026-03-31
1812,鹿島建設株式会社,2181525000000,2188120000000,3624341000000,1436220000000,NetAssets,39.63,total,1436220000000,NetAssets,39.63,1104065000000.0,ShareholdersEquity,30.46,403295000000,bs,403295000000.0,392273000000,528656011.0,2026-06-24,NumberOfIssuedSharesAsOfFilingDateIssuedSharesTotalNumberOfSharesEtc,S100YGGI,2026-06-24,120,J-GAAP,連結,2026-03-31,2026-03-31
8052,椿本興業株式会社,77117000000,49863000000,100064000000,50201000000,NetAssets,50.17,total,50201000000,NetAssets,50.17,39585000000.0,ShareholdersEquity,39.56,24100000000,bs,24100000000.0,24100000000,19493907.0,2026-06-24,NumberOfIssuedSharesAsOfFilingDateIssuedSharesTotalNumberOfSharesEtc,S100YIO8,2026-06-24,120,J-GAAP,連結,2026-03-31,2026-03-31
6727,株式会社ワコム,47378000000,27538000000,64957000000,37419000000,NetAssets,57.61,total,37419000000,NetAssets,57.61,33368000000.0,ShareholdersEquity,51.37,16499000000,bs,16499000000.0,16499000000,135000000.0,2026-06-24,NumberOfIssuedSharesAsOfFilingDateIssuedSharesTotalNumberOfSharesEtc,S100YHU2,2026-06-24,120,J-GAAP,連結,2026-03-31,2026-03-31
8920,株式会社　東　祥,22468181000,26823471000,71977469000,45153998000,NetAssets,62.73,total,45153998000,NetAssets,62.73,37763449000.0,ShareholdersEquity,52.47,20702952000,bs,20702952000.0,20016698000,38315000.0,2026-06-24,NumberOfIssuedSharesAsOfFilingDateIssuedSharesTotalNumberOfSharesEtc,S100YI5M,2026-06-24,120,J-GAAP,連結,2026-03-31,2026-03-31
9507,四国電力株式会社,307716000000,1256826000000,1734358000000,477531000000,NetAssets,27.53,total,477531000000,NetAssets,27.53,439529000000.0,ShareholdersEquity,25.34,78604000000,bs,78604000000.0,78554000000,207528202.0,2026-06-24,NumberOfIssuedSharesAsOfFilingDateIssuedSharesTotalNumberOfSharesEtc,S100YH23,2026-06-24,120,J-GAAP,連結,2026-03-31,2026-03-31
7140,ペットゴー株式会社,2601475000,2124392000,3163309000,1038916000,NetAssets,32.84,total,1038916000,NetAssets,32.84,1010734000.0,ShareholdersEquity,31.95,838739000,bs,838739000.0,838739000,1889200.0,2026-06-24,NumberOfIssuedSharesAsOfFilingDateIssuedSharesTotalNumberOfSharesEtc,S100YI94,2026-06-24,120,J-GAAP,連結,2026-03-31,2026-03-31
9990,株式会社サックスバーホールディングス,23214151000,10824869000,41714859000,30889989000,NetAssets,74.05,total,30889989000,NetAssets,74.05,30513527000.0,ShareholdersEquity,73.15,5804410000,bs,5804410000.0,5756371000,29859900.0,2026-06-24,NumberOfIssuedSharesAsOfFilingDateIssuedSharesTotalNumberOfSharesEtc,S100YJ0B,2026-06-24,120,J-GAAP,連結,2026-03-31,2026-03-31
5834,ＳＢＩリーシングサービス株式会社,100063000000,83512000000,112264000000,28752000000,NetAssets,25.61,total,28752000000,NetAssets,25.61,29481000000.0,ShareholdersEquity,26.26,7094000000,bs,7094000000.0,7094000000,15927200.0,2026-06-24,NumberOfIssuedSharesAsOfFilingDateIssuedSharesTotalNumberOfSharesEtc,S100YIA9,2026-06-24,120,J-GAAP,連結,2026-03-31,2026-03-31
4620,藤倉化成株式会社,36095301000,20903759000,71449758000,50545999000,NetAssets,70.74,total,50545999000,NetAssets,70.74,35360497000.0,ShareholdersEquity,49.49,14867045000,bs,14867045000.0,12688325000,30850000.0,2026-06-24,NumberOfIssuedSharesAsOfFilingDateIssuedSharesTotalNumberOfSharesEtc,S100YJ15,2026-06-24,120,J-GAAP,連結,2026-03-31,2026-03-31
6246,株式会社テクノスマート,22313107000,9737363000,30507635000,20770271000,NetAssets,68.08,total,20770271000,NetAssets,68.08,18390271000.0,ShareholdersEquity,60.28,10410971000,bs,10410971000.0,10410971000,12401720.0,2026-06-24,NumberOfIssuedSharesAsOfFilingDateIssuedSharesTotalNumberOfSharesEtc,S100YJ0X,2026-06-24,120,J-GAAP,個別,2026-03-31,2026-03-31
2790,株式会社ナフコ,84279000000,63115000000,215957000000,152842000000,NetAssets,70.77,total,152842000000,NetAssets,70.77,152577000000.0,ShareholdersEquity,70.65,11523000000,bs,11523000000.0,8907000000,29784400.0,2026-06-24,NumberOfIssuedSharesAsOfFilingDateIssuedSharesTotalNumberOfSharesEtc,S100YJ0H,2026-06-24,120,J-GAAP,個別,2026-03-31,2026-03-31
7280,株式会社ミツバ,227625000000,215202000000,348669000000,133467000000,NetAssets,38.28,total,133467000000,NetAssets,38.28,86896000000.0,ShareholdersEquity,24.92,103523000000,bs,103523000000.0,100627000000,46154216.0,2026-06-24,NumberOfIssuedSharesAsOfFilingDateIssuedSharesTotalNumberOfSharesEtc,S100Y9OD,2026-06-24,120,J-GAAP,連結,2026-03-31,2026-03-31
3143,オーウイル株式会社,18486670000,14350623000,20477251000,6126627000,NetAssets,29.92,total,6126627000,NetAssets,29.92,5588130000.0,ShareholdersEquity,27.29,2542393000,bs,2542393000.0,2542393000,9450000.0,2026-06-24,NumberOfIssuedSharesAsOfFilingDateIssuedSharesTotalNumberOfSharesEtc,S100YI27,2026-06-24,120,J-GAAP,連結,2026-03-31,2026-03-31
4496,株式会社コマースＯｎｅホールディングス,2472942000,1001997000,3627899000,2625902000,NetAssets,72.38,total,2625902000,NetAssets,72.38,2424078000.0,ShareholdersEquity,66.82,1875566000,bs,1875566000.0,1875566000,7193400.0,2026-06-24,NumberOfIssuedSharesAsOfFilingDateIssuedSharesTotalNumberOfSharesEtc,S100YHS5,2026-06-24,120,J-GAAP,連結,2026-03-31,2026-03-31
9845,株式会社パーカーコーポレーション,51216000000,22678000000,76789000000,54111000000,NetAssets,70.47,total,54111000000,NetAssets,70.47,41818000000.0,ShareholdersEquity,54.46,25715000000,bs,25715000000.0,21431000000,26801452.0,2026-06-24,NumberOfIssuedSharesAsOfFilingDateIssuedSharesTotalNumberOfSharesEtc,S100YJ1T,2026-06-24,120,J-GAAP,連結,2026-03-31,2026-03-31
9986,蔵王産業株式会社,10836332000,2140922000,15234365000,13093442000,NetAssets,85.95,total,13093442000,NetAssets,85.95,12741116000.0,ShareholdersEquity,83.63,2189750000,bs,2189750000.0,6884299000,6266000.0,2026-06-24,NumberOfIssuedSharesAsOfFilingDateIssuedSharesTotalNumberOfSharesEtc,S100YJ27,2026-06-24,120,J-GAAP,個別,2026-03-31,2026-03-31
3032,株式会社ゴルフ・ドゥ,2927909000,3003169000,3882014000,878844000,NetAssets,22.64,total,878844000,NetAssets,22.64,692769000.0,ShareholdersEquity,17.85,687111000,bs,687111000.0,687111000,5211284.0,2026-06-24,NumberOfIssuedSharesAsOfFilingDateIssuedSharesTotalNumberOfSharesEtc,S100YHOE,2026-06-24,120,J-GAAP,連結,2026-03-31,2026-03-31
2058,株式会社ヒガシマル,6129000000,7671000000,12129000000,4458000000,NetAssets,36.75,total,4458000000,NetAssets,36.75,4123000000.0,ShareholdersEquity,33.99,1575000000,bs,1575000000.0,1277000000,4746000.0,2026-06-24,NumberOfIssuedSharesAsOfFilingDateIssuedSharesTotalNumberOfSharesEtc,S100YI3U,2026-06-24,120,J-GAAP,連結,2026-03-31,2026-03-31
7094,株式会社ＮｅｘＴｏｎｅ,13508000000,9365000000,15827000000,6461000000,NetAssets,40.82,total,6461000000,NetAssets,40.82,5565000000.0,ShareholdersEquity,35.16,11064000000,bs,11064000000.0,11064000000,9940800.0,2026-06-24,NumberOfIssuedSharesAsOfFilingDateIssuedSharesTotalNumberOfSharesEtc,S100YHNA,2026-06-24,120,J-GAAP,連結,2026-03-31,2026-03-31
7212,株式会社エフテック,84093000000,110948000000,182636000000,71687000000,NetAssets,39.25,total,71687000000,NetAssets,39.25,39482000000.0,ShareholdersEquity,21.62,18726000000,bs,18726000000.0,18620000000,18712244.0,2026-06-24,NumberOfIssuedSharesAsOfFilingDateIssuedSharesTotalNumberOfSharesEtc,S100YHFG,2026-06-24,120,J-GAAP,連結,2026-03-31,2026-03-31
3157,ジオリーブグループ株式会社,67466000000,70957000000,95956000000,24998000000,NetAssets,26.05,total,24998000000,NetAssets,26.05,24085000000.0,ShareholdersEquity,25.1,13822000000,bs,13822000000.0,15022000000,13767052.0,2026-06-24,NumberOfIssuedSharesAsOfFilingDateIssuedSharesTotalNumberOfSharesEtc,S100YI2B,2026-06-24,120,J-GAAP,連結,2026-03-31,2026-03-31
8115,ムーンバット株式会社,5843571000,4074546000,9938671000,5864125000,NetAssets,59.0,total,5864125000,NetAssets,59.0,5622746000.0,ShareholdersEquity,56.57,1107773000,bs,1107773000.0,1107773000,4774719.0,2026-06-24,NumberOfIssuedSharesAsOfFilingDateIssuedSharesTotalNumberOfSharesEtc,S100YDWL,2026-06-24,120,J-GAAP,連結,2026-03-31,2026-03-31
5122,オカモト株式会社,81918000000,53536000000,164167000000,110631000000,NetAssets,67.39,total,110631000000,NetAssets,67.39,72055000000.0,ShareholdersEquity,43.89,34272000000,bs,34272000000.0,32572000000,17699367.0,2026-06-24,NumberOfIssuedSharesAsOfFilingDateIssuedSharesTotalNumberOfSharesEtc,S100YHXH,2026-06-24,120,J-GAAP,連結,2026-03-31,2026-03-31
3708,特種東海製紙株式会社,50983000000,51208000000,141310000000,90102000000,NetAssets,63.76,total,90102000000,NetAssets,63.76,77758000000.0,ShareholdersEquity,55.03,7806000000,bs,7806000000.0,7085000000,39000000.0,2026-06-24,NumberOfIssuedSharesAsOfFilingDateIssuedSharesTotalNumberOfSharesEtc,S100YHWR,2026-06-24,120,J-GAAP,連結,2026-03-31,2026-03-31
4625,アトミクス株式会社,10300721000,5134747000,16365875000,11231128000,NetAssets,68.63,total,11231128000,NetAssets,68.63,10910876000.0,ShareholdersEquity,66.67,4236836000,bs,4236836000.0,3336836000,7242000.0,2026-06-24,NumberOfIssuedSharesAsOfFilingDateIssuedSharesTotalNumberOfSharesEtc,S100YIIT,2026-06-24,120,J-GAAP,連結,2026-03-31,2026-03-31
4100,戸田工業株式会社,22397000000,38069000000,47887000000,9817000000,NetAssets,20.5,total,9817000000,NetAssets,20.5,2916000000.0,ShareholdersEquity,6.09,7282000000,bs,7282000000.0,7234000000,6099192.0,2026-06-24,NumberOfIssuedSharesAsOfFilingDateIssuedSharesTotalNumberOfSharesEtc,S100YIHV,2026-06-24,120,J-GAAP,連結,2026-03-31,2026-03-31
3837,アドソル日進株式会社,6990276000,3326178000,10274008000,6947829000,NetAssets,67.63,total,6947829000,NetAssets,67.63,5913838000.0,ShareholdersEquity,57.56,2941405000,bs,2941405000.0,2941405000,17289930.0,2026-06-24,NumberOfIssuedSharesAsOfFilingDateIssuedSharesTotalNumberOfSharesEtc,S100YFRS,2026-06-24,120,J-GAAP,連結,2026-03-31,2026-03-31
6849,日本光電工業株式会社,177808000000,76714000000,256538000000,179824000000,NetAssets,70.1,total,179824000000,NetAssets,70.1,168300000000.0,ShareholdersEquity,65.6,35695000000,bs,35695000000.0,45637000000,167961960.0,2026-06-24,NumberOfIssuedSharesAsOfFilingDateIssuedSharesTotalNumberOfSharesEtc,S100YHO8,2026-06-24,120,J-GAAP,連結,2026-03-31,2026-03-31
8050,セイコーグループ株式会社,187914000000,206378000000,383881000000,177502000000,NetAssets,46.24,total,177502000000,NetAssets,46.24,131124000000.0,ShareholdersEquity,34.16,43487000000,bs,43487000000.0,43487000000,82808522.0,2026-06-24,NumberOfIssuedSharesAsOfFilingDateIssuedSharesTotalNumberOfSharesEtc,S100YHM2,2026-06-24,120,J-GAAP,連結,2026-03-31,2026-03-31
8163,ＳＲＳホールディングス株式会社,19319362000,28704232000,47145623000,18441390000,NetAssets,39.12,total,18441390000,NetAssets,39.12,18149436000.0,ShareholdersEquity,38.5,13287030000,bs,13287030000.0,13287030000,41470184.0,2026-06-24,NumberOfIssuedSharesAsOfFilingDateIssuedSharesTotalNumberOfSharesEtc,S100YIH4,2026-06-24,120,J-GAAP,連結,2026-03-31,2026-03-31
5355,日本坩堝株式会社,7060309000,5896066000,12099790000,6203724000,NetAssets,51.27,total,6203724000,NetAssets,51.27,5374874000.0,ShareholdersEquity,44.42,2278893000,bs,2278893000.0,2201154000,7045200.0,2026-06-24,NumberOfIssuedSharesAsOfFilingDateIssuedSharesTotalNumberOfSharesEtc,S100YINX,2026-06-24,120,J-GAAP,連結,2026-03-31,2026-03-31
285A,キオクシアホールディングス株式会社,1617829000000,2290992000000,3690071000000,1399079000000,EquityIFRS,37.91,total,1399079000000,EquityIFRS,37.91,1398929000000.0,EquityAttributableToOwnersOfParentIFRS,37.91,470707000000,cf,,470707000000,547242648.0,2026-06-24,NumberOfIssuedSharesAsOfFilingDateIssuedSharesTotalNumberOfSharesEtc,S100YJ18,2026-06-24,120,IFRS,連結,2026-03-31,2026-03-31
1802,株式会社大林組,1778543000000,1826983000000,3143449000000,1316466000000,NetAssets,41.88,total,1316466000000,NetAssets,41.88,994986000000.0,ShareholdersEquity,31.65,430885000000,bs,430885000000.0,416028000000,691811346.0,2026-06-24,NumberOfIssuedSharesAsOfFilingDateIssuedSharesTotalNumberOfSharesEtc,S100YITC,2026-06-24,120,J-GAAP,連結,2026-03-31,2026-03-31
6334,明治機械株式会社,3439592000,2831453000,5901536000,3070083000,NetAssets,52.02,total,3070083000,NetAssets,52.02,2843604000.0,ShareholdersEquity,48.18,1084875000,bs,1084875000.0,1040155000,11402636.0,2026-06-24,NumberOfIssuedSharesAsOfFilingDateIssuedSharesTotalNumberOfSharesEtc,S100YJ53,2026-06-24,120,J-GAAP,連結,2026-03-31,2026-03-31
9076,セイノーホールディングス株式会社,229784000000,318798000000,790066000000,471267000000,NetAssets,59.65,total,471267000000,NetAssets,59.65,399085000000.0,ShareholdersEquity,50.51,87822000000,bs,87822000000.0,84064000000,187679783.0,2026-06-24,NumberOfIssuedSharesAsOfFilingDateIssuedSharesTotalNumberOfSharesEtc,S100YI52,2026-06-24,120,J-GAAP,連結,2026-03-31,2026-03-31
8207,テンアライド株式会社,3398092000,4050574000,6788534000,2737960000,NetAssets,40.33,total,2737960000,NetAssets,40.33,2183784000.0,ShareholdersEquity,32.17,2567456000,bs,2567456000.0,2567456000,40462227.0,2026-06-24,NumberOfIssuedSharesAsOfFilingDateIssuedSharesTotalNumberOfSharesEtc,S100YIGD,2026-06-24,120,J-GAAP,連結,2026-03-31,2026-03-31
3817,株式会社ＳＲＡホールディングス,35973000000,17888000000,51920000000,34031000000,NetAssets,65.55,total,34031000000,NetAssets,65.55,30443000000.0,ShareholdersEquity,58.63,20936000000,bs,20936000000.0,20224000000,15240000.0,2026-06-24,NumberOfIssuedSharesAsOfFilingDateIssuedSharesTotalNumberOfSharesEtc,S100YHQM,2026-06-24,120,J-GAAP,連結,2026-03-31,2026-03-31
2981,株式会社ランディックス,22091855000,15381978000,25252648000,9870669000,NetAssets,39.09,total,9870669000,NetAssets,39.09,9870669000.0,ShareholdersEquity,39.09,7015427000,bs,7015427000.0,5715427000,5699586.0,2026-06-24,NumberOfIssuedSharesAsOfFilingDateIssuedSharesTotalNumberOfSharesEtc,S100YHQX,2026-06-24,120,J-GAAP,連結,2026-03-31,2026-03-31
5923,高田機工株式会社,13044000000,7939819000,28871661000,20931842000,NetAssets,72.5,total,20931842000,NetAssets,72.5,17794567000.0,ShareholdersEquity,61.63,2385920000,bs,2385920000.0,2385920000,6712758.0,2026-06-24,NumberOfIssuedSharesAsOfFilingDateIssuedSharesTotalNumberOfSharesEtc,S100YI9L,2026-06-24,120,J-GAAP,個別,2026-03-31,2026-03-31
7867,株式会社タカラトミー,115544000000,52193000000,163360000000,111167000000,NetAssets,68.05,total,111167000000,NetAssets,68.05,81245000000.0,ShareholdersEquity,49.73,51086000000,bs,51086000000.0,50990000000,93616650.0,2026-06-24,NumberOfIssuedSharesAsOfFilingDateIssuedSharesTotalNumberOfSharesEtc,S100YHL0,2026-06-24,120,J-GAAP,連結,2026-03-31,2026-03-31
3773,株式会社アドバンスト・メディア,9755320000,2635514000,16651892000,14016378000,NetAssets,84.17,total,14016378000,NetAssets,84.17,13508407000.0,ShareholdersEquity,81.12,7789397000,bs,7789397000.0,5489216000,18392724.0,2026-06-24,NumberOfIssuedSharesAsOfFilingDateIssuedSharesTotalNumberOfSharesEtc,S100YGKZ,2026-06-24,120,J-GAAP,連結,2026-03-31,2026-03-31
5801,古河電気工業株式会社,595508000000,631141000000,1066372000000,435231000000,NetAssets,40.81,total,435231000000,NetAssets,40.81,356156000000.0,ShareholdersEquity,33.4,69150000000,bs,69150000000.0,70474000000,70666917.0,2026-06-24,NumberOfIssuedSharesAsOfFilingDateIssuedSharesTotalNumberOfSharesEtc,S100YCF0,2026-06-24,120,J-GAAP,連結,2026-03-31,2026-03-31
7562,株式会社安楽亭,11691053000,17481946000,25747816000,8265870000,NetAssets,32.1,total,8265870000,NetAssets,32.1,8143121000.0,ShareholdersEquity,31.63,7988510000,bs,7988510000.0,7987494000,4622868.0,2026-06-24,NumberOfIssuedSharesAsOfFilingDateIssuedSharesTotalNumberOfSharesEtc,S100YEJV,2026-06-24,120,J-GAAP,連結,2026-03-31,2026-03-31
9501,東京電力ホールディングス株式会社,2349796000000,12157251000000,15575602000000,3418351000000,NetAssets,21.95,total,3418351000000,NetAssets,21.95,2965273000000.0,ShareholdersEquity,19.04,937227000000,bs,937227000000.0,936676000000,3547017531.0,2026-06-24,NumberOfIssuedSharesAsOfFilingDateIssuedSharesTotalNumberOfSharesEtc,S100YIHR,2026-06-24,120,J-GAAP,連結,2026-03-31,2026-03-31
8803,平和不動産株式会社,93373000000,325075000000,451838000000,126763000000,NetAssets,28.05,total,126763000000,NetAssets,28.05,89916000000.0,ShareholdersEquity,19.9,19931000000,bs,19931000000.0,24425000000,71019992.0,2026-06-24,NumberOfIssuedSharesAsOfFilingDateIssuedSharesTotalNumberOfSharesEtc,S100YJ5I,2026-06-24,120,J-GAAP,連結,2026-03-31,2026-03-31
4534,持田製薬株式会社,119021000000,42394000000,182720000000,140326000000,NetAssets,76.8,total,140326000000,NetAssets,76.8,127081000000.0,ShareholdersEquity,69.55,28064000000,bs,28064000000.0,31058000000,36390000.0,2026-06-24,NumberOfIssuedSharesAsOfFilingDateIssuedSharesTotalNumberOfSharesEtc,S100YI28,2026-06-24,120,J-GAAP,連結,2026-03-31,2026-03-31
3346,ヒロタグループホールディングス株式会社,698799000,916978000,1071160000,154181000,NetAssets,14.39,total,154181000,NetAssets,14.39,154181000.0,ShareholdersEquity,14.39,218786000,bs,218786000.0,218786000,26306253.0,2026-06-24,NumberOfIssuedSharesAsOfFilingDateIssuedSharesTotalNumberOfSharesEtc,S100YI7T,2026-06-24,120,J-GAAP,連結,2026-03-31,2026-03-31
5713,住友金属鉱山株式会社,1180611000000,1267008000000,3559006000000,2291998000000,EquityIFRS,64.4,total,2291998000000,EquityIFRS,64.4,2074835000000.0,EquityAttributableToOwnersOfParentIFRS,58.3,116768000000,cf,,116768000000,290814015.0,2026-06-24,NumberOfIssuedSharesAsOfFilingDateIssuedSharesTotalNumberOfSharesEtc,S100YJ6N,2026-06-24,120,IFRS,連結,2026-03-31,2026-03-31
9048,名古屋鉄道株式会社,272392000000,1067616000000,1584842000000,517225000000,NetAssets,32.64,total,517225000000,NetAssets,32.64,363270000000.0,ShareholdersEquity,22.92,57291000000,bs,57291000000.0,56780000000,196700692.0,2026-06-24,NumberOfIssuedSharesAsOfFilingDateIssuedSharesTotalNumberOfSharesEtc,S100YHOL,2026-06-24,120,J-GAAP,連結,2026-03-31,2026-03-31
6307,サンセイ株式会社,3992786000,2099417000,7429240000,5329822000,NetAssets,71.74,total,5329822000,NetAssets,71.74,5329822000.0,ShareholdersEquity,71.74,991275000,bs,991275000.0,989075000,8987700.0,2026-06-24,NumberOfIssuedSharesAsOfFilingDateIssuedSharesTotalNumberOfSharesEtc,S100YJ78,2026-06-24,120,J-GAAP,連結,2026-03-31,2026-03-31
4462,石原ケミカル株式会社,20616600000,5282839000,30009379000,24726539000,NetAssets,82.4,total,24726539000,NetAssets,82.4,23565697000.0,ShareholdersEquity,78.53,9168782000,bs,9168782000.0,8394270000,15153680.0,2026-06-24,NumberOfIssuedSharesAsOfFilingDateIssuedSharesTotalNumberOfSharesEtc,S100YHRO,2026-06-24,120,J-GAAP,連結,2026-03-31,2026-03-31
7011,三菱重工業株式会社,5440426000000,5041310000000,8269711000000,3228400000000,EquityIFRS,39.04,total,3228400000000,EquityIFRS,39.04,3088566000000.0,EquityAttributableToOwnersOfParentIFRS,37.35,1334874000000,cf,,1334874000000,3373647810.0,2026-06-24,NumberOfIssuedSharesAsOfFilingDateIssuedSharesTotalNumberOfSharesEtc,S100YHZG,2026-06-24,120,IFRS,連結,2026-03-31,2026-03-31
6245,株式会社ヒラノテクシード,42895534000,18385206000,57785234000,39400027000,NetAssets,68.18,total,39400027000,NetAssets,68.18,35962054000.0,ShareholdersEquity,62.23,12131482000,bs,12131482000.0,11628482000,15394379.0,2026-06-24,NumberOfIssuedSharesAsOfFilingDateIssuedSharesTotalNumberOfSharesEtc,S100YIRK,2026-06-24,120,J-GAAP,連結,2026-03-31,2026-03-31
6538,株式会社ディスラプターズ,2226000000,1547000000,4237000000,2689000000,NetAssets,63.46,total,2689000000,NetAssets,63.46,2689000000.0,ShareholdersEquity,63.46,1538000000,bs,1538000000.0,1538000000,20996400.0,2026-06-24,NumberOfIssuedSharesAsOfFilingDateIssuedSharesTotalNumberOfSharesEtc,S100YH9V,2026-06-24,120,J-GAAP,連結,2026-03-31,2026-03-31
6347,株式会社プラコー,2359399000,1462607000,3134806000,1672199000,NetAssets,53.34,total,1672199000,NetAssets,53.34,1567149000.0,ShareholdersEquity,49.99,958300000,bs,958300000.0,848300000,10287476.0,2026-06-24,NumberOfIssuedSharesAsOfFilingDateIssuedSharesTotalNumberOfSharesEtc,S100YFZB,2026-06-24,120,J-GAAP,連結,2026-03-31,2026-03-31
5189,櫻護謨株式会社,14717220000,9608875000,19619476000,10010601000,NetAssets,51.02,total,10010601000,NetAssets,51.02,9242494000.0,ShareholdersEquity,47.11,2824215000,bs,2824215000.0,2656215000,2024000.0,2026-06-24,NumberOfIssuedSharesAsOfFilingDateIssuedSharesTotalNumberOfSharesEtc,S100YIQ8,2026-06-24,120,J-GAAP,連結,2026-03-31,2026-03-31
5958,三洋工業株式会社,17501000000,7747000000,28651000000,20904000000,NetAssets,72.96,total,20904000000,NetAssets,72.96,19863000000.0,ShareholdersEquity,69.33,7353000000,bs,7353000000.0,7303000000,2960000.0,2026-06-24,NumberOfIssuedSharesAsOfFilingDateIssuedSharesTotalNumberOfSharesEtc,S100YFD2,2026-06-24,120,J-GAAP,連結,2026-03-31,2026-03-31
8025,株式会社ツカモトコーポレーション,5963349000,15226671000,31385998000,16159327000,NetAssets,51.49,total,16159327000,NetAssets,51.49,9919630000.0,ShareholdersEquity,31.61,1325711000,bs,1325711000.0,1315711000,4069747.0,2026-06-24,NumberOfIssuedSharesAsOfFilingDateIssuedSharesTotalNumberOfSharesEtc,S100YDV3,2026-06-24,120,J-GAAP,連結,2026-03-31,2026-03-31
5976,高周波熱錬株式会社,43753000000,22768000000,88146000000,65378000000,NetAssets,74.17,total,65378000000,NetAssets,74.17,49141000000.0,ShareholdersEquity,55.75,17153000000,bs,17153000000.0,14204000000,32805400.0,2026-06-24,NumberOfIssuedSharesAsOfFilingDateIssuedSharesTotalNumberOfSharesEtc,S100YIP6,2026-06-24,120,J-GAAP,連結,2026-03-31,2026-03-31
9996,株式会社サトー商会,18036339000,9703176000,36911154000,27207977000,NetAssets,73.71,total,27207977000,NetAssets,73.71,27035799000.0,ShareholdersEquity,73.25,2578427000,bs,2578427000.0,6875896000,9152640.0,2026-06-24,NumberOfIssuedSharesAsOfFilingDateIssuedSharesTotalNumberOfSharesEtc,S100YHOR,2026-06-24,120,J-GAAP,連結,2026-03-31,2026-03-31
8897,ＭＩＲＡＲＴＨホールディングス株式会社,257954000000,329393000000,419512000000,90118000000,NetAssets,21.48,total,90118000000,NetAssets,21.48,83246000000.0,ShareholdersEquity,19.84,59027000000,bs,59027000000.0,57881000000,137940000.0,2026-06-24,NumberOfIssuedSharesAsOfFilingDateIssuedSharesTotalNumberOfSharesEtc,S100YIRG,2026-06-24,120,J-GAAP,連結,2026-03-31,2026-03-31
6724,セイコーエプソン株式会社,967933000000,681222000000,1534870000000,853648000000,EquityIFRS,55.62,total,853648000000,EquityIFRS,55.62,853503000000.0,EquityAttributableToOwnersOfParentIFRS,55.61,288582000000,cf,,288582000000,373573152.0,2026-06-24,NumberOfIssuedSharesAsOfFilingDateIssuedSharesTotalNumberOfSharesEtc,S100YJ6A,2026-06-24,120,IFRS,連結,2026-03-31,2026-03-31
2179,株式会社成学社,4322548000,5581624000,9911519000,4329894000,NetAssets,43.69,total,4329894000,NetAssets,43.69,4341257000.0,ShareholdersEquity,43.8,2584118000,bs,2584118000.0,2573779000,5876000.0,2026-06-24,NumberOfIssuedSharesAsOfFilingDateIssuedSharesTotalNumberOfSharesEtc,S100YCFW,2026-06-24,120,J-GAAP,連結,2026-03-31,2026-03-31
6342,株式会社太平製作所,5893470000,2314792000,9556241000,7241449000,NetAssets,75.78,total,7241449000,NetAssets,75.78,7163750000.0,ShareholdersEquity,74.96,1905712000,bs,1905712000.0,2186712000,1500000.0,2026-06-24,NumberOfIssuedSharesAsOfFilingDateIssuedSharesTotalNumberOfSharesEtc,S100YIVE,2026-06-24,120,J-GAAP,連結,2026-03-31,2026-03-31
8066,三谷商事株式会社,253475000000,106180000000,316073000000,209892000000,NetAssets,66.41,total,209892000000,NetAssets,66.41,181068000000.0,ShareholdersEquity,57.29,140890000000,bs,140890000000.0,116085000000,91000000.0,2026-06-24,NumberOfIssuedSharesAsOfFilingDateIssuedSharesTotalNumberOfSharesEtc,S100YJ7S,2026-06-24,120,J-GAAP,連結,2026-03-31,2026-03-31
5870,株式会社ナルネットコミュニケーションズ,5047631000,6141729000,9995434000,3853705000,NetAssets,38.55,total,3853705000,NetAssets,38.55,3848993000.0,ShareholdersEquity,38.51,1025200000,bs,1025200000.0,995180000,5332100.0,2026-06-24,NumberOfIssuedSharesAsOfFilingDateIssuedSharesTotalNumberOfSharesEtc,S100YGEJ,2026-06-24,120,J-GAAP,個別,2026-03-31,2026-03-31
8802,三菱地所株式会社,2276689000000,5688661000000,8566247000000,2877585000000,NetAssets,33.59,total,2877585000000,NetAssets,33.59,1613763000000.0,ShareholdersEquity,18.84,275957000000,bs,275957000000.0,280133000000,1217233706.0,2026-06-24,NumberOfIssuedSharesAsOfFilingDateIssuedSharesTotalNumberOfSharesEtc,S100YBLA,2026-06-24,120,J-GAAP,連結,2026-03-31,2026-03-31
9304,澁澤倉庫株式会社,27894000000,50859000000,119301000000,68441000000,NetAssets,57.37,total,68441000000,NetAssets,57.37,57428000000.0,ShareholdersEquity,48.14,11296000000,bs,11296000000.0,7900000000,60870988.0,2026-06-24,NumberOfIssuedSharesAsOfFilingDateIssuedSharesTotalNumberOfSharesEtc,S100YI5J,2026-06-24,120,J-GAAP,連結,2026-03-31,2026-03-31
7950,日本デコラックス株式会社,6192547000,2385168000,18724753000,16339585000,NetAssets,87.26,total,16339585000,NetAssets,87.26,15578004000.0,ShareholdersEquity,83.19,2835052000,bs,2835052000.0,3292348000,893000.0,2026-06-24,NumberOfIssuedSharesAsOfFilingDateIssuedSharesTotalNumberOfSharesEtc,S100YI56,2026-06-24,120,J-GAAP,個別,2026-03-31,2026-03-31
6912,菊水ホールディングス株式会社,12233719000,3424202000,19117953000,15693750000,NetAssets,82.09,total,15693750000,NetAssets,82.09,13956486000.0,ShareholdersEquity,73.0,5907031000,bs,5907031000.0,5736230000,8800000.0,2026-06-24,NumberOfIssuedSharesAsOfFilingDateIssuedSharesTotalNumberOfSharesEtc,S100YIEI,2026-06-24,120,J-GAAP,連結,2026-03-31,2026-03-31
7523,アールビバン株式会社,33244555000,20398352000,36645852000,16247499000,NetAssets,44.34,total,16247499000,NetAssets,44.34,16193196000.0,ShareholdersEquity,44.19,9078625000,bs,9078625000.0,9078630000,9152316.0,2026-06-24,NumberOfIssuedSharesAsOfFilingDateIssuedSharesTotalNumberOfSharesEtc,S100YI6G,2026-06-24,120,J-GAAP,連結,2026-03-31,2026-03-31
6855,日本電子材料株式会社,43566000000,13597000000,58476000000,44878000000,NetAssets,76.75,total,44878000000,NetAssets,76.75,43630000000.0,ShareholdersEquity,74.61,27110000000,bs,27110000000.0,26346000000,14663510.0,2026-06-24,NumberOfIssuedSharesAsOfFilingDateIssuedSharesTotalNumberOfSharesEtc,S100YHWG,2026-06-24,120,J-GAAP,連結,2026-03-31,2026-03-31
2117,ウェルネオシュガー株式会社,40835000000,28630000000,105827000000,77197000000,EquityIFRS,72.95,total,77197000000,EquityIFRS,72.95,77197000000.0,EquityAttributableToOwnersOfParentIFRS,72.95,10461000000,cf,,10461000000,32800095.0,2026-06-24,NumberOfIssuedSharesAsOfFilingDateIssuedSharesTotalNumberOfSharesEtc,S100YIPK,2026-06-24,120,IFRS,連結,2026-03-31,2026-03-31
7902,株式会社ソノコム,5570470000,800566000,10144881000,9344315000,NetAssets,92.11,total,9344315000,NetAssets,92.11,8989452000.0,ShareholdersEquity,88.61,3959129000,bs,3959129000.0,4143387000,5000000.0,2026-06-24,NumberOfIssuedSharesAsOfFilingDateIssuedSharesTotalNumberOfSharesEtc,S100YJAF,2026-06-24,120,J-GAAP,個別,2026-03-31,2026-03-31
7224,新明和工業株式会社,199542000000,170369000000,296056000000,125687000000,NetAssets,42.45,total,125687000000,NetAssets,42.45,112635000000.0,ShareholdersEquity,38.05,36057000000,bs,36057000000.0,35898000000,70000000.0,2026-06-24,NumberOfIssuedSharesAsOfFilingDateIssuedSharesTotalNumberOfSharesEtc,S100YFNV,2026-06-24,120,J-GAAP,連結,2026-03-31,2026-03-31
7122,近畿車輛株式会社,51819000000,36982000000,72937000000,35955000000,NetAssets,49.3,total,35955000000,NetAssets,49.3,29373000000.0,ShareholdersEquity,40.27,16904000000,bs,16904000000.0,16843000000,6908359.0,2026-06-24,NumberOfIssuedSharesAsOfFilingDateIssuedSharesTotalNumberOfSharesEtc,S100YI50,2026-06-24,120,J-GAAP,連結,2026-03-31,2026-03-31
2415,ヒューマンホールディングス株式会社,43532064000,32613931000,52146109000,19532177000,NetAssets,37.46,total,19532177000,NetAssets,37.46,19510540000.0,ShareholdersEquity,37.42,29131791000,bs,29131791000.0,29131791000,10377999.0,2026-06-24,NumberOfIssuedSharesAsOfFilingDateIssuedSharesTotalNumberOfSharesEtc,S100YIDK,2026-06-24,120,J-GAAP,連結,2026-03-31,2026-03-31
368A,株式会社北里コーポレーション,17147000000,1491000000,21996000000,20504000000,NetAssets,93.22,total,20504000000,NetAssets,93.22,20504000000.0,ShareholdersEquity,93.22,13414000000,bs,13414000000.0,13414000000,40000000.0,2026-06-24,NumberOfIssuedSharesAsOfFilingDateIssuedSharesTotalNumberOfSharesEtc,S100YIB6,2026-06-24,120,J-GAAP,連結,2026-03-31,2026-03-31
167A,リョーサン菱洋ホールディングス株式会社,214574000000,113911000000,250806000000,136895000000,NetAssets,54.58,total,136895000000,NetAssets,54.58,129608000000.0,ShareholdersEquity,51.68,35973000000,bs,35973000000.0,35672000000,50000000.0,2026-06-24,NumberOfIssuedSharesAsOfFilingDateIssuedSharesTotalNumberOfSharesEtc,S100YHJV,2026-06-24,120,J-GAAP,連結,2026-03-31,2026-03-31
3845,株式会社アイフリークモバイル,1359827000,395268000,1367993000,972725000,NetAssets,71.11,total,972725000,NetAssets,71.11,968665000.0,ShareholdersEquity,70.81,1041600000,bs,1041600000.0,1041600000,22239641.0,2026-06-24,NumberOfIssuedSharesAsOfFilingDateIssuedSharesTotalNumberOfSharesEtc,S100YJ02,2026-06-24,120,J-GAAP,個別,2026-03-31,2026-03-31
8129,東邦ホールディングス株式会社,571044000000,469221000000,740781000000,271560000000,NetAssets,36.66,total,271560000000,NetAssets,36.66,259465000000.0,ShareholdersEquity,35.03,87361000000,bs,87361000000.0,83286000000,73025942.0,2026-06-24,NumberOfIssuedSharesAsOfFilingDateIssuedSharesTotalNumberOfSharesEtc,S100YHSN,2026-06-24,120,J-GAAP,連結,2026-03-31,2026-03-31
8071,東海エレクトロニクス株式会社,23709493000,10987370000,29744752000,18757382000,NetAssets,63.06,total,18757382000,NetAssets,63.06,16220337000.0,ShareholdersEquity,54.53,11946209000,bs,11946209000.0,11946209000,2360263.0,2026-06-24,NumberOfIssuedSharesAsOfFilingDateIssuedSharesTotalNumberOfSharesEtc,S100YIEJ,2026-06-24,120,J-GAAP,連結,2026-03-31,2026-03-31
9033,広島電鉄株式会社,17734000000,63199000000,108722000000,45523000000,NetAssets,41.87,total,45523000000,NetAssets,41.87,17882000000.0,ShareholdersEquity,16.45,3266000000,bs,3266000000.0,3202000000,30445500.0,2026-06-24,NumberOfIssuedSharesAsOfFilingDateIssuedSharesTotalNumberOfSharesEtc,S100YI48,2026-06-24,120,J-GAAP,連結,2026-03-31,2026-03-31
4102,丸尾カルシウム株式会社,8826514000,6843237000,17134957000,10291720000,NetAssets,60.06,total,10291720000,NetAssets,60.06,7357437000.0,ShareholdersEquity,42.94,2651179000,bs,2651179000.0,1912553000,2355200.0,2026-06-24,NumberOfIssuedSharesAsOfFilingDateIssuedSharesTotalNumberOfSharesEtc,S100YFE2,2026-06-24,120,J-GAAP,連結,2026-03-31,2026-03-31
4098,チタン工業株式会社,7308000000,7869000000,13731000000,5862000000,NetAssets,42.69,total,5862000000,NetAssets,42.69,4896000000.0,ShareholdersEquity,35.66,863000000,bs,863000000.0,863000000,3027626.0,2026-06-24,NumberOfIssuedSharesAsOfFilingDateIssuedSharesTotalNumberOfSharesEtc,S100YGE8,2026-06-24,120,J-GAAP,連結,2026-03-31,2026-03-31
1827,株式会社ナカノフドー建設,72099000000,49391000000,100783000000,51392000000,NetAssets,50.99,total,51392000000,NetAssets,50.99,42808000000.0,ShareholdersEquity,42.48,30957000000,bs,30957000000.0,30803000000,34498097.0,2026-06-24,NumberOfIssuedSharesAsOfFilingDateIssuedSharesTotalNumberOfSharesEtc,S100YHMT,2026-06-24,120,J-GAAP,連結,2026-03-31,2026-03-31
6744,能美防災株式会社,117172000000,42824000000,181811000000,138986000000,NetAssets,76.45,total,138986000000,NetAssets,76.45,131569000000.0,ShareholdersEquity,72.37,35442000000,bs,35442000000.0,34589000000,60832771.0,2026-06-24,NumberOfIssuedSharesAsOfFilingDateIssuedSharesTotalNumberOfSharesEtc,S100YHTN,2026-06-24,120,J-GAAP,連結,2026-03-31,2026-03-31
8089,ナイス株式会社,106449000000,108311000000,173471000000,65159000000,NetAssets,37.56,total,65159000000,NetAssets,37.56,57760000000.0,ShareholdersEquity,33.3,21422000000,bs,21422000000.0,21780000000,12247639.0,2026-06-24,NumberOfIssuedSharesAsOfFilingDateIssuedSharesTotalNumberOfSharesEtc,S100YI3N,2026-06-24,120,J-GAAP,連結,2026-03-31,2026-03-31
6229,株式会社オーケーエム,8962002000,2538898000,13331335000,10792437000,NetAssets,80.96,total,10792437000,NetAssets,80.96,10062798000.0,ShareholdersEquity,75.48,3286312000,bs,3286312000.0,3286312000,4562200.0,2026-06-24,NumberOfIssuedSharesAsOfFilingDateIssuedSharesTotalNumberOfSharesEtc,S100YHR0,2026-06-24,120,J-GAAP,連結,2026-03-31,2026-03-31
2221,岩塚製菓株式会社,12316508000,23203592000,93055727000,69852135000,NetAssets,75.06,total,69852135000,NetAssets,75.06,27674056000.0,ShareholdersEquity,29.74,2932440000,bs,2932440000.0,2528437000,11990000.0,2026-06-24,NumberOfIssuedSharesAsOfFilingDateIssuedSharesTotalNumberOfSharesEtc,S100YJ2N,2026-06-24,120,J-GAAP,連結,2026-03-31,2026-03-31
6286,靜甲株式会社,16234275000,12280130000,29733538000,17453407000,NetAssets,58.7,total,17453407000,NetAssets,58.7,16117236000.0,ShareholdersEquity,54.21,7344364000,bs,7344364000.0,7184364000,6483323.0,2026-06-24,NumberOfIssuedSharesAsOfFilingDateIssuedSharesTotalNumberOfSharesEtc,S100YHL2,2026-06-24,120,J-GAAP,連結,2026-03-31,2026-03-31
9713,株式会社ロイヤルホテル,16191000000,15489000000,39340000000,23851000000,NetAssets,60.63,total,23851000000,NetAssets,60.63,23832000000.0,ShareholdersEquity,60.58,12010000000,bs,12010000000.0,10377000000,15428869.0,2026-06-24,NumberOfIssuedSharesAsOfFilingDateIssuedSharesTotalNumberOfSharesEtc,S100YHWF,2026-06-24,120,J-GAAP,連結,2026-03-31,2026-03-31
7284,盟和産業株式会社,12267858000,10765944000,22872863000,12106919000,NetAssets,52.93,total,12106919000,NetAssets,52.93,9290139000.0,ShareholdersEquity,40.62,4455653000,bs,4455653000.0,4655653000,3502859.0,2026-06-24,NumberOfIssuedSharesAsOfFilingDateIssuedSharesTotalNumberOfSharesEtc,S100YIWC,2026-06-24,120,J-GAAP,連結,2026-03-31,2026-03-31
7694,株式会社いつも,7688154000,7018732000,9557662000,2538930000,NetAssets,26.56,total,2538930000,NetAssets,26.56,2527181000.0,ShareholdersEquity,26.44,928548000,bs,928548000.0,928548000,5953358.0,2026-06-24,NumberOfIssuedSharesAsOfFilingDateIssuedSharesTotalNumberOfSharesEtc,S100YI9F,2026-06-24,120,J-GAAP,連結,2026-03-31,2026-03-31
2281,プリマハム株式会社,103670000000,110743000000,241280000000,130536000000,NetAssets,54.1,total,130536000000,NetAssets,54.1,111666000000.0,ShareholdersEquity,46.28,9763000000,bs,9763000000.0,5917000000,50524399.0,2026-06-24,NumberOfIssuedSharesAsOfFilingDateIssuedSharesTotalNumberOfSharesEtc,S100YDH8,2026-06-24,120,J-GAAP,連結,2026-03-31,2026-03-31
6666,リバーエレテック株式会社,6599855000,6123156000,10709660000,4586504000,NetAssets,42.83,total,4586504000,NetAssets,42.83,3988026000.0,ShareholdersEquity,37.24,2814990000,bs,2814990000.0,2182830000,8692652.0,2026-06-24,NumberOfIssuedSharesAsOfFilingDateIssuedSharesTotalNumberOfSharesEtc,S100YJ84,2026-06-24,120,J-GAAP,連結,2026-03-31,2026-03-31
9401,株式会社ＴＢＳホールディングス,270188000000,492830000000,1628220000000,1135390000000,NetAssets,69.73,total,1135390000000,NetAssets,69.73,528639000000.0,ShareholdersEquity,32.47,124230000000,bs,124230000000.0,123897000000,161091065.0,2026-06-24,NumberOfIssuedSharesAsOfFilingDateIssuedSharesTotalNumberOfSharesEtc,S100YI1U,2026-06-24,120,J-GAAP,連結,2026-03-31,2026-03-31
4078,堺化学工業株式会社,65352000000,38293000000,117216000000,78923000000,NetAssets,67.33,total,78923000000,NetAssets,67.33,72771000000.0,ShareholdersEquity,62.08,15502000000,bs,15502000000.0,15444000000,16000000.0,2026-06-24,NumberOfIssuedSharesAsOfFilingDateIssuedSharesTotalNumberOfSharesEtc,S100YICQ,2026-06-24,120,J-GAAP,連結,2026-03-31,2026-03-31
4483,株式会社ＪＭＤＣ,56568000000,74355000000,158538000000,84183000000,EquityIFRS,53.1,total,84183000000,EquityIFRS,53.1,83677000000.0,EquityAttributableToOwnersOfParentIFRS,52.78,28950000000,cf,,28950000000,65443808.0,2026-06-24,NumberOfIssuedSharesAsOfFilingDateIssuedSharesTotalNumberOfSharesEtc,S100YJCA,2026-06-24,120,IFRS,連結,2026-03-31,2026-03-31
2207,株式会社ｍｅｉｔｏ,16071000000,38155000000,100319000000,62164000000,NetAssets,61.97,total,62164000000,NetAssets,61.97,33659000000.0,ShareholdersEquity,33.55,3575000000,bs,3575000000.0,3575000000,16651708.0,2026-06-24,NumberOfIssuedSharesAsOfFilingDateIssuedSharesTotalNumberOfSharesEtc,S100YHY5,2026-06-24,120,J-GAAP,連結,2026-03-31,2026-03-31
9003,相鉄ホールディングス株式会社,181938000000,610142000000,813457000000,203314000000,NetAssets,24.99,total,203314000000,NetAssets,24.99,184590000000.0,ShareholdersEquity,22.69,18139000000,bs,18139000000.0,18019000000,98145499.0,2026-06-24,NumberOfIssuedSharesAsOfFilingDateIssuedSharesTotalNumberOfSharesEtc,S100YFL1,2026-06-24,120,J-GAAP,連結,2026-03-31,2026-03-31
3598,山喜株式会社,6822453000,6725980000,9972311000,3246330000,NetAssets,32.55,total,3246330000,NetAssets,32.55,3214563000.0,ShareholdersEquity,32.23,1663712000,bs,1663712000.0,831029000,14950074.0,2026-06-24,NumberOfIssuedSharesAsOfFilingDateIssuedSharesTotalNumberOfSharesEtc,S100YI4G,2026-06-24,120,J-GAAP,連結,2026-03-31,2026-03-31
9256,株式会社サクシード,2609046000,766813000,3391379000,2624565000,NetAssets,77.39,total,2624565000,NetAssets,77.39,2607730000.0,ShareholdersEquity,76.89,2036343000,bs,2036343000.0,2036343000,3581200.0,2026-06-24,NumberOfIssuedSharesAsOfFilingDateIssuedSharesTotalNumberOfSharesEtc,S100YJBO,2026-06-24,120,J-GAAP,連結,2026-03-31,2026-03-31
4771,株式会社エフアンドエム,8736003000,5218670000,20642114000,15423443000,NetAssets,74.72,total,15423443000,NetAssets,74.72,15391000000.0,ShareholdersEquity,74.56,6740850000,bs,6740850000.0,6740850000,15714400.0,2026-06-24,NumberOfIssuedSharesAsOfFilingDateIssuedSharesTotalNumberOfSharesEtc,S100YIXJ,2026-06-24,120,J-GAAP,連結,2026-03-31,2026-03-31
3407,旭化成株式会社,1865357000000,1972296000000,4137943000000,2165647000000,NetAssets,52.34,total,2165647000000,NetAssets,52.34,1468278000000.0,ShareholdersEquity,35.48,377023000000,bs,377023000000.0,372068000000,1365751932.0,2026-06-24,NumberOfIssuedSharesAsOfFilingDateIssuedSharesTotalNumberOfSharesEtc,S100YGRD,2026-06-24,120,J-GAAP,連結,2026-03-31,2026-03-31
8708,アイザワ証券グループ株式会社,81770000000,73837000000,124324000000,50486000000,NetAssets,40.61,total,50486000000,NetAssets,40.61,35321000000.0,ShareholdersEquity,28.41,24239000000,bs,24239000000.0,22375000000,39525649.0,2026-06-24,NumberOfIssuedSharesAsOfFilingDateIssuedSharesTotalNumberOfSharesEtc,S100YIEX,2026-06-24,120,J-GAAP,連結,2026-03-31,2026-03-31
336A,ダイナミックマッププラットフォーム株式会社,6611000000,3659000000,10889000000,7229000000,NetAssets,66.39,total,7229000000,NetAssets,66.39,6972000000.0,ShareholdersEquity,64.03,3658000000,bs,3658000000.0,3608000000,23642050.0,2026-06-24,NumberOfIssuedSharesAsOfFilingDateIssuedSharesTotalNumberOfSharesEtc,S100YITF,2026-06-24,120,J-GAAP,連結,2026-03-31,2026-03-31
6923,スタンレー電気株式会社,411055000000,237325000000,809264000000,571938000000,NetAssets,70.67,total,571938000000,NetAssets,70.67,341173000000.0,ShareholdersEquity,42.16,226985000000,bs,226985000000.0,135925000000,126000000.0,2026-06-24,NumberOfIssuedSharesAsOfFilingDateIssuedSharesTotalNumberOfSharesEtc,S100YERJ,2026-06-24,120,J-GAAP,連結,2026-03-31,2026-03-31
7717,株式会社ブイ・テクノロジー,64392000000,36726000000,72977000000,36250000000,NetAssets,49.67,total,36250000000,NetAssets,49.67,33932000000.0,ShareholdersEquity,46.5,29475000000,bs,29475000000.0,28901000000,10057600.0,2026-06-24,NumberOfIssuedSharesAsOfFilingDateIssuedSharesTotalNumberOfSharesEtc,S100YITH,2026-06-24,120,J-GAAP,連結,2026-03-31,2026-03-31
5410,合同製鐵株式会社,120357000000,111257000000,255507000000,144249000000,NetAssets,56.46,total,144249000000,NetAssets,56.46,126464000000.0,ShareholdersEquity,49.5,26504000000,bs,26504000000.0,26504000000,17145211.0,2026-06-24,NumberOfIssuedSharesAsOfFilingDateIssuedSharesTotalNumberOfSharesEtc,S100YCUF,2026-06-24,120,J-GAAP,連結,2026-03-31,2026-03-31
4624,イサム塗料株式会社,9876412000,3406263000,21885538000,18479275000,NetAssets,84.44,total,18479275000,NetAssets,84.44,17363146000.0,ShareholdersEquity,79.34,4471365000,bs,4471365000.0,4161365000,2000000.0,2026-06-24,NumberOfIssuedSharesAsOfFilingDateIssuedSharesTotalNumberOfSharesEtc,S100YJCY,2026-06-24,120,J-GAAP,連結,2026-03-31,2026-03-31
8023,ＤＡＩＫＯ　ＸＴＥＣＨ株式会社,22635384000,14285336000,28038574000,13753237000,NetAssets,49.05,total,13753237000,NetAssets,49.05,12187349000.0,ShareholdersEquity,43.47,5987862000,bs,5987862000.0,9976892000,13868408.0,2026-06-24,NumberOfIssuedSharesAsOfFilingDateIssuedSharesTotalNumberOfSharesEtc,S100YIXP,2026-06-24,120,J-GAAP,連結,2026-03-31,2026-03-31
7634,株式会社星医療酸器,14425923000,6417919000,26743855000,20325936000,NetAssets,76.0,total,20325936000,NetAssets,76.0,18644444000.0,ShareholdersEquity,69.71,11210930000,bs,11210930000.0,5910930000,3420000.0,2026-06-24,NumberOfIssuedSharesAsOfFilingDateIssuedSharesTotalNumberOfSharesEtc,S100YHH0,2026-06-24,120,J-GAAP,連結,2026-03-31,2026-03-31
7231,トピー工業株式会社,150872000000,126168000000,271578000000,145410000000,NetAssets,53.54,total,145410000000,NetAssets,53.54,115804000000.0,ShareholdersEquity,42.64,29421000000,bs,29421000000.0,27847000000,24077510.0,2026-06-24,NumberOfIssuedSharesAsOfFiscalYearEndIssuedSharesTotalNumberOfSharesEtc,S100YJBN,2026-06-24,120,J-GAAP,連結,2026-03-31,2026-03-31
6237,株式会社イワキ,37842355000,14361851000,55844439000,41482587000,NetAssets,74.28,total,41482587000,NetAssets,74.28,36052839000.0,ShareholdersEquity,64.56,9976318000,bs,9976318000.0,8888420000,22490910.0,2026-06-24,NumberOfIssuedSharesAsOfFilingDateIssuedSharesTotalNumberOfSharesEtc,S100YHPM,2026-06-24,120,J-GAAP,連結,2026-03-31,2026-03-31
5757,株式会社ＣＫサンエツ,72758000000,34871000000,97520000000,62648000000,NetAssets,64.24,total,62648000000,NetAssets,64.24,53548000000.0,ShareholdersEquity,54.91,1292000000,bs,1292000000.0,1292000000,8867000.0,2026-06-24,NumberOfIssuedSharesAsOfFilingDateIssuedSharesTotalNumberOfSharesEtc,S100YIA1,2026-06-24,120,J-GAAP,連結,2026-03-31,2026-03-31
1946,株式会社トーエネック,149742000000,158882000000,312053000000,153170000000,NetAssets,49.08,total,153170000000,NetAssets,49.08,135708000000.0,ShareholdersEquity,43.49,47820000000,bs,47820000000.0,46046000000,96649950.0,2026-06-24,NumberOfIssuedSharesAsOfFilingDateIssuedSharesTotalNumberOfSharesEtc,S100YIKH,2026-06-24,120,J-GAAP,連結,2026-03-31,2026-03-31
3002,グンゼ株式会社,69266000000,39865000000,153612000000,113746000000,NetAssets,74.05,total,113746000000,NetAssets,74.05,101636000000.0,ShareholdersEquity,66.16,9936000000,bs,9936000000.0,9936000000,31587032.0,2026-06-24,NumberOfIssuedSharesAsOfFilingDateIssuedSharesTotalNumberOfSharesEtc,S100YGEM,2026-06-24,120,J-GAAP,連結,2026-03-31,2026-03-31
6349,株式会社小森コーポレーション,121364000000,55261000000,178158000000,122896000000,NetAssets,68.98,total,122896000000,NetAssets,68.98,108861000000.0,ShareholdersEquity,61.1,50095000000,bs,50095000000.0,52851000000,53478840.0,2026-06-16,NumberOfIssuedSharesAsOfFilingDateIssuedSharesTotalNumberOfSharesEtc,S100YCBI,2026-06-16,120,J-GAAP,連結,2026-03-31,2026-03-31
1930,北陸電気工事株式会社,39788000000,15906000000,61992000000,46085000000,NetAssets,74.34,total,46085000000,NetAssets,74.34,45393000000.0,ShareholdersEquity,73.22,20012000000,bs,20012000000.0,17392000000,29963991.0,2026-06-24,NumberOfIssuedSharesAsOfFilingDateIssuedSharesTotalNumberOfSharesEtc,S100YI00,2026-06-24,120,J-GAAP,連結,2026-03-31,2026-03-31
3779,ジェイ・エスコムホールディングス株式会社,1701315000,1101047000,1780942000,679894000,NetAssets,38.18,total,679894000,NetAssets,38.18,544713000.0,ShareholdersEquity,30.59,947217000,bs,947217000.0,745483000,11567990.0,2026-06-24,NumberOfIssuedSharesAsOfFilingDateIssuedSharesTotalNumberOfSharesEtc,S100YHI1,2026-06-24,120,J-GAAP,連結,2026-03-31,2026-03-31
9407,株式会社ＲＫＢ毎日ホールディングス,17813000000,18876000000,62580000000,43704000000,NetAssets,69.84,total,43704000000,NetAssets,69.84,36466000000.0,ShareholdersEquity,58.27,7418000000,bs,7418000000.0,5057000000,2240000.0,2026-06-24,NumberOfIssuedSharesAsOfFilingDateIssuedSharesTotalNumberOfSharesEtc,S100YJDD,2026-06-24,120,J-GAAP,連結,2026-03-31,2026-03-31
6864,株式会社エヌエフホールディングス,11933859000,2474337000,16514501000,14040163000,NetAssets,85.02,total,14040163000,NetAssets,85.02,12927658000.0,ShareholdersEquity,78.28,5070245000,bs,5070245000.0,4200007000,7070000.0,2026-06-24,NumberOfIssuedSharesAsOfFilingDateIssuedSharesTotalNumberOfSharesEtc,S100YIMB,2026-06-24,120,J-GAAP,連結,2026-03-31,2026-03-31
1515,日鉄鉱業株式会社,130871000000,142789000000,310412000000,167622000000,NetAssets,54.0,total,167622000000,NetAssets,54.0,127460000000.0,ShareholdersEquity,41.06,43459000000,bs,43459000000.0,43236000000,80000000.0,2026-06-24,NumberOfIssuedSharesAsOfFilingDateIssuedSharesTotalNumberOfSharesEtc,S100YI8I,2026-06-24,120,J-GAAP,連結,2026-03-31,2026-03-31
3467,アグレ都市デザイン株式会社,37824136000,29975860000,38583056000,8607195000,NetAssets,22.31,total,8607195000,NetAssets,22.31,8607195000.0,ShareholdersEquity,22.31,7868742000,bs,7868742000.0,7868742000,5754000.0,2026-06-24,NumberOfIssuedSharesAsOfFilingDateIssuedSharesTotalNumberOfSharesEtc,S100YIPZ,2026-06-24,120,J-GAAP,連結,2026-03-31,2026-03-31
9017,新潟交通株式会社,5006202000,36702016000,56889975000,20187959000,NetAssets,35.49,total,20187959000,NetAssets,35.49,12064573000.0,ShareholdersEquity,21.21,2617679000,bs,2617679000.0,2543413000,3864000.0,2026-06-24,NumberOfIssuedSharesAsOfFilingDateIssuedSharesTotalNumberOfSharesEtc,S100YI97,2026-06-24,120,J-GAAP,連結,2026-03-31,2026-03-31
4966,上村工業株式会社,95899000000,22904000000,139570000000,116665000000,NetAssets,83.59,total,116665000000,NetAssets,83.59,100021000000.0,ShareholdersEquity,71.66,58474000000,bs,58474000000.0,51816000000,18099000.0,2026-06-24,NumberOfIssuedSharesAsOfFilingDateIssuedSharesTotalNumberOfSharesEtc,S100YIOW,2026-06-24,120,J-GAAP,連結,2026-03-31,2026-03-31
2264,森永乳業株式会社,205303000000,267367000000,547116000000,279749000000,NetAssets,51.13,total,279749000000,NetAssets,51.13,251542000000.0,ShareholdersEquity,45.98,26059000000,bs,26059000000.0,26059000000,86179786.0,2026-06-24,NumberOfIssuedSharesAsOfFilingDateIssuedSharesTotalNumberOfSharesEtc,S100YIHY,2026-06-24,120,J-GAAP,連結,2026-03-31,2026-03-31
5715,古河機械金属株式会社,115267000000,122174000000,272376000000,150201000000,NetAssets,55.14,total,150201000000,NetAssets,55.14,111246000000.0,ShareholdersEquity,40.84,21046000000,bs,21046000000.0,20352000000,32545568.0,2026-06-24,NumberOfIssuedSharesAsOfFilingDateIssuedSharesTotalNumberOfSharesEtc,S100YIDC,2026-06-24,120,J-GAAP,連結,2026-03-31,2026-03-31
1867,株式会社植木組,36751226000,24524927000,56338848000,31813920000,NetAssets,56.47,total,31813920000,NetAssets,56.47,29970022000.0,ShareholdersEquity,53.2,3864021000,bs,3864021000.0,3523070000,6873528.0,2026-06-24,NumberOfIssuedSharesAsOfFilingDateIssuedSharesTotalNumberOfSharesEtc,S100YIPR,2026-06-24,120,J-GAAP,連結,2026-03-31,2026-03-31
5269,日本コンクリート工業株式会社,27961377000,39244692000,87692096000,48447404000,NetAssets,55.25,total,48447404000,NetAssets,55.25,26876460000.0,ShareholdersEquity,30.65,7016163000,bs,7016163000.0,6899181000,57777432.0,2026-06-24,NumberOfIssuedSharesAsOfFilingDateIssuedSharesTotalNumberOfSharesEtc,S100YI1J,2026-06-24,120,J-GAAP,連結,2026-03-31,2026-03-31
1811,株式会社錢高組,101124000000,102214000000,217459000000,115244000000,NetAssets,53.0,total,115244000000,NetAssets,53.0,64309000000.0,ShareholdersEquity,29.57,25404000000,bs,25404000000.0,25404000000,7353140.0,2026-06-24,NumberOfIssuedSharesAsOfFilingDateIssuedSharesTotalNumberOfSharesEtc,S100YJ24,2026-06-24,120,J-GAAP,連結,2026-03-31,2026-03-31
5609,日本鋳造株式会社,9112000000,9862000000,21548000000,11685000000,NetAssets,54.23,total,11685000000,NetAssets,54.23,6954000000.0,ShareholdersEquity,32.27,1739000000,bs,1739000000.0,1739000000,4825050.0,2026-06-24,NumberOfIssuedSharesAsOfFilingDateIssuedSharesTotalNumberOfSharesEtc,S100YGG5,2026-06-24,120,J-GAAP,個別,2026-03-31,2026-03-31
6588,東芝テック株式会社,238192000000,260060000000,361435000000,101375000000,NetAssets,28.05,total,101375000000,NetAssets,28.05,64736000000.0,ShareholdersEquity,17.91,39513000000,bs,39513000000.0,39500000000,57629140.0,2026-06-24,NumberOfIssuedSharesAsOfFilingDateIssuedSharesTotalNumberOfSharesEtc,S100YHCF,2026-06-24,120,J-GAAP,連結,2026-03-31,2026-03-31
6918,株式会社アバールデータ,14935472000,2256613000,22570452000,20313838000,NetAssets,90.0,total,20313838000,NetAssets,90.0,17780044000.0,ShareholdersEquity,78.78,7001418000,bs,7001418000.0,4701418000,6367842.0,2026-06-25,NumberOfIssuedSharesAsOfFilingDateIssuedSharesTotalNumberOfSharesEtc,S100Y38P,2026-06-24,120,J-GAAP,個別,2026-03-31,2026-03-31
1807,株式会社佐藤渡辺,17808244000,9752179000,32672666000,22920486000,NetAssets,70.15,total,22920486000,NetAssets,70.15,18968710000.0,ShareholdersEquity,58.06,6394125000,bs,6394125000.0,6394125000,6391400.0,2026-06-24,NumberOfIssuedSharesAsOfFilingDateIssuedSharesTotalNumberOfSharesEtc,S100YJEE,2026-06-24,120,J-GAAP,連結,2026-03-31,2026-03-31
9115,明海グループ株式会社,63724677000,195100286000,292820798000,97720511000,NetAssets,33.37,total,97720511000,NetAssets,33.37,38414736000.0,ShareholdersEquity,13.12,55273295000,bs,55273295000.0,54857395000,36000000.0,2026-06-24,NumberOfIssuedSharesAsOfFilingDateIssuedSharesTotalNumberOfSharesEtc,S100YGYV,2026-06-24,120,J-GAAP,連結,2026-03-31,2026-03-31
4417,グローバルセキュリティエキスパート株式会社,6344540000,5558281000,9959520000,4401238000,NetAssets,44.19,total,4401238000,NetAssets,44.19,3992438000.0,ShareholdersEquity,40.09,1644312000,bs,1644312000.0,1637175000,15309600.0,2026-06-24,NumberOfIssuedSharesAsOfFilingDateIssuedSharesTotalNumberOfSharesEtc,S100YFEX,2026-06-24,120,J-GAAP,連結,2026-03-31,2026-03-31
6806,ヒロセ電機株式会社,233793000000,53102000000,431177000000,378075000000,EquityIFRS,87.68,total,378075000000,EquityIFRS,87.68,378075000000.0,EquityAttributableToOwnersOfParentIFRS,87.68,87335000000,cf,,87335000000,34530435.0,2026-06-24,NumberOfIssuedSharesAsOfFilingDateIssuedSharesTotalNumberOfSharesEtc,S100YJDW,2026-06-24,120,IFRS,連結,2026-03-31,2026-03-31
6623,愛知電機株式会社,91480000000,57486000000,146636000000,89149000000,NetAssets,60.8,total,89149000000,NetAssets,60.8,79081000000.0,ShareholdersEquity,53.93,25353000000,bs,25353000000.0,24401000000,9500000.0,2026-06-24,NumberOfIssuedSharesAsOfFilingDateIssuedSharesTotalNumberOfSharesEtc,S100YHJY,2026-06-24,120,J-GAAP,連結,2026-03-31,2026-03-31
4558,株式会社中京医薬品,3113785000,2707240000,5285285000,2578045000,NetAssets,48.78,total,2578045000,NetAssets,48.78,2522655000.0,ShareholdersEquity,47.73,1315035000,bs,1315035000.0,956713000,11660734.0,2026-06-24,NumberOfIssuedSharesAsOfFilingDateIssuedSharesTotalNumberOfSharesEtc,S100YJGX,2026-06-24,120,J-GAAP,個別,2026-03-31,2026-03-31
7874,レック株式会社,59136000000,54999000000,93805000000,38805000000,NetAssets,41.37,total,38805000000,NetAssets,41.37,32649000000.0,ShareholdersEquity,34.81,34697000000,bs,34697000000.0,24178000000,38165340.0,2026-06-24,NumberOfIssuedSharesAsOfFilingDateIssuedSharesTotalNumberOfSharesEtc,S100YIJB,2026-06-24,120,J-GAAP,連結,2026-03-31,2026-03-31
1945,株式会社東京エネシス,66994000000,46877000000,119329000000,72452000000,NetAssets,60.72,total,72452000000,NetAssets,60.72,67889000000.0,ShareholdersEquity,56.89,9687000000,bs,9687000000.0,9687000000,33223752.0,2026-06-24,NumberOfIssuedSharesAsOfFilingDateIssuedSharesTotalNumberOfSharesEtc,S100YJBK,2026-06-24,120,J-GAAP,連結,2026-03-31,2026-03-31
8869,明和地所株式会社,141613000000,114262000000,151157000000,36894000000,NetAssets,24.41,total,36894000000,NetAssets,24.41,36832000000.0,ShareholdersEquity,24.37,20920000000,bs,20920000000.0,20570000000,23447684.0,2026-06-24,NumberOfIssuedSharesAsOfFilingDateIssuedSharesTotalNumberOfSharesEtc,S100YJF1,2026-06-24,120,J-GAAP,連結,2026-03-31,2026-03-31
7911,ＴＯＰＰＡＮホールディングス株式会社,1173644000000,1148116000000,2558184000000,1410067000000,NetAssets,55.12,total,1410067000000,NetAssets,55.12,1169735000000.0,ShareholdersEquity,45.73,438866000000,bs,438866000000.0,411178000000,294706240.0,2026-06-24,NumberOfIssuedSharesAsOfFilingDateIssuedSharesTotalNumberOfSharesEtc,S100YIAY,2026-06-24,120,J-GAAP,連結,2026-03-31,2026-03-31
4265,Ｉｎｓｔｉｔｕｔｉｏｎ　ｆｏｒ　ａ　Ｇｌｏｂａｌ　Ｓｏｃｉｅｔｙ株式会社,641627000,170691000,649164000,478472000,NetAssets,73.71,total,478472000,NetAssets,73.71,477694000.0,ShareholdersEquity,73.59,493033000,bs,493033000.0,493033000,4767800.0,2026-06-24,NumberOfIssuedSharesAsOfFilingDateIssuedSharesTotalNumberOfSharesEtc,S100YIQZ,2026-06-24,120,J-GAAP,連結,2026-03-31,2026-03-31
5342,ジャニス工業株式会社,2428334000,3329942000,4243342000,913400000,NetAssets,21.53,total,913400000,NetAssets,21.53,229664000.0,ShareholdersEquity,5.41,387076000,bs,387076000.0,387076000,3833543.0,2026-06-24,NumberOfIssuedSharesAsOfFilingDateIssuedSharesTotalNumberOfSharesEtc,S100YJHR,2026-06-24,120,J-GAAP,連結,2026-03-31,2026-03-31
6772,東京コスモス電機株式会社,6895518000,3794353000,11519898000,7725544000,NetAssets,67.06,total,7725544000,NetAssets,67.06,5767197000.0,ShareholdersEquity,50.06,2950665000,bs,2950665000.0,2950665000,6825860.0,2026-06-24,NumberOfIssuedSharesAsOfFilingDateIssuedSharesTotalNumberOfSharesEtc,S100YJ3Z,2026-06-24,120,J-GAAP,連結,2026-03-31,2026-03-31
6926,岡谷電機産業株式会社,7766707000,7477417000,13401584000,5924167000,NetAssets,44.2,total,5924167000,NetAssets,44.2,3162738000.0,ShareholdersEquity,23.6,2591823000,bs,2591823000.0,1591823000,22921562.0,2026-06-24,NumberOfIssuedSharesAsOfFilingDateIssuedSharesTotalNumberOfSharesEtc,S100YJ7H,2026-06-24,120,J-GAAP,連結,2026-03-31,2026-03-31
5408,株式会社中山製鋼所,92021000000,43221000000,152371000000,109149000000,NetAssets,71.63,total,109149000000,NetAssets,71.63,103928000000.0,ShareholdersEquity,68.21,23245000000,bs,23245000000.0,23225000000,63079256.0,2026-06-24,NumberOfIssuedSharesAsOfFilingDateIssuedSharesTotalNumberOfSharesEtc,S100YIVA,2026-06-24,120,J-GAAP,連結,2026-03-31,2026-03-31
3023,ラサ商事株式会社,18911000000,9519000000,32952000000,23433000000,NetAssets,71.11,total,23433000000,NetAssets,71.11,22688000000.0,ShareholdersEquity,68.85,5662000000,bs,5662000000.0,5662000000,11383838.0,2026-06-24,NumberOfIssuedSharesAsOfFilingDateIssuedSharesTotalNumberOfSharesEtc,S100YJIY,2026-06-24,120,J-GAAP,連結,2026-03-31,2026-03-31
9644,株式会社タナベコンサルティンググループ,8646410000,3797019000,15169036000,11372017000,NetAssets,74.97,total,11372017000,NetAssets,74.97,10380993000.0,ShareholdersEquity,68.44,6490433000,bs,6490433000.0,6490433000,34000000.0,2026-06-24,NumberOfIssuedSharesAsOfFilingDateIssuedSharesTotalNumberOfSharesEtc,S100YJ07,2026-06-24,120,J-GAAP,連結,2026-03-31,2026-03-31
2269,明治ホールディングス株式会社,585361000000,444206000000,1261759000000,817552000000,NetAssets,64.79,total,817552000000,NetAssets,64.79,688774000000.0,ShareholdersEquity,54.59,69249000000,bs,69249000000.0,49611000000,282200000.0,2026-06-24,NumberOfIssuedSharesAsOfFilingDateIssuedSharesTotalNumberOfSharesEtc,S100YILP,2026-06-24,120,J-GAAP,連結,2026-03-31,2026-03-31
5981,東京製綱株式会社,41585000000,47880000000,89071000000,41191000000,NetAssets,46.25,total,41191000000,NetAssets,46.25,24293000000.0,ShareholdersEquity,27.27,7074000000,bs,7074000000.0,7064000000,16268242.0,2026-06-24,NumberOfIssuedSharesAsOfFilingDateIssuedSharesTotalNumberOfSharesEtc,S100YJJW,2026-06-24,120,J-GAAP,連結,2026-03-31,2026-03-31
6810,マクセル株式会社,85474000000,90284000000,180467000000,90183000000,NetAssets,49.97,total,90183000000,NetAssets,49.97,77832000000.0,ShareholdersEquity,43.13,31557000000,bs,31557000000.0,31557000000,40664000.0,2026-06-24,NumberOfIssuedSharesAsOfFilingDateIssuedSharesTotalNumberOfSharesEtc,S100YJH7,2026-06-24,120,J-GAAP,連結,2026-03-31,2026-03-31
9936,株式会社王将フードサービス,29833000000,20017000000,85087000000,65069000000,NetAssets,76.47,total,65069000000,NetAssets,76.47,64269000000.0,ShareholdersEquity,75.53,24527000000,bs,24527000000.0,24527000000,64858690.0,2026-06-24,NumberOfIssuedSharesAsOfFilingDateIssuedSharesTotalNumberOfSharesEtc,S100YHJQ,2026-06-24,120,J-GAAP,連結,2026-03-31,2026-03-31
4894,クオリプス株式会社,4420792000,353832000,5123122000,4769290000,NetAssets,93.09,total,4769290000,NetAssets,93.09,4661138000.0,ShareholdersEquity,90.98,3653482000,bs,3653482000.0,3900064000,8273376.0,2026-06-24,NumberOfIssuedSharesAsOfFilingDateIssuedSharesTotalNumberOfSharesEtc,S100YIP2,2026-06-24,120,J-GAAP,連結,2026-03-31,2026-03-31
1934,株式会社ユアテック,146772000000,73592000000,228948000000,155356000000,NetAssets,67.86,total,155356000000,NetAssets,67.86,148342000000.0,ShareholdersEquity,64.79,42095000000,bs,42095000000.0,43082000000,69191462.0,2026-06-24,NumberOfIssuedSharesAsOfFilingDateIssuedSharesTotalNumberOfSharesEtc,S100YHQP,2026-06-24,120,J-GAAP,連結,2026-03-31,2026-03-31
5940,不二サッシ株式会社,45671000000,60416000000,86185000000,25769000000,NetAssets,29.9,total,25769000000,NetAssets,29.9,21594000000.0,ShareholdersEquity,25.06,14176000000,bs,14176000000.0,12357000000,12626782.0,2026-06-24,NumberOfIssuedSharesAsOfFilingDateIssuedSharesTotalNumberOfSharesEtc,S100YIDL,2026-06-24,120,J-GAAP,連結,2026-03-31,2026-03-31
9362,兵機海運株式会社,3608000000,7388000000,13042000000,5653000000,NetAssets,43.34,total,5653000000,NetAssets,43.34,3971000000.0,ShareholdersEquity,30.45,1702000000,bs,1702000000.0,1702000000,1224000.0,2026-06-24,NumberOfIssuedSharesAsOfFilingDateIssuedSharesTotalNumberOfSharesEtc,S100YGR4,2026-06-24,120,J-GAAP,個別,2026-03-31,2026-03-31
9880,イノテック株式会社,34835483000,20934845000,48048396000,27113551000,NetAssets,56.43,total,27113551000,NetAssets,56.43,24566980000.0,ShareholdersEquity,51.13,8534673000,bs,8534673000.0,8282464000,13700000.0,2026-06-24,NumberOfIssuedSharesAsOfFilingDateIssuedSharesTotalNumberOfSharesEtc,S100YJ5D,2026-06-24,120,J-GAAP,連結,2026-03-31,2026-03-31
6675,サクサ株式会社,30139000000,20765000000,53492000000,32727000000,NetAssets,61.18,total,32727000000,NetAssets,61.18,28316000000.0,ShareholdersEquity,52.94,10394000000,bs,10394000000.0,10394000000,18734886.0,2026-06-24,NumberOfIssuedSharesAsOfFilingDateIssuedSharesTotalNumberOfSharesEtc,S100YJLC,2026-06-24,120,J-GAAP,連結,2026-03-31,2026-03-31
6776,天昇電気工業株式会社,8939000000,10002000000,21016000000,11013000000,NetAssets,52.4,total,11013000000,NetAssets,52.4,10047000000.0,ShareholdersEquity,47.81,3241000000,bs,3241000000.0,3241000000,17014000.0,2026-06-24,NumberOfIssuedSharesAsOfFilingDateIssuedSharesTotalNumberOfSharesEtc,S100YIYI,2026-06-24,120,J-GAAP,連結,2026-03-31,2026-03-31
4042,東ソー株式会社,798066000000,489809000000,1408950000000,919141000000,NetAssets,65.24,total,919141000000,NetAssets,65.24,757698000000.0,ShareholdersEquity,53.78,179616000000,bs,179616000000.0,176571000000,325080956.0,2026-06-24,NumberOfIssuedSharesAsOfFilingDateIssuedSharesTotalNumberOfSharesEtc,S100YE5Q,2026-06-24,120,J-GAAP,連結,2026-03-31,2026-03-31
9355,株式会社リンコーコーポレーション,3616343000,19898790000,39827777000,19928986000,NetAssets,50.04,total,19928986000,NetAssets,50.04,6846071000.0,ShareholdersEquity,17.19,526959000,bs,526959000.0,516736000,2700000.0,2026-06-24,NumberOfIssuedSharesAsOfFilingDateIssuedSharesTotalNumberOfSharesEtc,S100YHZP,2026-06-24,120,J-GAAP,連結,2026-03-31,2026-03-31
4926,株式会社シーボン,4803294000,2913459000,8601618000,5688159000,NetAssets,66.13,total,5688159000,NetAssets,66.13,5510413000.0,ShareholdersEquity,64.06,3016160000,bs,3016160000.0,3016160000,4281200.0,2026-06-24,NumberOfIssuedSharesAsOfFilingDateIssuedSharesTotalNumberOfSharesEtc,S100YIUO,2026-06-24,120,J-GAAP,連結,2026-03-31,2026-03-31
7090,株式会社リグア,2243280000,2316294000,2493170000,176875000,NetAssets,7.09,total,176875000,NetAssets,7.09,176464000.0,ShareholdersEquity,7.08,1187132000,bs,1187132000.0,1153217000,1611800.0,2026-06-24,NumberOfIssuedSharesAsOfFilingDateIssuedSharesTotalNumberOfSharesEtc,S100YJLO,2026-06-24,120,J-GAAP,連結,2026-03-31,2026-03-31
7749,メディキット株式会社,33215017000,6491003000,53272034000,46781030000,NetAssets,87.82,total,46781030000,NetAssets,87.82,45654471000.0,ShareholdersEquity,85.7,20952613000,bs,20952613000.0,18652613000,15880000.0,2026-06-24,NumberOfIssuedSharesAsOfFilingDateIssuedSharesTotalNumberOfSharesEtc,S100YI2W,2026-06-24,120,J-GAAP,連結,2026-03-31,2026-03-31
8043,スターゼン株式会社,125440000000,106400000000,202134000000,95733000000,NetAssets,47.36,total,95733000000,NetAssets,47.36,89804000000.0,ShareholdersEquity,44.43,18242000000,bs,18242000000.0,18032000000,58567656.0,2026-06-24,NumberOfIssuedSharesAsOfFilingDateIssuedSharesTotalNumberOfSharesEtc,S100YIM9,2026-06-24,120,J-GAAP,連結,2026-03-31,2026-03-31
1926,ライト工業株式会社,80037000000,35044000000,125930000000,90886000000,NetAssets,72.17,total,90886000000,NetAssets,72.17,83270000000.0,ShareholdersEquity,66.12,29975000000,bs,29975000000.0,29975000000,42970450.0,2026-06-24,NumberOfIssuedSharesAsOfFilingDateIssuedSharesTotalNumberOfSharesEtc,S100YIK2,2026-06-24,120,J-GAAP,連結,2026-03-31,2026-03-31
4990,昭和化学工業株式会社,6449598000,5181846000,14569529000,9387682000,NetAssets,64.43,total,9387682000,NetAssets,64.43,7332506000.0,ShareholdersEquity,50.33,2973394000,bs,2973394000.0,2873394000,11979000.0,2026-06-24,NumberOfIssuedSharesAsOfFilingDateIssuedSharesTotalNumberOfSharesEtc,S100YJME,2026-06-24,120,J-GAAP,連結,2026-03-31,2026-03-31
6059,株式会社ウチヤマホールディングス,15864302000,16271135000,30614044000,14342908000,NetAssets,46.85,total,14342908000,NetAssets,46.85,14305293000.0,ShareholdersEquity,46.73,11091102000,bs,11091102000.0,10459236000,21618800.0,2026-06-24,NumberOfIssuedSharesAsOfFilingDateIssuedSharesTotalNumberOfSharesEtc,S100YJMS,2026-06-24,120,J-GAAP,連結,2026-03-31,2026-03-31
8898,株式会社センチュリー２１・ジャパン,6372107000,1261327000,8224108000,6962780000,NetAssets,84.66,total,6962780000,NetAssets,84.66,6689651000.0,ShareholdersEquity,81.34,566734000,bs,566734000.0,566734000,11325000.0,2026-06-24,NumberOfIssuedSharesAsOfFilingDateIssuedSharesTotalNumberOfSharesEtc,S100YJMR,2026-06-24,120,J-GAAP,個別,2026-03-31,2026-03-31
6695,株式会社キャストリコ,2185531000,1063164000,2489082000,1425918000,NetAssets,57.29,total,1425918000,NetAssets,57.29,1425918000.0,ShareholdersEquity,57.29,826044000,bs,826044000.0,815037000,2264000.0,2026-03-31,TotalNumberOfIssuedSharesSummaryOfBusinessResults,S100YJNO,2026-06-24,120,J-GAAP,個別,2026-03-31,2026-03-31
9997,株式会社ベルーナ,131458000000,188683000000,340137000000,151454000000,NetAssets,44.53,total,151454000000,NetAssets,44.53,148868000000.0,ShareholdersEquity,43.77,34531000000,bs,34531000000.0,36558000000,97244472.0,2026-06-24,NumberOfIssuedSharesAsOfFilingDateIssuedSharesTotalNumberOfSharesEtc,S100YJ5M,2026-06-24,120,J-GAAP,連結,2026-03-31,2026-03-31
3489,株式会社フェイスネットワーク,32519719000,22199813000,34587191000,12387378000,NetAssets,35.81,total,12387378000,NetAssets,35.81,12387351000.0,ShareholdersEquity,35.81,9140413000,bs,9140413000.0,9140413000,29880000.0,2026-06-24,NumberOfIssuedSharesAsOfFilingDateIssuedSharesTotalNumberOfSharesEtc,S100YHL1,2026-06-24,120,J-GAAP,連結,2026-03-31,2026-03-31
8938,グローム・ホールディングス株式会社,5237000000,622000000,7895000000,7273000000,NetAssets,92.12,total,7273000000,NetAssets,92.12,7129000000.0,ShareholdersEquity,90.3,2546000000,bs,2546000000.0,2546000000,9051000.0,2026-06-24,NumberOfIssuedSharesAsOfFilingDateIssuedSharesTotalNumberOfSharesEtc,S100YJMT,2026-06-24,120,J-GAAP,連結,2026-03-31,2026-03-31
4436,株式会社ミンカブ・ジ・インフォノイド,2451614000,8552271000,9996904000,1444632000,NetAssets,14.45,total,1444632000,NetAssets,14.45,1171719000.0,ShareholdersEquity,11.72,1303068000,bs,1303068000.0,1303068000,15369700.0,2026-06-24,NumberOfIssuedSharesAsOfFilingDateIssuedSharesTotalNumberOfSharesEtc,S100YJON,2026-06-24,120,J-GAAP,連結,2026-03-31,2026-03-31
3289,東急不動産ホールディングス株式会社,1476048000000,2502451000000,3419052000000,916600000000,NetAssets,26.81,total,916600000000,NetAssets,26.81,788423000000.0,ShareholdersEquity,23.06,187813000000,bs,187813000000.0,180546000000,719830974.0,2026-06-24,NumberOfIssuedSharesAsOfFilingDateIssuedSharesTotalNumberOfSharesEtc,S100YHXW,2026-06-24,120,J-GAAP,連結,2026-03-31,2026-03-31
3979,株式会社うるる,5610030000,4353165000,8049980000,3696815000,NetAssets,45.92,total,3696815000,NetAssets,45.92,3695117000.0,ShareholdersEquity,45.9,4580759000,bs,4580759000.0,4580759000,27701600.0,2026-06-24,NumberOfIssuedSharesAsOfFilingDateIssuedSharesTotalNumberOfSharesEtc,S100YJOL,2026-06-24,120,J-GAAP,連結,2026-03-31,2026-03-31
9513,電源開発株式会社,666243000000,2205224000000,3739701000000,1534476000000,NetAssets,41.03,total,1534476000000,NetAssets,41.03,1131506000000.0,ShareholdersEquity,30.26,396964000000,bs,396964000000.0,348865000000,176337900.0,2026-06-24,NumberOfIssuedSharesAsOfFilingDateIssuedSharesTotalNumberOfSharesEtc,S100YISC,2026-06-24,120,J-GAAP,連結,2026-03-31,2026-03-31
8999,グランディハウス株式会社,53049143000,43768637000,68943144000,25174506000,NetAssets,36.51,total,25174506000,NetAssets,36.51,24809213000.0,ShareholdersEquity,35.99,9937169000,bs,9937169000.0,9922635000,30823200.0,2026-06-24,NumberOfIssuedSharesAsOfFilingDateIssuedSharesTotalNumberOfSharesEtc,S100YIKY,2026-06-24,120,J-GAAP,連結,2026-03-31,2026-03-31
6436,アマノ株式会社,123535000000,53883000000,193096000000,139212000000,NetAssets,72.09,total,139212000000,NetAssets,72.09,123869000000.0,ShareholdersEquity,64.15,60786000000,bs,60786000000.0,48873000000,71106129.0,2026-06-24,NumberOfIssuedSharesAsOfFilingDateIssuedSharesTotalNumberOfSharesEtc,S100YJFL,2026-06-24,120,J-GAAP,連結,2026-03-31,2026-03-31
3183,ウイン・パートナーズ株式会社,42862145000,27341833000,50632099000,23290266000,NetAssets,46.0,total,23290266000,NetAssets,46.0,23039495000.0,ShareholdersEquity,45.5,15931743000,bs,15931743000.0,10931743000,30503310.0,2026-06-24,NumberOfIssuedSharesAsOfFilingDateIssuedSharesTotalNumberOfSharesEtc,S100YEHT,2026-06-24,120,J-GAAP,連結,2026-03-31,2026-03-31
6485,前澤給装工業株式会社,29702000000,6842000000,47573000000,40730000000,NetAssets,85.62,total,40730000000,NetAssets,85.62,37486000000.0,ShareholdersEquity,78.8,9737000000,bs,9737000000.0,9737000000,21500000.0,2026-06-24,NumberOfIssuedSharesAsOfFilingDateIssuedSharesTotalNumberOfSharesEtc,S100YIVJ,2026-06-24,120,J-GAAP,個別,2026-03-31,2026-03-31
5956,トーソー株式会社,16858337000,7219623000,23070259000,15850635000,NetAssets,68.71,total,15850635000,NetAssets,68.71,13974941000.0,ShareholdersEquity,60.58,4422486000,bs,4422486000.0,4099221000,10000000.0,2026-06-24,NumberOfIssuedSharesAsOfFilingDateIssuedSharesTotalNumberOfSharesEtc,S100YHLG,2026-06-24,120,J-GAAP,連結,2026-03-31,2026-03-31
2148,アイティメディア株式会社,8140404000,1881276000,10546170000,8664894000,EquityIFRS,82.16,total,8664894000,EquityIFRS,82.16,8664894000.0,EquityAttributableToOwnersOfParentIFRS,82.16,5936942000,cf,,5936942000,21132400.0,2026-06-24,NumberOfIssuedSharesAsOfFilingDateIssuedSharesTotalNumberOfSharesEtc,S100YHX3,2026-06-24,120,IFRS,連結,2026-03-31,2026-03-31
3542,株式会社ベガコーポレーション,7180678000,2153347000,9392758000,7239411000,NetAssets,77.07,total,7239411000,NetAssets,77.07,7154179000.0,ShareholdersEquity,76.17,1901610000,bs,1901610000.0,1997664000,10749600.0,2026-06-24,NumberOfIssuedSharesAsOfFilingDateIssuedSharesTotalNumberOfSharesEtc,S100YIJ8,2026-06-24,120,J-GAAP,個別,2026-03-31,2026-03-31
6707,サンケン電気株式会社,108872000000,119491000000,239456000000,119965000000,NetAssets,50.1,total,119965000000,NetAssets,50.1,102210000000.0,ShareholdersEquity,42.68,34840000000,bs,34840000000.0,34840000000,20925360.0,2026-06-24,NumberOfIssuedSharesAsOfFilingDateIssuedSharesTotalNumberOfSharesEtc,S100YI8X,2026-06-24,120,J-GAAP,連結,2026-03-31,2026-03-31
5033,株式会社ヌーラボ,3771876000,2540951000,4519483000,1978532000,NetAssets,43.78,total,1978532000,NetAssets,43.78,1918435000.0,ShareholdersEquity,42.45,2975985000,bs,2975985000.0,2975985000,6484101.0,2026-06-24,NumberOfIssuedSharesAsOfFilingDateIssuedSharesTotalNumberOfSharesEtc,S100YH55,2026-06-24,120,J-GAAP,連結,2026-03-31,2026-03-31
3182,オイシックス・ラ・大地株式会社,53235000000,79067000000,108137000000,29069000000,NetAssets,26.88,total,29069000000,NetAssets,26.88,26110000000.0,ShareholdersEquity,24.15,21263000000,bs,21263000000.0,21091000000,36940000.0,2026-06-24,NumberOfIssuedSharesAsOfFilingDateIssuedSharesTotalNumberOfSharesEtc,S100YJ0Y,2026-06-24,120,J-GAAP,連結,2026-03-31,2026-03-31
5021,コスモエネルギーホールディングス株式会社,1080905000000,1460795000000,2196556000000,735761000000,NetAssets,33.5,total,735761000000,NetAssets,33.5,610054000000.0,ShareholdersEquity,27.77,165904000000,bs,165904000000.0,81770000000,165041722.0,2026-06-24,NumberOfIssuedSharesAsOfFilingDateIssuedSharesTotalNumberOfSharesEtc,S100YI3A,2026-06-24,120,J-GAAP,連結,2026-03-31,2026-03-31
9780,株式会社ハリマビステム,10023419000,7275361000,17241499000,9966138000,NetAssets,57.8,total,9966138000,NetAssets,57.8,9756541000.0,ShareholdersEquity,56.59,4332183000,bs,4332183000.0,3580683000,9624490.0,2026-06-24,NumberOfIssuedSharesAsOfFilingDateIssuedSharesTotalNumberOfSharesEtc,S100Y7GN,2026-06-24,120,J-GAAP,連結,2026-03-31,2026-03-31
4598,ＤｅｌｔａーＦｌｙ　Ｐｈａｒｍａ株式会社,207937000,212690000,246670000,33980000,NetAssets,13.78,total,33980000,NetAssets,13.78,30959000.0,ShareholdersEquity,12.55,145453000,bs,145453000.0,145453000,14225000.0,2026-06-24,NumberOfIssuedSharesAsOfFilingDateIssuedSharesTotalNumberOfSharesEtc,S100YJOM,2026-06-24,120,J-GAAP,個別,2026-03-31,2026-03-31
7127,株式会社一家ホールディングス,2664489000,5502274000,6523667000,1021392000,NetAssets,15.66,total,1021392000,NetAssets,15.66,936914000.0,ShareholdersEquity,14.36,1860885000,bs,1860885000.0,1701901000,7351800.0,2026-06-24,NumberOfIssuedSharesAsOfFilingDateIssuedSharesTotalNumberOfSharesEtc,S100YHIO,2026-06-24,120,J-GAAP,連結,2026-03-31,2026-03-31
195A,株式会社ＭＵＳＣＡＴ　ＧＲＯＵＰ,2620440000,4562272000,5648878000,1086606000,NetAssets,19.24,total,1086606000,NetAssets,19.24,1141833000.0,ShareholdersEquity,20.21,689619000,bs,689619000.0,689619000,3418520.0,2026-06-24,NumberOfIssuedSharesAsOfFilingDateIssuedSharesTotalNumberOfSharesEtc,S100YGM7,2026-06-24,120,J-GAAP,連結,2026-03-31,2026-03-31
9445,株式会社フォーバルテレコム,8038962000,6787820000,10728985000,3941165000,NetAssets,36.73,total,3941165000,NetAssets,36.73,3941165000.0,ShareholdersEquity,36.73,1176785000,bs,1176785000.0,1176785000,16757700.0,2026-06-24,NumberOfIssuedSharesAsOfFilingDateIssuedSharesTotalNumberOfSharesEtc,S100YJ9I,2026-06-24,120,J-GAAP,連結,2026-03-31,2026-03-31
9409,株式会社テレビ朝日ホールディングス,185174000000,113422000000,581109000000,467686000000,NetAssets,80.48,total,467686000000,NetAssets,80.48,417080000000.0,ShareholdersEquity,71.77,36234000000,bs,36234000000.0,44230000000,108529000.0,2026-06-24,NumberOfIssuedSharesAsOfFilingDateIssuedSharesTotalNumberOfSharesEtc,S100YCD2,2026-06-24,120,J-GAAP,連結,2026-03-31,2026-03-31
9799,旭情報サービス株式会社,10221038000,3054956000,15235593000,12180636000,NetAssets,79.95,total,12180636000,NetAssets,79.95,12025321000.0,ShareholdersEquity,78.93,5842779000,bs,5842779000.0,5342779000,16529700.0,2026-06-24,NumberOfIssuedSharesAsOfFilingDateIssuedSharesTotalNumberOfSharesEtc,S100YHT5,2026-06-24,120,J-GAAP,個別,2026-03-31,2026-03-31
1904,大成温調株式会社,35644925000,21160880000,51892585000,30731705000,NetAssets,59.22,total,30731705000,NetAssets,59.22,27430421000.0,ShareholdersEquity,52.86,18978944000,bs,18978944000.0,18448628000,6882487.0,2026-06-24,NumberOfIssuedSharesAsOfFilingDateIssuedSharesTotalNumberOfSharesEtc,S100YIC7,2026-06-24,120,J-GAAP,連結,2026-03-31,2026-03-31
9311,アサガミ株式会社,13748530000,21872907000,45456708000,23583801000,NetAssets,51.88,total,23583801000,NetAssets,51.88,16164015000.0,ShareholdersEquity,35.56,7456102000,bs,7456102000.0,7456102000,1418000.0,2026-06-24,NumberOfIssuedSharesAsOfFilingDateIssuedSharesTotalNumberOfSharesEtc,S100YIGL,2026-06-24,120,J-GAAP,連結,2026-03-31,2026-03-31
4416,株式会社Ｔｒｕｅ　Ｄａｔａ,1315188000,370161000,1534079000,1163917000,NetAssets,75.87,total,1163917000,NetAssets,75.87,1163917000.0,ShareholdersEquity,75.87,971079000,bs,971079000.0,971079000,4841200.0,2026-06-24,NumberOfIssuedSharesAsOfFilingDateIssuedSharesTotalNumberOfSharesEtc,S100YI9P,2026-06-24,120,J-GAAP,個別,2026-03-31,2026-03-31
3825,株式会社リミックスポイント,23374000000,3732000000,27721000000,23988000000,NetAssets,86.53,total,23988000000,NetAssets,86.53,23979000000.0,ShareholdersEquity,86.5,1993000000,bs,1993000000.0,1994000000,149044800.0,2026-06-24,NumberOfIssuedSharesAsOfFilingDateIssuedSharesTotalNumberOfSharesEtc,S100YJHT,2026-06-24,120,J-GAAP,連結,2026-03-31,2026-03-31
9505,北陸電力株式会社,367918000000,1390764000000,1842067000000,451303000000,NetAssets,24.5,total,451303000000,NetAssets,24.5,398548000000.0,ShareholdersEquity,21.64,185484000000,bs,185484000000.0,92984000000,210333694.0,2026-06-24,NumberOfIssuedSharesAsOfFilingDateIssuedSharesTotalNumberOfSharesEtc,S100YE68,2026-06-24,120,J-GAAP,連結,2026-03-31,2026-03-31
6185,ＳＭＮ株式会社,4999758000,2140467000,6549053000,4408586000,NetAssets,67.32,total,4408586000,NetAssets,67.32,4451321000.0,ShareholdersEquity,67.97,3187997000,bs,3187997000.0,3187997000,14777555.0,2026-06-24,NumberOfIssuedSharesAsOfFilingDateIssuedSharesTotalNumberOfSharesEtc,S100YIYU,2026-06-24,120,J-GAAP,連結,2026-03-31,2026-03-31
9605,東映株式会社,195429000000,113412000000,499129000000,385717000000,NetAssets,77.28,total,385717000000,NetAssets,77.28,228942000000.0,ShareholdersEquity,45.87,126613000000,bs,126613000000.0,109995000000,73844545.0,2026-06-24,NumberOfIssuedSharesAsOfFilingDateIssuedSharesTotalNumberOfSharesEtc,S100YI7S,2026-06-24,120,J-GAAP,連結,2026-03-31,2026-03-31
5706,三井金属株式会社,423466000000,276571000000,697481000000,420910000000,NetAssets,60.35,total,420910000000,NetAssets,60.35,392333000000.0,ShareholdersEquity,56.25,58271000000,bs,58271000000.0,58271000000,57415430.0,2026-06-24,NumberOfIssuedSharesAsOfFilingDateIssuedSharesTotalNumberOfSharesEtc,S100YBQV,2026-06-24,120,J-GAAP,連結,2026-03-31,2026-03-31
7111,ＩＮＥＳＴ株式会社,5000000000,6119000000,11223000000,5103000000,EquityIFRS,45.47,total,5103000000,EquityIFRS,45.47,5103000000.0,EquityAttributableToOwnersOfParentIFRS,45.47,2096000000,cf,,2096000000,7306432.0,2026-06-24,NumberOfIssuedSharesAsOfFilingDateIssuedSharesTotalNumberOfSharesEtc,S100YJEX,2026-06-24,120,IFRS,連結,2026-03-31,2026-03-31
3109,シキボウ株式会社,34794000000,57739000000,93964000000,36224000000,NetAssets,38.55,total,36224000000,NetAssets,38.55,22599000000.0,ShareholdersEquity,24.05,6407000000,bs,6407000000.0,6344000000,12810829.0,2026-06-24,NumberOfIssuedSharesAsOfFilingDateIssuedSharesTotalNumberOfSharesEtc,S100YGL9,2026-06-24,120,J-GAAP,連結,2026-03-31,2026-03-31
4288,株式会社アズジェント,1491117000,1263318000,1769177000,505858000,NetAssets,28.59,total,505858000,NetAssets,28.59,499164000.0,ShareholdersEquity,28.21,686281000,bs,686281000.0,686281000,3815734.0,2026-06-24,NumberOfIssuedSharesAsOfFilingDateIssuedSharesTotalNumberOfSharesEtc,S100YGM0,2026-06-24,120,J-GAAP,個別,2026-03-31,2026-03-31
9843,株式会社ニトリホールディングス,397898000000,582713000000,1571284000000,988570000000,EquityIFRS,62.91,total,988570000000,EquityIFRS,62.91,988559000000.0,EquityAttributableToOwnersOfParentIFRS,62.91,145010000000,cf,,145010000000,572217480.0,2026-06-24,NumberOfIssuedSharesAsOfFilingDateIssuedSharesTotalNumberOfSharesEtc,S100YIMF,2026-06-24,120,IFRS,連結,2026-03-31,2026-03-31
9735,セコム株式会社,981653000000,730444000000,2230127000000,1499682000000,NetAssets,67.25,total,1499682000000,NetAssets,67.25,1201567000000.0,ShareholdersEquity,53.88,394981000000,bs,394981000000.0,406675000000,466599796.0,2026-06-24,NumberOfIssuedSharesAsOfFilingDateIssuedSharesTotalNumberOfSharesEtc,S100YICV,2026-06-24,120,J-GAAP,連結,2026-03-31,2026-03-31
8699,ＨＳホールディングス株式会社,43257000000,31360000000,131996000000,100635000000,NetAssets,76.24,total,100635000000,NetAssets,76.24,102690000000.0,ShareholdersEquity,77.8,18797000000,bs,18797000000.0,18536000000,40953500.0,2026-06-24,NumberOfIssuedSharesAsOfFilingDateIssuedSharesTotalNumberOfSharesEtc,S100YJQ6,2026-06-24,120,J-GAAP,連結,2026-03-31,2026-03-31
7276,株式会社小糸製作所,557452000000,230115000000,906201000000,676086000000,NetAssets,74.61,total,676086000000,NetAssets,74.61,484687000000.0,ShareholdersEquity,53.49,264918000000,bs,264918000000.0,125271000000,307833172.0,2026-06-24,NumberOfIssuedSharesAsOfFilingDateIssuedSharesTotalNumberOfSharesEtc,S100YHHQ,2026-06-24,120,J-GAAP,連結,2026-03-31,2026-03-31
2673,夢みつけ隊株式会社,696494000,756588000,3651179000,2894590000,NetAssets,79.28,total,2894590000,NetAssets,79.28,2530199000.0,ShareholdersEquity,69.3,23204000,bs,23204000.0,23204000,10458000.0,2026-06-24,NumberOfIssuedSharesAsOfFilingDateIssuedSharesTotalNumberOfSharesEtc,S100YE9G,2026-06-24,120,J-GAAP,連結,2026-03-31,2026-03-31
6659,株式会社メディアリンクス,2835249000,557129000,3076616000,2519487000,NetAssets,81.89,total,2519487000,NetAssets,81.89,2069977000.0,ShareholdersEquity,67.28,771875000,bs,771875000.0,575479000,78695300.0,2026-06-24,NumberOfIssuedSharesAsOfFilingDateIssuedSharesTotalNumberOfSharesEtc,S100YHY4,2026-06-24,120,J-GAAP,連結,2026-03-31,2026-03-31
3442,株式会社ＭＩＥコーポレーション,5343957000,5152352000,8438753000,3286401000,NetAssets,38.94,total,3286401000,NetAssets,38.94,2091587000.0,ShareholdersEquity,24.79,1057348000,bs,1057348000.0,1019512000,1209000.0,2026-06-24,NumberOfIssuedSharesAsOfFilingDateIssuedSharesTotalNumberOfSharesEtc,S100YGQT,2026-06-24,120,J-GAAP,連結,2026-03-31,2026-03-31
5121,藤倉コンポジット株式会社,29869541000,12085530000,50690143000,38604612000,NetAssets,76.16,total,38604612000,NetAssets,76.16,31874118000.0,ShareholdersEquity,62.88,11879001000,bs,11879001000.0,11879001000,20074968.0,2026-06-24,NumberOfIssuedSharesAsOfFilingDateIssuedSharesTotalNumberOfSharesEtc,S100YJDM,2026-06-24,120,J-GAAP,連結,2026-03-31,2026-03-31
1443,技研ホールディングス株式会社,3573213000,5353576000,18276139000,12922563000,NetAssets,70.71,total,12922563000,NetAssets,70.71,11180034000.0,ShareholdersEquity,61.17,1482660000,bs,1482660000.0,1394231000,16237977.0,2026-06-24,NumberOfIssuedSharesAsOfFilingDateIssuedSharesTotalNumberOfSharesEtc,S100YEE3,2026-06-24,120,J-GAAP,連結,2026-03-31,2026-03-31
6794,フォスター電機株式会社,83529000000,35318000000,112244000000,76926000000,NetAssets,68.53,total,76926000000,NetAssets,68.53,52728000000.0,ShareholdersEquity,46.98,20235000000,bs,20235000000.0,20451000000,25000000.0,2026-06-24,NumberOfIssuedSharesAsOfFilingDateIssuedSharesTotalNumberOfSharesEtc,S100YJIM,2026-06-24,120,J-GAAP,連結,2026-03-31,2026-03-31
7318,セレンディップ・ホールディングス株式会社,28824099000,40592077000,57655249000,17063171000,NetAssets,29.6,total,17063171000,NetAssets,29.6,11053385000.0,ShareholdersEquity,19.17,13583533000,bs,13583533000.0,13162333000,19062316.0,2026-06-24,NumberOfIssuedSharesAsOfFilingDateIssuedSharesTotalNumberOfSharesEtc,S100YI8U,2026-06-24,120,J-GAAP,連結,2026-03-31,2026-03-31
9887,株式会社松屋フーズホールディングス,50260575000,83119190000,140787160000,57667969000,NetAssets,40.96,total,57667969000,NetAssets,40.96,57537144000.0,ShareholdersEquity,40.87,30684158000,bs,30684158000.0,28234158000,20595468.0,2026-06-24,NumberOfIssuedSharesAsOfFilingDateIssuedSharesTotalNumberOfSharesEtc,S100YJ71,2026-06-24,120,J-GAAP,連結,2026-03-31,2026-03-31
6981,株式会社村田製作所,1581393000000,481289000000,3199099000000,2717810000000,EquityIFRS,84.96,total,2717810000000,EquityIFRS,84.96,2718743000000.0,EquityAttributableToOwnersOfParentIFRS,84.98,653701000000,cf,,653701000000,1963001843.0,2026-06-24,NumberOfIssuedSharesAsOfFilingDateIssuedSharesTotalNumberOfSharesEtc,S100YHPY,2026-06-24,120,IFRS,連結,2026-03-31,2026-03-31
3929,ソーシャルワイヤー株式会社,1948105000,1664623000,3471343000,1806719000,NetAssets,52.05,total,1806719000,NetAssets,52.05,1773217000.0,ShareholdersEquity,51.08,1268755000,bs,1268755000.0,1268755000,11844800.0,2026-06-24,NumberOfIssuedSharesAsOfFilingDateIssuedSharesTotalNumberOfSharesEtc,S100YF9R,2026-06-24,120,J-GAAP,連結,2026-03-31,2026-03-31
4275,株式会社カーリット,21524000000,17881000000,57674000000,39793000000,NetAssets,69.0,total,39793000000,NetAssets,69.0,32722000000.0,ShareholdersEquity,56.74,3994000000,bs,3994000000.0,3837000000,22940600.0,2026-06-24,NumberOfIssuedSharesAsOfFilingDateIssuedSharesTotalNumberOfSharesEtc,S100YIGR,2026-06-24,120,J-GAAP,連結,2026-03-31,2026-03-31
7734,理研計器株式会社,64996529000,15666785000,101050633000,85383848000,NetAssets,84.5,total,85383848000,NetAssets,84.5,77191408000.0,ShareholdersEquity,76.39,17428323000,bs,17428323000.0,24407868000,47322000.0,2026-06-24,NumberOfIssuedSharesAsOfFilingDateIssuedSharesTotalNumberOfSharesEtc,S100YIB1,2026-06-24,120,J-GAAP,連結,2026-03-31,2026-03-31
8801,三井不動産株式会社,3245095000000,6718630000000,10103474000000,3384844000000,NetAssets,33.5,total,3384844000000,NetAssets,33.5,2508639000000.0,ShareholdersEquity,24.83,82354000000,bs,82354000000.0,82317000000,2718535953.0,2026-06-24,NumberOfIssuedSharesAsOfFilingDateIssuedSharesTotalNumberOfSharesEtc,S100YHUO,2026-06-24,120,J-GAAP,連結,2026-03-31,2026-03-31
160A,株式会社アズパートナーズ,15315513000,19189928000,24361577000,5171648000,NetAssets,21.23,total,5171648000,NetAssets,21.23,5167505000.0,ShareholdersEquity,21.21,4071656000,bs,4071656000.0,3132834000,3587400.0,2026-06-24,NumberOfIssuedSharesAsOfFilingDateIssuedSharesTotalNumberOfSharesEtc,S100YIQV,2026-06-24,120,J-GAAP,個別,2026-03-31,2026-03-31
8306,株式会社三菱ＵＦＪフィナンシャル・グループ,1010317000000,407987396000000,431731548000000,23744152000000,NetAssets,5.5,total,23744152000000,NetAssets,5.5,17357770000000.0,ShareholdersEquity,4.02,370492000000,bs,370492000000.0,90045500000000,11867710920.0,2026-06-24,NumberOfIssuedSharesAsOfFilingDateIssuedSharesTotalNumberOfSharesEtc,S100YJQO,2026-06-24,120,J-GAAP,個別,2026-03-31,2026-03-31
2137,株式会社光ハイツ・ヴェラス,5749501000,4019372000,7049848000,3030475000,NetAssets,42.99,total,3030475000,NetAssets,42.99,3030475000.0,ShareholdersEquity,42.99,5161537000,bs,5161537000.0,2535074000,2089200.0,2026-06-24,NumberOfIssuedSharesAsOfFilingDateIssuedSharesTotalNumberOfSharesEtc,S100YIGV,2026-06-24,120,J-GAAP,個別,2026-03-31,2026-03-31
3395,株式会社サンマルクホールディングス,22284249000,38965039000,70453204000,31488164000,NetAssets,44.69,total,31488164000,NetAssets,44.69,31360573000.0,ShareholdersEquity,44.51,14872968000,bs,14872968000.0,14872968000,22941111.0,2026-06-24,NumberOfIssuedSharesAsOfFilingDateIssuedSharesTotalNumberOfSharesEtc,S100YI0O,2026-06-24,120,J-GAAP,連結,2026-03-31,2026-03-31
6479,ミネベアミツミ株式会社,1028731000000,903806000000,1814837000000,911031000000,EquityIFRS,50.2,total,911031000000,EquityIFRS,50.2,898971000000.0,EquityAttributableToOwnersOfParentIFRS,49.53,227522000000,cf,,227522000000,427080606.0,2026-06-24,NumberOfIssuedSharesAsOfFilingDateIssuedSharesTotalNumberOfSharesEtc,S100YISS,2026-06-24,120,IFRS,連結,2026-03-31,2026-03-31
6549,ディーエムソリューションズ株式会社,5749951000,5852533000,9775540000,3923006000,NetAssets,40.13,total,3923006000,NetAssets,40.13,3805223000.0,ShareholdersEquity,38.93,1631160000,bs,1631160000.0,1631160000,2851000.0,2026-06-24,NumberOfIssuedSharesAsOfFilingDateIssuedSharesTotalNumberOfSharesEtc,S100YJGW,2026-06-24,120,J-GAAP,連結,2026-03-31,2026-03-31
2224,株式会社コモ,1563874000,2597800000,4739041000,2141240000,NetAssets,45.18,total,2141240000,NetAssets,45.18,3998855000.0,ShareholdersEquity,84.38,313692000,bs,313692000.0,313692000,3630000.0,2026-06-24,NumberOfIssuedSharesAsOfFilingDateIssuedSharesTotalNumberOfSharesEtc,S100YICN,2026-06-24,120,J-GAAP,連結,2026-03-31,2026-03-31
9408,株式会社ＢＳＮメディアホールディングス,16530456000,8927480000,36937572000,28010091000,NetAssets,75.83,total,28010091000,NetAssets,75.83,23099709000.0,ShareholdersEquity,62.54,9572894000,bs,9572894000.0,9374540000,6000000.0,2026-06-24,NumberOfIssuedSharesAsOfFilingDateIssuedSharesTotalNumberOfSharesEtc,S100YHOV,2026-06-24,120,J-GAAP,連結,2026-03-31,2026-03-31
9012,秩父鉄道株式会社,2452585000,12174423000,17694366000,5519943000,NetAssets,31.2,total,5519943000,NetAssets,31.2,-1600213000.0,ShareholdersEquity,-9.04,790988000,bs,790988000.0,790988000,1500000.0,2026-06-24,NumberOfIssuedSharesAsOfFilingDateIssuedSharesTotalNumberOfSharesEtc,S100YIV6,2026-06-24,120,J-GAAP,連結,2026-03-31,2026-03-31
8830,住友不動産株式会社,1227086000000,4714979000000,7185691000000,2470712000000,NetAssets,34.38,total,2470712000000,NetAssets,34.38,2029449000000.0,ShareholdersEquity,28.24,59172000000,bs,59172000000.0,58286000000,936000000.0,2026-06-24,NumberOfIssuedSharesAsOfFilingDateIssuedSharesTotalNumberOfSharesEtc,S100YI5D,2026-06-24,120,J-GAAP,連結,2026-03-31,2026-03-31
5983,イワブチ株式会社,13504143000,5696944000,27274106000,21577161000,NetAssets,79.11,total,21577161000,NetAssets,79.11,18194791000.0,ShareholdersEquity,66.71,6241683000,bs,6241683000.0,5125238000,1100000.0,2026-06-24,NumberOfIssuedSharesAsOfFilingDateIssuedSharesTotalNumberOfSharesEtc,S100YHYU,2026-06-24,120,J-GAAP,連結,2026-03-31,2026-03-31
5016,ＪＸ金属株式会社,623194000000,667079000000,1505337000000,838258000000,EquityIFRS,55.69,total,838258000000,EquityIFRS,55.69,726488000000.0,EquityAttributableToOwnersOfParentIFRS,48.26,66306000000,cf,,66306000000,953183210.0,2026-06-24,NumberOfIssuedSharesAsOfFilingDateIssuedSharesTotalNumberOfSharesEtc,S100YINW,2026-06-24,120,IFRS,連結,2026-03-31,2026-03-31
6941,山一電機株式会社,40489221000,16546878000,63253053000,46706174000,NetAssets,73.84,total,46706174000,NetAssets,73.84,42374230000.0,ShareholdersEquity,66.99,17790585000,bs,17790585000.0,17237863000,20529775.0,2026-06-24,NumberOfIssuedSharesAsOfFilingDateIssuedSharesTotalNumberOfSharesEtc,S100YHIH,2026-06-24,120,J-GAAP,連結,2026-03-31,2026-03-31
7537,丸文株式会社,129298000000,82211000000,145001000000,62790000000,NetAssets,43.3,total,62790000000,NetAssets,43.3,51399000000.0,ShareholdersEquity,35.45,24735000000,bs,24735000000.0,24300000000,28051200.0,2026-06-24,NumberOfIssuedSharesAsOfFilingDateIssuedSharesTotalNumberOfSharesEtc,S100YIN7,2026-06-24,120,J-GAAP,連結,2026-03-31,2026-03-31
4901,富士フイルムホールディングス株式会社,859576000000,1134461000000,2159749000000,1025287000000,NetAssets,47.47,total,1025287000000,NetAssets,47.47,1016482000000.0,ShareholdersEquity,47.06,556000000,bs,556000000.0,,1243877184.0,2026-06-24,NumberOfIssuedSharesAsOfFilingDateIssuedSharesTotalNumberOfSharesEtc,S100YIBH,2026-06-24,120,J-GAAP,個別,2026-03-31,2026-03-31
5970,株式会社ジーテクト,155492000000,133002000000,372445000000,239443000000,NetAssets,64.29,total,239443000000,NetAssets,64.29,167167000000.0,ShareholdersEquity,44.88,48131000000,bs,48131000000.0,37255000000,43931260.0,2026-06-24,NumberOfIssuedSharesAsOfFilingDateIssuedSharesTotalNumberOfSharesEtc,S100YIKX,2026-06-24,120,J-GAAP,連結,2026-03-31,2026-03-31
4386,株式会社ＳＩＧグループ,4018133000,3217623000,6029464000,2811841000,NetAssets,46.64,total,2811841000,NetAssets,46.64,2799701000.0,ShareholdersEquity,46.43,2470820000,bs,2470820000.0,2470820000,5942340.0,2026-06-24,NumberOfIssuedSharesAsOfFilingDateIssuedSharesTotalNumberOfSharesEtc,S100YH0Q,2026-06-24,120,J-GAAP,連結,2026-03-31,2026-03-31
1975,株式会社朝日工業社,72673000000,49838000000,100697000000,50858000000,NetAssets,50.51,total,50858000000,NetAssets,50.51,44745000000.0,ShareholdersEquity,44.44,26392000000,bs,26392000000.0,26266000000,27200000.0,2026-06-24,NumberOfIssuedSharesAsOfFilingDateIssuedSharesTotalNumberOfSharesEtc,S100YIGB,2026-06-24,120,J-GAAP,連結,2026-03-31,2026-03-31
5258,株式会社トランザクション・メディア・ネットワークス,17866355000,21982234000,28547899000,6565665000,NetAssets,23.0,total,6565665000,NetAssets,23.0,6515616000.0,ShareholdersEquity,22.82,14007157000,bs,14007157000.0,14007157000,36996800.0,2026-06-24,NumberOfIssuedSharesAsOfFilingDateIssuedSharesTotalNumberOfSharesEtc,S100YJ6W,2026-06-24,120,J-GAAP,連結,2026-03-31,2026-03-31
1938,日本リーテック株式会社,58734813000,32065948000,101335561000,69269613000,NetAssets,68.36,total,69269613000,NetAssets,68.36,64449557000.0,ShareholdersEquity,63.6,8394704000,bs,8394704000.0,8384704000,25117717.0,2026-06-24,NumberOfIssuedSharesAsOfFilingDateIssuedSharesTotalNumberOfSharesEtc,S100YI6M,2026-06-24,120,J-GAAP,連結,2026-03-31,2026-03-31
6804,ホシデン株式会社,181466000000,65038000000,215281000000,150243000000,NetAssets,69.79,total,150243000000,NetAssets,69.79,141835000000.0,ShareholdersEquity,65.88,77685000000,bs,77685000000.0,66050000000,58502584.0,2026-06-24,NumberOfIssuedSharesAsOfFilingDateIssuedSharesTotalNumberOfSharesEtc,S100YI0D,2026-06-24,120,J-GAAP,連結,2026-03-31,2026-03-31
8084,株式会社ＲＹＯＤＥＮ,131855000000,59770000000,154303000000,94533000000,NetAssets,61.26,total,94533000000,NetAssets,61.26,84502000000.0,ShareholdersEquity,54.76,33462000000,bs,33462000000.0,33457000000,21612037.0,2026-06-24,NumberOfIssuedSharesAsOfFilingDateIssuedSharesTotalNumberOfSharesEtc,S100YGNM,2026-06-24,120,J-GAAP,連結,2026-03-31,2026-03-31
2877,日東ベスト株式会社,22278460000,23923544000,41201283000,17277738000,NetAssets,41.93,total,17277738000,NetAssets,41.93,15769852000.0,ShareholdersEquity,38.28,4279848000,bs,4279848000.0,4279668000,12102660.0,2026-06-24,NumberOfIssuedSharesAsOfFilingDateIssuedSharesTotalNumberOfSharesEtc,S100YGFI,2026-06-24,120,J-GAAP,連結,2026-03-31,2026-03-31
4975,株式会社ＪＣＵ,39191000000,8111000000,62679000000,54567000000,NetAssets,87.06,total,54567000000,NetAssets,87.06,47206000000.0,ShareholdersEquity,75.31,24229000000,bs,24229000000.0,22009000000,26219049.0,2026-06-24,NumberOfIssuedSharesAsOfFilingDateIssuedSharesTotalNumberOfSharesEtc,S100YIEL,2026-06-24,120,J-GAAP,連結,2026-03-31,2026-03-31
9223,株式会社ＡＳＮＯＶＡ,2226914000,8455182000,11429798000,2974616000,NetAssets,26.03,total,2974616000,NetAssets,26.03,2810221000.0,ShareholdersEquity,24.59,881997000,bs,881997000.0,881997000,12438400.0,2026-06-24,NumberOfIssuedSharesAsOfFilingDateIssuedSharesTotalNumberOfSharesEtc,S100YJ2P,2026-06-24,120,J-GAAP,連結,2026-03-31,2026-03-31
4686,株式会社ジャストシステム,124591000000,17724000000,136412000000,118688000000,NetAssets,87.01,total,118688000000,NetAssets,87.01,118674000000.0,ShareholdersEquity,87.0,104901000000,bs,104901000000.0,64901000000,64224800.0,2026-06-24,NumberOfIssuedSharesAsOfFilingDateIssuedSharesTotalNumberOfSharesEtc,S100YHW4,2026-06-24,120,J-GAAP,連結,2026-03-31,2026-03-31
429A,テクセンドフォトマスク株式会社,97369000000,56218000000,230725000000,174507000000,EquityIFRS,75.63,total,174507000000,EquityIFRS,75.63,174507000000.0,EquityAttributableToOwnersOfParentIFRS,75.63,51552000000,cf,,51552000000,99348623.0,2026-06-24,NumberOfIssuedSharesAsOfFilingDateIssuedSharesTotalNumberOfSharesEtc,S100YJ5L,2026-06-24,120,IFRS,連結,2026-03-31,2026-03-31
1951,エクシオグループ株式会社,417003000000,344417000000,691154000000,346736000000,NetAssets,50.17,total,346736000000,NetAssets,50.17,308956000000.0,ShareholdersEquity,44.7,41718000000,bs,41718000000.0,41376000000,205624838.0,2026-06-24,NumberOfIssuedSharesAsOfFilingDateIssuedSharesTotalNumberOfSharesEtc,S100YI51,2026-06-24,120,J-GAAP,連結,2026-03-31,2026-03-31
8097,三愛オブリ株式会社,100974000000,89339000000,212048000000,122709000000,NetAssets,57.87,total,122709000000,NetAssets,57.87,112081000000.0,ShareholdersEquity,52.86,48728000000,bs,48728000000.0,49399000000,63000000.0,2026-06-24,NumberOfIssuedSharesAsOfFilingDateIssuedSharesTotalNumberOfSharesEtc,S100YH4U,2026-06-24,120,J-GAAP,連結,2026-03-31,2026-03-31
7217,株式会社テイン,4633889000,2122861000,8857716000,6734855000,NetAssets,76.03,total,6734855000,NetAssets,76.03,5654016000.0,ShareholdersEquity,63.83,1627406000,bs,1627406000.0,1627406000,9811308.0,2026-06-24,NumberOfIssuedSharesAsOfFilingDateIssuedSharesTotalNumberOfSharesEtc,S100YIDI,2026-06-24,120,J-GAAP,連結,2026-03-31,2026-03-31
8218,株式会社コメリ,183200000000,137214000000,394194000000,256979000000,NetAssets,65.19,total,256979000000,NetAssets,65.19,255713000000.0,ShareholdersEquity,64.87,12130000000,bs,12130000000.0,12002000000,53809168.0,2026-06-24,NumberOfIssuedSharesAsOfFilingDateIssuedSharesTotalNumberOfSharesEtc,S100YJBF,2026-06-24,120,J-GAAP,連結,2026-03-31,2026-03-31
5029,サークレイス株式会社,1232678000,601235000,1868276000,1267041000,NetAssets,67.82,total,1267041000,NetAssets,67.82,1269440000.0,ShareholdersEquity,67.95,536910000,bs,536910000.0,536910000,4377916.0,2026-06-24,NumberOfIssuedSharesAsOfFilingDateIssuedSharesTotalNumberOfSharesEtc,S100YHBZ,2026-06-24,120,J-GAAP,連結,2026-03-31,2026-03-31
3010,ポラリス・ホールディングス株式会社,13934232000,37049455000,69205013000,32155558000,NetAssets,46.46,total,32155558000,NetAssets,46.46,31992869000.0,ShareholdersEquity,46.23,7515563000,bs,7515563000.0,7159918000,233914680.0,2026-06-24,NumberOfIssuedSharesAsOfFilingDateIssuedSharesTotalNumberOfSharesEtc,S100YITQ,2026-06-24,120,J-GAAP,連結,2026-03-31,2026-03-31
6875,株式会社メガチップス,36002010000,69491519000,255158843000,185667324000,NetAssets,72.77,total,185667324000,NetAssets,72.77,52164319000.0,ShareholdersEquity,20.44,15293474000,bs,15293474000.0,15321631000,19046900.0,2026-06-24,NumberOfIssuedSharesAsOfFilingDateIssuedSharesTotalNumberOfSharesEtc,S100YDEK,2026-06-24,120,J-GAAP,連結,2026-03-31,2026-03-31
3799,キーウェアソリューションズ株式会社,9863192000,4007791000,12012239000,8004448000,NetAssets,66.64,total,8004448000,NetAssets,66.64,7873933000.0,ShareholdersEquity,65.55,3365750000,bs,3365750000.0,3365750000,9110000.0,2026-06-24,NumberOfIssuedSharesAsOfFilingDateIssuedSharesTotalNumberOfSharesEtc,S100YI9M,2026-06-24,120,J-GAAP,連結,2026-03-31,2026-03-31
6420,ガリレイ株式会社,93356000000,41034000000,154427000000,113392000000,NetAssets,73.43,total,113392000000,NetAssets,73.43,105253000000.0,ShareholdersEquity,68.16,48047000000,bs,48047000000.0,42451000000,44132320.0,2026-06-24,NumberOfIssuedSharesAsOfFilingDateIssuedSharesTotalNumberOfSharesEtc,S100YJPK,2026-06-24,120,J-GAAP,連結,2026-03-31,2026-03-31
4028,石原産業株式会社,161808000000,111229000000,240408000000,129178000000,NetAssets,53.73,total,129178000000,NetAssets,53.73,120162000000.0,ShareholdersEquity,49.98,29424000000,bs,29424000000.0,29424000000,40383943.0,2026-06-24,NumberOfIssuedSharesAsOfFilingDateIssuedSharesTotalNumberOfSharesEtc,S100YIFO,2026-06-24,120,J-GAAP,連結,2026-03-31,2026-03-31
3741,株式会社セック,9924701000,2121940000,12435014000,10313074000,NetAssets,82.94,total,10313074000,NetAssets,82.94,10209133000.0,ShareholdersEquity,82.1,3321583000,bs,3321583000.0,3321583000,10240000.0,2026-06-24,NumberOfIssuedSharesAsOfFilingDateIssuedSharesTotalNumberOfSharesEtc,S100YIG2,2026-06-24,120,J-GAAP,個別,2026-03-31,2026-03-31
6306,日工株式会社,38927000000,27033000000,64443000000,37409000000,NetAssets,58.05,total,37409000000,NetAssets,58.05,32248000000.0,ShareholdersEquity,50.04,11484000000,bs,11484000000.0,11394000000,40000000.0,2026-06-24,NumberOfIssuedSharesAsOfFilingDateIssuedSharesTotalNumberOfSharesEtc,S100YH1J,2026-06-24,120,J-GAAP,連結,2026-03-31,2026-03-31
6209,リケンＮＰＲ株式会社,109124000000,59281000000,228954000000,169673000000,NetAssets,74.11,total,169673000000,NetAssets,74.11,132785000000.0,ShareholdersEquity,58.0,29105000000,bs,29105000000.0,27069000000,28247910.0,2026-06-24,NumberOfIssuedSharesAsOfFilingDateIssuedSharesTotalNumberOfSharesEtc,S100YHYP,2026-06-24,120,J-GAAP,連結,2026-03-31,2026-03-31
520A,ジェイファーマ株式会社,4753352000,383078000,4761406000,4378327000,NetAssets,91.95,total,4378327000,NetAssets,91.95,4065430000.0,ShareholdersEquity,85.38,4451544000,bs,4451544000.0,4452646000,17984645.0,2026-06-24,NumberOfIssuedSharesAsOfFilingDateIssuedSharesTotalNumberOfSharesEtc,S100YJUW,2026-06-24,120,J-GAAP,個別,2026-03-31,2026-03-31
7695,株式会社交換できるくん,3262235000,3615363000,5690975000,2075612000,NetAssets,36.47,total,2075612000,NetAssets,36.47,2045497000.0,ShareholdersEquity,35.94,1562473000,bs,1562473000.0,1562473000,7469100.0,2026-06-24,NumberOfIssuedSharesAsOfFilingDateIssuedSharesTotalNumberOfSharesEtc,S100YG44,2026-06-24,120,J-GAAP,連結,2026-03-31,2026-03-31
3600,株式会社フジックス,6717900000,1962311000,12501084000,10538772000,NetAssets,84.3,total,10538772000,NetAssets,84.3,7294307000.0,ShareholdersEquity,58.35,2482013000,bs,2482013000.0,2415053000,1468093.0,2026-06-24,NumberOfIssuedSharesAsOfFilingDateIssuedSharesTotalNumberOfSharesEtc,S100YHMW,2026-06-24,120,J-GAAP,連結,2026-03-31,2026-03-31
3104,富士紡ホールディングス株式会社,25580000000,20124000000,71816000000,51691000000,NetAssets,71.98,total,51691000000,NetAssets,71.98,47027000000.0,ShareholdersEquity,65.48,9535000000,bs,9535000000.0,9517000000,34062000.0,2026-06-24,NumberOfIssuedSharesAsOfFilingDateIssuedSharesTotalNumberOfSharesEtc,S100YIS2,2026-06-24,120,J-GAAP,連結,2026-03-31,2026-03-31
9856,株式会社ケーユーホールディングス,43661000000,25845000000,95748000000,69902000000,NetAssets,73.01,total,69902000000,NetAssets,73.01,68766000000.0,ShareholdersEquity,71.82,12747000000,bs,12747000000.0,12747000000,44126024.0,2026-06-24,NumberOfIssuedSharesAsOfFilingDateIssuedSharesTotalNumberOfSharesEtc,S100YIY6,2026-06-24,120,J-GAAP,連結,2026-03-31,2026-03-31
9906,藤井産業株式会社,54171000000,25608000000,69949000000,44341000000,NetAssets,63.39,total,44341000000,NetAssets,63.39,40217000000.0,ShareholdersEquity,57.49,22139000000,bs,22139000000.0,22139000000,10010000.0,2026-06-24,NumberOfIssuedSharesAsOfFilingDateIssuedSharesTotalNumberOfSharesEtc,S100YJUL,2026-06-24,120,J-GAAP,連結,2026-03-31,2026-03-31
4256,株式会社サインド,2519823000,1392347000,4880690000,3488343000,NetAssets,71.47,total,3488343000,NetAssets,71.47,3488343000.0,ShareholdersEquity,71.47,2214332000,bs,2214332000.0,2214332000,6066000.0,2026-06-24,NumberOfIssuedSharesAsOfFilingDateIssuedSharesTotalNumberOfSharesEtc,S100YJVR,2026-06-24,120,J-GAAP,連結,2026-03-31,2026-03-31
5161,西川ゴム工業株式会社,80387000000,55035000000,147367000000,92332000000,NetAssets,62.65,total,92332000000,NetAssets,62.65,63342000000.0,ShareholdersEquity,42.98,51927000000,bs,51927000000.0,44265000000,37000000.0,2026-06-24,NumberOfIssuedSharesAsOfFilingDateIssuedSharesTotalNumberOfSharesEtc,S100YIPC,2026-06-24,120,J-GAAP,連結,2026-03-31,2026-03-31
6800,株式会社ヨコオ,55112000000,29016000000,89358000000,60341000000,NetAssets,67.53,total,60341000000,NetAssets,67.53,47306000000.0,ShareholdersEquity,52.94,18174000000,bs,18174000000.0,18174000000,23849878.0,2026-06-24,NumberOfIssuedSharesAsOfFilingDateIssuedSharesTotalNumberOfSharesEtc,S100YI9J,2026-06-24,120,J-GAAP,連結,2026-03-31,2026-03-31
4040,南海化学株式会社,9812000000,8283000000,19454000000,11171000000,NetAssets,57.42,total,11171000000,NetAssets,57.42,10690000000.0,ShareholdersEquity,54.95,2040000000,bs,2040000000.0,2040000000,2330330.0,2026-06-24,NumberOfIssuedSharesAsOfFilingDateIssuedSharesTotalNumberOfSharesEtc,S100YI8M,2026-06-24,120,J-GAAP,連結,2026-03-31,2026-03-31
2585,株式会社ライフドリンク　カンパニー,15817000000,30614000000,47063000000,16449000000,NetAssets,34.95,total,16449000000,NetAssets,34.95,15789000000.0,ShareholdersEquity,33.55,3561000000,bs,3561000000.0,3561000000,52329809.0,2026-06-24,NumberOfIssuedSharesAsOfFilingDateIssuedSharesTotalNumberOfSharesEtc,S100YIP0,2026-06-24,120,J-GAAP,連結,2026-03-31,2026-03-31
5103,昭和ホールディングス株式会社,3941677000,3056964000,5270064000,2213100000,NetAssets,41.99,total,2213100000,NetAssets,41.99,1580308000.0,ShareholdersEquity,29.99,1764250000,bs,1764250000.0,1764250000,76293426.0,2026-06-24,NumberOfIssuedSharesAsOfFilingDateIssuedSharesTotalNumberOfSharesEtc,S100YJM4,2026-06-24,120,J-GAAP,連結,2026-03-31,2026-03-31
2980,ＳＲＥホールディングス株式会社,41926713000,32931060000,49212611000,16281551000,NetAssets,33.08,total,16281551000,NetAssets,33.08,15308366000.0,ShareholdersEquity,31.11,8354412000,bs,8354412000.0,8304412000,16251235.0,2026-06-24,NumberOfIssuedSharesAsOfFilingDateIssuedSharesTotalNumberOfSharesEtc,S100YJPC,2026-06-24,120,J-GAAP,連結,2026-03-31,2026-03-31
8511,日本証券金融株式会社,15475735000000,15381139000000,15518633000000,137494000000,NetAssets,0.89,total,137494000000,NetAssets,0.89,133315000000.0,ShareholdersEquity,0.86,1559712000000,bs,1559712000000.0,1559712000000,83000000.0,2026-06-24,NumberOfIssuedSharesAsOfFilingDateIssuedSharesTotalNumberOfSharesEtc,S100YIQY,2026-06-24,120,J-GAAP,連結,2026-03-31,2026-03-31
475A,株式会社ギミック,2947866000,880885000,3302593000,2421708000,NetAssets,73.33,total,2421708000,NetAssets,73.33,2421584000.0,ShareholdersEquity,73.32,2066189000,bs,2066189000.0,2066189000,5235200.0,2026-06-24,NumberOfIssuedSharesAsOfFilingDateIssuedSharesTotalNumberOfSharesEtc,S100YJX2,2026-06-24,120,J-GAAP,個別,2026-03-31,2026-03-31
9082,大和自動車交通株式会社,6452000000,19985000000,29561000000,9575000000,NetAssets,32.39,total,9575000000,NetAssets,32.39,9161000000.0,ShareholdersEquity,30.99,3551000000,bs,3551000000.0,3130000000,5250000.0,2026-06-24,NumberOfIssuedSharesAsOfFilingDateIssuedSharesTotalNumberOfSharesEtc,S100YHKH,2026-06-24,120,J-GAAP,連結,2026-03-31,2026-03-31
5252,日本ナレッジ株式会社,1457017000,1048363000,2255380000,1207017000,NetAssets,53.52,total,1207017000,NetAssets,53.52,1204851000.0,ShareholdersEquity,53.42,671834000,bs,671834000.0,605834000,4151100.0,2026-06-24,NumberOfIssuedSharesAsOfFilingDateIssuedSharesTotalNumberOfSharesEtc,S100YJNJ,2026-06-24,120,J-GAAP,連結,2026-03-31,2026-03-31
5994,株式会社ファインシンター,22404583000,31326497000,46378064000,15051567000,NetAssets,32.45,total,15051567000,NetAssets,32.45,9735906000.0,ShareholdersEquity,20.99,5851277000,bs,5851277000.0,5537653000,4420000.0,2026-06-22,NumberOfIssuedSharesAsOfFilingDateIssuedSharesTotalNumberOfSharesEtc,S100YG56,2026-06-22,120,J-GAAP,連結,2026-03-31,2026-03-31
5393,ニチアス株式会社,192315000000,67510000000,307123000000,239612000000,NetAssets,78.02,total,239612000000,NetAssets,78.02,212117000000.0,ShareholdersEquity,69.07,57723000000,bs,57723000000.0,56631000000,190985751.0,2026-06-24,NumberOfIssuedSharesAsOfFilingDateIssuedSharesTotalNumberOfSharesEtc,S100YG7B,2026-06-24,120,J-GAAP,連結,2026-03-31,2026-03-31
6360,株式会社　東京自働機械製作所,10847143000,7263622000,17425546000,10161923000,NetAssets,58.32,total,10161923000,NetAssets,58.32,8296138000.0,ShareholdersEquity,47.61,5490800000,bs,5490800000.0,5335800000,1452000.0,2026-06-24,NumberOfIssuedSharesAsOfFilingDateIssuedSharesTotalNumberOfSharesEtc,S100YHZL,2026-06-24,120,J-GAAP,個別,2026-03-31,2026-03-31
9853,株式会社銀座ルノアール,2366840000,2444864000,5690482000,3245617000,NetAssets,57.04,total,3245617000,NetAssets,57.04,3214355000.0,ShareholdersEquity,56.49,1861011000,bs,1861011000.0,1861011000,6252004.0,2026-06-24,NumberOfIssuedSharesAsOfFilingDateIssuedSharesTotalNumberOfSharesEtc,S100YJPB,2026-06-24,120,J-GAAP,連結,2026-03-31,2026-03-31
6343,フリージア・マクロス株式会社,9587516000,14755238000,39325195000,24569956000,NetAssets,62.48,total,24569956000,NetAssets,62.48,11951254000.0,ShareholdersEquity,30.39,1795425000,bs,1795425000.0,1795425000,45099320.0,2026-06-24,NumberOfIssuedSharesAsOfFilingDateIssuedSharesTotalNumberOfSharesEtc,S100YIIQ,2026-06-24,120,J-GAAP,連結,2026-03-31,2026-03-31
9753,アイエックス・ナレッジ株式会社,11883534000,4763933000,16343990000,11580057000,NetAssets,70.85,total,11580057000,NetAssets,70.85,10145270000.0,ShareholdersEquity,62.07,7451403000,bs,7451403000.0,7426403000,10800000.0,2026-06-24,NumberOfIssuedSharesAsOfFilingDateIssuedSharesTotalNumberOfSharesEtc,S100YIII,2026-06-24,120,J-GAAP,連結,2026-03-31,2026-03-31
9969,株式会社ショクブン,1041917000,2055434000,4397548000,2342114000,NetAssets,53.26,total,2342114000,NetAssets,53.26,2342114000.0,ShareholdersEquity,53.26,473814000,bs,473814000.0,473814000,17691669.0,2026-06-24,NumberOfIssuedSharesAsOfFilingDateIssuedSharesTotalNumberOfSharesEtc,S100YJTJ,2026-06-24,120,J-GAAP,個別,2026-03-31,2026-03-31
4118,株式会社カネカ,465718000000,437485000000,959154000000,521669000000,NetAssets,54.39,total,521669000000,NetAssets,54.39,410986000000.0,ShareholdersEquity,42.85,50973000000,bs,50973000000.0,48935000000,63000000.0,2026-06-24,NumberOfIssuedSharesAsOfFilingDateIssuedSharesTotalNumberOfSharesEtc,S100YIFD,2026-06-24,120,J-GAAP,連結,2026-03-31,2026-03-31
5288,アジアパイルホールディングス株式会社,68483000000,49913000000,105710000000,55797000000,NetAssets,52.78,total,55797000000,NetAssets,52.78,48968000000.0,ShareholdersEquity,46.32,25633000000,bs,25633000000.0,21244000000,38089792.0,2026-06-24,NumberOfIssuedSharesAsOfFilingDateIssuedSharesTotalNumberOfSharesEtc,S100YJPY,2026-06-24,120,J-GAAP,連結,2026-03-31,2026-03-31
9896,ＪＫホールディングス株式会社,143433000000,151397000000,217677000000,66280000000,NetAssets,30.45,total,66280000000,NetAssets,30.45,61073000000.0,ShareholdersEquity,28.06,44340000000,bs,44340000000.0,43954000000,31040016.0,2026-06-24,NumberOfIssuedSharesAsOfFilingDateIssuedSharesTotalNumberOfSharesEtc,S100YJ4A,2026-06-24,120,J-GAAP,連結,2026-03-31,2026-03-31
3190,株式会社ホットマン,8132905000,8873104000,16606511000,7733407000,NetAssets,46.57,total,7733407000,NetAssets,46.57,7578727000.0,ShareholdersEquity,45.64,1608550000,bs,1608550000.0,1543821000,7275500.0,2026-06-23,NumberOfIssuedSharesAsOfFilingDateIssuedSharesTotalNumberOfSharesEtc,S100YEJ9,2026-06-23,120,J-GAAP,個別,2026-03-31,2026-03-31
4241,株式会社アテクト,1618351000,2869797000,4695675000,1825878000,NetAssets,38.88,total,1825878000,NetAssets,38.88,1842479000.0,ShareholdersEquity,39.24,493160000,bs,493160000.0,315170000,4436800.0,2026-06-23,NumberOfIssuedSharesAsOfFilingDateIssuedSharesTotalNumberOfSharesEtc,S100YDEW,2026-06-23,120,J-GAAP,連結,2026-03-31,2026-03-31
1980,ダイダン株式会社,175610000000,99195000000,232074000000,132879000000,NetAssets,57.26,total,132879000000,NetAssets,57.26,114036000000.0,ShareholdersEquity,49.14,83204000000,bs,83204000000.0,81925000000,137891406.0,2026-06-23,NumberOfIssuedSharesAsOfFilingDateIssuedSharesTotalNumberOfSharesEtc,S100YGXY,2026-06-23,120,J-GAAP,連結,2026-03-31,2026-03-31
8255,アクシアル　リテイリング株式会社,47826000000,48927000000,144145000000,95218000000,NetAssets,66.06,total,95218000000,NetAssets,66.06,92136000000.0,ShareholdersEquity,63.92,30436000000,bs,30436000000.0,30436000000,93552156.0,2026-06-23,NumberOfIssuedSharesAsOfFilingDateIssuedSharesTotalNumberOfSharesEtc,S100YBP0,2026-06-23,120,J-GAAP,連結,2026-03-31,2026-03-31
9193,東京汽船株式会社,15807790000,8535968000,37880720000,29344752000,NetAssets,77.47,total,29344752000,NetAssets,77.47,26356398000.0,ShareholdersEquity,69.58,12806470000,bs,12806470000.0,5676470000,10010000.0,2026-06-23,NumberOfIssuedSharesAsOfFilingDateIssuedSharesTotalNumberOfSharesEtc,S100YEHQ,2026-06-23,120,J-GAAP,連結,2026-03-31,2026-03-31
8291,日産東京販売ホールディングス株式会社,37113000000,42927000000,101522000000,58594000000,NetAssets,57.72,total,58594000000,NetAssets,57.72,52214000000.0,ShareholdersEquity,51.43,15654000000,bs,15654000000.0,15654000000,59578916.0,2026-06-23,NumberOfIssuedSharesAsOfFilingDateIssuedSharesTotalNumberOfSharesEtc,S100YGG9,2026-06-23,120,J-GAAP,連結,2026-03-31,2026-03-31
7261,マツダ株式会社,2449350000000,2554543000000,4479493000000,1924950000000,NetAssets,42.97,total,1924950000000,NetAssets,42.97,1497884000000.0,ShareholdersEquity,33.44,1083696000000,bs,1083696000000.0,1293162000000,631803979.0,2026-06-23,NumberOfIssuedSharesAsOfFilingDateIssuedSharesTotalNumberOfSharesEtc,S100YDZ1,2026-06-23,120,J-GAAP,連結,2026-03-31,2026-03-31
5464,モリ工業株式会社,41490000000,14104000000,72659000000,58554000000,NetAssets,80.59,total,58554000000,NetAssets,80.59,54734000000.0,ShareholdersEquity,75.33,15926000000,bs,15926000000.0,15876000000,38831900.0,2026-06-23,NumberOfIssuedSharesAsOfFilingDateIssuedSharesTotalNumberOfSharesEtc,S100YEUF,2026-06-23,120,J-GAAP,連結,2026-03-31,2026-03-31
2218,日糧製パン株式会社,4395373000,8892891000,14421984000,5529093000,NetAssets,38.34,total,5529093000,NetAssets,38.34,2333567000.0,ShareholdersEquity,16.18,1686725000,bs,1686725000.0,1686725000,2103948.0,2026-06-23,NumberOfIssuedSharesAsOfFilingDateIssuedSharesTotalNumberOfSharesEtc,S100YHEK,2026-06-23,120,J-GAAP,個別,2026-03-31,2026-03-31
4970,東洋合成工業株式会社,25292000000,39497000000,66949000000,27452000000,NetAssets,41.0,total,27452000000,NetAssets,41.0,26931000000.0,ShareholdersEquity,40.23,3683000000,bs,3683000000.0,3683000000,8143390.0,2026-06-23,NumberOfIssuedSharesAsOfFilingDateIssuedSharesTotalNumberOfSharesEtc,S100YGHH,2026-06-23,120,J-GAAP,個別,2026-03-31,2026-03-31
7952,株式会社河合楽器製作所,48324000000,32134000000,78879000000,46745000000,NetAssets,59.26,total,46745000000,NetAssets,59.26,37326000000.0,ShareholdersEquity,47.32,10758000000,bs,10758000000.0,10029000000,9011560.0,2026-06-23,NumberOfIssuedSharesAsOfFilingDateIssuedSharesTotalNumberOfSharesEtc,S100YG4C,2026-06-23,120,J-GAAP,連結,2026-03-31,2026-03-31
4027,テイカ株式会社,47873000000,27066000000,88558000000,61491000000,NetAssets,69.44,total,61491000000,NetAssets,69.44,48127000000.0,ShareholdersEquity,54.35,11273000000,bs,11273000000.0,11194000000,22914414.0,2026-06-23,NumberOfIssuedSharesAsOfFilingDateIssuedSharesTotalNumberOfSharesEtc,S100YHFP,2026-06-23,120,J-GAAP,連結,2026-03-31,2026-03-31
3417,大木ヘルスケアホールディングス株式会社,122836000000,114227000000,148393000000,34166000000,NetAssets,23.02,total,34166000000,NetAssets,23.02,25355000000.0,ShareholdersEquity,17.09,2213000000,bs,2213000000.0,2213000000,14072100.0,2026-06-23,NumberOfIssuedSharesAsOfFilingDateIssuedSharesTotalNumberOfSharesEtc,S100YF0K,2026-06-23,120,J-GAAP,連結,2026-03-31,2026-03-31
7481,尾家産業株式会社,29614000000,24140000000,41111000000,16970000000,NetAssets,41.28,total,16970000000,NetAssets,41.28,15903000000.0,ShareholdersEquity,38.68,7894000000,bs,7894000000.0,5394000000,9255000.0,2026-06-23,NumberOfIssuedSharesAsOfFilingDateIssuedSharesTotalNumberOfSharesEtc,S100YDVR,2026-06-23,120,J-GAAP,連結,2026-03-31,2026-03-31
3551,ダイニック株式会社,27162372000,32089426000,62016536000,29927110000,NetAssets,48.26,total,29927110000,NetAssets,48.26,20946887000.0,ShareholdersEquity,33.78,3991456000,bs,3991456000.0,3908019000,8504747.0,2026-06-23,NumberOfIssuedSharesAsOfFilingDateIssuedSharesTotalNumberOfSharesEtc,S100YFSH,2026-06-23,120,J-GAAP,連結,2026-03-31,2026-03-31
2004,昭和産業株式会社,115061000000,122361000000,274973000000,152611000000,NetAssets,55.5,total,152611000000,NetAssets,55.5,126349000000.0,ShareholdersEquity,45.95,8353000000,bs,8353000000.0,8349000000,32995420.0,2026-06-23,NumberOfIssuedSharesAsOfFilingDateIssuedSharesTotalNumberOfSharesEtc,S100YGEO,2026-06-23,120,J-GAAP,連結,2026-03-31,2026-03-31
2445,株式会社タカミヤ,28282000000,50897000000,74599000000,23701000000,NetAssets,31.77,total,23701000000,NetAssets,31.77,22105000000.0,ShareholdersEquity,29.63,9772000000,bs,9772000000.0,9402000000,46585600.0,2026-06-23,NumberOfIssuedSharesAsOfFilingDateIssuedSharesTotalNumberOfSharesEtc,S100YFC3,2026-06-23,120,J-GAAP,連結,2026-03-31,2026-03-31
5726,株式会社大阪チタニウムテクノロジーズ,64914000000,62754000000,107066000000,44311000000,NetAssets,41.39,total,44311000000,NetAssets,41.39,44311000000.0,ShareholdersEquity,41.39,4145000000,bs,4145000000.0,4145000000,36800000.0,2026-06-23,NumberOfIssuedSharesAsOfFilingDateIssuedSharesTotalNumberOfSharesEtc,S100YHFZ,2026-06-23,120,J-GAAP,個別,2026-03-31,2026-03-31
8707,岩井コスモホールディングス株式会社,195239000000,138731000000,213027000000,74295000000,NetAssets,34.88,total,74295000000,NetAssets,34.88,66438000000.0,ShareholdersEquity,31.19,8161000000,bs,8161000000.0,5560000000,25012800.0,2026-06-23,NumberOfIssuedSharesAsOfFilingDateIssuedSharesTotalNumberOfSharesEtc,S100YG9I,2026-06-23,120,J-GAAP,連結,2026-03-31,2026-03-31
5282,ジオスター株式会社,26336173000,11765280000,36885720000,25120440000,NetAssets,68.1,total,25120440000,NetAssets,68.1,24092421000.0,ShareholdersEquity,65.32,710303000,bs,710303000.0,8005781000,31530000.0,2026-06-23,NumberOfIssuedSharesAsOfFilingDateIssuedSharesTotalNumberOfSharesEtc,S100YG98,2026-06-23,120,J-GAAP,連結,2026-03-31,2026-03-31
5909,株式会社　コロナ,50919000000,22419000000,100264000000,77845000000,NetAssets,77.64,total,77845000000,NetAssets,77.64,73714000000.0,ShareholdersEquity,73.52,2830000000,bs,2830000000.0,9930000000,29342454.0,2026-06-23,NumberOfIssuedSharesAsOfFilingDateIssuedSharesTotalNumberOfSharesEtc,S100YF55,2026-06-23,120,J-GAAP,連結,2026-03-31,2026-03-31
6570,株式会社共和コーポレーション,7712863000,12731759000,18629615000,5897856000,NetAssets,31.66,total,5897856000,NetAssets,31.66,5688154000.0,ShareholdersEquity,30.53,5015386000,bs,5015386000.0,4380086000,6080130.0,2026-06-23,NumberOfIssuedSharesAsOfFilingDateIssuedSharesTotalNumberOfSharesEtc,S100YF8W,2026-06-23,120,J-GAAP,連結,2026-03-31,2026-03-31
2317,株式会社システナ,54118000000,20858000000,61079000000,40221000000,NetAssets,65.85,total,40221000000,NetAssets,65.85,39424000000.0,ShareholdersEquity,64.55,27377000000,bs,27377000000.0,29819000000,425880000.0,2026-06-23,NumberOfIssuedSharesAsOfFilingDateIssuedSharesTotalNumberOfSharesEtc,S100YFPF,2026-06-23,120,J-GAAP,連結,2026-03-31,2026-03-31
9083,神姫バス株式会社,14551000000,20893000000,74564000000,53670000000,NetAssets,71.98,total,53670000000,NetAssets,71.98,50307000000.0,ShareholdersEquity,67.47,5982000000,bs,5982000000.0,5972000000,12344000.0,2026-06-23,NumberOfIssuedSharesAsOfFilingDateIssuedSharesTotalNumberOfSharesEtc,S100YHAF,2026-06-23,120,J-GAAP,連結,2026-03-31,2026-03-31
7762,シチズン時計株式会社,305011000000,166171000000,468303000000,302132000000,NetAssets,64.52,total,302132000000,NetAssets,64.52,223391000000.0,ShareholdersEquity,47.7,105564000000,bs,105564000000.0,103986000000,246000000.0,2026-06-23,NumberOfIssuedSharesAsOfFilingDateIssuedSharesTotalNumberOfSharesEtc,S100YGYK,2026-06-23,120,J-GAAP,連結,2026-03-31,2026-03-31
9900,株式会社サガミホールディングス,8674051000,7464105000,27123316000,19659211000,NetAssets,72.48,total,19659211000,NetAssets,72.48,18730766000.0,ShareholdersEquity,69.06,5726710000,bs,5726710000.0,5076710000,30301784.0,2026-06-23,NumberOfIssuedSharesAsOfFilingDateIssuedSharesTotalNumberOfSharesEtc,S100YGZJ,2026-06-23,120,J-GAAP,連結,2026-03-31,2026-03-31
7226,極東開発工業株式会社,106560000000,88393000000,203297000000,114903000000,NetAssets,56.52,total,114903000000,NetAssets,56.52,107560000000.0,ShareholdersEquity,52.91,22498000000,bs,22498000000.0,22460000000,40150000.0,2026-06-23,NumberOfIssuedSharesAsOfFilingDateIssuedSharesTotalNumberOfSharesEtc,S100YE9E,2026-06-23,120,J-GAAP,連結,2026-03-31,2026-03-31
6197,株式会社ソラスト,30270000000,42749000000,66209000000,23459000000,NetAssets,35.43,total,23459000000,NetAssets,35.43,23301000000.0,ShareholdersEquity,35.19,12212000000,bs,12212000000.0,12212000000,94741793.0,2026-06-23,NumberOfIssuedSharesAsOfFilingDateIssuedSharesTotalNumberOfSharesEtc,S100YGQU,2026-06-23,120,J-GAAP,連結,2026-03-31,2026-03-31
2907,株式会社あじかん,13803000000,8855000000,27158000000,18302000000,NetAssets,67.39,total,18302000000,NetAssets,67.39,16991000000.0,ShareholdersEquity,62.56,2336000000,bs,2336000000.0,2326000000,7700000.0,2026-06-23,NumberOfIssuedSharesAsOfFilingDateIssuedSharesTotalNumberOfSharesEtc,S100YGFU,2026-06-23,120,J-GAAP,連結,2026-03-31,2026-03-31
8101,株式会社ＧＳＩクレオス,76362000000,57095000000,89305000000,32210000000,NetAssets,36.07,total,32210000000,NetAssets,36.07,26916000000.0,ShareholdersEquity,30.14,7935000000,bs,7935000000.0,7935000000,12629942.0,2026-06-23,NumberOfIssuedSharesAsOfFilingDateIssuedSharesTotalNumberOfSharesEtc,S100YGXI,2026-06-23,120,J-GAAP,連結,2026-03-31,2026-03-31
6526,株式会社ソシオネクスト,122819000000,34567000000,167623000000,133056000000,NetAssets,79.38,total,133056000000,NetAssets,79.38,130311000000.0,ShareholdersEquity,77.74,39541000000,bs,39541000000.0,44541000000,179978005.0,2026-06-23,NumberOfIssuedSharesAsOfFilingDateIssuedSharesTotalNumberOfSharesEtc,S100YHHK,2026-06-23,120,J-GAAP,連結,2026-03-31,2026-03-31
4684,株式会社オービック,227866000000,102784000000,618796000000,516011000000,NetAssets,83.39,total,516011000000,NetAssets,83.39,371663000000.0,ShareholdersEquity,60.06,207385000000,bs,207385000000.0,207385000000,492000000.0,2026-06-23,NumberOfIssuedSharesAsOfFilingDateIssuedSharesTotalNumberOfSharesEtc,S100YGBS,2026-06-23,120,J-GAAP,連結,2026-03-31,2026-03-31
4968,荒川化学工業株式会社,64897000000,66819000000,126059000000,59240000000,NetAssets,46.99,total,59240000000,NetAssets,46.99,47524000000.0,ShareholdersEquity,37.7,10595000000,bs,10595000000.0,8413000000,20652400.0,2026-06-23,NumberOfIssuedSharesAsOfFilingDateIssuedSharesTotalNumberOfSharesEtc,S100YF3H,2026-06-23,120,J-GAAP,連結,2026-03-31,2026-03-31
6557,ＡＩＡＩグループ株式会社,7647766000,23660161000,26907015000,3246854000,NetAssets,12.07,total,3246854000,NetAssets,12.07,2823383000.0,ShareholdersEquity,10.49,4105074000,bs,4105074000.0,4105074000,6690762.0,2026-06-23,NumberOfIssuedSharesAsOfFilingDateIssuedSharesTotalNumberOfSharesEtc,S100YH7U,2026-06-23,120,J-GAAP,連結,2026-03-31,2026-03-31
6484,株式会社ＫＶＫ,19305606000,5526455000,36327199000,30800744000,NetAssets,84.79,total,30800744000,NetAssets,84.79,29007709000.0,ShareholdersEquity,79.85,3348211000,bs,3348211000.0,3348211000,8322178.0,2026-06-23,NumberOfIssuedSharesAsOfFilingDateIssuedSharesTotalNumberOfSharesEtc,S100YH48,2026-06-23,120,J-GAAP,連結,2026-03-31,2026-03-31
5714,ＤＯＷＡホールディングス株式会社,476785000000,319846000000,794476000000,474629000000,NetAssets,59.74,total,474629000000,NetAssets,59.74,400323000000.0,ShareholdersEquity,50.39,51225000000,bs,51225000000.0,49276000000,61989206.0,2026-06-23,NumberOfIssuedSharesAsOfFilingDateIssuedSharesTotalNumberOfSharesEtc,S100YGIN,2026-06-23,120,J-GAAP,連結,2026-03-31,2026-03-31
3963,株式会社シンクロ・フード,4383236000,6736971000,11502852000,4765880000,NetAssets,41.43,total,4765880000,NetAssets,41.43,4748458000.0,ShareholdersEquity,41.28,3755756000,bs,3755756000.0,3705682000,29123000.0,2026-06-23,NumberOfIssuedSharesAsOfFilingDateIssuedSharesTotalNumberOfSharesEtc,S100YGE7,2026-06-23,120,J-GAAP,連結,2026-03-31,2026-03-31
5986,モリテックスチール株式会社,24696439000,18941310000,35156513000,16215202000,NetAssets,46.12,total,16215202000,NetAssets,46.12,13059499000.0,ShareholdersEquity,37.15,4987758000,bs,4987758000.0,4916268000,22558063.0,2026-06-23,NumberOfIssuedSharesAsOfFilingDateIssuedSharesTotalNumberOfSharesEtc,S100YGQQ,2026-06-23,120,J-GAAP,連結,2026-03-31,2026-03-31
9008,京王電鉄株式会社,316555000000,755650000000,1199857000000,444207000000,NetAssets,37.02,total,444207000000,NetAssets,37.02,404587000000.0,ShareholdersEquity,33.72,47793000000,bs,47793000000.0,47711000000,586018150.0,2026-06-23,NumberOfIssuedSharesAsOfFilingDateIssuedSharesTotalNumberOfSharesEtc,S100YF0G,2026-06-23,120,J-GAAP,連結,2026-03-31,2026-03-31
7456,松田産業株式会社,170704000000,108721000000,227771000000,119049000000,NetAssets,52.27,total,119049000000,NetAssets,52.27,109866000000.0,ShareholdersEquity,48.24,14564000000,bs,14564000000.0,14501000000,26908581.0,2026-06-23,NumberOfIssuedSharesAsOfFilingDateIssuedSharesTotalNumberOfSharesEtc,S100YGWM,2026-06-23,120,J-GAAP,連結,2026-03-31,2026-03-31
3571,株式会社ソトー,4993027000,4881954000,19792482000,14910527000,NetAssets,75.33,total,14910527000,NetAssets,75.33,11963328000.0,ShareholdersEquity,60.44,1259474000,bs,1259474000.0,1252374000,13533757.0,2026-06-23,NumberOfIssuedSharesAsOfFilingDateIssuedSharesTotalNumberOfSharesEtc,S100YGQR,2026-06-23,120,J-GAAP,連結,2026-03-31,2026-03-31
3580,小松マテーレ株式会社,23643000000,12052000000,51942000000,39889000000,NetAssets,76.8,total,39889000000,NetAssets,76.8,36660000000.0,ShareholdersEquity,70.58,9233000000,bs,9233000000.0,9233000000,39240999.0,2026-06-23,NumberOfIssuedSharesAsOfFilingDateIssuedSharesTotalNumberOfSharesEtc,S100YHIR,2026-06-23,120,J-GAAP,連結,2026-03-31,2026-03-31
8593,三菱ＨＣキャピタル株式会社,6616807000000,11080778000000,13089557000000,2008779000000,NetAssets,15.35,total,2008779000000,NetAssets,15.35,1514573000000.0,ShareholdersEquity,11.57,366035000000,bs,366035000000.0,346045000000,1466912244.0,2026-06-23,NumberOfIssuedSharesAsOfFilingDateIssuedSharesTotalNumberOfSharesEtc,S100YF4V,2026-06-23,120,J-GAAP,連結,2026-03-31,2026-03-31
9684,株式会社スクウェア・エニックス・ホールディングス,368393000000,88793000000,438018000000,349224000000,NetAssets,79.73,total,349224000000,NetAssets,79.73,355553000000.0,ShareholdersEquity,81.17,276054000000,bs,276054000000.0,275796000000,367594788.0,2026-06-23,NumberOfIssuedSharesAsOfFilingDateIssuedSharesTotalNumberOfSharesEtc,S100YHJ4,2026-06-23,120,J-GAAP,連結,2026-03-31,2026-03-31
9404,日本テレビホールディングス株式会社,379502000000,251479000000,1282562000000,1031083000000,NetAssets,80.39,total,1031083000000,NetAssets,80.39,834120000000.0,ShareholdersEquity,65.04,96198000000,bs,96198000000.0,129551000000,261220180.0,2026-06-23,NumberOfIssuedSharesAsOfFilingDateIssuedSharesTotalNumberOfSharesEtc,S100Y9BG,2026-06-23,120,J-GAAP,連結,2026-03-31,2026-03-31
9367,大東港運株式会社,7091610000,5030713000,15791116000,10760402000,NetAssets,68.14,total,10760402000,NetAssets,68.14,9164018000.0,ShareholdersEquity,58.03,2707507000,bs,2707507000.0,2678791000,9389000.0,2026-06-23,NumberOfIssuedSharesAsOfFilingDateIssuedSharesTotalNumberOfSharesEtc,S100YH3W,2026-06-23,120,J-GAAP,連結,2026-03-31,2026-03-31
2816,株式会社ダイショー,8099000000,10350000000,20440000000,10089000000,NetAssets,49.36,total,10089000000,NetAssets,49.36,10006000000.0,ShareholdersEquity,48.95,1928000000,bs,1928000000.0,1928000000,9868800.0,2026-06-23,NumberOfIssuedSharesAsOfFilingDateIssuedSharesTotalNumberOfSharesEtc,S100YGNU,2026-06-23,120,J-GAAP,個別,2026-03-31,2026-03-31
6272,レオン自動機株式会社,25654675000,11342877000,54405243000,43062365000,NetAssets,79.15,total,43062365000,NetAssets,79.15,39626046000.0,ShareholdersEquity,72.83,11117444000,bs,11117444000.0,11117444000,28392000.0,2026-06-23,NumberOfIssuedSharesAsOfFilingDateIssuedSharesTotalNumberOfSharesEtc,S100YFES,2026-06-23,120,J-GAAP,連結,2026-03-31,2026-03-31
1815,鉄建建設株式会社,172110000000,177161000000,255907000000,78746000000,NetAssets,30.77,total,78746000000,NetAssets,30.77,58843000000.0,ShareholdersEquity,22.99,24769000000,bs,24769000000.0,24769000000,14973956.0,2026-06-23,NumberOfIssuedSharesAsOfFilingDateIssuedSharesTotalNumberOfSharesEtc,S100YGCF,2026-06-23,120,J-GAAP,連結,2026-03-31,2026-03-31
7897,ホクシン株式会社,6678920000,7178262000,13069083000,5890820000,NetAssets,45.07,total,5890820000,NetAssets,45.07,5606013000.0,ShareholdersEquity,42.9,1670580000,bs,1670580000.0,1670580000,28373005.0,2026-06-23,NumberOfIssuedSharesAsOfFilingDateIssuedSharesTotalNumberOfSharesEtc,S100YGLJ,2026-06-23,120,J-GAAP,個別,2026-03-31,2026-03-31
8159,株式会社立花エレテック,131616000000,74327000000,179303000000,104975000000,NetAssets,58.55,total,104975000000,NetAssets,58.55,84225000000.0,ShareholdersEquity,46.97,24792000000,bs,24792000000.0,22797000000,25025242.0,2026-06-23,NumberOfIssuedSharesAsOfFilingDateIssuedSharesTotalNumberOfSharesEtc,S100YG86,2026-06-23,120,J-GAAP,連結,2026-03-31,2026-03-31
4506,住友ファーマ株式会社,279252000000,512104000000,804571000000,292467000000,EquityIFRS,36.35,total,292467000000,EquityIFRS,36.35,292467000000.0,EquityAttributableToOwnersOfParentIFRS,36.35,44310000000,cf,,44310000000,449204554.0,2026-06-23,NumberOfIssuedSharesAsOfFilingDateIssuedSharesTotalNumberOfSharesEtc,S100YH3M,2026-06-23,120,IFRS,連結,2026-03-31,2026-03-31
7510,株式会社たけびし,49583000000,20649000000,64889000000,44240000000,NetAssets,68.18,total,44240000000,NetAssets,68.18,38340000000.0,ShareholdersEquity,59.09,9022000000,bs,9022000000.0,8850000000,16028000.0,2026-06-23,NumberOfIssuedSharesAsOfFilingDateIssuedSharesTotalNumberOfSharesEtc,S100YHGY,2026-06-23,120,J-GAAP,連結,2026-03-31,2026-03-31
5742,エヌアイシ・オートテック株式会社,2395142000,2700131000,5970008000,3269877000,NetAssets,54.77,total,3269877000,NetAssets,54.77,3197809000.0,ShareholdersEquity,53.56,325632000,bs,325632000.0,325632000,5500000.0,2026-06-23,NumberOfIssuedSharesAsOfFilingDateIssuedSharesTotalNumberOfSharesEtc,S100YGNV,2026-06-23,120,J-GAAP,個別,2026-03-31,2026-03-31
9980,ＭＲＫホールディングス株式会社,13631391000,4390718000,19696807000,15306088000,NetAssets,77.71,total,15306088000,NetAssets,77.71,14770158000.0,ShareholdersEquity,74.99,2392524000,bs,2392524000.0,2392524000,101295071.0,2026-06-23,NumberOfIssuedSharesAsOfFilingDateIssuedSharesTotalNumberOfSharesEtc,S100YHKB,2026-06-23,120,J-GAAP,連結,2026-03-31,2026-03-31
9534,北海道瓦斯株式会社,46055000000,98487000000,198198000000,99710000000,NetAssets,50.31,total,99710000000,NetAssets,50.31,92253000000.0,ShareholdersEquity,46.55,9799000000,bs,9799000000.0,9799000000,88689030.0,2026-06-23,NumberOfIssuedSharesAsOfFilingDateIssuedSharesTotalNumberOfSharesEtc,S100YGOL,2026-06-23,120,J-GAAP,連結,2026-03-31,2026-03-31
6254,野村マイクロ・サイエンス株式会社,99987402000,70437233000,110290164000,39852930000,NetAssets,36.13,total,39852930000,NetAssets,36.13,36716908000.0,ShareholdersEquity,33.29,10425046000,bs,10425046000.0,9933446000,40608000.0,2026-06-23,NumberOfIssuedSharesAsOfFilingDateIssuedSharesTotalNumberOfSharesEtc,S100YG4U,2026-06-23,120,J-GAAP,連結,2026-03-31,2026-03-31
5440,共英製鋼株式会社,221057000000,154319000000,373127000000,218808000000,NetAssets,58.64,total,218808000000,NetAssets,58.64,184378000000.0,ShareholdersEquity,49.41,62947000000,bs,62947000000.0,46359000000,44898730.0,2026-06-23,NumberOfIssuedSharesAsOfFilingDateIssuedSharesTotalNumberOfSharesEtc,S100YGQP,2026-06-23,120,J-GAAP,連結,2026-03-31,2026-03-31
9307,株式会社杉村倉庫,9245615000,4970719000,22719278000,17748559000,NetAssets,78.12,total,17748559000,NetAssets,78.12,17110414000.0,ShareholdersEquity,75.31,5665591000,bs,5665591000.0,5663091000,16419110.0,2026-06-23,NumberOfIssuedSharesAsOfFilingDateIssuedSharesTotalNumberOfSharesEtc,S100YEZX,2026-06-23,120,J-GAAP,連結,2026-03-31,2026-03-31
7943,ニチハ株式会社,79113000000,47140000000,168261000000,121121000000,NetAssets,71.98,total,121121000000,NetAssets,71.98,103525000000.0,ShareholdersEquity,61.53,24696000000,bs,24696000000.0,24696000000,34487164.0,2026-06-23,NumberOfIssuedSharesAsOfFilingDateIssuedSharesTotalNumberOfSharesEtc,S100YH8A,2026-06-23,120,J-GAAP,連結,2026-03-31,2026-03-31
2282,日本ハム株式会社,438302000000,445785000000,997477000000,551692000000,EquityIFRS,55.31,total,551692000000,EquityIFRS,55.31,536940000000.0,EquityAttributableToOwnersOfParentIFRS,53.83,68679000000,cf,,68679000000,94245000.0,2026-06-23,NumberOfIssuedSharesAsOfFilingDateIssuedSharesTotalNumberOfSharesEtc,S100YEEQ,2026-06-23,120,IFRS,連結,2026-03-31,2026-03-31
5199,不二ラテックス株式会社,5750270000,6223175000,10270063000,4046888000,NetAssets,39.4,total,4046888000,NetAssets,39.4,3663131000.0,ShareholdersEquity,35.67,2265691000,bs,2265691000.0,2239705000,1286199.0,2026-06-23,NumberOfIssuedSharesAsOfFilingDateIssuedSharesTotalNumberOfSharesEtc,S100YGMK,2026-06-23,120,J-GAAP,連結,2026-03-31,2026-03-31
3423,株式会社エスイー,15820037000,14071683000,24561452000,10489768000,NetAssets,42.71,total,10489768000,NetAssets,42.71,10221420000.0,ShareholdersEquity,41.62,5106762000,bs,5106762000.0,4868762000,31256600.0,2026-06-23,NumberOfIssuedSharesAsOfFilingDateIssuedSharesTotalNumberOfSharesEtc,S100YG2M,2026-06-23,120,J-GAAP,連結,2026-03-31,2026-03-31
6258,平田機工株式会社,81732329000,54370701000,131276663000,76905962000,NetAssets,58.58,total,76905962000,NetAssets,58.58,62981902000.0,ShareholdersEquity,47.98,13003135000,bs,13003135000.0,13003135000,32268270.0,2026-06-23,NumberOfIssuedSharesAsOfFilingDateIssuedSharesTotalNumberOfSharesEtc,S100YH6Y,2026-06-23,120,J-GAAP,連結,2026-03-31,2026-03-31
6678,株式会社テクノメディカ,15696043000,3556007000,17966466000,14410459000,NetAssets,80.21,total,14410459000,NetAssets,80.21,14410459000.0,ShareholdersEquity,80.21,8976227000,bs,8976227000.0,8976227000,8760000.0,2026-06-23,NumberOfIssuedSharesAsOfFilingDateIssuedSharesTotalNumberOfSharesEtc,S100YGSP,2026-06-23,120,J-GAAP,個別,2026-03-31,2026-03-31
1961,三機工業株式会社,149986000000,98046000000,219483000000,121437000000,NetAssets,55.33,total,121437000000,NetAssets,55.33,99234000000.0,ShareholdersEquity,45.21,32097000000,bs,32097000000.0,39784000000,160983468.0,2026-06-23,NumberOfIssuedSharesAsOfFilingDateIssuedSharesTotalNumberOfSharesEtc,S100YH3A,2026-06-23,120,J-GAAP,連結,2026-03-31,2026-03-31
9882,株式会社イエローハット,91556000000,82920000000,206818000000,123897000000,NetAssets,59.91,total,123897000000,NetAssets,59.91,118894000000.0,ShareholdersEquity,57.49,39729000000,bs,39729000000.0,39714000000,86021392.0,2026-06-23,NumberOfIssuedSharesAsOfFilingDateIssuedSharesTotalNumberOfSharesEtc,S100YC2P,2026-06-23,120,J-GAAP,連結,2026-03-31,2026-03-31
7506,株式会社　ハウス　オブ　ローゼ,5056586000,2503966000,7980800000,5476833000,NetAssets,68.63,total,5476833000,NetAssets,68.63,5512246000.0,ShareholdersEquity,69.07,2670809000,bs,2670809000.0,2240809000,4703063.0,2026-06-23,NumberOfIssuedSharesAsOfFilingDateIssuedSharesTotalNumberOfSharesEtc,S100YHK9,2026-06-23,120,J-GAAP,個別,2026-03-31,2026-03-31
4918,株式会社アイビー化粧品,2543317000,1004383000,3642862000,2638478000,NetAssets,72.43,total,2638478000,NetAssets,72.43,2756495000.0,ShareholdersEquity,75.67,1044445000,bs,1044445000.0,1041445000,6914000.0,2026-06-23,NumberOfIssuedSharesAsOfFilingDateIssuedSharesTotalNumberOfSharesEtc,S100YHO9,2026-06-23,120,J-GAAP,個別,2026-03-31,2026-03-31
6745,ホーチキ株式会社,72721000000,29467000000,97936000000,68469000000,NetAssets,69.91,total,68469000000,NetAssets,69.91,61438000000.0,ShareholdersEquity,62.73,27966000000,bs,27966000000.0,27713000000,79200000.0,2026-06-23,NumberOfIssuedSharesAsOfFilingDateIssuedSharesTotalNumberOfSharesEtc,S100YH50,2026-06-23,120,J-GAAP,連結,2026-03-31,2026-03-31
8085,ナラサキ産業株式会社,41900000000,33062000000,62579000000,29517000000,NetAssets,47.17,total,29517000000,NetAssets,47.17,25013000000.0,ShareholdersEquity,39.97,13493000000,bs,13493000000.0,12852000000,5325600.0,2026-06-23,NumberOfIssuedSharesAsOfFilingDateIssuedSharesTotalNumberOfSharesEtc,S100YHOM,2026-06-23,120,J-GAAP,連結,2026-03-31,2026-03-31
4827,ビジネス・ワンホールディングス株式会社,19118257000,25567179000,32606610000,7039430000,NetAssets,21.59,total,7039430000,NetAssets,21.59,6659731000.0,ShareholdersEquity,20.42,4493769000,bs,4493769000.0,4493769000,4148900.0,2026-06-23,NumberOfIssuedSharesAsOfFilingDateIssuedSharesTotalNumberOfSharesEtc,S100YHAI,2026-06-23,120,J-GAAP,連結,2026-03-31,2026-03-31
7476,アズワン株式会社,73023000000,31242000000,102421000000,71178000000,NetAssets,69.5,total,71178000000,NetAssets,69.5,66784000000.0,ShareholdersEquity,65.21,20036000000,bs,20036000000.0,14990000000,75012540.0,2026-06-23,NumberOfIssuedSharesAsOfFilingDateIssuedSharesTotalNumberOfSharesEtc,S100YHL5,2026-06-23,120,J-GAAP,連結,2026-03-31,2026-03-31
3802,株式会社エコミック,1290621000,264285000,1625761000,1361476000,NetAssets,83.74,total,1361476000,NetAssets,83.74,1255425000.0,ShareholdersEquity,77.22,1065506000,bs,1065506000.0,1065506000,4693200.0,2026-06-23,NumberOfIssuedSharesAsOfFilingDateIssuedSharesTotalNumberOfSharesEtc,S100YHB3,2026-06-23,120,J-GAAP,連結,2026-03-31,2026-03-31
8041,ＯＵＧホールディングス株式会社,72223000000,55300000000,96736000000,41436000000,NetAssets,42.83,total,41436000000,NetAssets,42.83,37424000000.0,ShareholdersEquity,38.69,1375000000,bs,1375000000.0,1370000000,5562292.0,2026-06-23,NumberOfIssuedSharesAsOfFilingDateIssuedSharesTotalNumberOfSharesEtc,S100YGQH,2026-06-23,120,J-GAAP,連結,2026-03-31,2026-03-31
4531,有機合成薬品工業株式会社,13044000000,12243000000,25730000000,13487000000,NetAssets,52.42,total,13487000000,NetAssets,52.42,12184000000.0,ShareholdersEquity,47.35,885000000,bs,885000000.0,885000000,21974000.0,2026-06-23,NumberOfIssuedSharesAsOfFilingDateIssuedSharesTotalNumberOfSharesEtc,S100YHPD,2026-06-23,120,J-GAAP,個別,2026-03-31,2026-03-31
9509,北海道電力株式会社,437676000000,1997414000000,2471051000000,473636000000,NetAssets,19.17,total,473636000000,NetAssets,19.17,406969000000.0,ShareholdersEquity,16.47,184607000000,bs,184607000000.0,184607000000,215292382.0,2026-06-23,NumberOfIssuedSharesAsOfFilingDateIssuedSharesTotalNumberOfSharesEtc,S100YDWY,2026-06-23,120,J-GAAP,連結,2026-03-31,2026-03-31
4516,日本新薬株式会社,183086000000,54488000000,346359000000,291871000000,EquityIFRS,84.27,total,291871000000,EquityIFRS,84.27,291551000000.0,EquityAttributableToOwnersOfParentIFRS,84.18,76592000000,cf,,76592000000,70251484.0,2026-06-23,NumberOfIssuedSharesAsOfFilingDateIssuedSharesTotalNumberOfSharesEtc,S100YGRG,2026-06-23,120,IFRS,連結,2026-03-31,2026-03-31
5979,カネソウ株式会社,11998276000,2135663000,17726887000,15591224000,NetAssets,87.95,total,15591224000,NetAssets,87.95,15576561000.0,ShareholdersEquity,87.87,9399995000,bs,9399995000.0,1399995000,1440000.0,2026-06-23,NumberOfIssuedSharesAsOfFilingDateIssuedSharesTotalNumberOfSharesEtc,S100YGWS,2026-06-23,120,J-GAAP,個別,2026-03-31,2026-03-31
2730,株式会社エディオン,189162000000,198593000000,433550000000,234957000000,NetAssets,54.19,total,234957000000,NetAssets,54.19,235117000000.0,ShareholdersEquity,54.23,8958000000,bs,8958000000.0,8958000000,112005636.0,2026-06-23,NumberOfIssuedSharesAsOfFilingDateIssuedSharesTotalNumberOfSharesEtc,S100YDWB,2026-06-23,120,J-GAAP,連結,2026-03-31,2026-03-31
6157,日進工具株式会社,13459384000,1743872000,19595072000,17851200000,NetAssets,91.1,total,17851200000,NetAssets,91.1,17520254000.0,ShareholdersEquity,89.41,9567559000,bs,9567559000.0,9467559000,25035034.0,2026-06-23,NumberOfIssuedSharesAsOfFilingDateIssuedSharesTotalNumberOfSharesEtc,S100YG7J,2026-06-23,120,J-GAAP,連結,2026-03-31,2026-03-31
9934,因幡電機産業株式会社,227604000000,115940000000,313325000000,197384000000,NetAssets,63.0,total,197384000000,NetAssets,63.0,178366000000.0,ShareholdersEquity,56.93,71302000000,bs,71302000000.0,76202000000,113659600.0,2026-06-23,NumberOfIssuedSharesAsOfFilingDateIssuedSharesTotalNumberOfSharesEtc,S100YFJE,2026-06-23,120,J-GAAP,連結,2026-03-31,2026-03-31
5969,株式会社ロブテックス,5598436000,3456396000,8418154000,4961758000,NetAssets,58.94,total,4961758000,NetAssets,58.94,4635466000.0,ShareholdersEquity,55.07,1975711000,bs,1975711000.0,1649110000,2000000.0,2026-06-23,NumberOfIssuedSharesAsOfFilingDateIssuedSharesTotalNumberOfSharesEtc,S100YGO7,2026-06-23,120,J-GAAP,連結,2026-03-31,2026-03-31
7979,株式会社松風,29855000000,9016000000,57706000000,48689000000,NetAssets,84.37,total,48689000000,NetAssets,84.37,38884000000.0,ShareholdersEquity,67.38,10121000000,bs,10121000000.0,9774000000,35788178.0,2026-06-23,NumberOfIssuedSharesAsOfFilingDateIssuedSharesTotalNumberOfSharesEtc,S100YGMA,2026-06-23,120,J-GAAP,連結,2026-03-31,2026-03-31
4543,テルモ株式会社,861040000000,727725000000,2312234000000,1584509000000,EquityIFRS,68.53,total,1584509000000,EquityIFRS,68.53,1584509000000.0,EquityAttributableToOwnersOfParentIFRS,68.53,280494000000,cf,,280494000000,1480559680.0,2026-06-23,NumberOfIssuedSharesAsOfFilingDateIssuedSharesTotalNumberOfSharesEtc,S100YGMG,2026-06-23,120,IFRS,連結,2026-03-31,2026-03-31
9504,中国電力株式会社,829860000000,3845208000000,4620500000000,775292000000,NetAssets,16.78,total,775292000000,NetAssets,16.78,693186000000.0,ShareholdersEquity,15.0,423362000000,bs,423362000000.0,423303000000,387154692.0,2026-06-23,NumberOfIssuedSharesAsOfFilingDateIssuedSharesTotalNumberOfSharesEtc,S100YGCV,2026-06-23,120,J-GAAP,連結,2026-03-31,2026-03-31
5458,高砂鐵工株式会社,7858000000,4611000000,9704000000,5093000000,NetAssets,52.48,total,5093000000,NetAssets,52.48,4900000000.0,ShareholdersEquity,50.49,2306000000,bs,2306000000.0,2261000000,3008000.0,2026-06-23,NumberOfIssuedSharesAsOfFilingDateIssuedSharesTotalNumberOfSharesEtc,S100YH3H,2026-06-23,120,J-GAAP,連結,2026-03-31,2026-03-31
7222,日産車体株式会社,178000000000,93318000000,277139000000,183821000000,NetAssets,66.33,total,183821000000,NetAssets,66.33,174477000000.0,ShareholdersEquity,62.96,74708000000,bs,74708000000.0,86997000000,135452804.0,2026-06-23,NumberOfIssuedSharesAsOfFilingDateIssuedSharesTotalNumberOfSharesEtc,S100YGCO,2026-06-23,120,J-GAAP,連結,2026-03-31,2026-03-31
7291,日本プラスト株式会社,50254000000,47946000000,85450000000,37503000000,NetAssets,43.89,total,37503000000,NetAssets,43.89,28423000000.0,ShareholdersEquity,33.26,13855000000,bs,13855000000.0,13855000000,19410000.0,2026-06-23,NumberOfIssuedSharesAsOfFilingDateIssuedSharesTotalNumberOfSharesEtc,S100YHRY,2026-06-23,120,J-GAAP,連結,2026-03-31,2026-03-31
7615,株式会社京都きもの友禅ホールディングス,5968757000,5061602000,8160061000,3098459000,NetAssets,37.97,total,3098459000,NetAssets,37.97,3094078000.0,ShareholdersEquity,37.92,3013682000,bs,3013682000.0,3013682000,21614700.0,2026-06-23,NumberOfIssuedSharesAsOfFilingDateIssuedSharesTotalNumberOfSharesEtc,S100YH5X,2026-06-23,120,J-GAAP,連結,2026-03-31,2026-03-31
9059,カンダホールディングス株式会社,21025000000,19976000000,48067000000,28091000000,NetAssets,58.44,total,28091000000,NetAssets,58.44,27208000000.0,ShareholdersEquity,56.6,10822000000,bs,10822000000.0,10822000000,23308720.0,2026-06-23,NumberOfIssuedSharesAsOfFilingDateIssuedSharesTotalNumberOfSharesEtc,S100YHF0,2026-06-23,120,J-GAAP,連結,2026-03-31,2026-03-31
2222,寿スピリッツ株式会社,44775000000,12206000000,60142000000,47936000000,NetAssets,79.7,total,47936000000,NetAssets,79.7,47663000000.0,ShareholdersEquity,79.25,32200000000,bs,32200000000.0,28200000000,155658402.0,2026-06-23,NumberOfIssuedSharesAsOfFilingDateIssuedSharesTotalNumberOfSharesEtc,S100YCOO,2026-06-23,120,J-GAAP,連結,2026-03-31,2026-03-31
6614,株式会社シキノハイテック,3961084000,3473809000,5765610000,2291801000,NetAssets,39.75,total,2291801000,NetAssets,39.75,2232691000.0,ShareholdersEquity,38.72,218367000,bs,218367000.0,218367000,4426000.0,2026-06-23,NumberOfIssuedSharesAsOfFilingDateIssuedSharesTotalNumberOfSharesEtc,S100YHLM,2026-06-23,120,J-GAAP,個別,2026-03-31,2026-03-31
4838,スペースシャワーＳＫＩＹＡＫＩホールディングス株式会社,11143567000,9477857000,18416629000,8938771000,NetAssets,48.54,total,8938771000,NetAssets,48.54,8835635000.0,ShareholdersEquity,47.98,7072994000,bs,7072994000.0,7072994000,17029205.0,2026-06-23,NumberOfIssuedSharesAsOfFilingDateIssuedSharesTotalNumberOfSharesEtc,S100YHJ3,2026-06-23,120,J-GAAP,連結,2026-03-31,2026-03-31
6976,太陽誘電株式会社,318295000000,271123000000,615536000000,344412000000,NetAssets,55.95,total,344412000000,NetAssets,55.95,296717000000.0,ShareholdersEquity,48.2,100072000000,bs,100072000000.0,98073000000,130314810.0,2026-06-23,NumberOfIssuedSharesAsOfFilingDateIssuedSharesTotalNumberOfSharesEtc,S100YHU5,2026-06-23,120,J-GAAP,連結,2026-03-31,2026-03-31
4097,高圧ガス工業株式会社,61490000000,38380000000,123381000000,85001000000,NetAssets,68.89,total,85001000000,NetAssets,68.89,74709000000.0,ShareholdersEquity,60.55,27537000000,bs,27537000000.0,26028000000,55577526.0,2026-06-23,NumberOfIssuedSharesAsOfFilingDateIssuedSharesTotalNumberOfSharesEtc,S100YHRU,2026-06-23,120,J-GAAP,連結,2026-03-31,2026-03-31
