date,sec_code,name,market,sector,alert_section,is_supervised,close,last_quote,volume_k,traded,turnover
2026-08-20,138A,光フードサービス,ネクスト市場,小売業,,False,,3145.0,0.0,False,0.0
2026-08-20,1438,岐阜造園,メイン市場,建設業,,False,,2346.0,0.0,False,0.0
2026-08-20,1444,ニッソウ,ネクスト市場,建設業,,False,,2655.0,0.0,False,0.0
2026-08-20,1738,ＮＩＴＴＯＨ,メイン市場,建設業,,False,577.0,,0.1,True,57700.0
2026-08-20,1766,東建コーポ,プレミア市場,建設業,,False,,13430.0,0.0,False,0.0
2026-08-20,1777,川崎設備,メイン市場,建設業,,False,2344.0,,1.6,True,3750400.0
2026-08-20,1780,ヤマウラ,プレミア市場,建設業,,False,,1473.0,0.0,False,0.0
2026-08-20,1801,大成建,プレミア市場,建設業,,False,,12555.0,0.0,False,0.0
2026-08-20,1803,清水建,プレミア市場,建設業,,False,,2342.0,0.0,False,0.0
2026-08-20,1811,銭高組,メイン市場,建設業,,False,,7940.0,0.0,False,0.0
2026-08-20,1812,鹿島,プレミア市場,建設業,,False,,4841.0,0.0,False,0.0
2026-08-20,1869,名工建,メイン市場,建設業,,False,1903.0,,1.7,True,3235100.0
2026-08-20,1870,矢作建,プレミア市場,建設業,,False,,2107.0,0.0,False,0.0
2026-08-20,1878,大東建,プレミア市場,不動産業,,False,,3278.0,0.0,False,0.0
2026-08-20,1892,徳倉建,メイン市場,建設業,,False,,7810.0,0.0,False,0.0
2026-08-20,1893,五洋建,プレミア市場,建設業,,False,,1428.0,0.0,False,0.0
2026-08-20,1928,積水ハウス,プレミア市場,建設業,,False,,3437.0,0.0,False,0.0
2026-08-20,1946,トーエネック,プレミア市場,建設業,,False,,2120.0,0.0,False,0.0
2026-08-20,2053,中部飼料,プレミア市場,食料品,,False,,2034.0,0.0,False,0.0
2026-08-20,212A,フィットイージー,プレミア市場,サービス業,,False,,3095.0,0.0,False,0.0
2026-08-20,2139,中広,プレミア市場,サービス業,,False,,523.0,0.0,False,0.0
2026-08-20,2169,ＣＤＳ,プレミア市場,サービス業,,False,,1720.0,0.0,False,0.0
2026-08-20,2185,シイエム・シイ,プレミア市場,サービス業,,False,,1904.0,0.0,False,0.0
2026-08-20,2207,ｍｅｉｔｏ,プレミア市場,食料品,,False,,3675.0,0.0,False,0.0
2026-08-20,2209,井村屋Ｇ,プレミア市場,食料品,,False,,2402.0,0.0,False,0.0
2026-08-20,2224,コモ,メイン市場,食料品,,False,,3725.0,0.0,False,0.0
2026-08-20,2327,ＮＳＳＯＬ,メイン市場,情報・通信業,,False,,3896.0,0.0,False,0.0
2026-08-20,2329,東北新社,メイン市場,情報・通信業,,False,,485.0,0.0,False,0.0
2026-08-20,2351,ＡＳＪ,メイン市場,情報・通信業,,False,,318.0,0.0,False,0.0
2026-08-20,2376,サイネックス,メイン市場,サービス業,,False,,790.0,0.0,False,0.0
2026-08-20,2424,ブラス,プレミア市場,サービス業,,False,,601.0,0.0,False,0.0
2026-08-20,2435,シダー,メイン市場,サービス業,,False,,214.0,0.0,False,0.0
2026-08-20,2467,ＶＬＣセキュリティ,ネクスト市場,サービス業,,False,179.0,,9.5,True,1700500.0
2026-08-20,246A,アスア,メイン市場,サービス業,,False,,911.0,0.0,False,0.0
2026-08-20,2479,ジェイテック,メイン市場,サービス業,,False,,245.0,0.0,False,0.0
2026-08-20,2480,シスロケ,メイン市場,情報・通信業,,False,,1728.0,0.0,False,0.0
2026-08-20,2485,ティア,プレミア市場,サービス業,,False,,446.0,0.0,False,0.0
2026-08-20,2551,マルサンアイ,メイン市場,食料品,,False,3575.0,,0.1,True,357500.0
2026-08-20,259A,ケイ・ウノ,ネクスト市場,小売業,,False,1720.0,,0.3,True,516000.0
2026-08-20,2722,ＩＫホールディングス,プレミア市場,小売業,,False,,359.0,0.0,False,0.0
2026-08-20,2734,サーラ,プレミア市場,小売業,,False,,1228.0,0.0,False,0.0
2026-08-20,2753,あみやき,プレミア市場,小売業,,False,,1397.0,0.0,False,0.0
2026-08-20,275A,ハンワホームズ,ネクスト市場,建設業,,False,386.0,,0.6,True,231600.0
2026-08-20,2778,パレモ・ＨＤ,メイン市場,小売業,,False,,111.0,0.0,False,0.0
2026-08-20,2780,コメ兵ＨＤ,メイン市場,小売業,,False,,5310.0,0.0,False,0.0
2026-08-20,2806,ユタカフーズ,メイン市場,食料品,,False,,1889.0,0.0,False,0.0
2026-08-20,2811,カゴメ,プレミア市場,食料品,,False,,2698.5,0.0,False,0.0
2026-08-20,2902,太陽化,メイン市場,食料品,,False,2673.0,,0.5,True,1336500.0
2026-08-20,2983,アールプランナー,メイン市場,不動産業,,False,,1613.0,0.0,False,0.0
2026-08-20,2986,ＬＡＨＤ,プレミア市場,不動産業,,False,,2823.0,0.0,False,0.0
2026-08-20,3028,アルペン,プレミア市場,小売業,,False,,2378.0,0.0,False,0.0
2026-08-20,3032,ゴルフ・ドゥ,ネクスト市場,小売業,,False,247.0,,14.8,True,3655600.000000001
2026-08-20,3035,ケイティケイ,メイン市場,卸売業,,False,,779.0,0.0,False,0.0
2026-08-20,3066,ＪＢイレブン,メイン市場,小売業,,False,632.0,,1.8,True,1137600.0000000002
2026-08-20,3086,Ｊフロント,プレミア市場,小売業,,False,,2979.5,0.0,False,0.0
2026-08-20,3091,ブロンコＢ,プレミア市場,小売業,,False,,2724.0,0.0,False,0.0
2026-08-20,3116,トヨタ紡織,プレミア市場,輸送用機器,,False,,2265.5,0.0,False,0.0
2026-08-20,3138,富士山マガジン,メイン市場,小売業,,False,,1144.0,0.0,False,0.0
2026-08-20,3184,ＩＣＤＡ,メイン市場,小売業,,False,,4265.0,0.0,False,0.0
2026-08-20,3186,ネクステージ,プレミア市場,小売業,,False,,3585.0,0.0,False,0.0
2026-08-20,3202,ダイトウボウ,プレミア市場,繊維製品,,False,,127.0,0.0,False,0.0
2026-08-20,3205,ダイドー,プレミア市場,繊維製品,,False,,740.0,0.0,False,0.0
2026-08-20,3221,ヨシックスＨＤ,プレミア市場,小売業,,False,,3385.0,0.0,False,0.0
2026-08-20,3232,三重交通ＧＨＤ,プレミア市場,不動産業,,False,,565.0,0.0,False,0.0
2026-08-20,3260,エスポア,監理銘柄,サービス業,,True,668.0,,23.0,True,15364000.0
2026-08-20,3320,クロスプラス,メイン市場,卸売業,,False,,1309.0,0.0,False,0.0
2026-08-20,3321,ミタチ,プレミア市場,卸売業,,False,,1670.0,0.0,False,0.0
2026-08-20,3346,ヒロタグループＨＤ,ネクスト市場,小売業,,False,83.0,,2.0,True,166000.0
2026-08-20,3384,アークコア,ネクスト市場,卸売業,,False,762.0,,0.1,True,76200.0
2026-08-20,3419,アートグリーン,ネクスト市場,卸売業,,False,1978.0,,0.2,True,395600.0
2026-08-20,3422,Ｊ－ＭＡＸ,メイン市場,金属製品,,False,,638.0,0.0,False,0.0
2026-08-20,3439,三ツ知,メイン市場,金属製品,,False,,685.0,0.0,False,0.0
2026-08-20,3441,山王,メイン市場,金属製品,,False,,2683.0,0.0,False,0.0
2026-08-20,3442,ＭＩＥコーポ,メイン市場,金属製品,,False,,1611.0,0.0,False,0.0
2026-08-20,3447,信和,プレミア市場,金属製品,,False,,1027.0,0.0,False,0.0
2026-08-20,3461,パルマ,メイン市場,不動産業,,False,,607.0,0.0,False,0.0
2026-08-20,3469,デュアルタップ,メイン市場,不動産業,,False,,895.0,0.0,False,0.0
2026-08-20,3494,マリオン,メイン市場,不動産業,,False,,443.0,0.0,False,0.0
2026-08-20,3504,丸八ホールディングス,メイン市場,繊維製品,,False,1411.0,,1.4,True,1975400.0
2026-08-20,3524,日東網,プレミア市場,繊維製品,,False,,1483.0,0.0,False,0.0
2026-08-20,3543,コメダ,プレミア市場,卸売業,,False,,2957.0,0.0,False,0.0
2026-08-20,3549,クスリのアオキＨＤ,メイン市場,小売業,,False,,4105.0,0.0,False,0.0
2026-08-20,3556,リネットジャパン,メイン市場,小売業,,False,,888.0,0.0,False,0.0
2026-08-20,3559,ピーバンドットコム,メイン市場,卸売業,,False,,425.0,0.0,False,0.0
2026-08-20,3571,ソトー,プレミア市場,繊維製品,,False,,718.0,0.0,False,0.0
2026-08-20,3577,東海染工,プレミア市場,繊維製品,,False,,950.0,0.0,False,0.0
2026-08-20,3670,協立情報通信,メイン市場,情報・通信業,,False,,1765.0,0.0,False,0.0
2026-08-20,3739,コムシード,ネクスト市場,情報・通信業,,False,120.0,,24.6,True,2952000.0
2026-08-20,3771,システムリサーチ,プレミア市場,情報・通信業,,False,,1958.0,0.0,False,0.0
2026-08-20,3775,ガイアックス,ネクスト市場,情報・通信業,,False,450.0,,4.3,True,1935000.0
2026-08-20,377A,エージェントＩＧＨＤ,メイン市場,保険業,,False,1066.0,,3.2,True,3411200.0000000005
2026-08-20,3808,オーケーウェブ,ネクスト市場,情報・通信業,,False,29.0,,23.8,True,690200.0
2026-08-20,3842,ネクストジェン,メイン市場,情報・通信業,,False,,1035.0,0.0,False,0.0
2026-08-20,391A,山忠 ｶ,メイン市場,不動産業,,False,,2455.0,0.0,False,0.0
2026-08-20,3922,ＰＲＴＩＭＥＳ,プレミア市場,情報・通信業,,False,,2151.0,0.0,False,0.0
2026-08-20,3947,ダイナパック,メイン市場,パルプ・紙,,False,,2423.0,0.0,False,0.0
2026-08-20,3958,笹徳印刷,メイン市場,パルプ・紙,,False,,548.0,0.0,False,0.0
2026-08-20,3974,ＳＣＡＴ,メイン市場,情報・通信業,,False,,668.0,0.0,False,0.0
2026-08-20,4062,イビデン,プレミア市場,電気機器,,False,,19150.0,0.0,False,0.0
2026-08-20,4063,信越化,プレミア市場,化 学,,False,6114.0,6161.0,0.1,True,611400.0
2026-08-20,4072,電算システムＨＤ,プレミア市場,情報・通信業,,False,,3075.0,0.0,False,0.0
2026-08-20,4124,大阪油化工業,メイン市場,化 学,,False,,2885.0,0.0,False,0.0
2026-08-20,4125,三和油化工業,メイン市場,化 学,,False,,3800.0,0.0,False,0.0
2026-08-20,418A,ウリドキ,ネクスト市場,情報・通信業,,False,1284.0,,2.6,True,3338400.0
2026-08-20,4196,ネオマーケ,メイン市場,情報・通信業,,False,,1995.0,0.0,False,0.0
2026-08-20,4206,アイカ工,プレミア市場,化 学,,False,,4056.0,0.0,False,0.0
2026-08-20,4240,クラスターＴ,メイン市場,化 学,,False,,336.0,0.0,False,0.0
2026-08-20,4247,ポバール興業,メイン市場,化 学,,False,,1378.0,0.0,False,0.0
2026-08-20,4361,川口化,メイン市場,化 学,,False,,1533.0,0.0,False,0.0
2026-08-20,4430,東海ソフト,プレミア市場,情報・通信業,,False,,1676.0,0.0,False,0.0
2026-08-20,4439,東名,プレミア市場,情報・通信業,,False,,772.0,0.0,False,0.0
2026-08-20,4445,リビンＴ,メイン市場,情報・通信業,,False,,1842.0,0.0,False,0.0
2026-08-20,4463,日華化学,プレミア市場,化 学,,False,,2015.0,0.0,False,0.0
2026-08-20,4502,武田薬,プレミア市場,医薬品,,False,,5825.0,0.0,False,0.0
2026-08-20,4616,川上塗料,メイン市場,化 学,,False,,2036.0,0.0,False,0.0
2026-08-20,4658,日本空調,プレミア市場,サービス業,,False,,1549.0,0.0,False,0.0
2026-08-20,4667,アイサンテクノロ,メイン市場,情報・通信業,,False,,2112.0,0.0,False,0.0
2026-08-20,4681,リゾートトラ,プレミア市場,サービス業,,False,,1846.5,0.0,False,0.0
2026-08-20,4691,ワシントンホテル,メイン市場,サービス業,,False,,2065.0,0.0,False,0.0
2026-08-20,4707,キタック,メイン市場,サービス業,,False,,333.0,0.0,False,0.0
2026-08-20,4732,ＵＳＳ,プレミア市場,サービス業,,False,,1975.0,0.0,False,0.0
2026-08-20,4760,アルファ,メイン市場,サービス業,,False,,1701.0,0.0,False,0.0
2026-08-20,4920,日本色材,メイン市場,化 学,,False,,1140.0,0.0,False,0.0
2026-08-20,5020,ＥＮＥＯＳ,プレミア市場,石油・石炭製品,,False,,1303.0,0.0,False,0.0
2026-08-20,5075,アップコン,ネクスト市場,建設業,,False,1037.0,,1.5,True,1555500.0
2026-08-20,5204,石塚硝,プレミア市場,ガラス・土石製品,,False,,3000.0,0.0,False,0.0
2026-08-20,523A,セイワＨＤ,ネクスト市場,金属製品,,False,,1757.0,0.0,False,0.0
2026-08-20,5241,日本オーエー研究所,メイン市場,情報・通信業,,False,773.0,,0.1,True,77300.00000000001
2026-08-20,5271,トーヨーアサノ,メイン市場,ガラス・土石製品,,False,,2302.0,0.0,False,0.0
2026-08-20,5287,イトーヨーギョー,メイン市場,ガラス・土石製品,,False,,851.0,0.0,False,0.0
2026-08-20,5331,ノリタケ,プレミア市場,ガラス・土石製品,,False,,3635.0,0.0,False,0.0
2026-08-20,5332,ＴＯＴＯ,プレミア市場,ガラス・土石製品,,False,,6363.0,0.0,False,0.0
2026-08-20,5333,ＮＧＫ,プレミア市場,ガラス・土石製品,,False,,5567.0,0.0,False,0.0
2026-08-20,5334,日特殊陶,プレミア市場,ガラス・土石製品,,False,,8933.0,0.0,False,0.0
2026-08-20,5342,ジャニス工,メイン市場,ガラス・土石製品,,False,,389.0,0.0,False,0.0
2026-08-20,5343,ニッコー,メイン市場,ガラス・土石製品,,False,185.0,,5.5,True,1017500.0
2026-08-20,5344,ＭＡＲＵＷＡ,プレミア市場,ガラス・土石製品,,False,,55200.0,0.0,False,0.0
2026-08-20,5356,美濃窯業,メイン市場,ガラス・土石製品,,False,,1300.0,0.0,False,0.0
2026-08-20,5384,ＦＵＪＩＭＩ,プレミア市場,ガラス・土石製品,,False,,3710.0,0.0,False,0.0
2026-08-20,5386,鶴弥,メイン市場,ガラス・土石製品,,False,381.0,,0.1,True,38100.0
2026-08-20,5401,日本製鉄,プレミア市場,鉄 鋼,,False,,663.0,0.0,False,0.0
2026-08-20,5406,神戸鋼,プレミア市場,鉄 鋼,,False,,2009.5,0.0,False,0.0
2026-08-20,5461,中部鋼鈑,プレミア市場,鉄 鋼,,False,,2071.0,0.0,False,0.0
2026-08-20,546A,ＭＩＲＡＩＮＩ,プレミア市場,卸売業,,False,,2328.0,0.0,False,0.0
2026-08-20,5471,大同特鋼,プレミア市場,鉄 鋼,,False,,2319.0,0.0,False,0.0
2026-08-20,5482,愛知鋼,プレミア市場,鉄 鋼,,False,,3230.0,0.0,False,0.0
2026-08-20,550A,ソフトテックス,メイン市場,情報・通信業,,False,,2210.0,0.0,False,0.0
2026-08-20,5530,日本システムバンク,メイン市場,不動産業,,False,1090.0,,1.1,True,1199000.0
2026-08-20,5589,オートサーバー,メイン市場,情報・通信業,,False,,2831.0,0.0,False,0.0
2026-08-20,5607,中央可鍛,メイン市場,鉄 鋼,,False,601.0,,7.1,True,4267099.999999999
2026-08-20,5802,住友電工,プレミア市場,非鉄金属,,False,,2218.5,0.0,False,0.0
2026-08-20,5918,滝上工,メイン市場,金属製品,,False,,7700.0,0.0,False,0.0
2026-08-20,5938,ＬＩＸＩＬ,プレミア市場,金属製品,,False,,1747.0,0.0,False,0.0
2026-08-20,5947,リンナイ,プレミア市場,金属製品,,False,,3566.0,0.0,False,0.0
2026-08-20,5952,アマテイ,メイン市場,金属製品,,False,,185.0,0.0,False,0.0
2026-08-20,5979,カネソウ,メイン市場,金属製品,,False,5090.0,,0.1,True,509000.0
2026-08-20,5984,兼房,メイン市場,金属製品,,False,,773.0,0.0,False,0.0
2026-08-20,5992,中央発条,プレミア市場,金属製品,,False,,3670.0,0.0,False,0.0
2026-08-20,5994,ファインシンター,メイン市場,金属製品,,False,,1010.0,0.0,False,0.0
2026-08-20,6025,日本ＰＣサービス,ネクスト市場,サービス業,,False,,743.0,0.0,False,0.0
2026-08-20,6036,ＫｅｅＰｅｒ技研,プレミア市場,サービス業,,False,,3230.0,0.0,False,0.0
2026-08-20,6055,Ｊマテリアル,プレミア市場,サービス業,,False,,2083.0,0.0,False,0.0
2026-08-20,6074,ＪＳＳ,メイン市場,サービス業,,False,,519.0,0.0,False,0.0
2026-08-20,6103,オークマ,プレミア市場,機 械,,False,,4980.0,0.0,False,0.0
2026-08-20,6111,旭精機,メイン市場,機 械,,False,2017.0,,0.2,True,403400.00000000006
2026-08-20,6134,ＦＵＪＩ,プレミア市場,機 械,,False,,7325.0,0.0,False,0.0
2026-08-20,6136,ＯＳＧ,プレミア市場,機 械,,False,,3674.0,0.0,False,0.0
2026-08-20,6142,富士精工,メイン市場,機 械,,False,1735.0,,1.0,True,1735000.0
2026-08-20,6203,豊和工,プレミア市場,機 械,,False,,1478.0,0.0,False,0.0
2026-08-20,6225,エコム,メイン市場,機 械,,False,,2030.0,0.0,False,0.0
2026-08-20,6267,ゼネパッカー,メイン市場,機 械,,False,,3990.0,0.0,False,0.0
2026-08-20,6325,タカキタ,プレミア市場,機 械,,False,,412.0,0.0,False,0.0
2026-08-20,6339,新東工,プレミア市場,機 械,,False,,1229.0,0.0,False,0.0
2026-08-20,6340,渋谷工,プレミア市場,機 械,,False,,5240.0,0.0,False,0.0
2026-08-20,6342,太平製,メイン市場,機 械,,False,,3000.0,0.0,False,0.0
2026-08-20,6345,アイチ,プレミア市場,機 械,,False,,1410.0,0.0,False,0.0
2026-08-20,6346,キクカワ,メイン市場,機 械,,False,,5840.0,0.0,False,0.0
2026-08-20,6396,宇野沢鉄,メイン市場,機 械,,False,,4500.0,0.0,False,0.0
2026-08-20,6407,ＣＫＤ,プレミア市場,機 械,,False,,5670.0,0.0,False,0.0
2026-08-20,6430,ダイコク電,プレミア市場,機 械,,False,,2461.0,0.0,False,0.0
2026-08-20,6439,中日鋳工,メイン市場,機 械,,False,395.0,,0.2,True,79000.0
2026-08-20,6448,ブラザー,プレミア市場,電気機器,,False,,4560.0,0.0,False,0.0
2026-08-20,6465,ホシザキ,プレミア市場,機 械,,False,,5656.0,0.0,False,0.0
2026-08-20,6470,大豊工業,プレミア市場,機 械,,False,,1188.0,0.0,False,0.0
2026-08-20,6473,ジェイテクト,プレミア市場,機 械,,False,,2089.0,0.0,False,0.0
2026-08-20,6501,日立,プレミア市場,電気機器,,False,,5263.0,0.0,False,0.0
2026-08-20,6504,富士電機,プレミア市場,電気機器,,False,,13635.0,0.0,False,0.0
2026-08-20,6508,明電舎,プレミア市場,電気機器,,False,,11230.0,0.0,False,0.0
2026-08-20,6547,グリーンズ,プレミア市場,サービス業,,False,,2030.0,0.0,False,0.0
2026-08-20,6564,ミダックＨＤ,プレミア市場,サービス業,,False,,2079.0,0.0,False,0.0
2026-08-20,6565,ＡＢホテル,メイン市場,サービス業,,False,1310.0,,5.0,True,6550000.0
2026-08-20,6586,マキタ,プレミア市場,機 械,,False,,5261.0,0.0,False,0.0
2026-08-20,6615,ＵＭＣエレ,メイン市場,電気機器,,False,,244.0,0.0,False,0.0
2026-08-20,6623,愛知電,プレミア市場,電気機器,,False,8910.0,,10.0,True,89100000.0
2026-08-20,6651,日東工,プレミア市場,電気機器,,False,,4405.0,0.0,False,0.0
2026-08-20,6655,洋電機,メイン市場,電気機器,,False,789.0,,0.4,True,315600.0
2026-08-20,6676,ＢＵＦＦＡＬＯ,プレミア市場,電気機器,,False,,2827.0,0.0,False,0.0
2026-08-20,6702,富士通,プレミア市場,電気機器,,False,,3743.0,0.0,False,0.0
2026-08-20,6718,アイホン,プレミア市場,電気機器,,False,,2854.0,0.0,False,0.0
2026-08-20,6797,名古屋電,メイン市場,電気機器,,False,,1180.0,0.0,False,0.0
2026-08-20,6846,中央製,メイン市場,電気機器,,False,,1382.0,0.0,False,0.0
2026-08-20,6902,デンソー,プレミア市場,輸送用機器,,False,,1946.0,0.0,False,0.0
2026-08-20,6995,東海理電,プレミア市場,輸送用機器,,False,,3120.0,0.0,False,0.0
2026-08-20,6999,ＫＯＡ,プレミア市場,電気機器,,False,,2218.0,0.0,False,0.0
2026-08-20,7011,三菱重,プレミア市場,機 械,,False,,4054.0,0.0,False,0.0
2026-08-20,7012,川崎重,プレミア市場,輸送用機器,,False,,2672.5,0.0,False,0.0
2026-08-20,7059,コプロＨＤ,プレミア市場,サービス業,,False,,915.0,0.0,False,0.0
2026-08-20,7073,ジェイック,メイン市場,サービス業,,False,,2285.0,0.0,False,0.0
2026-08-20,7075,ＱＬＳＨＤ,ネクスト市場,サービス業,,False,,854.0,0.0,False,0.0
2026-08-20,7076,名南Ｍ＆Ａ,メイン市場,サービス業,,False,1037.0,,3.4,True,3525799.9999999995
2026-08-20,7102,日車輌,プレミア市場,輸送用機器,,False,,3600.0,0.0,False,0.0
2026-08-20,7118,伸和ホールディングス,ネクスト市場,小売業,,False,4100.0,,0.3,True,1230000.0
2026-08-20,7129,ミアヘルサＨＤ,メイン市場,小売業,,False,,1153.0,0.0,False,0.0
2026-08-20,7135,ジャパンクラフトＨＤ,プレミア市場,小売業,,False,,182.0,0.0,False,0.0
2026-08-20,7203,トヨタ自,プレミア市場,輸送用機器,,False,,3066.0,0.0,False,0.0
2026-08-20,7213,レシップＨＤ,プレミア市場,輸送用機器,,False,,665.0,0.0,False,0.0
2026-08-20,7220,武蔵精密,プレミア市場,輸送用機器,,False,,3415.0,0.0,False,0.0
2026-08-20,7227,アスカ,メイン市場,輸送用機器,,False,1850.0,,1.5,True,2775000.0
2026-08-20,7231,トピー工,プレミア市場,輸送用機器,,False,,3065.0,0.0,False,0.0
2026-08-20,7241,フタバ産,プレミア市場,輸送用機器,,False,,1107.0,0.0,False,0.0
2026-08-20,7245,大同メタル,プレミア市場,輸送用機器,,False,,1290.0,0.0,False,0.0
2026-08-20,7259,アイシン,プレミア市場,輸送用機器,,False,,2267.0,0.0,False,0.0
2026-08-20,7266,今仙電機,プレミア市場,輸送用機器,,False,,986.0,0.0,False,0.0
2026-08-20,7282,豊田合,プレミア市場,輸送用機器,,False,,5339.0,0.0,False,0.0
2026-08-20,7283,愛三工,プレミア市場,輸送用機器,,False,,2308.0,0.0,False,0.0
2026-08-20,7322,,プレミア市場,銀行業,,False,,2025.0,0.0,False,0.0
2026-08-20,7362,Ｔ．Ｓ．Ｉ,メイン市場,サービス業,,False,,856.0,0.0,False,0.0
2026-08-20,7369,メイホーＨＤ,ネクスト市場,サービス業,,False,,350.0,0.0,False,0.0
2026-08-20,7380,十六ＦＧ,プレミア市場,銀行業,,False,,2510.0,0.0,False,0.0
2026-08-20,7389,あいちＦＧ,プレミア市場,銀行業,,False,,1809.0,0.0,False,0.0
2026-08-20,7412,アトム,メイン市場,小売業,,False,,362.0,0.0,False,0.0
2026-08-20,7485,岡谷鋼機,プレミア市場,卸売業,,False,5090.0,,5.9,True,30031000.0
2026-08-20,7488,ヤガミ,メイン市場,卸売業,,False,5100.0,,1.2,True,6120000.0
2026-08-20,7514,ヒマラヤ,プレミア市場,小売業,,False,,881.0,0.0,False,0.0
2026-08-20,7593,ＶＴＨＤ,プレミア市場,小売業,,False,,535.0,0.0,False,0.0
2026-08-20,7607,進和,プレミア市場,卸売業,,False,,3130.0,0.0,False,0.0
2026-08-20,7630,壱番屋,プレミア市場,小売業,,False,,942.0,0.0,False,0.0
2026-08-20,7649,スギＨＤ,プレミア市場,小売業,,False,,2769.5,0.0,False,0.0
2026-08-20,7675,セントラルフォレスト,メイン市場,卸売業,,False,,2790.0,0.0,False,0.0
2026-08-20,7682,浜木綿,メイン市場,小売業,,False,,3910.0,0.0,False,0.0
2026-08-20,7723,愛知時,プレミア市場,精密機器,,False,,2851.0,0.0,False,0.0
2026-08-20,7747,アサヒインテック,プレミア市場,精密機器,,False,,4124.0,0.0,False,0.0
2026-08-20,7751,キヤノン,プレミア市場,電気機器,,False,,4515.0,0.0,False,0.0
2026-08-20,7780,メニコン,プレミア市場,精密機器,,False,,1941.0,0.0,False,0.0
2026-08-20,7790,バルコス,ネクスト市場,その他製品,,False,1042.0,,0.3,True,312599.99999999994
2026-08-20,7805,プリントネット,メイン市場,その他製品,,False,,748.0,0.0,False,0.0
2026-08-20,7870,福島印,メイン市場,その他製品,,False,371.0,,5.5,True,2040500.0
2026-08-20,7871,フクビ化工,メイン市場,化 学,,False,,1009.0,0.0,False,0.0
2026-08-20,7875,竹田ｉＰ,メイン市場,その他製品,,False,,824.0,0.0,False,0.0
2026-08-20,7878,光・彩,メイン市場,その他製品,,False,,1295.0,0.0,False,0.0
2026-08-20,7896,セブン工,メイン市場,その他製品,,False,,515.0,0.0,False,0.0
2026-08-20,7928,旭化学,メイン市場,化 学,,False,,652.0,0.0,False,0.0
2026-08-20,7931,未来工業,プレミア市場,化 学,,False,,3630.0,0.0,False,0.0
2026-08-20,7943,ニチハ,プレミア市場,ガラス・土石製品,,False,,3080.0,0.0,False,0.0
2026-08-20,7946,光陽社,メイン市場,その他製品,,False,,321.0,0.0,False,0.0
2026-08-20,7950,デコラックス,メイン市場,化 学,,False,,9380.0,0.0,False,0.0
2026-08-20,7953,菊水化,メイン市場,その他製品,,False,,398.0,0.0,False,0.0
2026-08-20,7975,リヒトラブ,メイン市場,その他製品,,False,,1143.0,0.0,False,0.0
2026-08-20,8015,豊田通商,プレミア市場,卸売業,,False,,7195.0,0.0,False,0.0
2026-08-20,8031,三井物産,プレミア市場,卸売業,,False,,4774.0,0.0,False,0.0
2026-08-20,8071,東海エレ,メイン市場,卸売業,,False,2968.0,,0.1,True,296800.0
2026-08-20,8076,カノークス,メイン市場,卸売業,,False,,2106.0,0.0,False,0.0
2026-08-20,8130,サンゲツ,プレミア市場,卸売業,,False,,3180.0,0.0,False,0.0
2026-08-20,8145,中部水,メイン市場,卸売業,,False,3155.0,,0.4,True,1262000.0
2026-08-20,8160,木曽路,プレミア市場,小売業,,False,,2438.0,0.0,False,0.0
2026-08-20,8190,ヤマナカ,メイン市場,小売業,,False,517.0,,10.8,True,5583600.0
2026-08-20,8225,タカチホ,メイン市場,卸売業,,False,,3405.0,0.0,False,0.0
2026-08-20,8228,マルイチ産商,メイン市場,卸売業,,False,1113.0,,1.0,True,1113000.0
2026-08-20,8285,三谷産業,プレミア市場,卸売業,,False,,786.0,0.0,False,0.0
2026-08-20,8306,三菱ＵＦＪ,プレミア市場,銀行業,,False,,3464.0,0.0,False,0.0
2026-08-20,8309,三井住友トラストＧ,プレミア市場,銀行業,,False,,1690.5,0.0,False,0.0
2026-08-20,8316,三井住友,プレミア市場,銀行業,,False,6667.0,6546.0,0.1,True,666700.0
2026-08-20,8361,大垣銀,プレミア市場,銀行業,,False,,7880.0,0.0,False,0.0
2026-08-20,8368,百五銀,プレミア市場,銀行業,,False,,2205.0,0.0,False,0.0
2026-08-20,8522,名古屋銀,プレミア市場,銀行業,,False,,6860.0,0.0,False,0.0
2026-08-20,8601,大和証Ｇ,プレミア市場,証券、商品先物取引業,,False,,1757.0,0.0,False,0.0
2026-08-20,8604,野村,プレミア市場,証券、商品先物取引業,,False,,1521.0,0.0,False,0.0
2026-08-20,8609,岡三,プレミア市場,証券、商品先物取引業,,False,,1150.0,0.0,False,0.0
2026-08-20,8616,東海東京,プレミア市場,証券、商品先物取引業,,False,,853.0,0.0,False,0.0
2026-08-20,8725,ＭＳ＆ＡＤ,プレミア市場,保険業,,False,,4773.0,0.0,False,0.0
2026-08-20,8803,平和不,プレミア市場,不動産業,,False,,2361.0,0.0,False,0.0
2026-08-20,8891,ＡＭＧＨＤ,メイン市場,不動産業,,False,,2122.0,0.0,False,0.0
2026-08-20,8904,ＡＶＡＮＴＩＡ,プレミア市場,不動産業,,False,,868.0,0.0,False,0.0
2026-08-20,8920,東祥,プレミア市場,サービス業,,False,,722.0,0.0,False,0.0
2026-08-20,8995,誠建設,メイン市場,不動産業,,False,,1701.0,0.0,False,0.0
2026-08-20,9022,ＪＲ東海,プレミア市場,陸運業,,False,,3865.0,0.0,False,0.0
2026-08-20,9040,大宝運,メイン市場,陸運業,,False,4215.0,,0.3,True,1264500.0
2026-08-20,9048,名鉄,プレミア市場,陸運業,,False,,1883.5,0.0,False,0.0
2026-08-20,9073,京極運輸,メイン市場,陸運業,,False,,1223.0,0.0,False,0.0
2026-08-20,9076,セイノーＨＤ,プレミア市場,陸運業,,False,,2771.5,0.0,False,0.0
2026-08-20,9170,成友興業,メイン市場,サービス業,,False,1900.0,,0.3,True,570000.0
2026-08-20,9221,フルハシＥＰＯ,メイン市場,サービス業,,False,,1120.0,0.0,False,0.0
2026-08-20,9223,ＡＳＮＯＶＡ,ネクスト市場,サービス業,,False,,451.0,0.0,False,0.0
2026-08-20,9249,日本エコシステム,メイン市場,サービス業,,False,,1660.0,0.0,False,0.0
2026-08-20,9306,東陽倉,プレミア市場,倉庫・運輸関連業,,False,,2001.0,0.0,False,0.0
2026-08-20,9310,トランスシティ,プレミア市場,倉庫・運輸関連業,,False,,1455.0,0.0,False,0.0
2026-08-20,9330,揚羽,ネクスト市場,サービス業,,False,,867.0,0.0,False,0.0
2026-08-20,9357,名港海,メイン市場,倉庫・運輸関連業,,False,2460.0,,3.4,True,8364000.0
2026-08-20,9359,伊勢湾海,メイン市場,倉庫・運輸関連業,,False,954.0,,2.4,True,2289600.0
2026-08-20,9368,キムラユニティー,プレミア市場,倉庫・運輸関連業,,False,,925.0,0.0,False,0.0
2026-08-20,9402,中日放送,プレミア市場,情報・通信業,,False,1195.0,,6.2,True,7409000.0
2026-08-20,9428,クロップス,プレミア市場,情報・通信業,,False,,1500.0,0.0,False,0.0
2026-08-20,9471,文渓堂,メイン市場,情報・通信業,,False,1149.0,,2.4,True,2757600.0
2026-08-20,9476,中央経済社ＨＤ,メイン市場,情報・通信業,,False,,987.0,0.0,False,0.0
2026-08-20,9502,中部電力,プレミア市場,電気・ガス業,,False,,2875.0,0.0,False,0.0
2026-08-20,9531,東瓦斯,プレミア市場,電気・ガス業,,False,,6009.0,0.0,False,0.0
2026-08-20,9533,東邦瓦斯,プレミア市場,電気・ガス業,,False,,1205.0,0.0,False,0.0
2026-08-20,9643,中日興,メイン市場,サービス業,,False,11080.0,,0.2,True,2216000.0
2026-08-20,9664,御園座,メイン市場,サービス業,,False,1501.0,,3.5,True,5253500.0
2026-08-20,9793,ダイセキ,プレミア市場,サービス業,,False,,3800.0,0.0,False,0.0
2026-08-20,9900,サガミＨＤ,プレミア市場,小売業,,False,,2148.0,0.0,False,0.0
2026-08-20,9913,日邦産業,メイン市場,卸売業,,False,,3275.0,0.0,False,0.0
2026-08-20,9914,植松商会,メイン市場,卸売業,,False,732.0,,0.3,True,219600.0
2026-08-20,9956,バローＨＤ,プレミア市場,小売業,,False,3210.0,3250.0,0.1,True,321000.0
2026-08-20,9969,ショクブン,メイン市場,小売業,,False,,235.0,0.0,False,0.0
2026-08-20,9982,タキヒヨー,プレミア市場,卸売業,,False,,2547.0,0.0,False,0.0
2026-08-20,9987,スズケン,プレミア市場,卸売業,,False,,5133.0,0.0,False,0.0
2026-08-21,138A,光フードサービス,ネクスト市場,小売業,,False,,3110.0,0.0,False,0.0
2026-08-21,1438,岐阜造園,メイン市場,建設業,,False,,2322.0,0.0,False,0.0
2026-08-21,1444,ニッソウ,ネクスト市場,建設業,,False,,2650.0,0.0,False,0.0
2026-08-21,1738,ＮＩＴＴＯＨ,メイン市場,建設業,,False,575.0,,2.3,True,1322500.0
2026-08-21,1766,東建コーポ,プレミア市場,建設業,,False,,13500.0,0.0,False,0.0
2026-08-21,1777,川崎設備,メイン市場,建設業,,False,2327.0,,4.4,True,10238800.000000002
2026-08-21,1780,ヤマウラ,プレミア市場,建設業,,False,,1478.0,0.0,False,0.0
2026-08-21,1801,大成建,プレミア市場,建設業,,False,,12355.0,0.0,False,0.0
2026-08-21,1803,清水建,プレミア市場,建設業,,False,,2336.5,0.0,False,0.0
2026-08-21,1811,銭高組,メイン市場,建設業,,False,,7870.0,0.0,False,0.0
2026-08-21,1812,鹿島,プレミア市場,建設業,,False,,4747.0,0.0,False,0.0
2026-08-21,1869,名工建,メイン市場,建設業,,False,1908.0,,1.4,True,2671200.0
2026-08-21,1870,矢作建,プレミア市場,建設業,,False,,2138.0,0.0,False,0.0
2026-08-21,1878,大東建,プレミア市場,不動産業,,False,,3317.0,0.0,False,0.0
2026-08-21,1892,徳倉建,メイン市場,建設業,,False,7810.0,,0.3,True,2343000.0
2026-08-21,1893,五洋建,プレミア市場,建設業,,False,,1433.5,0.0,False,0.0
2026-08-21,1928,積水ハウス,プレミア市場,建設業,,False,3369.0,3471.0,0.1,True,336900.00000000006
2026-08-21,1946,トーエネック,プレミア市場,建設業,,False,,2120.0,0.0,False,0.0
2026-08-21,2053,中部飼料,プレミア市場,食料品,,False,,2031.0,0.0,False,0.0
2026-08-21,212A,フィットイージー,プレミア市場,サービス業,,False,,3085.0,0.0,False,0.0
2026-08-21,2139,中広,プレミア市場,サービス業,,False,,523.0,0.0,False,0.0
2026-08-21,2169,ＣＤＳ,プレミア市場,サービス業,,False,,1725.0,0.0,False,0.0
2026-08-21,2185,シイエム・シイ,プレミア市場,サービス業,,False,,1900.0,0.0,False,0.0
2026-08-21,2207,ｍｅｉｔｏ,プレミア市場,食料品,,False,,3625.0,0.0,False,0.0
2026-08-21,2209,井村屋Ｇ,プレミア市場,食料品,,False,,2417.0,0.0,False,0.0
2026-08-21,2224,コモ,メイン市場,食料品,,False,,3700.0,0.0,False,0.0
2026-08-21,2327,ＮＳＳＯＬ,メイン市場,情報・通信業,,False,,3866.0,0.0,False,0.0
2026-08-21,2329,東北新社,メイン市場,情報・通信業,,False,,488.0,0.0,False,0.0
2026-08-21,2351,ＡＳＪ,メイン市場,情報・通信業,,False,,332.0,0.0,False,0.0
2026-08-21,2376,サイネックス,メイン市場,サービス業,,False,,784.0,0.0,False,0.0
2026-08-21,2424,ブラス,プレミア市場,サービス業,,False,,600.0,0.0,False,0.0
2026-08-21,2435,シダー,メイン市場,サービス業,,False,,216.0,0.0,False,0.0
2026-08-21,2467,ＶＬＣセキュリティ,ネクスト市場,サービス業,,False,181.0,,21.0,True,3801000.0
2026-08-21,246A,アスア,メイン市場,サービス業,,False,,914.0,0.0,False,0.0
2026-08-21,2479,ジェイテック,メイン市場,サービス業,,False,,245.0,0.0,False,0.0
2026-08-21,2480,シスロケ,メイン市場,情報・通信業,,False,,1725.0,0.0,False,0.0
2026-08-21,2485,ティア,プレミア市場,サービス業,,False,,451.0,0.0,False,0.0
2026-08-21,2551,マルサンアイ,メイン市場,食料品,,False,3590.0,,0.7,True,2513000.0
2026-08-21,259A,ケイ・ウノ,ネクスト市場,小売業,,False,1720.0,,0.6,True,1032000.0
2026-08-21,2722,ＩＫホールディングス,プレミア市場,小売業,,False,,359.0,0.0,False,0.0
2026-08-21,2734,サーラ,プレミア市場,小売業,,False,,1232.0,0.0,False,0.0
2026-08-21,2753,あみやき,プレミア市場,小売業,,False,,1391.0,0.0,False,0.0
2026-08-21,275A,ハンワホームズ,ネクスト市場,建設業,,False,365.0,,0.5,True,182500.0
2026-08-21,2778,パレモ・ＨＤ,メイン市場,小売業,,False,,113.0,0.0,False,0.0
2026-08-21,2780,コメ兵ＨＤ,メイン市場,小売業,,False,,5140.0,0.0,False,0.0
2026-08-21,2806,ユタカフーズ,メイン市場,食料品,,False,,1888.0,0.0,False,0.0
2026-08-21,2811,カゴメ,プレミア市場,食料品,,False,,2701.0,0.0,False,0.0
2026-08-21,2902,太陽化,メイン市場,食料品,,False,2690.0,,0.7,True,1883000.0
2026-08-21,2983,アールプランナー,メイン市場,不動産業,,False,,1646.0,0.0,False,0.0
2026-08-21,2986,ＬＡＨＤ,プレミア市場,不動産業,,False,,2823.0,0.0,False,0.0
2026-08-21,3028,アルペン,プレミア市場,小売業,,False,,2376.0,0.0,False,0.0
2026-08-21,3032,ゴルフ・ドゥ,ネクスト市場,小売業,,False,243.0,,4.1,True,996300.0
2026-08-21,3035,ケイティケイ,メイン市場,卸売業,,False,,769.0,0.0,False,0.0
2026-08-21,3066,ＪＢイレブン,メイン市場,小売業,,False,632.0,,5.3,True,3349600.0
2026-08-21,3086,Ｊフロント,プレミア市場,小売業,,False,,3023.0,0.0,False,0.0
2026-08-21,3091,ブロンコＢ,プレミア市場,小売業,,False,,2752.0,0.0,False,0.0
2026-08-21,3116,トヨタ紡織,プレミア市場,輸送用機器,,False,,2260.0,0.0,False,0.0
2026-08-21,3138,富士山マガジン,メイン市場,小売業,,False,,1130.0,0.0,False,0.0
2026-08-21,3184,ＩＣＤＡ,メイン市場,小売業,,False,,4195.0,0.0,False,0.0
2026-08-21,3186,ネクステージ,プレミア市場,小売業,,False,,3515.0,0.0,False,0.0
2026-08-21,3202,ダイトウボウ,プレミア市場,繊維製品,,False,,127.0,0.0,False,0.0
2026-08-21,3205,ダイドー,プレミア市場,繊維製品,,False,,739.0,0.0,False,0.0
2026-08-21,3221,ヨシックスＨＤ,プレミア市場,小売業,,False,,3370.0,0.0,False,0.0
2026-08-21,3232,三重交通ＧＨＤ,プレミア市場,不動産業,,False,,572.0,0.0,False,0.0
2026-08-21,3260,エスポア,,サービス業,監理,True,640.0,,8.3,True,5312000.0
2026-08-21,3320,クロスプラス,メイン市場,卸売業,,False,,1315.0,0.0,False,0.0
2026-08-21,3321,ミタチ,プレミア市場,卸売業,,False,,1654.0,0.0,False,0.0
2026-08-21,3346,ヒロタグループＨＤ,ネクスト市場,小売業,,False,83.0,,3.9,True,323700.0
2026-08-21,3384,アークコア,ネクスト市場,卸売業,,False,764.0,,0.5,True,382000.0
2026-08-21,3419,アートグリーン,ネクスト市場,卸売業,,False,1979.0,,0.2,True,395800.0
2026-08-21,3422,Ｊ－ＭＡＸ,メイン市場,金属製品,,False,,627.0,0.0,False,0.0
2026-08-21,3439,三ツ知,メイン市場,金属製品,,False,,680.0,0.0,False,0.0
2026-08-21,3441,山王,メイン市場,金属製品,,False,,2699.0,0.0,False,0.0
2026-08-21,3442,ＭＩＥコーポ,メイン市場,金属製品,,False,,1611.0,0.0,False,0.0
2026-08-21,3447,信和,プレミア市場,金属製品,,False,,1030.0,0.0,False,0.0
2026-08-21,3461,パルマ,メイン市場,不動産業,,False,,608.0,0.0,False,0.0
2026-08-21,3469,デュアルタップ,メイン市場,不動産業,,False,,898.0,0.0,False,0.0
2026-08-21,3494,マリオン,メイン市場,不動産業,,False,,443.0,0.0,False,0.0
2026-08-21,3504,丸八ホールディングス,メイン市場,繊維製品,,False,1407.0,,3.5,True,4924500.0
2026-08-21,3524,日東網,プレミア市場,繊維製品,,False,,1488.0,0.0,False,0.0
2026-08-21,3543,コメダ,プレミア市場,卸売業,,False,,2962.0,0.0,False,0.0
2026-08-21,3549,クスリのアオキＨＤ,メイン市場,小売業,,False,,4108.0,0.0,False,0.0
2026-08-21,3556,リネットジャパン,メイン市場,小売業,,False,,874.0,0.0,False,0.0
2026-08-21,3559,ピーバンドットコム,メイン市場,卸売業,,False,,421.0,0.0,False,0.0
2026-08-21,3571,ソトー,プレミア市場,繊維製品,,False,,721.0,0.0,False,0.0
2026-08-21,3577,東海染工,プレミア市場,繊維製品,,False,,947.0,0.0,False,0.0
2026-08-21,3670,協立情報通信,メイン市場,情報・通信業,,False,,1774.0,0.0,False,0.0
2026-08-21,3739,コムシード,ネクスト市場,情報・通信業,,False,122.0,,2.8,True,341599.99999999994
2026-08-21,3771,システムリサーチ,プレミア市場,情報・通信業,,False,,1963.0,0.0,False,0.0
2026-08-21,3775,ガイアックス,ネクスト市場,情報・通信業,,False,443.0,,4.2,True,1860600.0
2026-08-21,377A,エージェントＩＧＨＤ,メイン市場,保険業,,False,1058.0,,1.2,True,1269600.0
2026-08-21,3808,オーケーウェブ,ネクスト市場,情報・通信業,,False,29.0,,31.5,True,913500.0
2026-08-21,3842,ネクストジェン,メイン市場,情報・通信業,,False,,1035.0,0.0,False,0.0
2026-08-21,391A,山忠,メイン市場,不動産業,,False,,2455.0,0.0,False,0.0
2026-08-21,3922,ＰＲＴＩＭＥＳ,プレミア市場,情報・通信業,,False,,2140.0,0.0,False,0.0
2026-08-21,3947,ダイナパック,メイン市場,パルプ・紙,,False,,2421.0,0.0,False,0.0
2026-08-21,3958,笹徳印刷,メイン市場,パルプ・紙,,False,,549.0,0.0,False,0.0
2026-08-21,3974,ＳＣＡＴ,メイン市場,情報・通信業,,False,,669.0,0.0,False,0.0
2026-08-21,4062,イビデン,プレミア市場,電気機器,,False,,19190.0,0.0,False,0.0
2026-08-21,4063,信越化,プレミア市場,化 学,,False,,6051.0,0.0,False,0.0
2026-08-21,4072,電算システムＨＤ,プレミア市場,情報・通信業,,False,,3065.0,0.0,False,0.0
2026-08-21,4124,大阪油化工業,メイン市場,化 学,,False,,2886.0,0.0,False,0.0
2026-08-21,4125,三和油化工業,メイン市場,化 学,,False,,3820.0,0.0,False,0.0
2026-08-21,418A,ウリドキ,ネクスト市場,情報・通信業,,False,1285.0,,0.6,True,771000.0
2026-08-21,4196,ネオマーケ,メイン市場,情報・通信業,,False,,1999.0,0.0,False,0.0
2026-08-21,4206,アイカ工,プレミア市場,化 学,,False,,4077.0,0.0,False,0.0
2026-08-21,4240,クラスターＴ,メイン市場,化 学,,False,,331.0,0.0,False,0.0
2026-08-21,4247,ポバール興業,メイン市場,化 学,,False,,1372.0,0.0,False,0.0
2026-08-21,4361,川口化,メイン市場,化 学,,False,,1535.0,0.0,False,0.0
2026-08-21,4430,東海ソフト,プレミア市場,情報・通信業,,False,,1663.0,0.0,False,0.0
2026-08-21,4439,東名,プレミア市場,情報・通信業,,False,,772.0,0.0,False,0.0
2026-08-21,4445,リビンＴ,メイン市場,情報・通信業,,False,,1880.0,0.0,False,0.0
2026-08-21,4463,日華化学,プレミア市場,化 学,,False,,2000.0,0.0,False,0.0
2026-08-21,4502,武田薬,プレミア市場,医薬品,,False,,5764.0,0.0,False,0.0
2026-08-21,4616,川上塗料,メイン市場,化 学,,False,,2041.0,0.0,False,0.0
2026-08-21,4658,日本空調,プレミア市場,サービス業,,False,,1556.0,0.0,False,0.0
2026-08-21,4667,アイサンテクノロ,メイン市場,情報・通信業,,False,,2105.0,0.0,False,0.0
2026-08-21,4681,リゾートトラ,プレミア市場,サービス業,,False,,1854.5,0.0,False,0.0
2026-08-21,4691,ワシントンホテル,メイン市場,サービス業,,False,,2275.0,0.0,False,0.0
2026-08-21,4707,キタック,メイン市場,サービス業,,False,,334.0,0.0,False,0.0
2026-08-21,4732,ＵＳＳ,プレミア市場,サービス業,,False,,1960.0,0.0,False,0.0
2026-08-21,4760,アルファ,メイン市場,サービス業,,False,,1699.0,0.0,False,0.0
2026-08-21,4920,日本色材,メイン市場,化 学,,False,,1138.0,0.0,False,0.0
2026-08-21,5020,ＥＮＥＯＳ,プレミア市場,石油・石炭製品,,False,,1331.0,0.0,False,0.0
2026-08-21,5075,アップコン,ネクスト市場,建設業,,False,1036.0,,0.2,True,207200.00000000003
2026-08-21,5204,石塚硝,プレミア市場,ガラス・土石製品,,False,,2999.0,0.0,False,0.0
2026-08-21,523A,セイワＨＤ,ネクスト市場,金属製品,,False,,1688.0,0.0,False,0.0
2026-08-21,5241,日本オーエー研究所,メイン市場,情報・通信業,,False,769.0,,0.5,True,384500.0
2026-08-21,5271,トーヨーアサノ,メイン市場,ガラス・土石製品,,False,,2320.0,0.0,False,0.0
2026-08-21,5287,イトーヨーギョー,メイン市場,ガラス・土石製品,,False,,841.0,0.0,False,0.0
2026-08-21,5331,ノリタケ,プレミア市場,ガラス・土石製品,,False,,3595.0,0.0,False,0.0
2026-08-21,5332,ＴＯＴＯ,プレミア市場,ガラス・土石製品,,False,,6351.0,0.0,False,0.0
2026-08-21,5333,ＮＧＫ,プレミア市場,ガラス・土石製品,,False,,5465.0,0.0,False,0.0
2026-08-21,5334,日特殊陶,プレミア市場,ガラス・土石製品,,False,,8803.0,0.0,False,0.0
2026-08-21,5342,ジャニス工,メイン市場,ガラス・土石製品,,False,,389.0,0.0,False,0.0
2026-08-21,5343,ニッコー,メイン市場,ガラス・土石製品,,False,185.0,,19.4,True,3588999.9999999995
2026-08-21,5344,ＭＡＲＵＷＡ,プレミア市場,ガラス・土石製品,,False,,54100.0,0.0,False,0.0
2026-08-21,5356,美濃窯業,メイン市場,ガラス・土石製品,,False,,1300.0,0.0,False,0.0
2026-08-21,5384,ＦＵＪＩＭＩ,プレミア市場,ガラス・土石製品,,False,,3650.0,0.0,False,0.0
2026-08-21,5386,鶴弥,メイン市場,ガラス・土石製品,,False,381.0,,1.0,True,381000.0
2026-08-21,5401,日本製鉄,プレミア市場,鉄 鋼,,False,659.0,659.4,0.1,True,65900.0
2026-08-21,5406,神戸鋼,プレミア市場,鉄 鋼,,False,,2024.5,0.0,False,0.0
2026-08-21,5461,中部鋼鈑,プレミア市場,鉄 鋼,,False,,2079.0,0.0,False,0.0
2026-08-21,546A,ＭＩＲＡＩＮＩ,プレミア市場,卸売業,,False,,2346.0,0.0,False,0.0
2026-08-21,5471,大同特鋼,プレミア市場,鉄 鋼,,False,,2227.0,0.0,False,0.0
2026-08-21,5482,愛知鋼,プレミア市場,鉄 鋼,,False,,3165.0,0.0,False,0.0
2026-08-21,550A,ソフトテックス,メイン市場,情報・通信業,,False,,2205.0,0.0,False,0.0
2026-08-21,5530,日本システムバンク,メイン市場,不動産業,,False,1090.0,,0.9,True,981000.0
2026-08-21,5589,オートサーバー,メイン市場,情報・通信業,,False,,2836.0,0.0,False,0.0
2026-08-21,5607,中央可鍛,メイン市場,鉄 鋼,,False,602.0,,8.7,True,5237400.0
2026-08-21,5802,住友電工,プレミア市場,非鉄金属,,False,,2178.5,0.0,False,0.0
2026-08-21,5918,滝上工,メイン市場,金属製品,,False,,7580.0,0.0,False,0.0
2026-08-21,5938,ＬＩＸＩＬ,プレミア市場,金属製品,,False,,1756.0,0.0,False,0.0
2026-08-21,5947,リンナイ,プレミア市場,金属製品,,False,,3575.0,0.0,False,0.0
2026-08-21,5952,アマテイ,メイン市場,金属製品,,False,,185.0,0.0,False,0.0
2026-08-21,5979,カネソウ,メイン市場,金属製品,,False,5090.0,,0.1,True,509000.0
2026-08-21,5984,兼房,メイン市場,金属製品,,False,,771.0,0.0,False,0.0
2026-08-21,5992,中央発条,プレミア市場,金属製品,,False,,3730.0,0.0,False,0.0
2026-08-21,5994,ファインシンター,メイン市場,金属製品,,False,,997.0,0.0,False,0.0
2026-08-21,6025,日本ＰＣサービス,ネクスト市場,サービス業,,False,,743.0,0.0,False,0.0
2026-08-21,6036,ＫｅｅＰｅｒ技研,プレミア市場,サービス業,,False,,3285.0,0.0,False,0.0
2026-08-21,6055,Ｊマテリアル,プレミア市場,サービス業,,False,,2067.0,0.0,False,0.0
2026-08-21,6074,ＪＳＳ,メイン市場,サービス業,,False,,519.0,0.0,False,0.0
2026-08-21,6103,オークマ,プレミア市場,機 械,,False,,4935.0,0.0,False,0.0
2026-08-21,6111,旭精機,メイン市場,機 械,,False,2012.0,,0.9,True,1810800.0
2026-08-21,6134,ＦＵＪＩ,プレミア市場,機 械,,False,,7257.0,0.0,False,0.0
2026-08-21,6136,ＯＳＧ,プレミア市場,機 械,,False,,3639.0,0.0,False,0.0
2026-08-21,6142,富士精工,メイン市場,機 械,,False,1700.0,,3.7,True,6290000.0
2026-08-21,6203,豊和工,プレミア市場,機 械,,False,,1446.0,0.0,False,0.0
2026-08-21,6225,エコム,メイン市場,機 械,,False,2050.0,,0.2,True,410000.0
2026-08-21,6267,ゼネパッカー,メイン市場,機 械,,False,,3990.0,0.0,False,0.0
2026-08-21,6325,タカキタ,プレミア市場,機 械,,False,,418.0,0.0,False,0.0
2026-08-21,6339,新東工,プレミア市場,機 械,,False,,1215.0,0.0,False,0.0
2026-08-21,6340,渋谷工,プレミア市場,機 械,,False,,5140.0,0.0,False,0.0
2026-08-21,6342,太平製,メイン市場,機 械,,False,,3055.0,0.0,False,0.0
2026-08-21,6345,アイチ,プレミア市場,機 械,,False,,1435.0,0.0,False,0.0
2026-08-21,6346,キクカワ,メイン市場,機 械,,False,,5800.0,0.0,False,0.0
2026-08-21,6396,宇野沢鉄,メイン市場,機 械,,False,,4500.0,0.0,False,0.0
2026-08-21,6407,ＣＫＤ,プレミア市場,機 械,,False,,5580.0,0.0,False,0.0
2026-08-21,6430,ダイコク電,プレミア市場,機 械,,False,,2462.0,0.0,False,0.0
2026-08-21,6439,中日鋳工,メイン市場,機 械,,False,383.0,,0.7,True,268099.99999999994
2026-08-21,6448,ブラザー,プレミア市場,電気機器,,False,,4608.0,0.0,False,0.0
2026-08-21,6465,ホシザキ,プレミア市場,機 械,,False,,5662.0,0.0,False,0.0
2026-08-21,6470,大豊工業,プレミア市場,機 械,,False,,1164.0,0.0,False,0.0
2026-08-21,6473,ジェイテクト,プレミア市場,機 械,,False,,2077.5,0.0,False,0.0
2026-08-21,6501,日立,プレミア市場,電気機器,,False,,5196.0,0.0,False,0.0
2026-08-21,6504,富士電機,プレミア市場,電気機器,,False,,13885.0,0.0,False,0.0
2026-08-21,6508,明電舎,プレミア市場,電気機器,,False,,11480.0,0.0,False,0.0
2026-08-21,6547,グリーンズ,プレミア市場,サービス業,,False,,2055.0,0.0,False,0.0
2026-08-21,6564,ミダックＨＤ,プレミア市場,サービス業,,False,,2040.0,0.0,False,0.0
2026-08-21,6565,ＡＢホテル,メイン市場,サービス業,,False,1310.0,,2.3,True,3012999.9999999995
2026-08-21,6586,マキタ,プレミア市場,機 械,,False,,5208.0,0.0,False,0.0
2026-08-21,6615,ＵＭＣエレ,メイン市場,電気機器,,False,,245.0,0.0,False,0.0
2026-08-21,6623,愛知電,プレミア市場,電気機器,,False,8760.0,,15.2,True,133152000.0
2026-08-21,6651,日東工,プレミア市場,電気機器,,False,,4395.0,0.0,False,0.0
2026-08-21,6655,洋電機,メイン市場,電気機器,,False,790.0,,0.2,True,158000.0
2026-08-21,6676,ＢＵＦＦＡＬＯ,プレミア市場,電気機器,,False,,2942.0,0.0,False,0.0
2026-08-21,6702,富士通,プレミア市場,電気機器,,False,,3646.0,0.0,False,0.0
2026-08-21,6718,アイホン,プレミア市場,電気機器,,False,,2864.0,0.0,False,0.0
2026-08-21,6797,名古屋電,メイン市場,電気機器,,False,,1171.0,0.0,False,0.0
2026-08-21,6846,中央製,メイン市場,電気機器,,False,,1382.0,0.0,False,0.0
2026-08-21,6902,デンソー,プレミア市場,輸送用機器,,False,,1948.5,0.0,False,0.0
2026-08-21,6995,東海理電,プレミア市場,輸送用機器,,False,,3125.0,0.0,False,0.0
2026-08-21,6999,ＫＯＡ,プレミア市場,電気機器,,False,,2191.0,0.0,False,0.0
2026-08-21,7011,三菱重,プレミア市場,機 械,,False,,3932.0,0.0,False,0.0
2026-08-21,7012,川崎重,プレミア市場,輸送用機器,,False,,2603.5,0.0,False,0.0
2026-08-21,7059,コプロＨＤ,プレミア市場,サービス業,,False,,910.0,0.0,False,0.0
2026-08-21,7073,ジェイック,メイン市場,サービス業,,False,,2265.0,0.0,False,0.0
2026-08-21,7075,ＱＬＳＨＤ,ネクスト市場,サービス業,,False,,857.0,0.0,False,0.0
2026-08-21,7076,名南Ｍ＆Ａ,メイン市場,サービス業,,False,1039.0,,6.3,True,6545700.0
2026-08-21,7102,日車輌,プレミア市場,輸送用機器,,False,,3675.0,0.0,False,0.0
2026-08-21,7118,伸和ホールディングス,ネクスト市場,小売業,,False,,4100.0,0.0,False,0.0
2026-08-21,7129,ミアヘルサＨＤ,メイン市場,小売業,,False,,1159.0,0.0,False,0.0
2026-08-21,7135,ジャパンクラフトＨＤ,プレミア市場,小売業,,False,,181.0,0.0,False,0.0
2026-08-21,7203,トヨタ自,プレミア市場,輸送用機器,,False,,3132.0,0.0,False,0.0
2026-08-21,7213,レシップＨＤ,プレミア市場,輸送用機器,,False,,664.0,0.0,False,0.0
2026-08-21,7220,武蔵精密,プレミア市場,輸送用機器,,False,,3300.0,0.0,False,0.0
2026-08-21,7227,アスカ,メイン市場,輸送用機器,,False,1807.0,,2.3,True,4156100.0
2026-08-21,7231,トピー工,プレミア市場,輸送用機器,,False,,3095.0,0.0,False,0.0
2026-08-21,7241,フタバ産,プレミア市場,輸送用機器,,False,,1116.0,0.0,False,0.0
2026-08-21,7245,大同メタル,プレミア市場,輸送用機器,,False,,1283.0,0.0,False,0.0
2026-08-21,7259,アイシン,プレミア市場,輸送用機器,,False,,2269.0,0.0,False,0.0
2026-08-21,7266,今仙電機,プレミア市場,輸送用機器,,False,,987.0,0.0,False,0.0
2026-08-21,7282,豊田合,プレミア市場,輸送用機器,,False,,5337.0,0.0,False,0.0
2026-08-21,7283,愛三工,プレミア市場,輸送用機器,,False,,2305.0,0.0,False,0.0
2026-08-21,7322,,プレミア市場,銀行業,,False,,2012.0,0.0,False,0.0
2026-08-21,7362,Ｔ．Ｓ．Ｉ,メイン市場,サービス業,,False,,860.0,0.0,False,0.0
2026-08-21,7369,メイホーＨＤ,ネクスト市場,サービス業,,False,,347.0,0.0,False,0.0
2026-08-21,7380,十六ＦＧ,プレミア市場,銀行業,,False,,2512.0,0.0,False,0.0
2026-08-21,7389,あいちＦＧ,プレミア市場,銀行業,,False,,1803.0,0.0,False,0.0
2026-08-21,7412,アトム,メイン市場,小売業,,False,,370.0,0.0,False,0.0
2026-08-21,7485,岡谷鋼機,プレミア市場,卸売業,,False,5080.0,,6.9,True,35052000.0
2026-08-21,7488,ヤガミ,メイン市場,卸売業,,False,5010.0,,3.7,True,18537000.0
2026-08-21,7514,ヒマラヤ,プレミア市場,小売業,,False,,881.0,0.0,False,0.0
2026-08-21,7593,ＶＴＨＤ,プレミア市場,小売業,,False,,541.0,0.0,False,0.0
2026-08-21,7607,進和,プレミア市場,卸売業,,False,,3135.0,0.0,False,0.0
2026-08-21,7630,壱番屋,プレミア市場,小売業,,False,,947.0,0.0,False,0.0
2026-08-21,7649,スギＨＤ,プレミア市場,小売業,,False,,2714.5,0.0,False,0.0
2026-08-21,7675,セントラルフォレスト,メイン市場,卸売業,,False,,2790.0,0.0,False,0.0
2026-08-21,7682,浜木綿,メイン市場,小売業,,False,,3910.0,0.0,False,0.0
2026-08-21,7723,愛知時,プレミア市場,精密機器,,False,,2870.0,0.0,False,0.0
2026-08-21,7747,アサヒインテック,プレミア市場,精密機器,,False,,4043.0,0.0,False,0.0
2026-08-21,7751,キヤノン,プレミア市場,電気機器,,False,,4593.0,0.0,False,0.0
2026-08-21,7780,メニコン,プレミア市場,精密機器,,False,,1920.0,0.0,False,0.0
2026-08-21,7790,バルコス,ネクスト市場,その他製品,,False,1042.0,,0.3,True,312599.99999999994
2026-08-21,7805,プリントネット,メイン市場,その他製品,,False,,742.0,0.0,False,0.0
2026-08-21,7870,福島印,メイン市場,その他製品,,False,371.0,,5.3,True,1966300.0
2026-08-21,7871,フクビ化工,メイン市場,化 学,,False,,1007.0,0.0,False,0.0
2026-08-21,7875,竹田ｉＰ,メイン市場,その他製品,,False,,821.0,0.0,False,0.0
2026-08-21,7878,光・彩,メイン市場,その他製品,,False,,1366.0,0.0,False,0.0
2026-08-21,7896,セブン工,メイン市場,その他製品,,False,,515.0,0.0,False,0.0
2026-08-21,7928,旭化学,メイン市場,化 学,,False,,654.0,0.0,False,0.0
2026-08-21,7931,未来工業,プレミア市場,化 学,,False,,3700.0,0.0,False,0.0
2026-08-21,7943,ニチハ,プレミア市場,ガラス・土石製品,,False,,3090.0,0.0,False,0.0
2026-08-21,7946,光陽社,メイン市場,その他製品,,False,327.0,318.0,0.9,True,294300.0
2026-08-21,7950,デコラックス,メイン市場,化 学,,False,,9380.0,0.0,False,0.0
2026-08-21,7953,菊水化,メイン市場,その他製品,,False,,401.0,0.0,False,0.0
2026-08-21,7975,リヒトラブ,メイン市場,その他製品,,False,,1141.0,0.0,False,0.0
2026-08-21,8015,豊田通商,プレミア市場,卸売業,,False,,7226.0,0.0,False,0.0
2026-08-21,8031,三井物産,プレミア市場,卸売業,,False,,4899.0,0.0,False,0.0
2026-08-21,8071,東海エレ,メイン市場,卸売業,,False,2968.0,,0.1,True,296800.0
2026-08-21,8076,カノークス,メイン市場,卸売業,,False,,2080.0,0.0,False,0.0
2026-08-21,8130,サンゲツ,プレミア市場,卸売業,,False,,3180.0,0.0,False,0.0
2026-08-21,8145,中部水,メイン市場,卸売業,,False,3155.0,,0.5,True,1577500.0
2026-08-21,8160,木曽路,プレミア市場,小売業,,False,,2443.0,0.0,False,0.0
2026-08-21,8190,ヤマナカ,メイン市場,小売業,,False,518.0,,9.0,True,4662000.0
2026-08-21,8225,タカチホ,メイン市場,卸売業,,False,,3450.0,0.0,False,0.0
2026-08-21,8228,マルイチ産商,メイン市場,卸売業,,False,1113.0,,2.2,True,2448600.0000000005
2026-08-21,8285,三谷産業,プレミア市場,卸売業,,False,,786.0,0.0,False,0.0
2026-08-21,8306,三菱ＵＦＪ,プレミア市場,銀行業,,False,,3508.0,0.0,False,0.0
2026-08-21,8309,三井住友トラストＧ,プレミア市場,銀行業,,False,,1715.5,0.0,False,0.0
2026-08-21,8316,三井住友,プレミア市場,銀行業,,False,,6606.0,0.0,False,0.0
2026-08-21,8361,大垣銀,プレミア市場,銀行業,,False,,7920.0,0.0,False,0.0
2026-08-21,8368,百五銀,プレミア市場,銀行業,,False,,2256.0,0.0,False,0.0
2026-08-21,8522,名古屋銀,プレミア市場,銀行業,,False,,6980.0,0.0,False,0.0
2026-08-21,8601,大和証Ｇ,プレミア市場,証券、商品先物取引業,,False,,1779.0,0.0,False,0.0
2026-08-21,8604,野村,プレミア市場,証券、商品先物取引業,,False,,1535.0,0.0,False,0.0
2026-08-21,8609,岡三,プレミア市場,証券、商品先物取引業,,False,,1157.0,0.0,False,0.0
2026-08-21,8616,東海東京,プレミア市場,証券、商品先物取引業,,False,,853.0,0.0,False,0.0
2026-08-21,8725,ＭＳ＆ＡＤ,プレミア市場,保険業,,False,,4945.0,0.0,False,0.0
2026-08-21,8803,平和不,プレミア市場,不動産業,,False,,2390.0,0.0,False,0.0
2026-08-21,8891,ＡＭＧＨＤ,メイン市場,不動産業,,False,,2122.0,0.0,False,0.0
2026-08-21,8904,ＡＶＡＮＴＩＡ,プレミア市場,不動産業,,False,,871.0,0.0,False,0.0
2026-08-21,8920,東祥,プレミア市場,サービス業,,False,,722.0,0.0,False,0.0
2026-08-21,8995,誠建設,メイン市場,不動産業,,False,,1543.0,0.0,False,0.0
2026-08-21,9022,ＪＲ東海,プレミア市場,陸運業,,False,,3936.0,0.0,False,0.0
2026-08-21,9040,大宝運,メイン市場,陸運業,,False,4260.0,,0.1,True,426000.0
2026-08-21,9048,名鉄,プレミア市場,陸運業,,False,,1905.0,0.0,False,0.0
2026-08-21,9073,京極運輸,メイン市場,陸運業,,False,,1221.0,0.0,False,0.0
2026-08-21,9076,セイノーＨＤ,プレミア市場,陸運業,,False,,2798.0,0.0,False,0.0
2026-08-21,9170,成友興業,メイン市場,サービス業,,False,,1900.0,0.0,False,0.0
2026-08-21,9221,フルハシＥＰＯ,メイン市場,サービス業,,False,,1133.0,0.0,False,0.0
2026-08-21,9223,ＡＳＮＯＶＡ,ネクスト市場,サービス業,,False,,446.0,0.0,False,0.0
2026-08-21,9249,日本エコシステム,メイン市場,サービス業,,False,,1663.0,0.0,False,0.0
2026-08-21,9306,東陽倉,プレミア市場,倉庫・運輸関連業,,False,,2021.0,0.0,False,0.0
2026-08-21,9310,トランスシティ,プレミア市場,倉庫・運輸関連業,,False,,1403.0,0.0,False,0.0
2026-08-21,9330,揚羽,ネクスト市場,サービス業,,False,,870.0,0.0,False,0.0
2026-08-21,9357,名港海,メイン市場,倉庫・運輸関連業,,False,2470.0,,5.5,True,13585000.0
2026-08-21,9359,伊勢湾海,メイン市場,倉庫・運輸関連業,,False,955.0,,2.3,True,2196500.0
2026-08-21,9368,キムラユニティー,プレミア市場,倉庫・運輸関連業,,False,,922.0,0.0,False,0.0
2026-08-21,9402,中日放送,プレミア市場,情報・通信業,,False,1193.0,,7.9,True,9424700.0
2026-08-21,9428,クロップス,プレミア市場,情報・通信業,,False,,1500.0,0.0,False,0.0
2026-08-21,9471,文渓堂,メイン市場,情報・通信業,,False,1136.0,,2.4,True,2726400.0
2026-08-21,9476,中央経済社ＨＤ,メイン市場,情報・通信業,,False,,987.0,0.0,False,0.0
2026-08-21,9502,中部電力,プレミア市場,電気・ガス業,,False,,2906.5,0.0,False,0.0
2026-08-21,9531,東瓦斯,プレミア市場,電気・ガス業,,False,,6090.0,0.0,False,0.0
2026-08-21,9533,東邦瓦斯,プレミア市場,電気・ガス業,,False,,1215.0,0.0,False,0.0
2026-08-21,9643,中日興,メイン市場,サービス業,,False,,11080.0,0.0,False,0.0
2026-08-21,9664,御園座,メイン市場,サービス業,,False,1503.0,,1.7,True,2555100.0
2026-08-21,9793,ダイセキ,プレミア市場,サービス業,,False,,3805.0,0.0,False,0.0
2026-08-21,9900,サガミＨＤ,プレミア市場,小売業,,False,,2169.0,0.0,False,0.0
2026-08-21,9913,日邦産業,メイン市場,卸売業,,False,,3260.0,0.0,False,0.0
2026-08-21,9914,植松商会,メイン市場,卸売業,,False,750.0,736.0,0.3,True,225000.0
2026-08-21,9956,バローＨＤ,プレミア市場,小売業,,False,,3250.0,0.0,False,0.0
2026-08-21,9969,ショクブン,メイン市場,小売業,,False,,233.0,0.0,False,0.0
2026-08-21,9982,タキヒヨー,プレミア市場,卸売業,,False,,2576.0,0.0,False,0.0
2026-08-21,9987,スズケン,プレミア市場,卸売業,,False,,5124.0,0.0,False,0.0
2026-08-24,138A,光フードサービス,ネクスト市場,小売業,,False,,3150.0,0.0,False,0.0
2026-08-24,1438,岐阜造園,メイン市場,建設業,,False,,2355.0,0.0,False,0.0
2026-08-24,1444,ニッソウ,ネクスト市場,建設業,,False,,2636.0,0.0,False,0.0
2026-08-24,1738,ＮＩＴＴＯＨ,メイン市場,建設業,,False,571.0,,1.2,True,685199.9999999999
2026-08-24,1766,東建コーポ,プレミア市場,建設業,,False,,13590.0,0.0,False,0.0
2026-08-24,1777,川崎設備,メイン市場,建設業,,False,2322.0,,2.7,True,6269400.000000001
2026-08-24,1780,ヤマウラ,プレミア市場,建設業,,False,,1491.0,0.0,False,0.0
2026-08-24,1801,大成建,プレミア市場,建設業,,False,,12720.0,0.0,False,0.0
2026-08-24,1803,清水建,プレミア市場,建設業,,False,,2376.5,0.0,False,0.0
2026-08-24,1811,銭高組,メイン市場,建設業,,False,,7930.0,0.0,False,0.0
2026-08-24,1812,鹿島,プレミア市場,建設業,,False,,4831.0,0.0,False,0.0
2026-08-24,1869,名工建,メイン市場,建設業,,False,1914.0,,4.5,True,8613000.0
2026-08-24,1870,矢作建,プレミア市場,建設業,,False,,2150.0,0.0,False,0.0
2026-08-24,1878,大東建,プレミア市場,不動産業,,False,,3338.0,0.0,False,0.0
2026-08-24,1892,徳倉建,メイン市場,建設業,,False,8100.0,,0.1,True,810000.0
2026-08-24,1893,五洋建,プレミア市場,建設業,,False,,1440.0,0.0,False,0.0
2026-08-24,1928,積水ハウス,プレミア市場,建設業,,False,,3478.0,0.0,False,0.0
2026-08-24,1946,トーエネック,プレミア市場,建設業,,False,,2147.0,0.0,False,0.0
2026-08-24,2053,中部飼料,プレミア市場,食料品,,False,,2033.0,0.0,False,0.0
2026-08-24,212A,フィットイージー,プレミア市場,サービス業,,False,,3085.0,0.0,False,0.0
2026-08-24,2139,中広,プレミア市場,サービス業,,False,,523.0,0.0,False,0.0
2026-08-24,2169,ＣＤＳ,プレミア市場,サービス業,,False,,1730.0,0.0,False,0.0
2026-08-24,2185,シイエム・シイ,プレミア市場,サービス業,,False,,1950.0,0.0,False,0.0
2026-08-24,2207,ｍｅｉｔｏ,プレミア市場,食料品,,False,,3475.0,0.0,False,0.0
2026-08-24,2209,井村屋Ｇ,プレミア市場,食料品,,False,,2409.0,0.0,False,0.0
2026-08-24,2224,コモ,メイン市場,食料品,,False,,3725.0,0.0,False,0.0
2026-08-24,2327,ＮＳＳＯＬ,メイン市場,情報・通信業,,False,,3915.0,0.0,False,0.0
2026-08-24,2329,東北新社,メイン市場,情報・通信業,,False,,493.0,0.0,False,0.0
2026-08-24,2351,ＡＳＪ,メイン市場,情報・通信業,,False,,329.0,0.0,False,0.0
2026-08-24,2376,サイネックス,メイン市場,サービス業,,False,,797.0,0.0,False,0.0
2026-08-24,2424,ブラス,プレミア市場,サービス業,,False,,603.0,0.0,False,0.0
2026-08-24,2435,シダー,メイン市場,サービス業,,False,,210.0,0.0,False,0.0
2026-08-24,2467,ＶＬＣセキュリティ,ネクスト市場,サービス業,,False,177.0,,12.7,True,2247900.0
2026-08-24,246A,アスア,メイン市場,サービス業,,False,,917.0,0.0,False,0.0
2026-08-24,2479,ジェイテック,メイン市場,サービス業,,False,,246.0,0.0,False,0.0
2026-08-24,2480,シスロケ,メイン市場,情報・通信業,,False,,1730.0,0.0,False,0.0
2026-08-24,2485,ティア,プレミア市場,サービス業,,False,,451.0,0.0,False,0.0
2026-08-24,2551,マルサンアイ,メイン市場,食料品,,False,3595.0,,0.8,True,2876000.0
2026-08-24,259A,ケイ・ウノ,ネクスト市場,小売業,,False,1730.0,,0.7,True,1211000.0
2026-08-24,2722,ＩＫホールディングス,プレミア市場,小売業,,False,,358.0,0.0,False,0.0
2026-08-24,2734,サーラ,プレミア市場,小売業,,False,,1236.0,0.0,False,0.0
2026-08-24,2753,あみやき,プレミア市場,小売業,,False,,1394.0,0.0,False,0.0
2026-08-24,275A,ハンワホームズ,ネクスト市場,建設業,,False,364.0,,0.6,True,218400.0
2026-08-24,2778,パレモ・ＨＤ,メイン市場,小売業,,False,,114.0,0.0,False,0.0
2026-08-24,2780,コメ兵ＨＤ,メイン市場,小売業,,False,,5100.0,0.0,False,0.0
2026-08-24,2806,ユタカフーズ,メイン市場,食料品,,False,,1894.0,0.0,False,0.0
2026-08-24,2811,カゴメ,プレミア市場,食料品,,False,,2720.5,0.0,False,0.0
2026-08-24,2902,太陽化,メイン市場,食料品,,False,2692.0,,3.5,True,9422000.0
2026-08-24,2983,アールプランナー,メイン市場,不動産業,,False,,1686.0,0.0,False,0.0
2026-08-24,2986,ＬＡＨＤ,プレミア市場,不動産業,,False,,2835.0,0.0,False,0.0
2026-08-24,3028,アルペン,プレミア市場,小売業,,False,,2379.0,0.0,False,0.0
2026-08-24,3032,ゴルフ・ドゥ,ネクスト市場,小売業,,False,242.0,,6.3,True,1524600.0
2026-08-24,3035,ケイティケイ,メイン市場,卸売業,,False,,770.0,0.0,False,0.0
2026-08-24,3066,ＪＢイレブン,メイン市場,小売業,,False,635.0,,1.8,True,1143000.0
2026-08-24,3086,Ｊフロント,プレミア市場,小売業,,False,,3056.0,0.0,False,0.0
2026-08-24,3091,ブロンコＢ,プレミア市場,小売業,,False,,2799.0,0.0,False,0.0
2026-08-24,3116,トヨタ紡織,プレミア市場,輸送用機器,,False,,2261.0,0.0,False,0.0
2026-08-24,3138,富士山マガジン,メイン市場,小売業,,False,,1132.0,0.0,False,0.0
2026-08-24,3184,ＩＣＤＡ,メイン市場,小売業,,False,,4280.0,0.0,False,0.0
2026-08-24,3186,ネクステージ,プレミア市場,小売業,,False,,3355.0,0.0,False,0.0
2026-08-24,3202,ダイトウボウ,プレミア市場,繊維製品,,False,,128.0,0.0,False,0.0
2026-08-24,3205,ダイドー,プレミア市場,繊維製品,,False,,741.0,0.0,False,0.0
2026-08-24,3221,ヨシックスＨＤ,プレミア市場,小売業,,False,,3375.0,0.0,False,0.0
2026-08-24,3232,三重交通ＧＨＤ,プレミア市場,不動産業,,False,,577.0,0.0,False,0.0
2026-08-24,3260,エスポア,,サービス業,監理,True,569.0,,22.1,True,12574900.000000002
2026-08-24,3320,クロスプラス,メイン市場,卸売業,,False,,1333.0,0.0,False,0.0
2026-08-24,3321,ミタチ,プレミア市場,卸売業,,False,,1663.0,0.0,False,0.0
2026-08-24,3346,ヒロタグループＨＤ,ネクスト市場,小売業,,False,83.0,,9.2,True,763599.9999999999
2026-08-24,3384,アークコア,ネクスト市場,卸売業,,False,765.0,,0.6,True,459000.0
2026-08-24,3419,アートグリーン,ネクスト市場,卸売業,,False,1980.0,,0.3,True,594000.0
2026-08-24,3422,Ｊ－ＭＡＸ,メイン市場,金属製品,,False,,618.0,0.0,False,0.0
2026-08-24,3439,三ツ知,メイン市場,金属製品,,False,,675.0,0.0,False,0.0
2026-08-24,3441,山王,メイン市場,金属製品,,False,,2662.0,0.0,False,0.0
2026-08-24,3442,ＭＩＥコーポ,メイン市場,金属製品,,False,1715.0,,0.8,True,1372000.0
2026-08-24,3447,信和,プレミア市場,金属製品,,False,,1032.0,0.0,False,0.0
2026-08-24,3461,パルマ,メイン市場,不動産業,,False,,610.0,0.0,False,0.0
2026-08-24,3469,デュアルタップ,メイン市場,不動産業,,False,,900.0,0.0,False,0.0
2026-08-24,3494,マリオン,メイン市場,不動産業,,False,,439.0,0.0,False,0.0
2026-08-24,3504,丸八ホールディングス,メイン市場,繊維製品,,False,1407.0,,0.4,True,562800.0000000001
2026-08-24,3524,日東網,プレミア市場,繊維製品,,False,,1483.0,0.0,False,0.0
2026-08-24,3543,コメダ,プレミア市場,卸売業,,False,,2990.0,0.0,False,0.0
2026-08-24,3549,クスリのアオキＨＤ,メイン市場,小売業,,False,,4129.0,0.0,False,0.0
2026-08-24,3556,リネットジャパン,メイン市場,小売業,,False,,879.0,0.0,False,0.0
2026-08-24,3559,ピーバンドットコム,メイン市場,卸売業,,False,,424.0,0.0,False,0.0
2026-08-24,3571,ソトー,プレミア市場,繊維製品,,False,,724.0,0.0,False,0.0
2026-08-24,3577,東海染工,プレミア市場,繊維製品,,False,,951.0,0.0,False,0.0
2026-08-24,3670,協立情報通信,メイン市場,情報・通信業,,False,,1775.0,0.0,False,0.0
2026-08-24,3739,コムシード,ネクスト市場,情報・通信業,,False,121.0,,19.9,True,2407899.9999999995
2026-08-24,3771,システムリサーチ,プレミア市場,情報・通信業,,False,,1979.0,0.0,False,0.0
2026-08-24,3775,ガイアックス,ネクスト市場,情報・通信業,,False,439.0,,2.3,True,1009700.0
2026-08-24,377A,エージェントＩＧＨＤ,メイン市場,保険業,,False,1048.0,,0.8,True,838400.0000000001
2026-08-24,3808,オーケーウェブ,ネクスト市場,情報・通信業,,False,29.0,,27.6,True,800400.0000000001
2026-08-24,3842,ネクストジェン,メイン市場,情報・通信業,,False,,1039.0,0.0,False,0.0
2026-08-24,391A,山忠,メイン市場,不動産業,,False,2440.0,,0.3,True,732000.0
2026-08-24,3922,ＰＲＴＩＭＥＳ,プレミア市場,情報・通信業,,False,,2169.0,0.0,False,0.0
2026-08-24,3947,ダイナパック,メイン市場,パルプ・紙,,False,,2456.0,0.0,False,0.0
2026-08-24,3958,笹徳印刷,メイン市場,パルプ・紙,,False,,549.0,0.0,False,0.0
2026-08-24,3974,ＳＣＡＴ,メイン市場,情報・通信業,,False,,670.0,0.0,False,0.0
2026-08-24,4062,イビデン,プレミア市場,電気機器,,False,,18795.0,0.0,False,0.0
2026-08-24,4063,信越化,プレミア市場,化 学,,False,,6051.0,0.0,False,0.0
2026-08-24,4072,電算システムＨＤ,プレミア市場,情報・通信業,,False,,3095.0,0.0,False,0.0
2026-08-24,4124,大阪油化工業,メイン市場,化 学,,False,,2890.0,0.0,False,0.0
2026-08-24,4125,三和油化工業,メイン市場,化 学,,False,,3805.0,0.0,False,0.0
2026-08-24,418A,ウリドキ,ネクスト市場,情報・通信業,,False,1275.0,,6.0,True,7650000.0
2026-08-24,4196,ネオマーケ,メイン市場,情報・通信業,,False,,2028.0,0.0,False,0.0
2026-08-24,4206,アイカ工,プレミア市場,化 学,,False,,4112.0,0.0,False,0.0
2026-08-24,4240,クラスターＴ,メイン市場,化 学,,False,,333.0,0.0,False,0.0
2026-08-24,4247,ポバール興業,メイン市場,化 学,,False,,1390.0,0.0,False,0.0
2026-08-24,4361,川口化,メイン市場,化 学,,False,,1546.0,0.0,False,0.0
2026-08-24,4430,東海ソフト,プレミア市場,情報・通信業,,False,,1674.0,0.0,False,0.0
2026-08-24,4439,東名,プレミア市場,情報・通信業,,False,,770.0,0.0,False,0.0
2026-08-24,4445,リビンＴ,メイン市場,情報・通信業,,False,,1861.0,0.0,False,0.0
2026-08-24,4463,日華化学,プレミア市場,化 学,,False,,2012.0,0.0,False,0.0
2026-08-24,4502,武田薬,プレミア市場,医薬品,,False,,5797.0,0.0,False,0.0
2026-08-24,4616,川上塗料,メイン市場,化 学,,False,,2104.0,0.0,False,0.0
2026-08-24,4658,日本空調,プレミア市場,サービス業,,False,,1555.0,0.0,False,0.0
2026-08-24,4667,アイサンテクノロ,メイン市場,情報・通信業,,False,,2082.0,0.0,False,0.0
2026-08-24,4681,リゾートトラ,プレミア市場,サービス業,,False,,1867.5,0.0,False,0.0
2026-08-24,4691,ワシントンホテル,メイン市場,サービス業,,False,,2228.0,0.0,False,0.0
2026-08-24,4707,キタック,メイン市場,サービス業,,False,,335.0,0.0,False,0.0
2026-08-24,4732,ＵＳＳ,プレミア市場,サービス業,,False,,1973.0,0.0,False,0.0
2026-08-24,4760,アルファ,メイン市場,サービス業,,False,,1742.0,0.0,False,0.0
2026-08-24,4920,日本色材,メイン市場,化 学,,False,,1150.0,0.0,False,0.0
2026-08-24,5020,ＥＮＥＯＳ,プレミア市場,石油・石炭製品,,False,,1340.5,0.0,False,0.0
2026-08-24,5075,アップコン,ネクスト市場,建設業,,False,1028.0,,4.0,True,4112000.0
2026-08-24,5204,石塚硝,プレミア市場,ガラス・土石製品,,False,,3005.0,0.0,False,0.0
2026-08-24,523A,セイワＨＤ,ネクスト市場,金属製品,,False,,1688.0,0.0,False,0.0
2026-08-24,5241,日本オーエー研究所,メイン市場,情報・通信業,,False,748.0,,3.0,True,2244000.0
2026-08-24,5271,トーヨーアサノ,メイン市場,ガラス・土石製品,,False,,2356.0,0.0,False,0.0
2026-08-24,5287,イトーヨーギョー,メイン市場,ガラス・土石製品,,False,,845.0,0.0,False,0.0
2026-08-24,5331,ノリタケ,プレミア市場,ガラス・土石製品,,False,,3610.0,0.0,False,0.0
2026-08-24,5332,ＴＯＴＯ,プレミア市場,ガラス・土石製品,,False,,6331.0,0.0,False,0.0
2026-08-24,5333,ＮＧＫ,プレミア市場,ガラス・土石製品,,False,,5406.0,0.0,False,0.0
2026-08-24,5334,日特殊陶,プレミア市場,ガラス・土石製品,,False,,8719.0,0.0,False,0.0
2026-08-24,5342,ジャニス工,メイン市場,ガラス・土石製品,,False,,389.0,0.0,False,0.0
2026-08-24,5343,ニッコー,メイン市場,ガラス・土石製品,,False,184.0,,10.3,True,1895200.0
2026-08-24,5344,ＭＡＲＵＷＡ,プレミア市場,ガラス・土石製品,,False,,53710.0,0.0,False,0.0
2026-08-24,5356,美濃窯業,メイン市場,ガラス・土石製品,,False,,1298.0,0.0,False,0.0
2026-08-24,5384,ＦＵＪＩＭＩ,プレミア市場,ガラス・土石製品,,False,,3610.0,0.0,False,0.0
2026-08-24,5386,鶴弥,メイン市場,ガラス・土石製品,,False,383.0,,11.8,True,4519400.000000001
2026-08-24,5401,日本製鉄,プレミア市場,鉄 鋼,,False,,666.1,0.0,False,0.0
2026-08-24,5406,神戸鋼,プレミア市場,鉄 鋼,,False,,2024.0,0.0,False,0.0
2026-08-24,5461,中部鋼鈑,プレミア市場,鉄 鋼,,False,,2099.0,0.0,False,0.0
2026-08-24,546A,ＭＩＲＡＩＮＩ,プレミア市場,卸売業,,False,,2341.0,0.0,False,0.0
2026-08-24,5471,大同特鋼,プレミア市場,鉄 鋼,,False,,2281.5,0.0,False,0.0
2026-08-24,5482,愛知鋼,プレミア市場,鉄 鋼,,False,,3200.0,0.0,False,0.0
2026-08-24,550A,ソフトテックス,メイン市場,情報・通信業,,False,,2172.0,0.0,False,0.0
2026-08-24,5530,日本システムバンク,メイン市場,不動産業,,False,1090.0,,0.8,True,872000.0
2026-08-24,5589,オートサーバー,メイン市場,情報・通信業,,False,,2837.0,0.0,False,0.0
2026-08-24,5607,中央可鍛,メイン市場,鉄 鋼,,False,602.0,,52.4,True,31544800.0
2026-08-24,5802,住友電工,プレミア市場,非鉄金属,,False,,2151.5,0.0,False,0.0
2026-08-24,5918,滝上工,メイン市場,金属製品,,False,,7730.0,0.0,False,0.0
2026-08-24,5938,ＬＩＸＩＬ,プレミア市場,金属製品,,False,,1759.5,0.0,False,0.0
2026-08-24,5947,リンナイ,プレミア市場,金属製品,,False,,3559.0,0.0,False,0.0
2026-08-24,5952,アマテイ,メイン市場,金属製品,,False,,189.0,0.0,False,0.0
2026-08-24,5979,カネソウ,メイン市場,金属製品,,False,5240.0,,1.6,True,8384000.0
2026-08-24,5984,兼房,メイン市場,金属製品,,False,,772.0,0.0,False,0.0
2026-08-24,5992,中央発条,プレミア市場,金属製品,,False,,3705.0,0.0,False,0.0
2026-08-24,5994,ファインシンター,メイン市場,金属製品,,False,,1010.0,0.0,False,0.0
2026-08-24,6025,日本ＰＣサービス,ネクスト市場,サービス業,,False,746.0,,2.4,True,1790399.9999999998
2026-08-24,6036,ＫｅｅＰｅｒ技研,プレミア市場,サービス業,,False,,3290.0,0.0,False,0.0
2026-08-24,6055,Ｊマテリアル,プレミア市場,サービス業,,False,,2059.0,0.0,False,0.0
2026-08-24,6074,ＪＳＳ,メイン市場,サービス業,,False,,519.0,0.0,False,0.0
2026-08-24,6103,オークマ,プレミア市場,機 械,,False,,4900.0,0.0,False,0.0
2026-08-24,6111,旭精機,メイン市場,機 械,,False,2009.0,,3.2,True,6428800.0
2026-08-24,6134,ＦＵＪＩ,プレミア市場,機 械,,False,,7286.0,0.0,False,0.0
2026-08-24,6136,ＯＳＧ,プレミア市場,機 械,,False,,3707.0,0.0,False,0.0
2026-08-24,6142,富士精工,メイン市場,機 械,,False,1703.0,,4.1,True,6982299.999999999
2026-08-24,6203,豊和工,プレミア市場,機 械,,False,,1467.0,0.0,False,0.0
2026-08-24,6225,エコム,メイン市場,機 械,,False,2065.0,,0.2,True,413000.0
2026-08-24,6267,ゼネパッカー,メイン市場,機 械,,False,,4000.0,0.0,False,0.0
2026-08-24,6325,タカキタ,プレミア市場,機 械,,False,,420.0,0.0,False,0.0
2026-08-24,6339,新東工,プレミア市場,機 械,,False,,1213.0,0.0,False,0.0
2026-08-24,6340,渋谷工,プレミア市場,機 械,,False,,5110.0,0.0,False,0.0
2026-08-24,6342,太平製,メイン市場,機 械,,False,,3025.0,0.0,False,0.0
2026-08-24,6345,アイチ,プレミア市場,機 械,,False,,1451.0,0.0,False,0.0
2026-08-24,6346,キクカワ,メイン市場,機 械,,False,,5730.0,0.0,False,0.0
2026-08-24,6396,宇野沢鉄,メイン市場,機 械,,False,,4390.0,0.0,False,0.0
2026-08-24,6407,ＣＫＤ,プレミア市場,機 械,,False,,5510.0,0.0,False,0.0
2026-08-24,6430,ダイコク電,プレミア市場,機 械,,False,,2460.0,0.0,False,0.0
2026-08-24,6439,中日鋳工,メイン市場,機 械,,False,,383.0,0.0,False,0.0
2026-08-24,6448,ブラザー,プレミア市場,電気機器,,False,,4667.0,0.0,False,0.0
2026-08-24,6465,ホシザキ,プレミア市場,機 械,,False,,5669.0,0.0,False,0.0
2026-08-24,6470,大豊工業,プレミア市場,機 械,,False,,1168.0,0.0,False,0.0
2026-08-24,6473,ジェイテクト,プレミア市場,機 械,,False,,2086.0,0.0,False,0.0
2026-08-24,6501,日立,プレミア市場,電気機器,,False,,5266.0,0.0,False,0.0
2026-08-24,6504,富士電機,プレミア市場,電気機器,,False,,14065.0,0.0,False,0.0
2026-08-24,6508,明電舎,プレミア市場,電気機器,,False,,11660.0,0.0,False,0.0
2026-08-24,6547,グリーンズ,プレミア市場,サービス業,,False,,2074.0,0.0,False,0.0
2026-08-24,6564,ミダックＨＤ,プレミア市場,サービス業,,False,,2056.0,0.0,False,0.0
2026-08-24,6565,ＡＢホテル,メイン市場,サービス業,,False,1295.0,,2.2,True,2849000.0000000005
2026-08-24,6586,マキタ,プレミア市場,機 械,,False,,5303.0,0.0,False,0.0
2026-08-24,6615,ＵＭＣエレ,メイン市場,電気機器,,False,,237.0,0.0,False,0.0
2026-08-24,6623,愛知電,プレミア市場,電気機器,,False,8860.0,,6.1,True,54046000.0
2026-08-24,6651,日東工,プレミア市場,電気機器,,False,,4390.0,0.0,False,0.0
2026-08-24,6655,洋電機,メイン市場,電気機器,,False,786.0,,0.3,True,235800.0
2026-08-24,6676,ＢＵＦＦＡＬＯ,プレミア市場,電気機器,,False,,2905.0,0.0,False,0.0
2026-08-24,6702,富士通,プレミア市場,電気機器,,False,,3700.0,0.0,False,0.0
2026-08-24,6718,アイホン,プレミア市場,電気機器,,False,,2863.0,0.0,False,0.0
2026-08-24,6797,名古屋電,メイン市場,電気機器,,False,,1184.0,0.0,False,0.0
2026-08-24,6846,中央製,メイン市場,電気機器,,False,1382.0,,0.1,True,138200.00000000003
2026-08-24,6902,デンソー,プレミア市場,輸送用機器,,False,,1940.5,0.0,False,0.0
2026-08-24,6995,東海理電,プレミア市場,輸送用機器,,False,,3140.0,0.0,False,0.0
2026-08-24,6999,ＫＯＡ,プレミア市場,電気機器,,False,,2150.0,0.0,False,0.0
2026-08-24,7011,三菱重,プレミア市場,機 械,,False,,3955.0,0.0,False,0.0
2026-08-24,7012,川崎重,プレミア市場,輸送用機器,,False,2603.0,2590.0,0.7,True,1822100.0
2026-08-24,7059,コプロＨＤ,プレミア市場,サービス業,,False,,900.0,0.0,False,0.0
2026-08-24,7073,ジェイック,メイン市場,サービス業,,False,,2255.0,0.0,False,0.0
2026-08-24,7075,ＱＬＳＨＤ,ネクスト市場,サービス業,,False,,860.0,0.0,False,0.0
2026-08-24,7076,名南Ｍ＆Ａ,メイン市場,サービス業,,False,1040.0,,30.9,True,32136000.0
2026-08-24,7102,日車輌,プレミア市場,輸送用機器,,False,,3780.0,0.0,False,0.0
2026-08-24,7118,伸和ホールディングス,ネクスト市場,小売業,,False,4200.0,,0.2,True,840000.0
2026-08-24,7129,ミアヘルサＨＤ,メイン市場,小売業,,False,,1162.0,0.0,False,0.0
2026-08-24,7135,ジャパンクラフトＨＤ,プレミア市場,小売業,,False,,182.0,0.0,False,0.0
2026-08-24,7203,トヨタ自,プレミア市場,輸送用機器,,False,,3125.0,0.0,False,0.0
2026-08-24,7213,レシップＨＤ,プレミア市場,輸送用機器,,False,,673.0,0.0,False,0.0
2026-08-24,7220,武蔵精密,プレミア市場,輸送用機器,,False,,3275.0,0.0,False,0.0
2026-08-24,7227,アスカ,メイン市場,輸送用機器,,False,1830.0,,0.5,True,915000.0
2026-08-24,7231,トピー工,プレミア市場,輸送用機器,,False,,3095.0,0.0,False,0.0
2026-08-24,7241,フタバ産,プレミア市場,輸送用機器,,False,,1117.0,0.0,False,0.0
2026-08-24,7245,大同メタル,プレミア市場,輸送用機器,,False,,1261.0,0.0,False,0.0
2026-08-24,7259,アイシン,プレミア市場,輸送用機器,,False,,2274.0,0.0,False,0.0
2026-08-24,7266,今仙電機,プレミア市場,輸送用機器,,False,,1025.0,0.0,False,0.0
2026-08-24,7282,豊田合,プレミア市場,輸送用機器,,False,,5370.0,0.0,False,0.0
2026-08-24,7283,愛三工,プレミア市場,輸送用機器,,False,,2308.0,0.0,False,0.0
2026-08-24,7322,,プレミア市場,銀行業,,False,,1985.0,0.0,False,0.0
2026-08-24,7362,Ｔ．Ｓ．Ｉ,メイン市場,サービス業,,False,,870.0,0.0,False,0.0
2026-08-24,7369,メイホーＨＤ,ネクスト市場,サービス業,,False,,351.0,0.0,False,0.0
2026-08-24,7380,十六ＦＧ,プレミア市場,銀行業,,False,,2464.0,0.0,False,0.0
2026-08-24,7389,あいちＦＧ,プレミア市場,銀行業,,False,,1787.0,0.0,False,0.0
2026-08-24,7412,アトム,メイン市場,小売業,,False,,376.0,0.0,False,0.0
2026-08-24,7485,岡谷鋼機,プレミア市場,卸売業,,False,5080.0,,4.8,True,24384000.0
2026-08-24,7488,ヤガミ,メイン市場,卸売業,,False,5140.0,,2.8,True,14391999.999999998
2026-08-24,7514,ヒマラヤ,プレミア市場,小売業,,False,,881.0,0.0,False,0.0
2026-08-24,7593,ＶＴＨＤ,プレミア市場,小売業,,False,,535.0,0.0,False,0.0
2026-08-24,7607,進和,プレミア市場,卸売業,,False,,3150.0,0.0,False,0.0
2026-08-24,7630,壱番屋,プレミア市場,小売業,,False,,944.0,0.0,False,0.0
2026-08-24,7649,スギＨＤ,プレミア市場,小売業,,False,,2740.0,0.0,False,0.0
2026-08-24,7675,セントラルフォレスト,メイン市場,卸売業,,False,,2790.0,0.0,False,0.0
2026-08-24,7682,浜木綿,メイン市場,小売業,,False,,3920.0,0.0,False,0.0
2026-08-24,7723,愛知時,プレミア市場,精密機器,,False,,2878.0,0.0,False,0.0
2026-08-24,7747,アサヒインテック,プレミア市場,精密機器,,False,,4050.0,0.0,False,0.0
2026-08-24,7751,キヤノン,プレミア市場,電気機器,,False,,4621.0,0.0,False,0.0
2026-08-24,7780,メニコン,プレミア市場,精密機器,,False,,1914.0,0.0,False,0.0
2026-08-24,7790,バルコス,ネクスト市場,その他製品,,False,1060.0,,0.5,True,530000.0
2026-08-24,7805,プリントネット,メイン市場,その他製品,,False,,738.0,0.0,False,0.0
2026-08-24,7870,福島印,メイン市場,その他製品,,False,372.0,,4.9,True,1822800.0
2026-08-24,7871,フクビ化工,メイン市場,化 学,,False,,1000.0,0.0,False,0.0
2026-08-24,7875,竹田ｉＰ,メイン市場,その他製品,,False,,808.0,0.0,False,0.0
2026-08-24,7878,光・彩,メイン市場,その他製品,,False,,1469.0,0.0,False,0.0
2026-08-24,7896,セブン工,メイン市場,その他製品,,False,,511.0,0.0,False,0.0
2026-08-24,7928,旭化学,メイン市場,化 学,,False,,655.0,0.0,False,0.0
2026-08-24,7931,未来工業,プレミア市場,化 学,,False,,3705.0,0.0,False,0.0
2026-08-24,7943,ニチハ,プレミア市場,ガラス・土石製品,,False,,3120.0,0.0,False,0.0
2026-08-24,7946,光陽社,メイン市場,その他製品,,False,323.0,318.0,1.2,True,387600.0
2026-08-24,7950,デコラックス,メイン市場,化 学,,False,,9380.0,0.0,False,0.0
2026-08-24,7953,菊水化,メイン市場,その他製品,,False,,405.0,0.0,False,0.0
2026-08-24,7975,リヒトラブ,メイン市場,その他製品,,False,,1144.0,0.0,False,0.0
2026-08-24,8015,豊田通商,プレミア市場,卸売業,,False,,7363.0,0.0,False,0.0
2026-08-24,8031,三井物産,プレミア市場,卸売業,,False,,4954.0,0.0,False,0.0
2026-08-24,8071,東海エレ,メイン市場,卸売業,,False,2969.0,,0.6,True,1781399.9999999998
2026-08-24,8076,カノークス,メイン市場,卸売業,,False,,2083.0,0.0,False,0.0
2026-08-24,8130,サンゲツ,プレミア市場,卸売業,,False,,3195.0,0.0,False,0.0
2026-08-24,8145,中部水,メイン市場,卸売業,,False,3225.0,,0.1,True,322500.0
2026-08-24,8160,木曽路,プレミア市場,小売業,,False,,2462.0,0.0,False,0.0
2026-08-24,8190,ヤマナカ,メイン市場,小売業,,False,519.0,,6.7,True,3477300.0
2026-08-24,8225,タカチホ,メイン市場,卸売業,,False,,3450.0,0.0,False,0.0
2026-08-24,8228,マルイチ産商,メイン市場,卸売業,,False,1114.0,,2.0,True,2228000.0
2026-08-24,8285,三谷産業,プレミア市場,卸売業,,False,,779.0,0.0,False,0.0
2026-08-24,8306,三菱ＵＦＪ,プレミア市場,銀行業,,False,3496.0,3481.0,0.1,True,349600.0
2026-08-24,8309,三井住友トラストＧ,プレミア市場,銀行業,,False,,1702.0,0.0,False,0.0
2026-08-24,8316,三井住友,プレミア市場,銀行業,,False,,6593.0,0.0,False,0.0
2026-08-24,8361,大垣銀,プレミア市場,銀行業,,False,,7720.0,0.0,False,0.0
2026-08-24,8368,百五銀,プレミア市場,銀行業,,False,,2207.0,0.0,False,0.0
2026-08-24,8522,名古屋銀,プレミア市場,銀行業,,False,,6820.0,0.0,False,0.0
2026-08-24,8601,大和証Ｇ,プレミア市場,証券、商品先物取引業,,False,,1786.5,0.0,False,0.0
2026-08-24,8604,野村,プレミア市場,証券、商品先物取引業,,False,,1539.0,0.0,False,0.0
2026-08-24,8609,岡三,プレミア市場,証券、商品先物取引業,,False,,1169.0,0.0,False,0.0
2026-08-24,8616,東海東京,プレミア市場,証券、商品先物取引業,,False,,854.0,0.0,False,0.0
2026-08-24,8725,ＭＳ＆ＡＤ,プレミア市場,保険業,,False,,4927.0,0.0,False,0.0
2026-08-24,8803,平和不,プレミア市場,不動産業,,False,,2390.0,0.0,False,0.0
2026-08-24,8891,ＡＭＧＨＤ,メイン市場,不動産業,,False,,2093.0,0.0,False,0.0
2026-08-24,8904,ＡＶＡＮＴＩＡ,プレミア市場,不動産業,,False,,871.0,0.0,False,0.0
2026-08-24,8920,東祥,プレミア市場,サービス業,,False,,724.0,0.0,False,0.0
2026-08-24,8995,誠建設,メイン市場,不動産業,,False,,1544.0,0.0,False,0.0
2026-08-24,9022,ＪＲ東海,プレミア市場,陸運業,,False,,3923.0,0.0,False,0.0
2026-08-24,9040,大宝運,メイン市場,陸運業,,False,,4260.0,0.0,False,0.0
2026-08-24,9048,名鉄,プレミア市場,陸運業,,False,,1901.5,0.0,False,0.0
2026-08-24,9073,京極運輸,メイン市場,陸運業,,False,,1230.0,0.0,False,0.0
2026-08-24,9076,セイノーＨＤ,プレミア市場,陸運業,,False,,2816.0,0.0,False,0.0
2026-08-24,9170,成友興業,メイン市場,サービス業,,False,,1900.0,0.0,False,0.0
2026-08-24,9221,フルハシＥＰＯ,メイン市場,サービス業,,False,,1150.0,0.0,False,0.0
2026-08-24,9223,ＡＳＮＯＶＡ,ネクスト市場,サービス業,,False,,446.0,0.0,False,0.0
2026-08-24,9249,日本エコシステム,メイン市場,サービス業,,False,,1675.0,0.0,False,0.0
2026-08-24,9306,東陽倉,プレミア市場,倉庫・運輸関連業,,False,,2029.0,0.0,False,0.0
2026-08-24,9310,トランスシティ,プレミア市場,倉庫・運輸関連業,,False,,1405.0,0.0,False,0.0
2026-08-24,9330,揚羽,ネクスト市場,サービス業,,False,,870.0,0.0,False,0.0
2026-08-24,9357,名港海,メイン市場,倉庫・運輸関連業,,False,2459.0,,11.9,True,29262100.000000004
2026-08-24,9359,伊勢湾海,メイン市場,倉庫・運輸関連業,,False,966.0,,8.2,True,7921199.999999999
2026-08-24,9368,キムラユニティー,プレミア市場,倉庫・運輸関連業,,False,,928.0,0.0,False,0.0
2026-08-24,9402,中日放送,プレミア市場,情報・通信業,,False,1224.0,,6.3,True,7711200.0
2026-08-24,9428,クロップス,プレミア市場,情報・通信業,,False,,1489.0,0.0,False,0.0
2026-08-24,9471,文渓堂,メイン市場,情報・通信業,,False,1135.0,,0.1,True,113500.0
2026-08-24,9476,中央経済社ＨＤ,メイン市場,情報・通信業,,False,,981.0,0.0,False,0.0
2026-08-24,9502,中部電力,プレミア市場,電気・ガス業,,False,,2897.0,0.0,False,0.0
2026-08-24,9531,東瓦斯,プレミア市場,電気・ガス業,,False,,6110.0,0.0,False,0.0
2026-08-24,9533,東邦瓦斯,プレミア市場,電気・ガス業,,False,,1220.0,0.0,False,0.0
2026-08-24,9643,中日興,メイン市場,サービス業,,False,,11080.0,0.0,False,0.0
2026-08-24,9664,御園座,メイン市場,サービス業,,False,1501.0,,1.8,True,2701800.0
2026-08-24,9793,ダイセキ,プレミア市場,サービス業,,False,,3840.0,0.0,False,0.0
2026-08-24,9900,サガミＨＤ,プレミア市場,小売業,,False,,2152.0,0.0,False,0.0
2026-08-24,9913,日邦産業,メイン市場,卸売業,,False,,3280.0,0.0,False,0.0
2026-08-24,9914,植松商会,メイン市場,卸売業,,False,,741.0,0.0,False,0.0
2026-08-24,9956,バローＨＤ,プレミア市場,小売業,,False,,3265.0,0.0,False,0.0
2026-08-24,9969,ショクブン,メイン市場,小売業,,False,,234.0,0.0,False,0.0
2026-08-24,9982,タキヒヨー,プレミア市場,卸売業,,False,,2585.0,0.0,False,0.0
2026-08-24,9987,スズケン,プレミア市場,卸売業,,False,,5086.0,0.0,False,0.0
2026-08-25,138A,光フードサービス,ネクスト市場,小売業,,False,,3115.0,0.0,False,0.0
2026-08-25,1438,岐阜造園,メイン市場,建設業,,False,,2323.0,0.0,False,0.0
2026-08-25,1444,ニッソウ,ネクスト市場,建設業,,False,,2624.0,0.0,False,0.0
2026-08-25,1738,ＮＩＴＴＯＨ,メイン市場,建設業,,False,571.0,,0.5,True,285500.0
2026-08-25,1766,東建コーポ,プレミア市場,建設業,,False,,13610.0,0.0,False,0.0
2026-08-25,1777,川崎設備,メイン市場,建設業,,False,2325.0,,2.5,True,5812500.0
2026-08-25,1780,ヤマウラ,プレミア市場,建設業,,False,,1489.0,0.0,False,0.0
2026-08-25,1801,大成建,プレミア市場,建設業,,False,,12805.0,0.0,False,0.0
2026-08-25,1803,清水建,プレミア市場,建設業,,False,,2384.5,0.0,False,0.0
2026-08-25,1811,銭高組,メイン市場,建設業,,False,,7890.0,0.0,False,0.0
2026-08-25,1812,鹿島,プレミア市場,建設業,,False,,4835.0,0.0,False,0.0
2026-08-25,1869,名工建,メイン市場,建設業,,False,1918.0,,2.3,True,4411400.0
2026-08-25,1870,矢作建,プレミア市場,建設業,,False,,2153.0,0.0,False,0.0
2026-08-25,1878,大東建,プレミア市場,不動産業,,False,,3331.0,0.0,False,0.0
2026-08-25,1892,徳倉建,メイン市場,建設業,,False,8100.0,,0.3,True,2430000.0
2026-08-25,1893,五洋建,プレミア市場,建設業,,False,,1433.5,0.0,False,0.0
2026-08-25,1928,積水ハウス,プレミア市場,建設業,,False,,3460.0,0.0,False,0.0
2026-08-25,1946,トーエネック,プレミア市場,建設業,,False,,2163.0,0.0,False,0.0
2026-08-25,2053,中部飼料,プレミア市場,食料品,,False,,2032.0,0.0,False,0.0
2026-08-25,212A,フィットイージー,プレミア市場,サービス業,,False,,3055.0,0.0,False,0.0
2026-08-25,2139,中広,プレミア市場,サービス業,,False,,526.0,0.0,False,0.0
2026-08-25,2169,ＣＤＳ,プレミア市場,サービス業,,False,,1720.0,0.0,False,0.0
2026-08-25,2185,シイエム・シイ,プレミア市場,サービス業,,False,,1966.0,0.0,False,0.0
2026-08-25,2207,ｍｅｉｔｏ,プレミア市場,食料品,,False,,3445.0,0.0,False,0.0
2026-08-25,2209,井村屋Ｇ,プレミア市場,食料品,,False,,2403.0,0.0,False,0.0
2026-08-25,2224,コモ,メイン市場,食料品,,False,,3655.0,0.0,False,0.0
2026-08-25,2327,ＮＳＳＯＬ,メイン市場,情報・通信業,,False,,3902.0,0.0,False,0.0
2026-08-25,2329,東北新社,メイン市場,情報・通信業,,False,,502.0,0.0,False,0.0
2026-08-25,2351,ＡＳＪ,メイン市場,情報・通信業,,False,,325.0,0.0,False,0.0
2026-08-25,2376,サイネックス,メイン市場,サービス業,,False,,782.0,0.0,False,0.0
2026-08-25,2424,ブラス,プレミア市場,サービス業,,False,,602.0,0.0,False,0.0
2026-08-25,2435,シダー,メイン市場,サービス業,,False,,209.0,0.0,False,0.0
2026-08-25,2467,ＶＬＣセキュリティ,ネクスト市場,サービス業,,False,178.0,,17.7,True,3150600.0
2026-08-25,246A,アスア,メイン市場,サービス業,,False,,916.0,0.0,False,0.0
2026-08-25,2479,ジェイテック,メイン市場,サービス業,,False,,244.0,0.0,False,0.0
2026-08-25,2480,シスロケ,メイン市場,情報・通信業,,False,,1730.0,0.0,False,0.0
2026-08-25,2485,ティア,プレミア市場,サービス業,,False,,453.0,0.0,False,0.0
2026-08-25,2551,マルサンアイ,メイン市場,食料品,,False,3580.0,,0.5,True,1790000.0
2026-08-25,259A,ケイ・ウノ,ネクスト市場,小売業,,False,1735.0,,1.0,True,1735000.0
2026-08-25,2722,ＩＫホールディングス,プレミア市場,小売業,,False,,359.0,0.0,False,0.0
2026-08-25,2734,サーラ,プレミア市場,小売業,,False,,1226.0,0.0,False,0.0
2026-08-25,2753,あみやき,プレミア市場,小売業,,False,,1404.0,0.0,False,0.0
2026-08-25,275A,ハンワホームズ,ネクスト市場,建設業,,False,366.0,,0.6,True,219600.0
2026-08-25,2778,パレモ・ＨＤ,メイン市場,小売業,,False,,114.0,0.0,False,0.0
2026-08-25,2780,コメ兵ＨＤ,メイン市場,小売業,,False,,5050.0,0.0,False,0.0
2026-08-25,2806,ユタカフーズ,メイン市場,食料品,,False,,1894.0,0.0,False,0.0
2026-08-25,2811,カゴメ,プレミア市場,食料品,,False,,2714.5,0.0,False,0.0
2026-08-25,2902,太陽化,メイン市場,食料品,,False,2695.0,,4.7,True,12666500.0
2026-08-25,2983,アールプランナー,メイン市場,不動産業,,False,,1655.0,0.0,False,0.0
2026-08-25,2986,ＬＡＨＤ,プレミア市場,不動産業,,False,,2830.0,0.0,False,0.0
2026-08-25,3028,アルペン,プレミア市場,小売業,,False,,2370.0,0.0,False,0.0
2026-08-25,3032,ゴルフ・ドゥ,ネクスト市場,小売業,,False,242.0,,7.7,True,1863400.0
2026-08-25,3035,ケイティケイ,メイン市場,卸売業,,False,,773.0,0.0,False,0.0
2026-08-25,3066,ＪＢイレブン,メイン市場,小売業,,False,638.0,,5.0,True,3190000.0
2026-08-25,3086,Ｊフロント,プレミア市場,小売業,,False,,3097.0,0.0,False,0.0
2026-08-25,3091,ブロンコＢ,プレミア市場,小売業,,False,,2780.0,0.0,False,0.0
2026-08-25,3116,トヨタ紡織,プレミア市場,輸送用機器,,False,,2234.5,0.0,False,0.0
2026-08-25,3138,富士山マガジン,メイン市場,小売業,,False,,1135.0,0.0,False,0.0
2026-08-25,3184,ＩＣＤＡ,メイン市場,小売業,,False,,4260.0,0.0,False,0.0
2026-08-25,3186,ネクステージ,プレミア市場,小売業,,False,,3390.0,0.0,False,0.0
2026-08-25,3202,ダイトウボウ,プレミア市場,繊維製品,,False,,129.0,0.0,False,0.0
2026-08-25,3205,ダイドー,プレミア市場,繊維製品,,False,,747.0,0.0,False,0.0
2026-08-25,3221,ヨシックスＨＤ,プレミア市場,小売業,,False,,3365.0,0.0,False,0.0
2026-08-25,3232,三重交通ＧＨＤ,プレミア市場,不動産業,,False,,596.0,0.0,False,0.0
2026-08-25,3260,エスポア,,サービス業,監理,True,570.0,,29.4,True,16758000.0
2026-08-25,3320,クロスプラス,メイン市場,卸売業,,False,,1319.0,0.0,False,0.0
2026-08-25,3321,ミタチ,プレミア市場,卸売業,,False,,1677.0,0.0,False,0.0
2026-08-25,3346,ヒロタグループＨＤ,ネクスト市場,小売業,,False,83.0,,6.3,True,522900.0
2026-08-25,3384,アークコア,ネクスト市場,卸売業,,False,769.0,,0.5,True,384500.0
2026-08-25,3419,アートグリーン,ネクスト市場,卸売業,,False,1980.0,,0.3,True,594000.0
2026-08-25,3422,Ｊ－ＭＡＸ,メイン市場,金属製品,,False,,620.0,0.0,False,0.0
2026-08-25,3439,三ツ知,メイン市場,金属製品,,False,,675.0,0.0,False,0.0
2026-08-25,3441,山王,メイン市場,金属製品,,False,,2758.0,0.0,False,0.0
2026-08-25,3442,ＭＩＥコーポ,メイン市場,金属製品,,False,1989.0,,1.0,True,1989000.0
2026-08-25,3447,信和,プレミア市場,金属製品,,False,,1029.0,0.0,False,0.0
2026-08-25,3461,パルマ,メイン市場,不動産業,,False,,609.0,0.0,False,0.0
2026-08-25,3469,デュアルタップ,メイン市場,不動産業,,False,,898.0,0.0,False,0.0
2026-08-25,3494,マリオン,メイン市場,不動産業,,False,,439.0,0.0,False,0.0
2026-08-25,3504,丸八ホールディングス,メイン市場,繊維製品,,False,1428.0,,2.2,True,3141600.0000000005
2026-08-25,3524,日東網,プレミア市場,繊維製品,,False,,1483.0,0.0,False,0.0
2026-08-25,3543,コメダ,プレミア市場,卸売業,,False,,3000.0,0.0,False,0.0
2026-08-25,3549,クスリのアオキＨＤ,メイン市場,小売業,,False,,4211.0,0.0,False,0.0
2026-08-25,3556,リネットジャパン,メイン市場,小売業,,False,,880.0,0.0,False,0.0
2026-08-25,3559,ピーバンドットコム,メイン市場,卸売業,,False,,439.0,0.0,False,0.0
2026-08-25,3571,ソトー,プレミア市場,繊維製品,,False,,725.0,0.0,False,0.0
2026-08-25,3577,東海染工,プレミア市場,繊維製品,,False,,946.0,0.0,False,0.0
2026-08-25,3670,協立情報通信,メイン市場,情報・通信業,,False,,1775.0,0.0,False,0.0
2026-08-25,3739,コムシード,ネクスト市場,情報・通信業,,False,124.0,,7.5,True,930000.0
2026-08-25,3771,システムリサーチ,プレミア市場,情報・通信業,,False,,1945.0,0.0,False,0.0
2026-08-25,3775,ガイアックス,ネクスト市場,情報・通信業,,False,444.0,,1.1,True,488400.00000000006
2026-08-25,377A,エージェントＩＧＨＤ,メイン市場,保険業,,False,1038.0,,0.9,True,934200.0
2026-08-25,3808,オーケーウェブ,ネクスト市場,情報・通信業,,False,29.0,,33.1,True,959900.0
2026-08-25,3842,ネクストジェン,メイン市場,情報・通信業,,False,,1054.0,0.0,False,0.0
2026-08-25,391A,山忠,メイン市場,不動産業,,False,2446.0,,0.2,True,489200.00000000006
2026-08-25,3922,ＰＲＴＩＭＥＳ,プレミア市場,情報・通信業,,False,,2176.0,0.0,False,0.0
2026-08-25,3947,ダイナパック,メイン市場,パルプ・紙,,False,,2468.0,0.0,False,0.0
2026-08-25,3958,笹徳印刷,メイン市場,パルプ・紙,,False,,548.0,0.0,False,0.0
2026-08-25,3974,ＳＣＡＴ,メイン市場,情報・通信業,,False,,672.0,0.0,False,0.0
2026-08-25,4062,イビデン,プレミア市場,電気機器,,False,,19980.0,0.0,False,0.0
2026-08-25,4063,信越化,プレミア市場,化 学,,False,,6005.0,0.0,False,0.0
2026-08-25,4072,電算システムＨＤ,プレミア市場,情報・通信業,,False,,3035.0,0.0,False,0.0
2026-08-25,4124,大阪油化工業,メイン市場,化 学,,False,,2900.0,0.0,False,0.0
2026-08-25,4125,三和油化工業,メイン市場,化 学,,False,,3820.0,0.0,False,0.0
2026-08-25,418A,ウリドキ,ネクスト市場,情報・通信業,,False,1275.0,,1.1,True,1402500.0
2026-08-25,4196,ネオマーケ,メイン市場,情報・通信業,,False,,2046.0,0.0,False,0.0
2026-08-25,4206,アイカ工,プレミア市場,化 学,,False,,4114.0,0.0,False,0.0
2026-08-25,4240,クラスターＴ,メイン市場,化 学,,False,,324.0,0.0,False,0.0
2026-08-25,4247,ポバール興業,メイン市場,化 学,,False,,1395.0,0.0,False,0.0
2026-08-25,4361,川口化,メイン市場,化 学,,False,,1546.0,0.0,False,0.0
2026-08-25,4430,東海ソフト,プレミア市場,情報・通信業,,False,,1680.0,0.0,False,0.0
2026-08-25,4439,東名,プレミア市場,情報・通信業,,False,,769.0,0.0,False,0.0
2026-08-25,4445,リビンＴ,メイン市場,情報・通信業,,False,,1851.0,0.0,False,0.0
2026-08-25,4463,日華化学,プレミア市場,化 学,,False,,2000.0,0.0,False,0.0
2026-08-25,4502,武田薬,プレミア市場,医薬品,,False,,5813.0,0.0,False,0.0
2026-08-25,4616,川上塗料,メイン市場,化 学,,False,,2143.0,0.0,False,0.0
2026-08-25,4658,日本空調,プレミア市場,サービス業,,False,,1546.0,0.0,False,0.0
2026-08-25,4667,アイサンテクノロ,メイン市場,情報・通信業,,False,,2133.0,0.0,False,0.0
2026-08-25,4681,リゾートトラ,プレミア市場,サービス業,,False,,1866.5,0.0,False,0.0
2026-08-25,4691,ワシントンホテル,メイン市場,サービス業,,False,,2350.0,0.0,False,0.0
2026-08-25,4707,キタック,メイン市場,サービス業,,False,,340.0,0.0,False,0.0
2026-08-25,4732,ＵＳＳ,プレミア市場,サービス業,,False,,1976.0,0.0,False,0.0
2026-08-25,4760,アルファ,メイン市場,サービス業,,False,,1733.0,0.0,False,0.0
2026-08-25,4920,日本色材,メイン市場,化 学,,False,,1135.0,0.0,False,0.0
2026-08-25,5020,ＥＮＥＯＳ,プレミア市場,石油・石炭製品,,False,,1341.5,0.0,False,0.0
2026-08-25,5075,アップコン,ネクスト市場,建設業,,False,1034.0,,1.3,True,1344200.0
2026-08-25,5204,石塚硝,プレミア市場,ガラス・土石製品,,False,,3020.0,0.0,False,0.0
2026-08-25,523A,セイワＨＤ,ネクスト市場,金属製品,,False,,1736.0,0.0,False,0.0
2026-08-25,5241,日本オーエー研究所,メイン市場,情報・通信業,,False,774.0,,0.4,True,309600.0
2026-08-25,5271,トーヨーアサノ,メイン市場,ガラス・土石製品,,False,,2302.0,0.0,False,0.0
2026-08-25,5287,イトーヨーギョー,メイン市場,ガラス・土石製品,,False,,844.0,0.0,False,0.0
2026-08-25,5331,ノリタケ,プレミア市場,ガラス・土石製品,,False,,3610.0,0.0,False,0.0
2026-08-25,5332,ＴＯＴＯ,プレミア市場,ガラス・土石製品,,False,,6457.0,0.0,False,0.0
2026-08-25,5333,ＮＧＫ,プレミア市場,ガラス・土石製品,,False,,5408.0,0.0,False,0.0
2026-08-25,5334,日特殊陶,プレミア市場,ガラス・土石製品,,False,,8701.0,0.0,False,0.0
2026-08-25,5342,ジャニス工,メイン市場,ガラス・土石製品,,False,,389.0,0.0,False,0.0
2026-08-25,5343,ニッコー,メイン市場,ガラス・土石製品,,False,184.0,,12.1,True,2226400.0
2026-08-25,5344,ＭＡＲＵＷＡ,プレミア市場,ガラス・土石製品,,False,,53910.0,0.0,False,0.0
2026-08-25,5356,美濃窯業,メイン市場,ガラス・土石製品,,False,1328.0,1294.0,0.1,True,132800.0
2026-08-25,5384,ＦＵＪＩＭＩ,プレミア市場,ガラス・土石製品,,False,,3630.0,0.0,False,0.0
2026-08-25,5386,鶴弥,メイン市場,ガラス・土石製品,,False,386.0,,1.0,True,386000.0
2026-08-25,5401,日本製鉄,プレミア市場,鉄 鋼,,False,,672.2,0.0,False,0.0
2026-08-25,5406,神戸鋼,プレミア市場,鉄 鋼,,False,,2025.0,0.0,False,0.0
2026-08-25,5461,中部鋼鈑,プレミア市場,鉄 鋼,,False,,2094.0,0.0,False,0.0
2026-08-25,546A,ＭＩＲＡＩＮＩ,プレミア市場,卸売業,,False,,2322.0,0.0,False,0.0
2026-08-25,5471,大同特鋼,プレミア市場,鉄 鋼,,False,,2276.0,0.0,False,0.0
2026-08-25,5482,愛知鋼,プレミア市場,鉄 鋼,,False,,3205.0,0.0,False,0.0
2026-08-25,550A,ソフトテックス,メイン市場,情報・通信業,,False,,2194.0,0.0,False,0.0
2026-08-25,5530,日本システムバンク,メイン市場,不動産業,,False,1092.0,,1.2,True,1310399.9999999998
2026-08-25,5589,オートサーバー,メイン市場,情報・通信業,,False,,2843.0,0.0,False,0.0
2026-08-25,5607,中央可鍛,メイン市場,鉄 鋼,,False,606.0,,4.7,True,2848200.0000000005
2026-08-25,5802,住友電工,プレミア市場,非鉄金属,,False,2102.0,2199.5,0.1,True,210200.00000000003
2026-08-25,5918,滝上工,メイン市場,金属製品,,False,,7730.0,0.0,False,0.0
2026-08-25,5938,ＬＩＸＩＬ,プレミア市場,金属製品,,False,,1771.0,0.0,False,0.0
2026-08-25,5947,リンナイ,プレミア市場,金属製品,,False,,3571.0,0.0,False,0.0
2026-08-25,5952,アマテイ,メイン市場,金属製品,,False,,192.0,0.0,False,0.0
2026-08-25,5979,カネソウ,メイン市場,金属製品,,False,5420.0,,1.4,True,7587999.999999999
2026-08-25,5984,兼房,メイン市場,金属製品,,False,,775.0,0.0,False,0.0
2026-08-25,5992,中央発条,プレミア市場,金属製品,,False,,3700.0,0.0,False,0.0
2026-08-25,5994,ファインシンター,メイン市場,金属製品,,False,,1005.0,0.0,False,0.0
2026-08-25,6025,日本ＰＣサービス,ネクスト市場,サービス業,,False,742.0,,0.8,True,593600.0
2026-08-25,6036,ＫｅｅＰｅｒ技研,プレミア市場,サービス業,,False,,3285.0,0.0,False,0.0
2026-08-25,6055,Ｊマテリアル,プレミア市場,サービス業,,False,,2062.0,0.0,False,0.0
2026-08-25,6074,ＪＳＳ,メイン市場,サービス業,,False,,514.0,0.0,False,0.0
2026-08-25,6103,オークマ,プレミア市場,機 械,,False,,4905.0,0.0,False,0.0
2026-08-25,6111,旭精機,メイン市場,機 械,,False,2011.0,,1.2,True,2413200.0
2026-08-25,6134,ＦＵＪＩ,プレミア市場,機 械,,False,,7219.0,0.0,False,0.0
2026-08-25,6136,ＯＳＧ,プレミア市場,機 械,,False,,3728.0,0.0,False,0.0
2026-08-25,6142,富士精工,メイン市場,機 械,,False,1740.0,,6.2,True,10788000.0
2026-08-25,6203,豊和工,プレミア市場,機 械,,False,,1505.0,0.0,False,0.0
2026-08-25,6225,エコム,メイン市場,機 械,,False,2038.0,,0.1,True,203800.0
2026-08-25,6267,ゼネパッカー,メイン市場,機 械,,False,,4010.0,0.0,False,0.0
2026-08-25,6325,タカキタ,プレミア市場,機 械,,False,,419.0,0.0,False,0.0
2026-08-25,6339,新東工,プレミア市場,機 械,,False,,1208.0,0.0,False,0.0
2026-08-25,6340,渋谷工,プレミア市場,機 械,,False,,5090.0,0.0,False,0.0
2026-08-25,6342,太平製,メイン市場,機 械,,False,,2961.0,0.0,False,0.0
2026-08-25,6345,アイチ,プレミア市場,機 械,,False,,1458.0,0.0,False,0.0
2026-08-25,6346,キクカワ,メイン市場,機 械,,False,,5830.0,0.0,False,0.0
2026-08-25,6396,宇野沢鉄,メイン市場,機 械,,False,,4730.0,0.0,False,0.0
2026-08-25,6407,ＣＫＤ,プレミア市場,機 械,,False,,5550.0,0.0,False,0.0
2026-08-25,6430,ダイコク電,プレミア市場,機 械,,False,,2502.0,0.0,False,0.0
2026-08-25,6439,中日鋳工,メイン市場,機 械,,False,398.0,,0.2,True,79600.00000000001
2026-08-25,6448,ブラザー,プレミア市場,電気機器,,False,,4660.0,0.0,False,0.0
2026-08-25,6465,ホシザキ,プレミア市場,機 械,,False,,5713.0,0.0,False,0.0
2026-08-25,6470,大豊工業,プレミア市場,機 械,,False,,1132.0,0.0,False,0.0
2026-08-25,6473,ジェイテクト,プレミア市場,機 械,,False,,2052.5,0.0,False,0.0
2026-08-25,6501,日立,プレミア市場,電気機器,,False,,5300.0,0.0,False,0.0
2026-08-25,6504,富士電機,プレミア市場,電気機器,,False,,14010.0,0.0,False,0.0
2026-08-25,6508,明電舎,プレミア市場,電気機器,,False,,11580.0,0.0,False,0.0
2026-08-25,6547,グリーンズ,プレミア市場,サービス業,,False,,2102.0,0.0,False,0.0
2026-08-25,6564,ミダックＨＤ,プレミア市場,サービス業,,False,,2050.0,0.0,False,0.0
2026-08-25,6565,ＡＢホテル,メイン市場,サービス業,,False,1300.0,,4.1,True,5329999.999999999
2026-08-25,6586,マキタ,プレミア市場,機 械,,False,,5309.0,0.0,False,0.0
2026-08-25,6615,ＵＭＣエレ,メイン市場,電気機器,,False,,234.0,0.0,False,0.0
2026-08-25,6623,愛知電,プレミア市場,電気機器,,False,8880.0,,1.4,True,12432000.0
2026-08-25,6651,日東工,プレミア市場,電気機器,,False,,4360.0,0.0,False,0.0
2026-08-25,6655,洋電機,メイン市場,電気機器,,False,778.0,,0.5,True,389000.0
2026-08-25,6676,ＢＵＦＦＡＬＯ,プレミア市場,電気機器,,False,,2952.0,0.0,False,0.0
2026-08-25,6702,富士通,プレミア市場,電気機器,,False,,3728.0,0.0,False,0.0
2026-08-25,6718,アイホン,プレミア市場,電気機器,,False,,2868.0,0.0,False,0.0
2026-08-25,6797,名古屋電,メイン市場,電気機器,,False,,1184.0,0.0,False,0.0
2026-08-25,6846,中央製,メイン市場,電気機器,,False,,1382.0,0.0,False,0.0
2026-08-25,6902,デンソー,プレミア市場,輸送用機器,,False,,1921.5,0.0,False,0.0
2026-08-25,6995,東海理電,プレミア市場,輸送用機器,,False,,3100.0,0.0,False,0.0
2026-08-25,6999,ＫＯＡ,プレミア市場,電気機器,,False,,2219.0,0.0,False,0.0
2026-08-25,7011,三菱重,プレミア市場,機 械,,False,,3946.0,0.0,False,0.0
2026-08-25,7012,川崎重,プレミア市場,輸送用機器,,False,2634.5,2611.0,0.2,True,526900.0
2026-08-25,7059,コプロＨＤ,プレミア市場,サービス業,,False,,919.0,0.0,False,0.0
2026-08-25,7073,ジェイック,メイン市場,サービス業,,False,,2253.0,0.0,False,0.0
2026-08-25,7075,ＱＬＳＨＤ,ネクスト市場,サービス業,,False,,867.0,0.0,False,0.0
2026-08-25,7076,名南Ｍ＆Ａ,メイン市場,サービス業,,False,1047.0,,7.1,True,7433700.0
2026-08-25,7102,日車輌,プレミア市場,輸送用機器,,False,,3740.0,0.0,False,0.0
2026-08-25,7118,伸和ホールディングス,ネクスト市場,小売業,,False,4195.0,,0.1,True,419500.0
2026-08-25,7129,ミアヘルサＨＤ,メイン市場,小売業,,False,,1157.0,0.0,False,0.0
2026-08-25,7135,ジャパンクラフトＨＤ,プレミア市場,小売業,,False,,182.0,0.0,False,0.0
2026-08-25,7203,トヨタ自,プレミア市場,輸送用機器,,False,3088.0,3082.0,0.1,True,308800.0
2026-08-25,7213,レシップＨＤ,プレミア市場,輸送用機器,,False,,677.0,0.0,False,0.0
2026-08-25,7220,武蔵精密,プレミア市場,輸送用機器,,False,,3210.0,0.0,False,0.0
2026-08-25,7227,アスカ,メイン市場,輸送用機器,,False,1830.0,,0.9,True,1647000.0
2026-08-25,7231,トピー工,プレミア市場,輸送用機器,,False,,3045.0,0.0,False,0.0
2026-08-25,7241,フタバ産,プレミア市場,輸送用機器,,False,,1108.0,0.0,False,0.0
2026-08-25,7245,大同メタル,プレミア市場,輸送用機器,,False,,1252.0,0.0,False,0.0
2026-08-25,7259,アイシン,プレミア市場,輸送用機器,,False,,2248.0,0.0,False,0.0
2026-08-25,7266,今仙電機,プレミア市場,輸送用機器,,False,,1032.0,0.0,False,0.0
2026-08-25,7282,豊田合,プレミア市場,輸送用機器,,False,,5314.0,0.0,False,0.0
2026-08-25,7283,愛三工,プレミア市場,輸送用機器,,False,,2288.0,0.0,False,0.0
2026-08-25,7322,,プレミア市場,銀行業,,False,,2016.0,0.0,False,0.0
2026-08-25,7362,Ｔ．Ｓ．Ｉ,メイン市場,サービス業,,False,,882.0,0.0,False,0.0
2026-08-25,7369,メイホーＨＤ,ネクスト市場,サービス業,,False,,356.0,0.0,False,0.0
2026-08-25,7380,十六ＦＧ,プレミア市場,銀行業,,False,,2515.0,0.0,False,0.0
2026-08-25,7389,あいちＦＧ,プレミア市場,銀行業,,False,,1806.0,0.0,False,0.0
2026-08-25,7412,アトム,メイン市場,小売業,,False,,383.0,0.0,False,0.0
2026-08-25,7485,岡谷鋼機,プレミア市場,卸売業,,False,5070.0,,4.6,True,23322000.0
2026-08-25,7488,ヤガミ,メイン市場,卸売業,,False,5140.0,,1.8,True,9252000.0
2026-08-25,7514,ヒマラヤ,プレミア市場,小売業,,False,,881.0,0.0,False,0.0
2026-08-25,7593,ＶＴＨＤ,プレミア市場,小売業,,False,,531.0,0.0,False,0.0
2026-08-25,7607,進和,プレミア市場,卸売業,,False,,3145.0,0.0,False,0.0
2026-08-25,7630,壱番屋,プレミア市場,小売業,,False,,941.0,0.0,False,0.0
2026-08-25,7649,スギＨＤ,プレミア市場,小売業,,False,,2751.5,0.0,False,0.0
2026-08-25,7675,セントラルフォレスト,メイン市場,卸売業,,False,2790.0,,0.1,True,279000.0
2026-08-25,7682,浜木綿,メイン市場,小売業,,False,,3910.0,0.0,False,0.0
2026-08-25,7723,愛知時,プレミア市場,精密機器,,False,,2861.0,0.0,False,0.0
2026-08-25,7747,アサヒインテック,プレミア市場,精密機器,,False,,4024.0,0.0,False,0.0
2026-08-25,7751,キヤノン,プレミア市場,電気機器,,False,,4609.0,0.0,False,0.0
2026-08-25,7780,メニコン,プレミア市場,精密機器,,False,,1909.0,0.0,False,0.0
2026-08-25,7790,バルコス,ネクスト市場,その他製品,,False,,1060.0,0.0,False,0.0
2026-08-25,7805,プリントネット,メイン市場,その他製品,,False,,736.0,0.0,False,0.0
2026-08-25,7870,福島印,メイン市場,その他製品,,False,368.0,,22.0,True,8096000.0
2026-08-25,7871,フクビ化工,メイン市場,化 学,,False,,1001.0,0.0,False,0.0
2026-08-25,7875,竹田ｉＰ,メイン市場,その他製品,,False,,809.0,0.0,False,0.0
2026-08-25,7878,光・彩,メイン市場,その他製品,,False,,1527.0,0.0,False,0.0
2026-08-25,7896,セブン工,メイン市場,その他製品,,False,,511.0,0.0,False,0.0
2026-08-25,7928,旭化学,メイン市場,化 学,,False,,655.0,0.0,False,0.0
2026-08-25,7931,未来工業,プレミア市場,化 学,,False,,3670.0,0.0,False,0.0
2026-08-25,7943,ニチハ,プレミア市場,ガラス・土石製品,,False,,3105.0,0.0,False,0.0
2026-08-25,7946,光陽社,メイン市場,その他製品,,False,318.0,323.0,0.4,True,127200.0
2026-08-25,7950,デコラックス,メイン市場,化 学,,False,,9380.0,0.0,False,0.0
2026-08-25,7953,菊水化,メイン市場,その他製品,,False,,404.0,0.0,False,0.0
2026-08-25,7975,リヒトラブ,メイン市場,その他製品,,False,,1146.0,0.0,False,0.0
2026-08-25,8015,豊田通商,プレミア市場,卸売業,,False,,7484.0,0.0,False,0.0
2026-08-25,8031,三井物産,プレミア市場,卸売業,,False,,4949.0,0.0,False,0.0
2026-08-25,8071,東海エレ,メイン市場,卸売業,,False,3000.0,,0.1,True,300000.0
2026-08-25,8076,カノークス,メイン市場,卸売業,,False,,2087.0,0.0,False,0.0
2026-08-25,8130,サンゲツ,プレミア市場,卸売業,,False,,3180.0,0.0,False,0.0
2026-08-25,8145,中部水,メイン市場,卸売業,,False,3225.0,,0.2,True,645000.0
2026-08-25,8160,木曽路,プレミア市場,小売業,,False,,2459.0,0.0,False,0.0
2026-08-25,8190,ヤマナカ,メイン市場,小売業,,False,518.0,,25.2,True,13053600.0
2026-08-25,8225,タカチホ,メイン市場,卸売業,,False,,3475.0,0.0,False,0.0
2026-08-25,8228,マルイチ産商,メイン市場,卸売業,,False,1112.0,,9.3,True,10341600.0
2026-08-25,8285,三谷産業,プレミア市場,卸売業,,False,,786.0,0.0,False,0.0
2026-08-25,8306,三菱ＵＦＪ,プレミア市場,銀行業,,False,,3529.0,0.0,False,0.0
2026-08-25,8309,三井住友トラストＧ,プレミア市場,銀行業,,False,,1734.0,0.0,False,0.0
2026-08-25,8316,三井住友,プレミア市場,銀行業,,False,,6633.0,0.0,False,0.0
2026-08-25,8361,大垣銀,プレミア市場,銀行業,,False,,7940.0,0.0,False,0.0
2026-08-25,8368,百五銀,プレミア市場,銀行業,,False,,2258.0,0.0,False,0.0
2026-08-25,8522,名古屋銀,プレミア市場,銀行業,,False,,6830.0,0.0,False,0.0
2026-08-25,8601,大和証Ｇ,プレミア市場,証券、商品先物取引業,,False,,1813.5,0.0,False,0.0
2026-08-25,8604,野村,プレミア市場,証券、商品先物取引業,,False,,1571.5,0.0,False,0.0
2026-08-25,8609,岡三,プレミア市場,証券、商品先物取引業,,False,,1182.0,0.0,False,0.0
2026-08-25,8616,東海東京,プレミア市場,証券、商品先物取引業,,False,,864.0,0.0,False,0.0
2026-08-25,8725,ＭＳ＆ＡＤ,プレミア市場,保険業,,False,,5072.0,0.0,False,0.0
2026-08-25,8803,平和不,プレミア市場,不動産業,,False,,2402.0,0.0,False,0.0
2026-08-25,8891,ＡＭＧＨＤ,メイン市場,不動産業,,False,,2070.0,0.0,False,0.0
2026-08-25,8904,ＡＶＡＮＴＩＡ,プレミア市場,不動産業,,False,,872.0,0.0,False,0.0
2026-08-25,8920,東祥,プレミア市場,サービス業,,False,,729.0,0.0,False,0.0
2026-08-25,8995,誠建設,メイン市場,不動産業,,False,,1532.0,0.0,False,0.0
2026-08-25,9022,ＪＲ東海,プレミア市場,陸運業,,False,,3964.0,0.0,False,0.0
2026-08-25,9040,大宝運,メイン市場,陸運業,,False,,4260.0,0.0,False,0.0
2026-08-25,9048,名鉄,プレミア市場,陸運業,,False,,1909.0,0.0,False,0.0
2026-08-25,9073,京極運輸,メイン市場,陸運業,,False,,1239.0,0.0,False,0.0
2026-08-25,9076,セイノーＨＤ,プレミア市場,陸運業,,False,,2797.5,0.0,False,0.0
2026-08-25,9170,成友興業,メイン市場,サービス業,,False,1637.0,,23.9,True,39124299.99999999
2026-08-25,9221,フルハシＥＰＯ,メイン市場,サービス業,,False,,1150.0,0.0,False,0.0
2026-08-25,9223,ＡＳＮＯＶＡ,ネクスト市場,サービス業,,False,,449.0,0.0,False,0.0
2026-08-25,9249,日本エコシステム,メイン市場,サービス業,,False,,1665.0,0.0,False,0.0
2026-08-25,9306,東陽倉,プレミア市場,倉庫・運輸関連業,,False,,2011.0,0.0,False,0.0
2026-08-25,9310,トランスシティ,プレミア市場,倉庫・運輸関連業,,False,,1366.0,0.0,False,0.0
2026-08-25,9330,揚羽,ネクスト市場,サービス業,,False,,872.0,0.0,False,0.0
2026-08-25,9357,名港海,メイン市場,倉庫・運輸関連業,,False,2460.0,,3.2,True,7872000.0
2026-08-25,9359,伊勢湾海,メイン市場,倉庫・運輸関連業,,False,959.0,,9.3,True,8918700.0
2026-08-25,9368,キムラユニティー,プレミア市場,倉庫・運輸関連業,,False,,933.0,0.0,False,0.0
2026-08-25,9402,中日放送,プレミア市場,情報・通信業,,False,1219.0,,9.2,True,11214800.0
2026-08-25,9428,クロップス,プレミア市場,情報・通信業,,False,,1489.0,0.0,False,0.0
2026-08-25,9471,文渓堂,メイン市場,情報・通信業,,False,1136.0,,1.2,True,1363200.0
2026-08-25,9476,中央経済社ＨＤ,メイン市場,情報・通信業,,False,,981.0,0.0,False,0.0
2026-08-25,9502,中部電力,プレミア市場,電気・ガス業,,False,,2910.5,0.0,False,0.0
2026-08-25,9531,東瓦斯,プレミア市場,電気・ガス業,,False,,6094.0,0.0,False,0.0
2026-08-25,9533,東邦瓦斯,プレミア市場,電気・ガス業,,False,,1222.5,0.0,False,0.0
2026-08-25,9643,中日興,メイン市場,サービス業,,False,,11080.0,0.0,False,0.0
2026-08-25,9664,御園座,メイン市場,サービス業,,False,1500.0,,4.7,True,7050000.0
2026-08-25,9793,ダイセキ,プレミア市場,サービス業,,False,,3855.0,0.0,False,0.0
2026-08-25,9900,サガミＨＤ,プレミア市場,小売業,,False,,2150.0,0.0,False,0.0
2026-08-25,9913,日邦産業,メイン市場,卸売業,,False,,3260.0,0.0,False,0.0
2026-08-25,9914,植松商会,メイン市場,卸売業,,False,,741.0,0.0,False,0.0
2026-08-25,9956,バローＨＤ,プレミア市場,小売業,,False,,3310.0,0.0,False,0.0
2026-08-25,9969,ショクブン,メイン市場,小売業,,False,,232.0,0.0,False,0.0
2026-08-25,9982,タキヒヨー,プレミア市場,卸売業,,False,,2595.0,0.0,False,0.0
2026-08-25,9987,スズケン,プレミア市場,卸売業,,False,,5071.0,0.0,False,0.0
2026-08-26,138A,光フードサービス,ネクスト市場,小売業,,False,,3180.0,0.0,False,0.0
2026-08-26,1438,岐阜造園,メイン市場,建設業,,False,,2310.0,0.0,False,0.0
2026-08-26,1444,ニッソウ,ネクスト市場,建設業,,False,,2616.0,0.0,False,0.0
2026-08-26,1738,ＮＩＴＴＯＨ,メイン市場,建設業,,False,572.0,,0.4,True,228800.0
2026-08-26,1766,東建コーポ,プレミア市場,建設業,,False,,13670.0,0.0,False,0.0
2026-08-26,1777,川崎設備,メイン市場,建設業,,False,2334.0,,1.3,True,3034200.0000000005
2026-08-26,1780,ヤマウラ,プレミア市場,建設業,,False,,1497.0,0.0,False,0.0
2026-08-26,1801,大成建,プレミア市場,建設業,,False,,12815.0,0.0,False,0.0
2026-08-26,1803,清水建,プレミア市場,建設業,,False,,2393.5,0.0,False,0.0
2026-08-26,1811,銭高組,メイン市場,建設業,,False,,7950.0,0.0,False,0.0
2026-08-26,1812,鹿島,プレミア市場,建設業,,False,,4829.0,0.0,False,0.0
2026-08-26,1869,名工建,メイン市場,建設業,,False,1932.0,,9.4,True,18160800.0
2026-08-26,1870,矢作建,プレミア市場,建設業,,False,,2181.0,0.0,False,0.0
2026-08-26,1878,大東建,プレミア市場,不動産業,,False,,3357.0,0.0,False,0.0
2026-08-26,1892,徳倉建,メイン市場,建設業,,False,7810.0,,0.1,True,781000.0
2026-08-26,1893,五洋建,プレミア市場,建設業,,False,,1448.5,0.0,False,0.0
2026-08-26,1928,積水ハウス,プレミア市場,建設業,,False,,3461.0,0.0,False,0.0
2026-08-26,1946,トーエネック,プレミア市場,建設業,,False,,2176.0,0.0,False,0.0
2026-08-26,2053,中部飼料,プレミア市場,食料品,,False,,2028.0,0.0,False,0.0
2026-08-26,212A,フィットイージー,プレミア市場,サービス業,,False,,3015.0,0.0,False,0.0
2026-08-26,2139,中広,プレミア市場,サービス業,,False,,523.0,0.0,False,0.0
2026-08-26,2169,ＣＤＳ,プレミア市場,サービス業,,False,,1724.0,0.0,False,0.0
2026-08-26,2185,シイエム・シイ,プレミア市場,サービス業,,False,,1980.0,0.0,False,0.0
2026-08-26,2207,ｍｅｉｔｏ,プレミア市場,食料品,,False,,3450.0,0.0,False,0.0
2026-08-26,2209,井村屋Ｇ,プレミア市場,食料品,,False,,2412.0,0.0,False,0.0
2026-08-26,2224,コモ,メイン市場,食料品,,False,,3660.0,0.0,False,0.0
2026-08-26,2327,ＮＳＳＯＬ,メイン市場,情報・通信業,,False,,3899.0,0.0,False,0.0
2026-08-26,2329,東北新社,メイン市場,情報・通信業,,False,,506.0,0.0,False,0.0
2026-08-26,2351,ＡＳＪ,メイン市場,情報・通信業,,False,,324.0,0.0,False,0.0
2026-08-26,2376,サイネックス,メイン市場,サービス業,,False,,791.0,0.0,False,0.0
2026-08-26,2424,ブラス,プレミア市場,サービス業,,False,,594.0,0.0,False,0.0
2026-08-26,2435,シダー,メイン市場,サービス業,,False,,211.0,0.0,False,0.0
2026-08-26,2467,ＶＬＣセキュリティ,ネクスト市場,サービス業,,False,183.0,,8.8,True,1610400.0
2026-08-26,246A,アスア,メイン市場,サービス業,,False,,921.0,0.0,False,0.0
2026-08-26,2479,ジェイテック,メイン市場,サービス業,,False,,244.0,0.0,False,0.0
2026-08-26,2480,シスロケ,メイン市場,情報・通信業,,False,,1725.0,0.0,False,0.0
2026-08-26,2485,ティア,プレミア市場,サービス業,,False,,452.0,0.0,False,0.0
2026-08-26,2551,マルサンアイ,メイン市場,食料品,,False,3580.0,,0.6,True,2148000.0
2026-08-26,259A,ケイ・ウノ,ネクスト市場,小売業,,False,1736.0,,0.9,True,1562400.0
2026-08-26,2722,ＩＫホールディングス,プレミア市場,小売業,,False,,359.0,0.0,False,0.0
2026-08-26,2734,サーラ,プレミア市場,小売業,,False,,1227.0,0.0,False,0.0
2026-08-26,2753,あみやき,プレミア市場,小売業,,False,,1409.0,0.0,False,0.0
2026-08-26,275A,ハンワホームズ,ネクスト市場,建設業,,False,,366.0,0.0,False,0.0
2026-08-26,2778,パレモ・ＨＤ,メイン市場,小売業,,False,,115.0,0.0,False,0.0
2026-08-26,2780,コメ兵ＨＤ,メイン市場,小売業,,False,,5130.0,0.0,False,0.0
2026-08-26,2806,ユタカフーズ,メイン市場,食料品,,False,,1901.0,0.0,False,0.0
2026-08-26,2811,カゴメ,プレミア市場,食料品,,False,2738.5,2730.0,0.1,True,273850.0
2026-08-26,2902,太陽化,メイン市場,食料品,,False,2685.0,,0.7,True,1879500.0
2026-08-26,2983,アールプランナー,メイン市場,不動産業,,False,,1636.0,0.0,False,0.0
2026-08-26,2986,ＬＡＨＤ,プレミア市場,不動産業,,False,,2847.0,0.0,False,0.0
2026-08-26,3028,アルペン,プレミア市場,小売業,,False,,2369.0,0.0,False,0.0
2026-08-26,3032,ゴルフ・ドゥ,ネクスト市場,小売業,,False,240.0,,10.5,True,2520000.0
2026-08-26,3035,ケイティケイ,メイン市場,卸売業,,False,,782.0,0.0,False,0.0
2026-08-26,3066,ＪＢイレブン,メイン市場,小売業,,False,648.0,,4.9,True,3175200.0000000005
2026-08-26,3086,Ｊフロント,プレミア市場,小売業,,False,,3130.0,0.0,False,0.0
2026-08-26,3091,ブロンコＢ,プレミア市場,小売業,,False,,2752.0,0.0,False,0.0
2026-08-26,3116,トヨタ紡織,プレミア市場,輸送用機器,,False,,2250.5,0.0,False,0.0
2026-08-26,3138,富士山マガジン,メイン市場,小売業,,False,,1121.0,0.0,False,0.0
2026-08-26,3184,ＩＣＤＡ,メイン市場,小売業,,False,,4205.0,0.0,False,0.0
2026-08-26,3186,ネクステージ,プレミア市場,小売業,,False,,3385.0,0.0,False,0.0
2026-08-26,3202,ダイトウボウ,プレミア市場,繊維製品,,False,,129.0,0.0,False,0.0
2026-08-26,3205,ダイドー,プレミア市場,繊維製品,,False,,745.0,0.0,False,0.0
2026-08-26,3221,ヨシックスＨＤ,プレミア市場,小売業,,False,,3365.0,0.0,False,0.0
2026-08-26,3232,三重交通ＧＨＤ,プレミア市場,不動産業,,False,,602.0,0.0,False,0.0
2026-08-26,3260,エスポア,,サービス業,監理,True,581.0,,9.6,True,5577599.999999999
2026-08-26,3320,クロスプラス,メイン市場,卸売業,,False,,1311.0,0.0,False,0.0
2026-08-26,3321,ミタチ,プレミア市場,卸売業,,False,,1684.0,0.0,False,0.0
2026-08-26,3346,ヒロタグループＨＤ,ネクスト市場,小売業,,False,84.0,,1.4,True,117600.0
2026-08-26,3384,アークコア,ネクスト市場,卸売業,,False,772.0,,0.9,True,694800.0000000001
2026-08-26,3419,アートグリーン,ネクスト市場,卸売業,,False,1991.0,,0.3,True,597300.0
2026-08-26,3422,Ｊ－ＭＡＸ,メイン市場,金属製品,,False,,616.0,0.0,False,0.0
2026-08-26,3439,三ツ知,メイン市場,金属製品,,False,,676.0,0.0,False,0.0
2026-08-26,3441,山王,メイン市場,金属製品,,False,,2715.0,0.0,False,0.0
2026-08-26,3442,ＭＩＥコーポ,メイン市場,金属製品,,False,1808.0,,1.0,True,1808000.0
2026-08-26,3447,信和,プレミア市場,金属製品,,False,,1030.0,0.0,False,0.0
2026-08-26,3461,パルマ,メイン市場,不動産業,,False,,610.0,0.0,False,0.0
2026-08-26,3469,デュアルタップ,メイン市場,不動産業,,False,,897.0,0.0,False,0.0
2026-08-26,3494,マリオン,メイン市場,不動産業,,False,,444.0,0.0,False,0.0
2026-08-26,3504,丸八ホールディングス,メイン市場,繊維製品,,False,1418.0,,3.7,True,5246600.0
2026-08-26,3524,日東網,プレミア市場,繊維製品,,False,,1482.0,0.0,False,0.0
2026-08-26,3543,コメダ,プレミア市場,卸売業,,False,,3000.0,0.0,False,0.0
2026-08-26,3549,クスリのアオキＨＤ,メイン市場,小売業,,False,,4178.0,0.0,False,0.0
2026-08-26,3556,リネットジャパン,メイン市場,小売業,,False,,854.0,0.0,False,0.0
2026-08-26,3559,ピーバンドットコム,メイン市場,卸売業,,False,,447.0,0.0,False,0.0
2026-08-26,3571,ソトー,プレミア市場,繊維製品,,False,,728.0,0.0,False,0.0
2026-08-26,3577,東海染工,プレミア市場,繊維製品,,False,,958.0,0.0,False,0.0
2026-08-26,3670,協立情報通信,メイン市場,情報・通信業,,False,,1786.0,0.0,False,0.0
2026-08-26,3739,コムシード,ネクスト市場,情報・通信業,,False,122.0,,3.4,True,414800.0
2026-08-26,3771,システムリサーチ,プレミア市場,情報・通信業,,False,,1929.0,0.0,False,0.0
2026-08-26,3775,ガイアックス,ネクスト市場,情報・通信業,,False,442.0,,6.5,True,2873000.0
2026-08-26,377A,エージェントＩＧＨＤ,メイン市場,保険業,,False,1031.0,,0.9,True,927900.0
2026-08-26,3808,オーケーウェブ,ネクスト市場,情報・通信業,,False,29.0,,27.1,True,785900.0000000001
2026-08-26,3842,ネクストジェン,メイン市場,情報・通信業,,False,,1051.0,0.0,False,0.0
2026-08-26,391A,山忠,メイン市場,不動産業,,False,2440.0,,0.8,True,1952000.0
2026-08-26,3922,ＰＲＴＩＭＥＳ,プレミア市場,情報・通信業,,False,,2175.0,0.0,False,0.0
2026-08-26,3947,ダイナパック,メイン市場,パルプ・紙,,False,,2455.0,0.0,False,0.0
2026-08-26,3958,笹徳印刷,メイン市場,パルプ・紙,,False,,552.0,0.0,False,0.0
2026-08-26,3974,ＳＣＡＴ,メイン市場,情報・通信業,,False,,672.0,0.0,False,0.0
2026-08-26,4062,イビデン,プレミア市場,電気機器,,False,,20080.0,0.0,False,0.0
2026-08-26,4063,信越化,プレミア市場,化 学,,False,,5967.0,0.0,False,0.0
2026-08-26,4072,電算システムＨＤ,プレミア市場,情報・通信業,,False,,3050.0,0.0,False,0.0
2026-08-26,4124,大阪油化工業,メイン市場,化 学,,False,,2929.0,0.0,False,0.0
2026-08-26,4125,三和油化工業,メイン市場,化 学,,False,,3880.0,0.0,False,0.0
2026-08-26,418A,ウリドキ,ネクスト市場,情報・通信業,,False,1265.0,,3.0,True,3795000.0
2026-08-26,4196,ネオマーケ,メイン市場,情報・通信業,,False,,2071.0,0.0,False,0.0
2026-08-26,4206,アイカ工,プレミア市場,化 学,,False,,4150.0,0.0,False,0.0
2026-08-26,4240,クラスターＴ,メイン市場,化 学,,False,,320.0,0.0,False,0.0
2026-08-26,4247,ポバール興業,メイン市場,化 学,,False,,1400.0,0.0,False,0.0
2026-08-26,4361,川口化,メイン市場,化 学,,False,,1573.0,0.0,False,0.0
2026-08-26,4430,東海ソフト,プレミア市場,情報・通信業,,False,,1695.0,0.0,False,0.0
2026-08-26,4439,東名,プレミア市場,情報・通信業,,False,,763.0,0.0,False,0.0
2026-08-26,4445,リビンＴ,メイン市場,情報・通信業,,False,,1870.0,0.0,False,0.0
2026-08-26,4463,日華化学,プレミア市場,化 学,,False,,2032.0,0.0,False,0.0
2026-08-26,4502,武田薬,プレミア市場,医薬品,,False,5835.0,5860.0,0.1,True,583500.0
2026-08-26,4616,川上塗料,メイン市場,化 学,,False,,2101.0,0.0,False,0.0
2026-08-26,4658,日本空調,プレミア市場,サービス業,,False,,1550.0,0.0,False,0.0
2026-08-26,4667,アイサンテクノロ,メイン市場,情報・通信業,,False,,2266.0,0.0,False,0.0
2026-08-26,4681,リゾートトラ,プレミア市場,サービス業,,False,,1907.0,0.0,False,0.0
2026-08-26,4691,ワシントンホテル,メイン市場,サービス業,,False,,2317.0,0.0,False,0.0
2026-08-26,4707,キタック,メイン市場,サービス業,,False,,337.0,0.0,False,0.0
2026-08-26,4732,ＵＳＳ,プレミア市場,サービス業,,False,,1997.0,0.0,False,0.0
2026-08-26,4760,アルファ,メイン市場,サービス業,,False,,1740.0,0.0,False,0.0
2026-08-26,4920,日本色材,メイン市場,化 学,,False,,1141.0,0.0,False,0.0
2026-08-26,5020,ＥＮＥＯＳ,プレミア市場,石油・石炭製品,,False,,1313.0,0.0,False,0.0
2026-08-26,5075,アップコン,ネクスト市場,建設業,,False,1026.0,,1.5,True,1539000.0
2026-08-26,5204,石塚硝,プレミア市場,ガラス・土石製品,,False,,3025.0,0.0,False,0.0
2026-08-26,523A,セイワＨＤ,ネクスト市場,金属製品,,False,,1568.0,0.0,False,0.0
2026-08-26,5241,日本オーエー研究所,メイン市場,情報・通信業,,False,,774.0,0.0,False,0.0
2026-08-26,5271,トーヨーアサノ,メイン市場,ガラス・土石製品,,False,,2258.0,0.0,False,0.0
2026-08-26,5287,イトーヨーギョー,メイン市場,ガラス・土石製品,,False,,840.0,0.0,False,0.0
2026-08-26,5331,ノリタケ,プレミア市場,ガラス・土石製品,,False,,3700.0,0.0,False,0.0
2026-08-26,5332,ＴＯＴＯ,プレミア市場,ガラス・土石製品,,False,,6447.0,0.0,False,0.0
2026-08-26,5333,ＮＧＫ,プレミア市場,ガラス・土石製品,,False,,5412.0,0.0,False,0.0
2026-08-26,5334,日特殊陶,プレミア市場,ガラス・土石製品,,False,,8658.0,0.0,False,0.0
2026-08-26,5342,ジャニス工,メイン市場,ガラス・土石製品,,False,,389.0,0.0,False,0.0
2026-08-26,5343,ニッコー,メイン市場,ガラス・土石製品,,False,184.0,,6.7,True,1232800.0
2026-08-26,5344,ＭＡＲＵＷＡ,プレミア市場,ガラス・土石製品,,False,,54150.0,0.0,False,0.0
2026-08-26,5356,美濃窯業,メイン市場,ガラス・土石製品,,False,,1319.0,0.0,False,0.0
2026-08-26,5384,ＦＵＪＩＭＩ,プレミア市場,ガラス・土石製品,,False,,3600.0,0.0,False,0.0
2026-08-26,5386,鶴弥,メイン市場,ガラス・土石製品,,False,387.0,,1.2,True,464400.0
2026-08-26,5401,日本製鉄,プレミア市場,鉄 鋼,,False,675.0,677.0,0.5,True,337500.0
2026-08-26,5406,神戸鋼,プレミア市場,鉄 鋼,,False,,2032.5,0.0,False,0.0
2026-08-26,5461,中部鋼鈑,プレミア市場,鉄 鋼,,False,,2111.0,0.0,False,0.0
2026-08-26,546A,ＭＩＲＡＩＮＩ,プレミア市場,卸売業,,False,,2306.0,0.0,False,0.0
2026-08-26,5471,大同特鋼,プレミア市場,鉄 鋼,,False,,2294.5,0.0,False,0.0
2026-08-26,5482,愛知鋼,プレミア市場,鉄 鋼,,False,,3225.0,0.0,False,0.0
2026-08-26,550A,ソフトテックス,メイン市場,情報・通信業,,False,,2175.0,0.0,False,0.0
2026-08-26,5530,日本システムバンク,メイン市場,不動産業,,False,1093.0,,0.5,True,546500.0
2026-08-26,5589,オートサーバー,メイン市場,情報・通信業,,False,,2915.0,0.0,False,0.0
2026-08-26,5607,中央可鍛,メイン市場,鉄 鋼,,False,608.0,,7.0,True,4256000.0
2026-08-26,5802,住友電工,プレミア市場,非鉄金属,,False,,2211.5,0.0,False,0.0
2026-08-26,5918,滝上工,メイン市場,金属製品,,False,,7800.0,0.0,False,0.0
2026-08-26,5938,ＬＩＸＩＬ,プレミア市場,金属製品,,False,,1767.5,0.0,False,0.0
2026-08-26,5947,リンナイ,プレミア市場,金属製品,,False,,3584.0,0.0,False,0.0
2026-08-26,5952,アマテイ,メイン市場,金属製品,,False,,193.0,0.0,False,0.0
2026-08-26,5979,カネソウ,メイン市場,金属製品,,False,5290.0,,0.4,True,2116000.0
2026-08-26,5984,兼房,メイン市場,金属製品,,False,,775.0,0.0,False,0.0
2026-08-26,5992,中央発条,プレミア市場,金属製品,,False,,3715.0,0.0,False,0.0
2026-08-26,5994,ファインシンター,メイン市場,金属製品,,False,,1010.0,0.0,False,0.0
2026-08-26,6025,日本ＰＣサービス,ネクスト市場,サービス業,,False,739.0,,0.1,True,73900.0
2026-08-26,6036,ＫｅｅＰｅｒ技研,プレミア市場,サービス業,,False,,3240.0,0.0,False,0.0
2026-08-26,6055,Ｊマテリアル,プレミア市場,サービス業,,False,,2035.0,0.0,False,0.0
2026-08-26,6074,ＪＳＳ,メイン市場,サービス業,,False,,515.0,0.0,False,0.0
2026-08-26,6103,オークマ,プレミア市場,機 械,,False,,4905.0,0.0,False,0.0
2026-08-26,6111,旭精機,メイン市場,機 械,,False,1996.0,,1.9,True,3792400.0
2026-08-26,6134,ＦＵＪＩ,プレミア市場,機 械,,False,,7275.0,0.0,False,0.0
2026-08-26,6136,ＯＳＧ,プレミア市場,機 械,,False,,3776.0,0.0,False,0.0
2026-08-26,6142,富士精工,メイン市場,機 械,,False,1740.0,,0.4,True,696000.0
2026-08-26,6203,豊和工,プレミア市場,機 械,,False,,1483.0,0.0,False,0.0
2026-08-26,6225,エコム,メイン市場,機 械,,False,,2038.0,0.0,False,0.0
2026-08-26,6267,ゼネパッカー,メイン市場,機 械,,False,,4030.0,0.0,False,0.0
2026-08-26,6325,タカキタ,プレミア市場,機 械,,False,,416.0,0.0,False,0.0
2026-08-26,6339,新東工,プレミア市場,機 械,,False,,1217.0,0.0,False,0.0
2026-08-26,6340,渋谷工,プレミア市場,機 械,,False,,5190.0,0.0,False,0.0
2026-08-26,6342,太平製,メイン市場,機 械,,False,,2960.0,0.0,False,0.0
2026-08-26,6345,アイチ,プレミア市場,機 械,,False,,1445.0,0.0,False,0.0
2026-08-26,6346,キクカワ,メイン市場,機 械,,False,,5830.0,0.0,False,0.0
2026-08-26,6396,宇野沢鉄,メイン市場,機 械,,False,,4730.0,0.0,False,0.0
2026-08-26,6407,ＣＫＤ,プレミア市場,機 械,,False,,5560.0,0.0,False,0.0
2026-08-26,6430,ダイコク電,プレミア市場,機 械,,False,,2540.0,0.0,False,0.0
2026-08-26,6439,中日鋳工,メイン市場,機 械,,False,402.0,,10.3,True,4140600.000000001
2026-08-26,6448,ブラザー,プレミア市場,電気機器,,False,,4701.0,0.0,False,0.0
2026-08-26,6465,ホシザキ,プレミア市場,機 械,,False,,5719.0,0.0,False,0.0
2026-08-26,6470,大豊工業,プレミア市場,機 械,,False,,1131.0,0.0,False,0.0
2026-08-26,6473,ジェイテクト,プレミア市場,機 械,,False,,2058.0,0.0,False,0.0
2026-08-26,6501,日立,プレミア市場,電気機器,,False,,5307.0,0.0,False,0.0
2026-08-26,6504,富士電機,プレミア市場,電気機器,,False,,13965.0,0.0,False,0.0
2026-08-26,6508,明電舎,プレミア市場,電気機器,,False,,11750.0,0.0,False,0.0
2026-08-26,6547,グリーンズ,プレミア市場,サービス業,,False,,2115.0,0.0,False,0.0
2026-08-26,6564,ミダックＨＤ,プレミア市場,サービス業,,False,,2162.0,0.0,False,0.0
2026-08-26,6565,ＡＢホテル,メイン市場,サービス業,,False,1305.0,,4.4,True,5742000.000000001
2026-08-26,6586,マキタ,プレミア市場,機 械,,False,,5291.0,0.0,False,0.0
2026-08-26,6615,ＵＭＣエレ,メイン市場,電気機器,,False,,238.0,0.0,False,0.0
2026-08-26,6623,愛知電,プレミア市場,電気機器,,False,8850.0,,3.1,True,27435000.0
2026-08-26,6651,日東工,プレミア市場,電気機器,,False,,4390.0,0.0,False,0.0
2026-08-26,6655,洋電機,メイン市場,電気機器,,False,777.0,,0.2,True,155400.0
2026-08-26,6676,ＢＵＦＦＡＬＯ,プレミア市場,電気機器,,False,,2972.0,0.0,False,0.0
2026-08-26,6702,富士通,プレミア市場,電気機器,,False,,3716.0,0.0,False,0.0
2026-08-26,6718,アイホン,プレミア市場,電気機器,,False,,2881.0,0.0,False,0.0
2026-08-26,6797,名古屋電,メイン市場,電気機器,,False,,1193.0,0.0,False,0.0
2026-08-26,6846,中央製,メイン市場,電気機器,,False,,1382.0,0.0,False,0.0
2026-08-26,6902,デンソー,プレミア市場,輸送用機器,,False,,1919.0,0.0,False,0.0
2026-08-26,6995,東海理電,プレミア市場,輸送用機器,,False,,3115.0,0.0,False,0.0
2026-08-26,6999,ＫＯＡ,プレミア市場,電気機器,,False,,2249.0,0.0,False,0.0
2026-08-26,7011,三菱重,プレミア市場,機 械,,False,,3920.0,0.0,False,0.0
2026-08-26,7012,川崎重,プレミア市場,輸送用機器,,False,,2575.0,0.0,False,0.0
2026-08-26,7059,コプロＨＤ,プレミア市場,サービス業,,False,,930.0,0.0,False,0.0
2026-08-26,7073,ジェイック,メイン市場,サービス業,,False,,2251.0,0.0,False,0.0
2026-08-26,7075,ＱＬＳＨＤ,ネクスト市場,サービス業,,False,,866.0,0.0,False,0.0
2026-08-26,7076,名南Ｍ＆Ａ,メイン市場,サービス業,,False,1049.0,,4.7,True,4930300.0
2026-08-26,7102,日車輌,プレミア市場,輸送用機器,,False,,3755.0,0.0,False,0.0
2026-08-26,7118,伸和ホールディングス,ネクスト市場,小売業,,False,4200.0,,0.1,True,420000.0
2026-08-26,7129,ミアヘルサＨＤ,メイン市場,小売業,,False,,1162.0,0.0,False,0.0
2026-08-26,7135,ジャパンクラフトＨＤ,プレミア市場,小売業,,False,,182.0,0.0,False,0.0
2026-08-26,7203,トヨタ自,プレミア市場,輸送用機器,,False,,3070.0,0.0,False,0.0
2026-08-26,7213,レシップＨＤ,プレミア市場,輸送用機器,,False,,677.0,0.0,False,0.0
2026-08-26,7220,武蔵精密,プレミア市場,輸送用機器,,False,,3160.0,0.0,False,0.0
2026-08-26,7227,アスカ,メイン市場,輸送用機器,,False,1811.0,,1.0,True,1811000.0
2026-08-26,7231,トピー工,プレミア市場,輸送用機器,,False,,3065.0,0.0,False,0.0
2026-08-26,7241,フタバ産,プレミア市場,輸送用機器,,False,,1125.0,0.0,False,0.0
2026-08-26,7245,大同メタル,プレミア市場,輸送用機器,,False,,1255.0,0.0,False,0.0
2026-08-26,7259,アイシン,プレミア市場,輸送用機器,,False,,2252.5,0.0,False,0.0
2026-08-26,7266,今仙電機,プレミア市場,輸送用機器,,False,,1030.0,0.0,False,0.0
2026-08-26,7282,豊田合,プレミア市場,輸送用機器,,False,,5412.0,0.0,False,0.0
2026-08-26,7283,愛三工,プレミア市場,輸送用機器,,False,,2301.0,0.0,False,0.0
2026-08-26,7322,,プレミア市場,銀行業,,False,,2050.0,0.0,False,0.0
2026-08-26,7362,Ｔ．Ｓ．Ｉ,メイン市場,サービス業,,False,,868.0,0.0,False,0.0
2026-08-26,7369,メイホーＨＤ,ネクスト市場,サービス業,,False,,359.0,0.0,False,0.0
2026-08-26,7380,十六ＦＧ,プレミア市場,銀行業,,False,,2572.0,0.0,False,0.0
2026-08-26,7389,あいちＦＧ,プレミア市場,銀行業,,False,,1845.0,0.0,False,0.0
2026-08-26,7412,アトム,メイン市場,小売業,,False,,376.0,0.0,False,0.0
2026-08-26,7485,岡谷鋼機,プレミア市場,卸売業,,False,5080.0,,6.0,True,30480000.0
2026-08-26,7488,ヤガミ,メイン市場,卸売業,,False,5150.0,,1.1,True,5665000.000000001
2026-08-26,7514,ヒマラヤ,プレミア市場,小売業,,False,,878.0,0.0,False,0.0
2026-08-26,7593,ＶＴＨＤ,プレミア市場,小売業,,False,,532.0,0.0,False,0.0
2026-08-26,7607,進和,プレミア市場,卸売業,,False,,3170.0,0.0,False,0.0
2026-08-26,7630,壱番屋,プレミア市場,小売業,,False,,950.0,0.0,False,0.0
2026-08-26,7649,スギＨＤ,プレミア市場,小売業,,False,,2730.0,0.0,False,0.0
2026-08-26,7675,セントラルフォレスト,メイン市場,卸売業,,False,2760.0,,0.7,True,1932000.0
2026-08-26,7682,浜木綿,メイン市場,小売業,,False,,3920.0,0.0,False,0.0
2026-08-26,7723,愛知時,プレミア市場,精密機器,,False,,2891.0,0.0,False,0.0
2026-08-26,7747,アサヒインテック,プレミア市場,精密機器,,False,,3924.0,0.0,False,0.0
2026-08-26,7751,キヤノン,プレミア市場,電気機器,,False,,4639.0,0.0,False,0.0
2026-08-26,7780,メニコン,プレミア市場,精密機器,,False,,1898.0,0.0,False,0.0
2026-08-26,7790,バルコス,ネクスト市場,その他製品,,False,1070.0,,0.1,True,107000.0
2026-08-26,7805,プリントネット,メイン市場,その他製品,,False,,746.0,0.0,False,0.0
2026-08-26,7870,福島印,メイン市場,その他製品,,False,363.0,,12.3,True,4464900.000000001
2026-08-26,7871,フクビ化工,メイン市場,化 学,,False,,1002.0,0.0,False,0.0
2026-08-26,7875,竹田ｉＰ,メイン市場,その他製品,,False,,825.0,0.0,False,0.0
2026-08-26,7878,光・彩,メイン市場,その他製品,,False,,1499.0,0.0,False,0.0
2026-08-26,7896,セブン工,メイン市場,その他製品,,False,,511.0,0.0,False,0.0
2026-08-26,7928,旭化学,メイン市場,化 学,,False,,655.0,0.0,False,0.0
2026-08-26,7931,未来工業,プレミア市場,化 学,,False,,3705.0,0.0,False,0.0
2026-08-26,7943,ニチハ,プレミア市場,ガラス・土石製品,,False,,3125.0,0.0,False,0.0
2026-08-26,7946,光陽社,メイン市場,その他製品,,False,330.0,325.0,0.5,True,165000.0
2026-08-26,7950,デコラックス,メイン市場,化 学,,False,9350.0,,0.1,True,935000.0
2026-08-26,7953,菊水化,メイン市場,その他製品,,False,,402.0,0.0,False,0.0
2026-08-26,7975,リヒトラブ,メイン市場,その他製品,,False,,1148.0,0.0,False,0.0
2026-08-26,8015,豊田通商,プレミア市場,卸売業,,False,,7535.0,0.0,False,0.0
2026-08-26,8031,三井物産,プレミア市場,卸売業,,False,,4894.0,0.0,False,0.0
2026-08-26,8071,東海エレ,メイン市場,卸売業,,False,3010.0,,2.2,True,6622000.000000001
2026-08-26,8076,カノークス,メイン市場,卸売業,,False,,2087.0,0.0,False,0.0
2026-08-26,8130,サンゲツ,プレミア市場,卸売業,,False,,3200.0,0.0,False,0.0
2026-08-26,8145,中部水,メイン市場,卸売業,,False,3220.0,,0.1,True,322000.0
2026-08-26,8160,木曽路,プレミア市場,小売業,,False,,2475.0,0.0,False,0.0
2026-08-26,8190,ヤマナカ,メイン市場,小売業,,False,519.0,,3.3,True,1712699.9999999998
2026-08-26,8225,タカチホ,メイン市場,卸売業,,False,,3550.0,0.0,False,0.0
2026-08-26,8228,マルイチ産商,メイン市場,卸売業,,False,1110.0,,7.4,True,8214000.0
2026-08-26,8285,三谷産業,プレミア市場,卸売業,,False,,796.0,0.0,False,0.0
2026-08-26,8306,三菱ＵＦＪ,プレミア市場,銀行業,,False,3590.0,3579.0,0.1,True,359000.0
2026-08-26,8309,三井住友トラストＧ,プレミア市場,銀行業,,False,,1750.5,0.0,False,0.0
2026-08-26,8316,三井住友,プレミア市場,銀行業,,False,,6732.0,0.0,False,0.0
2026-08-26,8361,大垣銀,プレミア市場,銀行業,,False,,8140.0,0.0,False,0.0
2026-08-26,8368,百五銀,プレミア市場,銀行業,,False,,2341.0,0.0,False,0.0
2026-08-26,8522,名古屋銀,プレミア市場,銀行業,,False,,7040.0,0.0,False,0.0
2026-08-26,8601,大和証Ｇ,プレミア市場,証券、商品先物取引業,,False,,1814.0,0.0,False,0.0
2026-08-26,8604,野村,プレミア市場,証券、商品先物取引業,,False,,1603.5,0.0,False,0.0
2026-08-26,8609,岡三,プレミア市場,証券、商品先物取引業,,False,,1198.0,0.0,False,0.0
2026-08-26,8616,東海東京,プレミア市場,証券、商品先物取引業,,False,,872.0,0.0,False,0.0
2026-08-26,8725,ＭＳ＆ＡＤ,プレミア市場,保険業,,False,,5084.0,0.0,False,0.0
2026-08-26,8803,平和不,プレミア市場,不動産業,,False,,2423.0,0.0,False,0.0
2026-08-26,8891,ＡＭＧＨＤ,メイン市場,不動産業,,False,,2075.0,0.0,False,0.0
2026-08-26,8904,ＡＶＡＮＴＩＡ,プレミア市場,不動産業,,False,,870.0,0.0,False,0.0
2026-08-26,8920,東祥,プレミア市場,サービス業,,False,,733.0,0.0,False,0.0
2026-08-26,8995,誠建設,メイン市場,不動産業,,False,,1440.0,0.0,False,0.0
2026-08-26,9022,ＪＲ東海,プレミア市場,陸運業,,False,,3938.0,0.0,False,0.0
2026-08-26,9040,大宝運,メイン市場,陸運業,,False,4215.0,,0.1,True,421500.0
2026-08-26,9048,名鉄,プレミア市場,陸運業,,False,,1895.5,0.0,False,0.0
2026-08-26,9073,京極運輸,メイン市場,陸運業,,False,,1239.0,0.0,False,0.0
2026-08-26,9076,セイノーＨＤ,プレミア市場,陸運業,,False,,2776.0,0.0,False,0.0
2026-08-26,9170,成友興業,メイン市場,サービス業,,False,1508.0,,18.4,True,27747200.0
2026-08-26,9221,フルハシＥＰＯ,メイン市場,サービス業,,False,,1153.0,0.0,False,0.0
2026-08-26,9223,ＡＳＮＯＶＡ,ネクスト市場,サービス業,,False,,449.0,0.0,False,0.0
2026-08-26,9249,日本エコシステム,メイン市場,サービス業,,False,,1664.0,0.0,False,0.0
2026-08-26,9306,東陽倉,プレミア市場,倉庫・運輸関連業,,False,,2008.0,0.0,False,0.0
2026-08-26,9310,トランスシティ,プレミア市場,倉庫・運輸関連業,,False,,1389.0,0.0,False,0.0
2026-08-26,9330,揚羽,ネクスト市場,サービス業,,False,,881.0,0.0,False,0.0
2026-08-26,9357,名港海,メイン市場,倉庫・運輸関連業,,False,2455.0,,4.8,True,11784000.0
2026-08-26,9359,伊勢湾海,メイン市場,倉庫・運輸関連業,,False,972.0,,4.2,True,4082400.0
2026-08-26,9368,キムラユニティー,プレミア市場,倉庫・運輸関連業,,False,,931.0,0.0,False,0.0
2026-08-26,9402,中日放送,プレミア市場,情報・通信業,,False,1221.0,,2.0,True,2442000.0
2026-08-26,9428,クロップス,プレミア市場,情報・通信業,,False,,1505.0,0.0,False,0.0
2026-08-26,9471,文渓堂,メイン市場,情報・通信業,,False,1145.0,,0.5,True,572500.0
2026-08-26,9476,中央経済社ＨＤ,メイン市場,情報・通信業,,False,,983.0,0.0,False,0.0
2026-08-26,9502,中部電力,プレミア市場,電気・ガス業,,False,,2933.5,0.0,False,0.0
2026-08-26,9531,東瓦斯,プレミア市場,電気・ガス業,,False,,6099.0,0.0,False,0.0
2026-08-26,9533,東邦瓦斯,プレミア市場,電気・ガス業,,False,,1221.0,0.0,False,0.0
2026-08-26,9643,中日興,メイン市場,サービス業,,False,,11080.0,0.0,False,0.0
2026-08-26,9664,御園座,メイン市場,サービス業,,False,1501.0,,0.9,True,1350900.0
2026-08-26,9793,ダイセキ,プレミア市場,サービス業,,False,,3880.0,0.0,False,0.0
2026-08-26,9900,サガミＨＤ,プレミア市場,小売業,,False,,2165.0,0.0,False,0.0
2026-08-26,9913,日邦産業,メイン市場,卸売業,,False,,3280.0,0.0,False,0.0
2026-08-26,9914,植松商会,メイン市場,卸売業,,False,750.0,748.0,0.4,True,300000.0
2026-08-26,9956,バローＨＤ,プレミア市場,小売業,,False,,3325.0,0.0,False,0.0
2026-08-26,9969,ショクブン,メイン市場,小売業,,False,,234.0,0.0,False,0.0
2026-08-26,9982,タキヒヨー,プレミア市場,卸売業,,False,,2633.0,0.0,False,0.0
2026-08-26,9987,スズケン,プレミア市場,卸売業,,False,,5089.0,0.0,False,0.0
2026-08-27,138A,光フードサービス,ネクスト市場,小売業,,False,,3150.0,0.0,False,0.0
2026-08-27,1438,岐阜造園,メイン市場,建設業,,False,,2342.0,0.0,False,0.0
2026-08-27,1444,ニッソウ,ネクスト市場,建設業,,False,,2626.0,0.0,False,0.0
2026-08-27,1738,ＮＩＴＴＯＨ,メイン市場,建設業,,False,572.0,,0.2,True,114400.0
2026-08-27,1766,東建コーポ,プレミア市場,建設業,,False,,13620.0,0.0,False,0.0
2026-08-27,1777,川崎設備,メイン市場,建設業,,False,2324.0,,0.3,True,697199.9999999999
2026-08-27,1780,ヤマウラ,プレミア市場,建設業,,False,,1515.0,0.0,False,0.0
2026-08-27,1801,大成建,プレミア市場,建設業,,False,,12880.0,0.0,False,0.0
2026-08-27,1803,清水建,プレミア市場,建設業,,False,,2418.0,0.0,False,0.0
2026-08-27,1811,銭高組,メイン市場,建設業,,False,,7920.0,0.0,False,0.0
2026-08-27,1812,鹿島,プレミア市場,建設業,,False,,4826.0,0.0,False,0.0
2026-08-27,1869,名工建,メイン市場,建設業,,False,1918.0,,7.3,True,14001400.0
2026-08-27,1870,矢作建,プレミア市場,建設業,,False,,2182.0,0.0,False,0.0
2026-08-27,1878,大東建,プレミア市場,不動産業,,False,,3328.0,0.0,False,0.0
2026-08-27,1892,徳倉建,メイン市場,建設業,,False,,7810.0,0.0,False,0.0
2026-08-27,1893,五洋建,プレミア市場,建設業,,False,,1455.5,0.0,False,0.0
2026-08-27,1928,積水ハウス,プレミア市場,建設業,,False,,3460.0,0.0,False,0.0
2026-08-27,1946,トーエネック,プレミア市場,建設業,,False,,2190.0,0.0,False,0.0
2026-08-27,2053,中部飼料,プレミア市場,食料品,,False,,2006.0,0.0,False,0.0
2026-08-27,212A,フィットイージー,プレミア市場,サービス業,,False,,2970.0,0.0,False,0.0
2026-08-27,2139,中広,プレミア市場,サービス業,,False,,525.0,0.0,False,0.0
2026-08-27,2169,ＣＤＳ,プレミア市場,サービス業,,False,,1718.0,0.0,False,0.0
2026-08-27,2185,シイエム・シイ,プレミア市場,サービス業,,False,,1980.0,0.0,False,0.0
2026-08-27,2207,ｍｅｉｔｏ,プレミア市場,食料品,,False,,3440.0,0.0,False,0.0
2026-08-27,2209,井村屋Ｇ,プレミア市場,食料品,,False,,2415.0,0.0,False,0.0
2026-08-27,2224,コモ,メイン市場,食料品,,False,,3660.0,0.0,False,0.0
2026-08-27,2327,ＮＳＳＯＬ,メイン市場,情報・通信業,,False,,3901.0,0.0,False,0.0
2026-08-27,2329,東北新社,メイン市場,情報・通信業,,False,,513.0,0.0,False,0.0
2026-08-27,2351,ＡＳＪ,メイン市場,情報・通信業,,False,,325.0,0.0,False,0.0
2026-08-27,2376,サイネックス,メイン市場,サービス業,,False,,776.0,0.0,False,0.0
2026-08-27,2424,ブラス,プレミア市場,サービス業,,False,,597.0,0.0,False,0.0
2026-08-27,2435,シダー,メイン市場,サービス業,,False,,210.0,0.0,False,0.0
2026-08-27,2467,ＶＬＣセキュリティ,ネクスト市場,サービス業,,False,182.0,,6.1,True,1110200.0
2026-08-27,246A,アスア,メイン市場,サービス業,,False,,920.0,0.0,False,0.0
2026-08-27,2479,ジェイテック,メイン市場,サービス業,,False,,243.0,0.0,False,0.0
2026-08-27,2480,シスロケ,メイン市場,情報・通信業,,False,,1733.0,0.0,False,0.0
2026-08-27,2485,ティア,プレミア市場,サービス業,,False,,451.0,0.0,False,0.0
2026-08-27,2551,マルサンアイ,メイン市場,食料品,,False,3585.0,,0.8,True,2868000.0
2026-08-27,259A,ケイ・ウノ,ネクスト市場,小売業,,False,1760.0,,0.9,True,1584000.0
2026-08-27,2722,ＩＫホールディングス,プレミア市場,小売業,,False,,358.0,0.0,False,0.0
2026-08-27,2734,サーラ,プレミア市場,小売業,,False,,1221.0,0.0,False,0.0
2026-08-27,2753,あみやき,プレミア市場,小売業,,False,,1401.0,0.0,False,0.0
2026-08-27,275A,ハンワホームズ,ネクスト市場,建設業,,False,360.0,,0.3,True,108000.0
2026-08-27,2778,パレモ・ＨＤ,メイン市場,小売業,,False,,114.0,0.0,False,0.0
2026-08-27,2780,コメ兵ＨＤ,メイン市場,小売業,,False,,5100.0,0.0,False,0.0
2026-08-27,2806,ユタカフーズ,メイン市場,食料品,,False,,1901.0,0.0,False,0.0
2026-08-27,2811,カゴメ,プレミア市場,食料品,,False,,2734.0,0.0,False,0.0
2026-08-27,2902,太陽化,メイン市場,食料品,,False,2690.0,,1.1,True,2959000.0000000005
2026-08-27,2983,アールプランナー,メイン市場,不動産業,,False,,1614.0,0.0,False,0.0
2026-08-27,2986,ＬＡＨＤ,プレミア市場,不動産業,,False,,2843.0,0.0,False,0.0
2026-08-27,3028,アルペン,プレミア市場,小売業,,False,,2371.0,0.0,False,0.0
2026-08-27,3032,ゴルフ・ドゥ,ネクスト市場,小売業,,False,241.0,,9.6,True,2313600.0
2026-08-27,3035,ケイティケイ,メイン市場,卸売業,,False,,779.0,0.0,False,0.0
2026-08-27,3066,ＪＢイレブン,メイン市場,小売業,,False,640.0,,5.8,True,3712000.0
2026-08-27,3086,Ｊフロント,プレミア市場,小売業,,False,,3139.0,0.0,False,0.0
2026-08-27,3091,ブロンコＢ,プレミア市場,小売業,,False,,2735.0,0.0,False,0.0
2026-08-27,3116,トヨタ紡織,プレミア市場,輸送用機器,,False,,2239.5,0.0,False,0.0
2026-08-27,3138,富士山マガジン,メイン市場,小売業,,False,,1114.0,0.0,False,0.0
2026-08-27,3184,ＩＣＤＡ,メイン市場,小売業,,False,,4205.0,0.0,False,0.0
2026-08-27,3186,ネクステージ,プレミア市場,小売業,,False,,3365.0,0.0,False,0.0
2026-08-27,3202,ダイトウボウ,プレミア市場,繊維製品,,False,,128.0,0.0,False,0.0
2026-08-27,3205,ダイドー,プレミア市場,繊維製品,,False,,750.0,0.0,False,0.0
2026-08-27,3221,ヨシックスＨＤ,プレミア市場,小売業,,False,,3345.0,0.0,False,0.0
2026-08-27,3232,三重交通ＧＨＤ,プレミア市場,不動産業,,False,,613.0,0.0,False,0.0
2026-08-27,3260,エスポア,,サービス業,監理,True,551.0,,5.5,True,3030500.0
2026-08-27,3320,クロスプラス,メイン市場,卸売業,,False,,1324.0,0.0,False,0.0
2026-08-27,3321,ミタチ,プレミア市場,卸売業,,False,,1682.0,0.0,False,0.0
2026-08-27,3346,ヒロタグループＨＤ,ネクスト市場,小売業,,False,83.0,,2.6,True,215800.0
2026-08-27,3384,アークコア,ネクスト市場,卸売業,,False,785.0,,1.5,True,1177500.0
2026-08-27,3419,アートグリーン,ネクスト市場,卸売業,,False,1981.0,,0.7,True,1386699.9999999998
2026-08-27,3422,Ｊ－ＭＡＸ,メイン市場,金属製品,,False,,612.0,0.0,False,0.0
2026-08-27,3439,三ツ知,メイン市場,金属製品,,False,,677.0,0.0,False,0.0
2026-08-27,3441,山王,メイン市場,金属製品,,False,,2730.0,0.0,False,0.0
2026-08-27,3442,ＭＩＥコーポ,メイン市場,金属製品,,False,1940.0,,0.6,True,1164000.0
2026-08-27,3447,信和,プレミア市場,金属製品,,False,,1027.0,0.0,False,0.0
2026-08-27,3461,パルマ,メイン市場,不動産業,,False,,610.0,0.0,False,0.0
2026-08-27,3469,デュアルタップ,メイン市場,不動産業,,False,,897.0,0.0,False,0.0
2026-08-27,3494,マリオン,メイン市場,不動産業,,False,,443.0,0.0,False,0.0
2026-08-27,3504,丸八ホールディングス,メイン市場,繊維製品,,False,1425.0,,3.6,True,5130000.0
2026-08-27,3524,日東網,プレミア市場,繊維製品,,False,,1483.0,0.0,False,0.0
2026-08-27,3543,コメダ,プレミア市場,卸売業,,False,,2976.0,0.0,False,0.0
2026-08-27,3549,クスリのアオキＨＤ,メイン市場,小売業,,False,,4097.0,0.0,False,0.0
2026-08-27,3556,リネットジャパン,メイン市場,小売業,,False,,860.0,0.0,False,0.0
2026-08-27,3559,ピーバンドットコム,メイン市場,卸売業,,False,,458.0,0.0,False,0.0
2026-08-27,3571,ソトー,プレミア市場,繊維製品,,False,,725.0,0.0,False,0.0
2026-08-27,3577,東海染工,プレミア市場,繊維製品,,False,,937.0,0.0,False,0.0
2026-08-27,3670,協立情報通信,メイン市場,情報・通信業,,False,1821.0,,0.1,True,182100.00000000003
2026-08-27,3739,コムシード,ネクスト市場,情報・通信業,,False,123.0,,1.0,True,123000.0
2026-08-27,3771,システムリサーチ,プレミア市場,情報・通信業,,False,,1951.0,0.0,False,0.0
2026-08-27,3775,ガイアックス,ネクスト市場,情報・通信業,,False,442.0,,1.7,True,751400.0
2026-08-27,377A,エージェントＩＧＨＤ,メイン市場,保険業,,False,1023.0,,2.1,True,2148300.0
2026-08-27,3808,オーケーウェブ,ネクスト市場,情報・通信業,,False,29.0,,48.3,True,1400699.9999999998
2026-08-27,3842,ネクストジェン,メイン市場,情報・通信業,,False,,1050.0,0.0,False,0.0
2026-08-27,391A,山忠,メイン市場,不動産業,,False,2485.0,,0.7,True,1739500.0
2026-08-27,3922,ＰＲＴＩＭＥＳ,プレミア市場,情報・通信業,,False,,2190.0,0.0,False,0.0
2026-08-27,3947,ダイナパック,メイン市場,パルプ・紙,,False,,2479.0,0.0,False,0.0
2026-08-27,3958,笹徳印刷,メイン市場,パルプ・紙,,False,,554.0,0.0,False,0.0
2026-08-27,3974,ＳＣＡＴ,メイン市場,情報・通信業,,False,,671.0,0.0,False,0.0
2026-08-27,4062,イビデン,プレミア市場,電気機器,,False,20335.0,20545.0,0.1,True,2033500.0
2026-08-27,4063,信越化,プレミア市場,化 学,,False,,5993.0,0.0,False,0.0
2026-08-27,4072,電算システムＨＤ,プレミア市場,情報・通信業,,False,,3075.0,0.0,False,0.0
2026-08-27,4124,大阪油化工業,メイン市場,化 学,,False,,2964.0,0.0,False,0.0
2026-08-27,4125,三和油化工業,メイン市場,化 学,,False,,3750.0,0.0,False,0.0
2026-08-27,418A,ウリドキ,ネクスト市場,情報・通信業,,False,1274.0,,3.4,True,4331599.999999999
2026-08-27,4196,ネオマーケ,メイン市場,情報・通信業,,False,,2072.0,0.0,False,0.0
2026-08-27,4206,アイカ工,プレミア市場,化 学,,False,,4102.0,0.0,False,0.0
2026-08-27,4240,クラスターＴ,メイン市場,化 学,,False,,325.0,0.0,False,0.0
2026-08-27,4247,ポバール興業,メイン市場,化 学,,False,,1405.0,0.0,False,0.0
2026-08-27,4361,川口化,メイン市場,化 学,,False,,1584.0,0.0,False,0.0
2026-08-27,4430,東海ソフト,プレミア市場,情報・通信業,,False,,1703.0,0.0,False,0.0
2026-08-27,4439,東名,プレミア市場,情報・通信業,,False,,762.0,0.0,False,0.0
2026-08-27,4445,リビンＴ,メイン市場,情報・通信業,,False,,1840.0,0.0,False,0.0
2026-08-27,4463,日華化学,プレミア市場,化 学,,False,,2001.0,0.0,False,0.0
2026-08-27,4502,武田薬,プレミア市場,医薬品,,False,5840.0,5809.0,0.1,True,584000.0
2026-08-27,4616,川上塗料,メイン市場,化 学,,False,,2135.0,0.0,False,0.0
2026-08-27,4658,日本空調,プレミア市場,サービス業,,False,,1561.0,0.0,False,0.0
2026-08-27,4667,アイサンテクノロ,メイン市場,情報・通信業,,False,,2200.0,0.0,False,0.0
2026-08-27,4681,リゾートトラ,プレミア市場,サービス業,,False,,1879.5,0.0,False,0.0
2026-08-27,4691,ワシントンホテル,メイン市場,サービス業,,False,,2351.0,0.0,False,0.0
2026-08-27,4707,キタック,メイン市場,サービス業,,False,,346.0,0.0,False,0.0
2026-08-27,4732,ＵＳＳ,プレミア市場,サービス業,,False,,1980.5,0.0,False,0.0
2026-08-27,4760,アルファ,メイン市場,サービス業,,False,,1740.0,0.0,False,0.0
2026-08-27,4920,日本色材,メイン市場,化 学,,False,,1126.0,0.0,False,0.0
2026-08-27,5020,ＥＮＥＯＳ,プレミア市場,石油・石炭製品,,False,,1331.0,0.0,False,0.0
2026-08-27,5075,アップコン,ネクスト市場,建設業,,False,1029.0,,1.0,True,1029000.0
2026-08-27,5204,石塚硝,プレミア市場,ガラス・土石製品,,False,,3040.0,0.0,False,0.0
2026-08-27,523A,セイワＨＤ,ネクスト市場,金属製品,,False,,1693.0,0.0,False,0.0
2026-08-27,5241,日本オーエー研究所,メイン市場,情報・通信業,,False,,774.0,0.0,False,0.0
2026-08-27,5271,トーヨーアサノ,メイン市場,ガラス・土石製品,,False,,2260.0,0.0,False,0.0
2026-08-27,5287,イトーヨーギョー,メイン市場,ガラス・土石製品,,False,,852.0,0.0,False,0.0
2026-08-27,5331,ノリタケ,プレミア市場,ガラス・土石製品,,False,,3690.0,0.0,False,0.0
2026-08-27,5332,ＴＯＴＯ,プレミア市場,ガラス・土石製品,,False,,6476.0,0.0,False,0.0
2026-08-27,5333,ＮＧＫ,プレミア市場,ガラス・土石製品,,False,,5399.0,0.0,False,0.0
2026-08-27,5334,日特殊陶,プレミア市場,ガラス・土石製品,,False,,8474.0,0.0,False,0.0
2026-08-27,5342,ジャニス工,メイン市場,ガラス・土石製品,,False,,389.0,0.0,False,0.0
2026-08-27,5343,ニッコー,メイン市場,ガラス・土石製品,,False,183.0,,13.8,True,2525400.0
2026-08-27,5344,ＭＡＲＵＷＡ,プレミア市場,ガラス・土石製品,,False,,54050.0,0.0,False,0.0
2026-08-27,5356,美濃窯業,メイン市場,ガラス・土石製品,,False,,1331.0,0.0,False,0.0
2026-08-27,5384,ＦＵＪＩＭＩ,プレミア市場,ガラス・土石製品,,False,,3620.0,0.0,False,0.0
2026-08-27,5386,鶴弥,メイン市場,ガラス・土石製品,,False,385.0,,0.3,True,115500.0
2026-08-27,5401,日本製鉄,プレミア市場,鉄 鋼,,False,,671.0,0.0,False,0.0
2026-08-27,5406,神戸鋼,プレミア市場,鉄 鋼,,False,,2022.0,0.0,False,0.0
2026-08-27,5461,中部鋼鈑,プレミア市場,鉄 鋼,,False,,2113.0,0.0,False,0.0
2026-08-27,546A,ＭＩＲＡＩＮＩ,プレミア市場,卸売業,,False,,2353.0,0.0,False,0.0
2026-08-27,5471,大同特鋼,プレミア市場,鉄 鋼,,False,,2257.0,0.0,False,0.0
2026-08-27,5482,愛知鋼,プレミア市場,鉄 鋼,,False,,3210.0,0.0,False,0.0
2026-08-27,550A,ソフトテックス,メイン市場,情報・通信業,,False,,2215.0,0.0,False,0.0
2026-08-27,5530,日本システムバンク,メイン市場,不動産業,,False,1092.0,,1.0,True,1092000.0
2026-08-27,5589,オートサーバー,メイン市場,情報・通信業,,False,,2929.0,0.0,False,0.0
2026-08-27,5607,中央可鍛,メイン市場,鉄 鋼,,False,607.0,,4.7,True,2852900.0
2026-08-27,5802,住友電工,プレミア市場,非鉄金属,,False,,2255.0,0.0,False,0.0
2026-08-27,5918,滝上工,メイン市場,金属製品,,False,,7800.0,0.0,False,0.0
2026-08-27,5938,ＬＩＸＩＬ,プレミア市場,金属製品,,False,,1772.0,0.0,False,0.0
2026-08-27,5947,リンナイ,プレミア市場,金属製品,,False,,3595.0,0.0,False,0.0
2026-08-27,5952,アマテイ,メイン市場,金属製品,,False,,193.0,0.0,False,0.0
2026-08-27,5979,カネソウ,メイン市場,金属製品,,False,5300.0,,0.1,True,530000.0
2026-08-27,5984,兼房,メイン市場,金属製品,,False,,775.0,0.0,False,0.0
2026-08-27,5992,中央発条,プレミア市場,金属製品,,False,,3705.0,0.0,False,0.0
2026-08-27,5994,ファインシンター,メイン市場,金属製品,,False,,1016.0,0.0,False,0.0
2026-08-27,6025,日本ＰＣサービス,ネクスト市場,サービス業,,False,696.0,,4.6,True,3201600.0
2026-08-27,6036,ＫｅｅＰｅｒ技研,プレミア市場,サービス業,,False,,3220.0,0.0,False,0.0
2026-08-27,6055,Ｊマテリアル,プレミア市場,サービス業,,False,,2215.0,0.0,False,0.0
2026-08-27,6074,ＪＳＳ,メイン市場,サービス業,,False,,517.0,0.0,False,0.0
2026-08-27,6103,オークマ,プレミア市場,機 械,,False,,4865.0,0.0,False,0.0
2026-08-27,6111,旭精機,メイン市場,機 械,,False,2011.0,,2.3,True,4625299.999999999
2026-08-27,6134,ＦＵＪＩ,プレミア市場,機 械,,False,,7231.0,0.0,False,0.0
2026-08-27,6136,ＯＳＧ,プレミア市場,機 械,,False,,3730.0,0.0,False,0.0
2026-08-27,6142,富士精工,メイン市場,機 械,,False,1750.0,,2.1,True,3675000.0
2026-08-27,6203,豊和工,プレミア市場,機 械,,False,,1531.0,0.0,False,0.0
2026-08-27,6225,エコム,メイン市場,機 械,,False,2060.0,,0.1,True,206000.0
2026-08-27,6267,ゼネパッカー,メイン市場,機 械,,False,,4045.0,0.0,False,0.0
2026-08-27,6325,タカキタ,プレミア市場,機 械,,False,,415.0,0.0,False,0.0
2026-08-27,6339,新東工,プレミア市場,機 械,,False,,1208.0,0.0,False,0.0
2026-08-27,6340,渋谷工,プレミア市場,機 械,,False,,5310.0,0.0,False,0.0
2026-08-27,6342,太平製,メイン市場,機 械,,False,,2912.0,0.0,False,0.0
2026-08-27,6345,アイチ,プレミア市場,機 械,,False,,1441.0,0.0,False,0.0
2026-08-27,6346,キクカワ,メイン市場,機 械,,False,,5880.0,0.0,False,0.0
2026-08-27,6396,宇野沢鉄,メイン市場,機 械,,False,,4700.0,0.0,False,0.0
2026-08-27,6407,ＣＫＤ,プレミア市場,機 械,,False,,5560.0,0.0,False,0.0
2026-08-27,6430,ダイコク電,プレミア市場,機 械,,False,,2526.0,0.0,False,0.0
2026-08-27,6439,中日鋳工,メイン市場,機 械,,False,396.0,,2.7,True,1069200.0
2026-08-27,6448,ブラザー,プレミア市場,電気機器,,False,,4724.0,0.0,False,0.0
2026-08-27,6465,ホシザキ,プレミア市場,機 械,,False,,5705.0,0.0,False,0.0
2026-08-27,6470,大豊工業,プレミア市場,機 械,,False,,1130.0,0.0,False,0.0
2026-08-27,6473,ジェイテクト,プレミア市場,機 械,,False,,2060.5,0.0,False,0.0
2026-08-27,6501,日立,プレミア市場,電気機器,,False,,5433.0,0.0,False,0.0
2026-08-27,6504,富士電機,プレミア市場,電気機器,,False,,14230.0,0.0,False,0.0
2026-08-27,6508,明電舎,プレミア市場,電気機器,,False,,11960.0,0.0,False,0.0
2026-08-27,6547,グリーンズ,プレミア市場,サービス業,,False,,2112.0,0.0,False,0.0
2026-08-27,6564,ミダックＨＤ,プレミア市場,サービス業,,False,,2100.0,0.0,False,0.0
2026-08-27,6565,ＡＢホテル,メイン市場,サービス業,,False,1303.0,,1.6,True,2084800.0
2026-08-27,6586,マキタ,プレミア市場,機 械,,False,,5300.0,0.0,False,0.0
2026-08-27,6615,ＵＭＣエレ,メイン市場,電気機器,,False,,234.0,0.0,False,0.0
2026-08-27,6623,愛知電,プレミア市場,電気機器,,False,8830.0,,4.0,True,35320000.0
2026-08-27,6651,日東工,プレミア市場,電気機器,,False,,4425.0,0.0,False,0.0
2026-08-27,6655,洋電機,メイン市場,電気機器,,False,,777.0,0.0,False,0.0
2026-08-27,6676,ＢＵＦＦＡＬＯ,プレミア市場,電気機器,,False,,3015.0,0.0,False,0.0
2026-08-27,6702,富士通,プレミア市場,電気機器,,False,,3753.0,0.0,False,0.0
2026-08-27,6718,アイホン,プレミア市場,電気機器,,False,,2888.0,0.0,False,0.0
2026-08-27,6797,名古屋電,メイン市場,電気機器,,False,,1197.0,0.0,False,0.0
2026-08-27,6846,中央製,メイン市場,電気機器,,False,,1382.0,0.0,False,0.0
2026-08-27,6902,デンソー,プレミア市場,輸送用機器,,False,,1903.5,0.0,False,0.0
2026-08-27,6995,東海理電,プレミア市場,輸送用機器,,False,,3135.0,0.0,False,0.0
2026-08-27,6999,ＫＯＡ,プレミア市場,電気機器,,False,,2295.0,0.0,False,0.0
2026-08-27,7011,三菱重,プレミア市場,機 械,,False,,3985.0,0.0,False,0.0
2026-08-27,7012,川崎重,プレミア市場,輸送用機器,,False,2626.0,2626.5,0.1,True,262600.0
2026-08-27,7059,コプロＨＤ,プレミア市場,サービス業,,False,,923.0,0.0,False,0.0
2026-08-27,7073,ジェイック,メイン市場,サービス業,,False,,2251.0,0.0,False,0.0
2026-08-27,7075,ＱＬＳＨＤ,ネクスト市場,サービス業,,False,,870.0,0.0,False,0.0
2026-08-27,7076,名南Ｍ＆Ａ,メイン市場,サービス業,,False,1071.0,,14.9,True,15957900.0
2026-08-27,7102,日車輌,プレミア市場,輸送用機器,,False,,3770.0,0.0,False,0.0
2026-08-27,7118,伸和ホールディングス,ネクスト市場,小売業,,False,4200.0,,0.1,True,420000.0
2026-08-27,7129,ミアヘルサＨＤ,メイン市場,小売業,,False,,1158.0,0.0,False,0.0
2026-08-27,7135,ジャパンクラフトＨＤ,プレミア市場,小売業,,False,,182.0,0.0,False,0.0
2026-08-27,7203,トヨタ自,プレミア市場,輸送用機器,,False,,3077.0,0.0,False,0.0
2026-08-27,7213,レシップＨＤ,プレミア市場,輸送用機器,,False,,682.0,0.0,False,0.0
2026-08-27,7220,武蔵精密,プレミア市場,輸送用機器,,False,,3230.0,0.0,False,0.0
2026-08-27,7227,アスカ,メイン市場,輸送用機器,,False,1830.0,,0.5,True,915000.0
2026-08-27,7231,トピー工,プレミア市場,輸送用機器,,False,,3055.0,0.0,False,0.0
2026-08-27,7241,フタバ産,プレミア市場,輸送用機器,,False,,1111.0,0.0,False,0.0
2026-08-27,7245,大同メタル,プレミア市場,輸送用機器,,False,,1248.0,0.0,False,0.0
2026-08-27,7259,アイシン,プレミア市場,輸送用機器,,False,,2230.0,0.0,False,0.0
2026-08-27,7266,今仙電機,プレミア市場,輸送用機器,,False,,1021.0,0.0,False,0.0
2026-08-27,7282,豊田合,プレミア市場,輸送用機器,,False,,5377.0,0.0,False,0.0
2026-08-27,7283,愛三工,プレミア市場,輸送用機器,,False,,2279.0,0.0,False,0.0
2026-08-27,7322,,プレミア市場,銀行業,,False,,2098.0,0.0,False,0.0
2026-08-27,7362,Ｔ．Ｓ．Ｉ,メイン市場,サービス業,,False,,876.0,0.0,False,0.0
2026-08-27,7369,メイホーＨＤ,ネクスト市場,サービス業,,False,,353.0,0.0,False,0.0
2026-08-27,7380,十六ＦＧ,プレミア市場,銀行業,,False,,2578.0,0.0,False,0.0
2026-08-27,7389,あいちＦＧ,プレミア市場,銀行業,,False,,1905.0,0.0,False,0.0
2026-08-27,7412,アトム,メイン市場,小売業,,False,,372.0,0.0,False,0.0
2026-08-27,7485,岡谷鋼機,プレミア市場,卸売業,,False,5060.0,,7.7,True,38962000.0
2026-08-27,7488,ヤガミ,メイン市場,卸売業,,False,5150.0,,0.4,True,2060000.0
2026-08-27,7514,ヒマラヤ,プレミア市場,小売業,,False,,881.0,0.0,False,0.0
2026-08-27,7593,ＶＴＨＤ,プレミア市場,小売業,,False,,530.0,0.0,False,0.0
2026-08-27,7607,進和,プレミア市場,卸売業,,False,,3140.0,0.0,False,0.0
2026-08-27,7630,壱番屋,プレミア市場,小売業,,False,,945.0,0.0,False,0.0
2026-08-27,7649,スギＨＤ,プレミア市場,小売業,,False,,2678.0,0.0,False,0.0
2026-08-27,7675,セントラルフォレスト,メイン市場,卸売業,,False,,2760.0,0.0,False,0.0
2026-08-27,7682,浜木綿,メイン市場,小売業,,False,,3910.0,0.0,False,0.0
2026-08-27,7723,愛知時,プレミア市場,精密機器,,False,,2880.0,0.0,False,0.0
2026-08-27,7747,アサヒインテック,プレミア市場,精密機器,,False,,3862.0,0.0,False,0.0
2026-08-27,7751,キヤノン,プレミア市場,電気機器,,False,,4689.0,0.0,False,0.0
2026-08-27,7780,メニコン,プレミア市場,精密機器,,False,,1871.0,0.0,False,0.0
2026-08-27,7790,バルコス,ネクスト市場,その他製品,,False,1071.0,,0.2,True,214200.00000000003
2026-08-27,7805,プリントネット,メイン市場,その他製品,,False,,731.0,0.0,False,0.0
2026-08-27,7870,福島印,メイン市場,その他製品,,False,365.0,,9.5,True,3467500.0
2026-08-27,7871,フクビ化工,メイン市場,化 学,,False,,1015.0,0.0,False,0.0
2026-08-27,7875,竹田ｉＰ,メイン市場,その他製品,,False,,812.0,0.0,False,0.0
2026-08-27,7878,光・彩,メイン市場,その他製品,,False,,1466.0,0.0,False,0.0
2026-08-27,7896,セブン工,メイン市場,その他製品,,False,,510.0,0.0,False,0.0
2026-08-27,7928,旭化学,メイン市場,化 学,,False,,662.0,0.0,False,0.0
2026-08-27,7931,未来工業,プレミア市場,化 学,,False,,3690.0,0.0,False,0.0
2026-08-27,7943,ニチハ,プレミア市場,ガラス・土石製品,,False,,3120.0,0.0,False,0.0
2026-08-27,7946,光陽社,メイン市場,その他製品,,False,325.0,326.0,0.6,True,195000.0
2026-08-27,7950,デコラックス,メイン市場,化 学,,False,,9350.0,0.0,False,0.0
2026-08-27,7953,菊水化,メイン市場,その他製品,,False,,400.0,0.0,False,0.0
2026-08-27,7975,リヒトラブ,メイン市場,その他製品,,False,,1158.0,0.0,False,0.0
2026-08-27,8015,豊田通商,プレミア市場,卸売業,,False,,7550.0,0.0,False,0.0
2026-08-27,8031,三井物産,プレミア市場,卸売業,,False,,4927.0,0.0,False,0.0
2026-08-27,8071,東海エレ,メイン市場,卸売業,,False,,3010.0,0.0,False,0.0
2026-08-27,8076,カノークス,メイン市場,卸売業,,False,,2099.0,0.0,False,0.0
2026-08-27,8130,サンゲツ,プレミア市場,卸売業,,False,,3210.0,0.0,False,0.0
2026-08-27,8145,中部水,メイン市場,卸売業,,False,3255.0,,0.3,True,976500.0
2026-08-27,8160,木曽路,プレミア市場,小売業,,False,,2470.0,0.0,False,0.0
2026-08-27,8190,ヤマナカ,メイン市場,小売業,,False,519.0,,1.6,True,830400.0000000001
2026-08-27,8225,タカチホ,メイン市場,卸売業,,False,,3610.0,0.0,False,0.0
2026-08-27,8228,マルイチ産商,メイン市場,卸売業,,False,1109.0,,6.2,True,6875800.0
2026-08-27,8285,三谷産業,プレミア市場,卸売業,,False,,800.0,0.0,False,0.0
2026-08-27,8306,三菱ＵＦＪ,プレミア市場,銀行業,,False,,3608.0,0.0,False,0.0
2026-08-27,8309,三井住友トラストＧ,プレミア市場,銀行業,,False,,1761.0,0.0,False,0.0
2026-08-27,8316,三井住友,プレミア市場,銀行業,,False,,6794.0,0.0,False,0.0
2026-08-27,8361,大垣銀,プレミア市場,銀行業,,False,,8150.0,0.0,False,0.0
2026-08-27,8368,百五銀,プレミア市場,銀行業,,False,,2370.0,0.0,False,0.0
2026-08-27,8522,名古屋銀,プレミア市場,銀行業,,False,,7060.0,0.0,False,0.0
2026-08-27,8601,大和証Ｇ,プレミア市場,証券、商品先物取引業,,False,,1823.0,0.0,False,0.0
2026-08-27,8604,野村,プレミア市場,証券、商品先物取引業,,False,1619.5,1611.5,0.6,True,971700.0
2026-08-27,8609,岡三,プレミア市場,証券、商品先物取引業,,False,,1227.0,0.0,False,0.0
2026-08-27,8616,東海東京,プレミア市場,証券、商品先物取引業,,False,,896.0,0.0,False,0.0
2026-08-27,8725,ＭＳ＆ＡＤ,プレミア市場,保険業,,False,,5052.0,0.0,False,0.0
2026-08-27,8803,平和不,プレミア市場,不動産業,,False,,2409.0,0.0,False,0.0
2026-08-27,8891,ＡＭＧＨＤ,メイン市場,不動産業,,False,,2089.0,0.0,False,0.0
2026-08-27,8904,ＡＶＡＮＴＩＡ,プレミア市場,不動産業,,False,,863.0,0.0,False,0.0
2026-08-27,8920,東祥,プレミア市場,サービス業,,False,,726.0,0.0,False,0.0
2026-08-27,8995,誠建設,メイン市場,不動産業,,False,,1512.0,0.0,False,0.0
2026-08-27,9022,ＪＲ東海,プレミア市場,陸運業,,False,,3955.0,0.0,False,0.0
2026-08-27,9040,大宝運,メイン市場,陸運業,,False,4205.0,,0.4,True,1682000.0
2026-08-27,9048,名鉄,プレミア市場,陸運業,,False,,1893.0,0.0,False,0.0
2026-08-27,9073,京極運輸,メイン市場,陸運業,,False,,1245.0,0.0,False,0.0
2026-08-27,9076,セイノーＨＤ,プレミア市場,陸運業,,False,,2768.0,0.0,False,0.0
2026-08-27,9170,成友興業,メイン市場,サービス業,,False,1515.0,,4.9,True,7423500.000000001
2026-08-27,9221,フルハシＥＰＯ,メイン市場,サービス業,,False,,1151.0,0.0,False,0.0
2026-08-27,9223,ＡＳＮＯＶＡ,ネクスト市場,サービス業,,False,,447.0,0.0,False,0.0
2026-08-27,9249,日本エコシステム,メイン市場,サービス業,,False,,1660.0,0.0,False,0.0
2026-08-27,9306,東陽倉,プレミア市場,倉庫・運輸関連業,,False,,1998.0,0.0,False,0.0
2026-08-27,9310,トランスシティ,プレミア市場,倉庫・運輸関連業,,False,,1386.0,0.0,False,0.0
2026-08-27,9330,揚羽,ネクスト市場,サービス業,,False,,880.0,0.0,False,0.0
2026-08-27,9357,名港海,メイン市場,倉庫・運輸関連業,,False,2478.0,,4.7,True,11646600.0
2026-08-27,9359,伊勢湾海,メイン市場,倉庫・運輸関連業,,False,968.0,,4.0,True,3872000.0
2026-08-27,9368,キムラユニティー,プレミア市場,倉庫・運輸関連業,,False,,943.0,0.0,False,0.0
2026-08-27,9402,中日放送,プレミア市場,情報・通信業,,False,1235.0,,4.1,True,5063500.0
2026-08-27,9428,クロップス,プレミア市場,情報・通信業,,False,,1490.0,0.0,False,0.0
2026-08-27,9471,文渓堂,メイン市場,情報・通信業,,False,1140.0,,0.2,True,228000.0
2026-08-27,9476,中央経済社ＨＤ,メイン市場,情報・通信業,,False,,983.0,0.0,False,0.0
2026-08-27,9502,中部電力,プレミア市場,電気・ガス業,,False,,2896.5,0.0,False,0.0
2026-08-27,9531,東瓦斯,プレミア市場,電気・ガス業,,False,,6079.0,0.0,False,0.0
2026-08-27,9533,東邦瓦斯,プレミア市場,電気・ガス業,,False,,1214.0,0.0,False,0.0
2026-08-27,9643,中日興,メイン市場,サービス業,,False,11030.0,,0.1,True,1103000.0
2026-08-27,9664,御園座,メイン市場,サービス業,,False,1500.0,,2.1,True,3150000.0
2026-08-27,9793,ダイセキ,プレミア市場,サービス業,,False,,3885.0,0.0,False,0.0
2026-08-27,9900,サガミＨＤ,プレミア市場,小売業,,False,,1080.0,0.0,False,0.0
2026-08-27,9913,日邦産業,メイン市場,卸売業,,False,,3395.0,0.0,False,0.0
2026-08-27,9914,植松商会,メイン市場,卸売業,,False,755.0,754.0,0.3,True,226500.0
2026-08-27,9956,バローＨＤ,プレミア市場,小売業,,False,,3305.0,0.0,False,0.0
2026-08-27,9969,ショクブン,メイン市場,小売業,,False,,234.0,0.0,False,0.0
2026-08-27,9982,タキヒヨー,プレミア市場,卸売業,,False,,2602.0,0.0,False,0.0
2026-08-27,9987,スズケン,プレミア市場,卸売業,,False,,5049.0,0.0,False,0.0
2026-08-28,138A,光フードサービス,ネクスト市場,小売業,,False,,3110.0,0.0,False,0.0
2026-08-28,1438,岐阜造園,メイン市場,建設業,,False,,2298.0,0.0,False,0.0
2026-08-28,1444,ニッソウ,ネクスト市場,建設業,,False,,2663.0,0.0,False,0.0
2026-08-28,1738,ＮＩＴＴＯＨ,メイン市場,建設業,,False,575.0,,0.3,True,172500.0
2026-08-28,1766,東建コーポ,プレミア市場,建設業,,False,,13690.0,0.0,False,0.0
2026-08-28,1777,川崎設備,メイン市場,建設業,,False,2327.0,,4.5,True,10471500.0
2026-08-28,1780,ヤマウラ,プレミア市場,建設業,,False,,1495.0,0.0,False,0.0
2026-08-28,1801,大成建,プレミア市場,建設業,,False,,12690.0,0.0,False,0.0
2026-08-28,1803,清水建,プレミア市場,建設業,,False,,2381.0,0.0,False,0.0
2026-08-28,1811,銭高組,メイン市場,建設業,,False,,7910.0,0.0,False,0.0
2026-08-28,1812,鹿島,プレミア市場,建設業,,False,,4834.0,0.0,False,0.0
2026-08-28,1869,名工建,メイン市場,建設業,,False,1918.0,,0.7,True,1342600.0
2026-08-28,1870,矢作建,プレミア市場,建設業,,False,,2194.0,0.0,False,0.0
2026-08-28,1878,大東建,プレミア市場,不動産業,,False,,3353.0,0.0,False,0.0
2026-08-28,1892,徳倉建,メイン市場,建設業,,False,,7810.0,0.0,False,0.0
2026-08-28,1893,五洋建,プレミア市場,建設業,,False,,1452.0,0.0,False,0.0
2026-08-28,1928,積水ハウス,プレミア市場,建設業,,False,,3428.0,0.0,False,0.0
2026-08-28,1946,トーエネック,プレミア市場,建設業,,False,,2176.0,0.0,False,0.0
2026-08-28,2053,中部飼料,プレミア市場,食料品,,False,,2002.0,0.0,False,0.0
2026-08-28,212A,フィットイージー,プレミア市場,サービス業,,False,,2962.0,0.0,False,0.0
2026-08-28,2139,中広,プレミア市場,サービス業,,False,,529.0,0.0,False,0.0
2026-08-28,2169,ＣＤＳ,プレミア市場,サービス業,,False,,1724.0,0.0,False,0.0
2026-08-28,2185,シイエム・シイ,プレミア市場,サービス業,,False,,2003.0,0.0,False,0.0
2026-08-28,2207,ｍｅｉｔｏ,プレミア市場,食料品,,False,,3430.0,0.0,False,0.0
2026-08-28,2209,井村屋Ｇ,プレミア市場,食料品,,False,,2419.0,0.0,False,0.0
2026-08-28,2224,コモ,メイン市場,食料品,,False,,3700.0,0.0,False,0.0
2026-08-28,2327,ＮＳＳＯＬ,メイン市場,情報・通信業,,False,,3986.0,0.0,False,0.0
2026-08-28,2329,東北新社,メイン市場,情報・通信業,,False,,513.0,0.0,False,0.0
2026-08-28,2351,ＡＳＪ,メイン市場,情報・通信業,,False,,328.0,0.0,False,0.0
2026-08-28,2376,サイネックス,メイン市場,サービス業,,False,,791.0,0.0,False,0.0
2026-08-28,2424,ブラス,プレミア市場,サービス業,,False,,597.0,0.0,False,0.0
2026-08-28,2435,シダー,メイン市場,サービス業,,False,,211.0,0.0,False,0.0
2026-08-28,2467,ＶＬＣセキュリティ,ネクスト市場,サービス業,,False,182.0,,14.0,True,2548000.0
2026-08-28,246A,アスア,メイン市場,サービス業,,False,,926.0,0.0,False,0.0
2026-08-28,2479,ジェイテック,メイン市場,サービス業,,False,,246.0,0.0,False,0.0
2026-08-28,2480,シスロケ,メイン市場,情報・通信業,,False,,1725.0,0.0,False,0.0
2026-08-28,2485,ティア,プレミア市場,サービス業,,False,,451.0,0.0,False,0.0
2026-08-28,2551,マルサンアイ,メイン市場,食料品,,False,3595.0,,0.8,True,2876000.0
2026-08-28,259A,ケイ・ウノ,ネクスト市場,小売業,,False,1768.0,,1.1,True,1944800.0
2026-08-28,2722,ＩＫホールディングス,プレミア市場,小売業,,False,,358.0,0.0,False,0.0
2026-08-28,2734,サーラ,プレミア市場,小売業,,False,,1236.0,0.0,False,0.0
2026-08-28,2753,あみやき,プレミア市場,小売業,,False,,1405.0,0.0,False,0.0
2026-08-28,275A,ハンワホームズ,ネクスト市場,建設業,,False,360.0,,0.1,True,36000.0
2026-08-28,2778,パレモ・ＨＤ,メイン市場,小売業,,False,,116.0,0.0,False,0.0
2026-08-28,2780,コメ兵ＨＤ,メイン市場,小売業,,False,,5070.0,0.0,False,0.0
2026-08-28,2806,ユタカフーズ,メイン市場,食料品,,False,,1898.0,0.0,False,0.0
2026-08-28,2811,カゴメ,プレミア市場,食料品,,False,,2731.5,0.0,False,0.0
2026-08-28,2902,太陽化,メイン市場,食料品,,False,2720.0,,3.2,True,8704000.0
2026-08-28,2983,アールプランナー,メイン市場,不動産業,,False,,1633.0,0.0,False,0.0
2026-08-28,2986,ＬＡＨＤ,プレミア市場,不動産業,,False,,2846.0,0.0,False,0.0
2026-08-28,3028,アルペン,プレミア市場,小売業,,False,,2380.0,0.0,False,0.0
2026-08-28,3032,ゴルフ・ドゥ,ネクスト市場,小売業,,False,242.0,,12.3,True,2976600.0000000005
2026-08-28,3035,ケイティケイ,メイン市場,卸売業,,False,,768.0,0.0,False,0.0
2026-08-28,3066,ＪＢイレブン,メイン市場,小売業,,False,640.0,,9.3,True,5952000.0
2026-08-28,3086,Ｊフロント,プレミア市場,小売業,,False,,3047.0,0.0,False,0.0
2026-08-28,3091,ブロンコＢ,プレミア市場,小売業,,False,,2840.0,0.0,False,0.0
2026-08-28,3116,トヨタ紡織,プレミア市場,輸送用機器,,False,,2248.5,0.0,False,0.0
2026-08-28,3138,富士山マガジン,メイン市場,小売業,,False,,1124.0,0.0,False,0.0
2026-08-28,3184,ＩＣＤＡ,メイン市場,小売業,,False,,4200.0,0.0,False,0.0
2026-08-28,3186,ネクステージ,プレミア市場,小売業,,False,,3320.0,0.0,False,0.0
2026-08-28,3202,ダイトウボウ,プレミア市場,繊維製品,,False,,129.0,0.0,False,0.0
2026-08-28,3205,ダイドー,プレミア市場,繊維製品,,False,,754.0,0.0,False,0.0
2026-08-28,3221,ヨシックスＨＤ,プレミア市場,小売業,,False,,3350.0,0.0,False,0.0
2026-08-28,3232,三重交通ＧＨＤ,プレミア市場,不動産業,,False,,623.0,0.0,False,0.0
2026-08-28,3260,エスポア,,サービス業,監理,True,539.0,,9.9,True,5336100.0
2026-08-28,3320,クロスプラス,メイン市場,卸売業,,False,,1333.0,0.0,False,0.0
2026-08-28,3321,ミタチ,プレミア市場,卸売業,,False,,1689.0,0.0,False,0.0
2026-08-28,3346,ヒロタグループＨＤ,ネクスト市場,小売業,,False,82.0,,12.4,True,1016800.0
2026-08-28,3384,アークコア,ネクスト市場,卸売業,,False,785.0,,0.3,True,235500.0
2026-08-28,3419,アートグリーン,ネクスト市場,卸売業,,False,1986.0,,0.6,True,1191600.0
2026-08-28,3422,Ｊ－ＭＡＸ,メイン市場,金属製品,,False,,612.0,0.0,False,0.0
2026-08-28,3439,三ツ知,メイン市場,金属製品,,False,,673.0,0.0,False,0.0
2026-08-28,3441,山王,メイン市場,金属製品,,False,,2764.0,0.0,False,0.0
2026-08-28,3442,ＭＩＥコーポ,メイン市場,金属製品,,False,1866.0,,0.4,True,746400.0000000001
2026-08-28,3447,信和,プレミア市場,金属製品,,False,,1030.0,0.0,False,0.0
2026-08-28,3461,パルマ,メイン市場,不動産業,,False,,608.0,0.0,False,0.0
2026-08-28,3469,デュアルタップ,メイン市場,不動産業,,False,,895.0,0.0,False,0.0
2026-08-28,3494,マリオン,メイン市場,不動産業,,False,,441.0,0.0,False,0.0
2026-08-28,3504,丸八ホールディングス,メイン市場,繊維製品,,False,1388.0,,8.7,True,12075599.999999998
2026-08-28,3524,日東網,プレミア市場,繊維製品,,False,,1497.0,0.0,False,0.0
2026-08-28,3543,コメダ,プレミア市場,卸売業,,False,,2944.0,0.0,False,0.0
2026-08-28,3549,クスリのアオキＨＤ,メイン市場,小売業,,False,,4196.0,0.0,False,0.0
2026-08-28,3556,リネットジャパン,メイン市場,小売業,,False,,822.0,0.0,False,0.0
2026-08-28,3559,ピーバンドットコム,メイン市場,卸売業,,False,,454.0,0.0,False,0.0
2026-08-28,3571,ソトー,プレミア市場,繊維製品,,False,,728.0,0.0,False,0.0
2026-08-28,3577,東海染工,プレミア市場,繊維製品,,False,,936.0,0.0,False,0.0
2026-08-28,3670,協立情報通信,メイン市場,情報・通信業,,False,,1757.0,0.0,False,0.0
2026-08-28,3739,コムシード,ネクスト市場,情報・通信業,,False,122.0,,9.8,True,1195600.0000000002
2026-08-28,3771,システムリサーチ,プレミア市場,情報・通信業,,False,,1960.0,0.0,False,0.0
2026-08-28,3775,ガイアックス,ネクスト市場,情報・通信業,,False,445.0,,12.7,True,5651500.0
2026-08-28,377A,エージェントＩＧＨＤ,メイン市場,保険業,,False,1001.0,,4.3,True,4304300.0
2026-08-28,3808,オーケーウェブ,ネクスト市場,情報・通信業,,False,29.0,,10.4,True,301600.0
2026-08-28,3842,ネクストジェン,メイン市場,情報・通信業,,False,,1042.0,0.0,False,0.0
2026-08-28,391A,山忠,メイン市場,不動産業,,False,2460.0,,0.1,True,246000.0
2026-08-28,3922,ＰＲＴＩＭＥＳ,プレミア市場,情報・通信業,,False,,2178.0,0.0,False,0.0
2026-08-28,3947,ダイナパック,メイン市場,パルプ・紙,,False,,2464.0,0.0,False,0.0
2026-08-28,3958,笹徳印刷,メイン市場,パルプ・紙,,False,,552.0,0.0,False,0.0
2026-08-28,3974,ＳＣＡＴ,メイン市場,情報・通信業,,False,,666.0,0.0,False,0.0
2026-08-28,4062,イビデン,プレミア市場,電気機器,,False,,20175.0,0.0,False,0.0
2026-08-28,4063,信越化,プレミア市場,化 学,,False,,6001.0,0.0,False,0.0
2026-08-28,4072,電算システムＨＤ,プレミア市場,情報・通信業,,False,,3090.0,0.0,False,0.0
2026-08-28,4124,大阪油化工業,メイン市場,化 学,,False,,2938.0,0.0,False,0.0
2026-08-28,4125,三和油化工業,メイン市場,化 学,,False,,3680.0,0.0,False,0.0
2026-08-28,418A,ウリドキ,ネクスト市場,情報・通信業,,False,1319.0,,2.5,True,3297500.0
2026-08-28,4196,ネオマーケ,メイン市場,情報・通信業,,False,,2128.0,0.0,False,0.0
2026-08-28,4206,アイカ工,プレミア市場,化 学,,False,,4115.0,0.0,False,0.0
2026-08-28,4240,クラスターＴ,メイン市場,化 学,,False,,321.0,0.0,False,0.0
2026-08-28,4247,ポバール興業,メイン市場,化 学,,False,,1414.0,0.0,False,0.0
2026-08-28,4361,川口化,メイン市場,化 学,,False,,1583.0,0.0,False,0.0
2026-08-28,4430,東海ソフト,プレミア市場,情報・通信業,,False,,1745.0,0.0,False,0.0
2026-08-28,4439,東名,プレミア市場,情報・通信業,,False,,763.0,0.0,False,0.0
2026-08-28,4445,リビンＴ,メイン市場,情報・通信業,,False,,1880.0,0.0,False,0.0
2026-08-28,4463,日華化学,プレミア市場,化 学,,False,,2015.0,0.0,False,0.0
2026-08-28,4502,武田薬,プレミア市場,医薬品,,False,,5800.0,0.0,False,0.0
2026-08-28,4616,川上塗料,メイン市場,化 学,,False,,2198.0,0.0,False,0.0
2026-08-28,4658,日本空調,プレミア市場,サービス業,,False,,1579.0,0.0,False,0.0
2026-08-28,4667,アイサンテクノロ,メイン市場,情報・通信業,,False,,2661.0,0.0,False,0.0
2026-08-28,4681,リゾートトラ,プレミア市場,サービス業,,False,,1881.0,0.0,False,0.0
2026-08-28,4691,ワシントンホテル,メイン市場,サービス業,,False,,2431.0,0.0,False,0.0
2026-08-28,4707,キタック,メイン市場,サービス業,,False,,365.0,0.0,False,0.0
2026-08-28,4732,ＵＳＳ,プレミア市場,サービス業,,False,,1977.5,0.0,False,0.0
2026-08-28,4760,アルファ,メイン市場,サービス業,,False,,1619.0,0.0,False,0.0
2026-08-28,4920,日本色材,メイン市場,化 学,,False,,1114.0,0.0,False,0.0
2026-08-28,5020,ＥＮＥＯＳ,プレミア市場,石油・石炭製品,,False,,1324.0,0.0,False,0.0
2026-08-28,5075,アップコン,ネクスト市場,建設業,,False,1030.0,,0.7,True,721000.0
2026-08-28,5204,石塚硝,プレミア市場,ガラス・土石製品,,False,,3065.0,0.0,False,0.0
2026-08-28,523A,セイワＨＤ,ネクスト市場,金属製品,,False,,1796.0,0.0,False,0.0
2026-08-28,5241,日本オーエー研究所,メイン市場,情報・通信業,,False,780.0,,0.1,True,78000.0
2026-08-28,5271,トーヨーアサノ,メイン市場,ガラス・土石製品,,False,,2200.0,0.0,False,0.0
2026-08-28,5287,イトーヨーギョー,メイン市場,ガラス・土石製品,,False,,851.0,0.0,False,0.0
2026-08-28,5331,ノリタケ,プレミア市場,ガラス・土石製品,,False,,3660.0,0.0,False,0.0
2026-08-28,5332,ＴＯＴＯ,プレミア市場,ガラス・土石製品,,False,,6345.0,0.0,False,0.0
2026-08-28,5333,ＮＧＫ,プレミア市場,ガラス・土石製品,,False,,5285.0,0.0,False,0.0
2026-08-28,5334,日特殊陶,プレミア市場,ガラス・土石製品,,False,,8262.0,0.0,False,0.0
2026-08-28,5342,ジャニス工,メイン市場,ガラス・土石製品,,False,,389.0,0.0,False,0.0
2026-08-28,5343,ニッコー,メイン市場,ガラス・土石製品,,False,183.0,,23.8,True,4355400.000000001
2026-08-28,5344,ＭＡＲＵＷＡ,プレミア市場,ガラス・土石製品,,False,,53020.0,0.0,False,0.0
2026-08-28,5356,美濃窯業,メイン市場,ガラス・土石製品,,False,,1329.0,0.0,False,0.0
2026-08-28,5384,ＦＵＪＩＭＩ,プレミア市場,ガラス・土石製品,,False,,3510.0,0.0,False,0.0
2026-08-28,5386,鶴弥,メイン市場,ガラス・土石製品,,False,385.0,,0.7,True,269500.0
2026-08-28,5401,日本製鉄,プレミア市場,鉄 鋼,,False,,677.0,0.0,False,0.0
2026-08-28,5406,神戸鋼,プレミア市場,鉄 鋼,,False,,2027.5,0.0,False,0.0
2026-08-28,5461,中部鋼鈑,プレミア市場,鉄 鋼,,False,,2130.0,0.0,False,0.0
2026-08-28,546A,ＭＩＲＡＩＮＩ,プレミア市場,卸売業,,False,,2323.0,0.0,False,0.0
2026-08-28,5471,大同特鋼,プレミア市場,鉄 鋼,,False,,2240.0,0.0,False,0.0
2026-08-28,5482,愛知鋼,プレミア市場,鉄 鋼,,False,,3230.0,0.0,False,0.0
2026-08-28,550A,ソフトテックス,メイン市場,情報・通信業,,False,,2183.0,0.0,False,0.0
2026-08-28,5530,日本システムバンク,メイン市場,不動産業,,False,1089.0,,1.5,True,1633500.0
2026-08-28,5589,オートサーバー,メイン市場,情報・通信業,,False,,2941.0,0.0,False,0.0
2026-08-28,5607,中央可鍛,メイン市場,鉄 鋼,,False,610.0,,9.3,True,5673000.0
2026-08-28,5802,住友電工,プレミア市場,非鉄金属,,False,,2180.0,0.0,False,0.0
2026-08-28,5918,滝上工,メイン市場,金属製品,,False,,7900.0,0.0,False,0.0
2026-08-28,5938,ＬＩＸＩＬ,プレミア市場,金属製品,,False,,1758.5,0.0,False,0.0
2026-08-28,5947,リンナイ,プレミア市場,金属製品,,False,,3624.0,0.0,False,0.0
2026-08-28,5952,アマテイ,メイン市場,金属製品,,False,,192.0,0.0,False,0.0
2026-08-28,5979,カネソウ,メイン市場,金属製品,,False,,5300.0,0.0,False,0.0
2026-08-28,5984,兼房,メイン市場,金属製品,,False,,774.0,0.0,False,0.0
2026-08-28,5992,中央発条,プレミア市場,金属製品,,False,,3720.0,0.0,False,0.0
2026-08-28,5994,ファインシンター,メイン市場,金属製品,,False,,1018.0,0.0,False,0.0
2026-08-28,6025,日本ＰＣサービス,ネクスト市場,サービス業,,False,662.0,,14.7,True,9731400.0
2026-08-28,6036,ＫｅｅＰｅｒ技研,プレミア市場,サービス業,,False,,3290.0,0.0,False,0.0
2026-08-28,6055,Ｊマテリアル,プレミア市場,サービス業,,False,,2143.0,0.0,False,0.0
2026-08-28,6074,ＪＳＳ,メイン市場,サービス業,,False,,516.0,0.0,False,0.0
2026-08-28,6103,オークマ,プレミア市場,機 械,,False,,4805.0,0.0,False,0.0
2026-08-28,6111,旭精機,メイン市場,機 械,,False,2000.0,,0.8,True,1600000.0
2026-08-28,6134,ＦＵＪＩ,プレミア市場,機 械,,False,,7044.0,0.0,False,0.0
2026-08-28,6136,ＯＳＧ,プレミア市場,機 械,,False,,3706.0,0.0,False,0.0
2026-08-28,6142,富士精工,メイン市場,機 械,,False,1750.0,,1.9,True,3325000.0
2026-08-28,6203,豊和工,プレミア市場,機 械,,False,,1559.0,0.0,False,0.0
2026-08-28,6225,エコム,メイン市場,機 械,,False,2060.0,,0.2,True,412000.0
2026-08-28,6267,ゼネパッカー,メイン市場,機 械,,False,,4035.0,0.0,False,0.0
2026-08-28,6325,タカキタ,プレミア市場,機 械,,False,,421.0,0.0,False,0.0
2026-08-28,6339,新東工,プレミア市場,機 械,,False,,1205.0,0.0,False,0.0
2026-08-28,6340,渋谷工,プレミア市場,機 械,,False,,5300.0,0.0,False,0.0
2026-08-28,6342,太平製,メイン市場,機 械,,False,,2903.0,0.0,False,0.0
2026-08-28,6345,アイチ,プレミア市場,機 械,,False,,1454.0,0.0,False,0.0
2026-08-28,6346,キクカワ,メイン市場,機 械,,False,,5810.0,0.0,False,0.0
2026-08-28,6396,宇野沢鉄,メイン市場,機 械,,False,,4700.0,0.0,False,0.0
2026-08-28,6407,ＣＫＤ,プレミア市場,機 械,,False,,5480.0,0.0,False,0.0
2026-08-28,6430,ダイコク電,プレミア市場,機 械,,False,,2543.0,0.0,False,0.0
2026-08-28,6439,中日鋳工,メイン市場,機 械,,False,394.0,,1.4,True,551599.9999999999
2026-08-28,6448,ブラザー,プレミア市場,電気機器,,False,,4844.0,0.0,False,0.0
2026-08-28,6465,ホシザキ,プレミア市場,機 械,,False,,5662.0,0.0,False,0.0
2026-08-28,6470,大豊工業,プレミア市場,機 械,,False,,1133.0,0.0,False,0.0
2026-08-28,6473,ジェイテクト,プレミア市場,機 械,,False,,2035.0,0.0,False,0.0
2026-08-28,6501,日立,プレミア市場,電気機器,,False,,5550.0,0.0,False,0.0
2026-08-28,6504,富士電機,プレミア市場,電気機器,,False,,13815.0,0.0,False,0.0
2026-08-28,6508,明電舎,プレミア市場,電気機器,,False,,11720.0,0.0,False,0.0
2026-08-28,6547,グリーンズ,プレミア市場,サービス業,,False,,2182.0,0.0,False,0.0
2026-08-28,6564,ミダックＨＤ,プレミア市場,サービス業,,False,,2059.0,0.0,False,0.0
2026-08-28,6565,ＡＢホテル,メイン市場,サービス業,,False,1305.0,,4.7,True,6133500.0
2026-08-28,6586,マキタ,プレミア市場,機 械,,False,,5329.0,0.0,False,0.0
2026-08-28,6615,ＵＭＣエレ,メイン市場,電気機器,,False,,237.0,0.0,False,0.0
2026-08-28,6623,愛知電,プレミア市場,電気機器,,False,9020.0,,4.2,True,37884000.0
2026-08-28,6651,日東工,プレミア市場,電気機器,,False,,4405.0,0.0,False,0.0
2026-08-28,6655,洋電機,メイン市場,電気機器,,False,780.0,,0.4,True,312000.0
2026-08-28,6676,ＢＵＦＦＡＬＯ,プレミア市場,電気機器,,False,,3085.0,0.0,False,0.0
2026-08-28,6702,富士通,プレミア市場,電気機器,,False,,3904.0,0.0,False,0.0
2026-08-28,6718,アイホン,プレミア市場,電気機器,,False,,2877.0,0.0,False,0.0
2026-08-28,6797,名古屋電,メイン市場,電気機器,,False,,1202.0,0.0,False,0.0
2026-08-28,6846,中央製,メイン市場,電気機器,,False,,1382.0,0.0,False,0.0
2026-08-28,6902,デンソー,プレミア市場,輸送用機器,,False,,1915.5,0.0,False,0.0
2026-08-28,6995,東海理電,プレミア市場,輸送用機器,,False,,3120.0,0.0,False,0.0
2026-08-28,6999,ＫＯＡ,プレミア市場,電気機器,,False,,2359.0,0.0,False,0.0
2026-08-28,7011,三菱重,プレミア市場,機 械,,False,,4025.0,0.0,False,0.0
2026-08-28,7012,川崎重,プレミア市場,輸送用機器,,False,,2623.0,0.0,False,0.0
2026-08-28,7059,コプロＨＤ,プレミア市場,サービス業,,False,,929.0,0.0,False,0.0
2026-08-28,7073,ジェイック,メイン市場,サービス業,,False,,2255.0,0.0,False,0.0
2026-08-28,7075,ＱＬＳＨＤ,ネクスト市場,サービス業,,False,,870.0,0.0,False,0.0
2026-08-28,7076,名南Ｍ＆Ａ,メイン市場,サービス業,,False,1067.0,,12.9,True,13764300.000000002
2026-08-28,7102,日車輌,プレミア市場,輸送用機器,,False,,3750.0,0.0,False,0.0
2026-08-28,7118,伸和ホールディングス,ネクスト市場,小売業,,False,4160.0,,0.2,True,832000.0
2026-08-28,7129,ミアヘルサＨＤ,メイン市場,小売業,,False,,1176.0,0.0,False,0.0
2026-08-28,7135,ジャパンクラフトＨＤ,プレミア市場,小売業,,False,,182.0,0.0,False,0.0
2026-08-28,7203,トヨタ自,プレミア市場,輸送用機器,,False,,3116.0,0.0,False,0.0
2026-08-28,7213,レシップＨＤ,プレミア市場,輸送用機器,,False,,673.0,0.0,False,0.0
2026-08-28,7220,武蔵精密,プレミア市場,輸送用機器,,False,,3140.0,0.0,False,0.0
2026-08-28,7227,アスカ,メイン市場,輸送用機器,,False,1850.0,,3.5,True,6475000.0
2026-08-28,7231,トピー工,プレミア市場,輸送用機器,,False,,3080.0,0.0,False,0.0
2026-08-28,7241,フタバ産,プレミア市場,輸送用機器,,False,,1115.0,0.0,False,0.0
2026-08-28,7245,大同メタル,プレミア市場,輸送用機器,,False,,1225.0,0.0,False,0.0
2026-08-28,7259,アイシン,プレミア市場,輸送用機器,,False,,2233.0,0.0,False,0.0
2026-08-28,7266,今仙電機,プレミア市場,輸送用機器,,False,,1019.0,0.0,False,0.0
2026-08-28,7282,豊田合,プレミア市場,輸送用機器,,False,,5407.0,0.0,False,0.0
2026-08-28,7283,愛三工,プレミア市場,輸送用機器,,False,,2273.0,0.0,False,0.0
2026-08-28,7322,,プレミア市場,銀行業,,False,,2152.0,0.0,False,0.0
2026-08-28,7362,Ｔ．Ｓ．Ｉ,メイン市場,サービス業,,False,,875.0,0.0,False,0.0
2026-08-28,7369,メイホーＨＤ,ネクスト市場,サービス業,,False,,358.0,0.0,False,0.0
2026-08-28,7380,十六ＦＧ,プレミア市場,銀行業,,False,,2617.0,0.0,False,0.0
2026-08-28,7389,あいちＦＧ,プレミア市場,銀行業,,False,,1958.0,0.0,False,0.0
2026-08-28,7412,アトム,メイン市場,小売業,,False,,382.0,0.0,False,0.0
2026-08-28,7485,岡谷鋼機,プレミア市場,卸売業,,False,4990.0,,26.3,True,131237000.0
2026-08-28,7488,ヤガミ,メイン市場,卸売業,,False,5050.0,,1.8,True,9090000.0
2026-08-28,7514,ヒマラヤ,プレミア市場,小売業,,False,,861.0,0.0,False,0.0
2026-08-28,7593,ＶＴＨＤ,プレミア市場,小売業,,False,,534.0,0.0,False,0.0
2026-08-28,7607,進和,プレミア市場,卸売業,,False,,3055.0,0.0,False,0.0
2026-08-28,7630,壱番屋,プレミア市場,小売業,,False,,941.0,0.0,False,0.0
2026-08-28,7649,スギＨＤ,プレミア市場,小売業,,False,,1321.0,0.0,False,0.0
2026-08-28,7675,セントラルフォレスト,メイン市場,卸売業,,False,2750.0,,0.5,True,1375000.0
2026-08-28,7682,浜木綿,メイン市場,小売業,,False,,3905.0,0.0,False,0.0
2026-08-28,7723,愛知時,プレミア市場,精密機器,,False,,2922.0,0.0,False,0.0
2026-08-28,7747,アサヒインテック,プレミア市場,精密機器,,False,,3810.0,0.0,False,0.0
2026-08-28,7751,キヤノン,プレミア市場,電気機器,,False,,4686.0,0.0,False,0.0
2026-08-28,7780,メニコン,プレミア市場,精密機器,,False,,1926.0,0.0,False,0.0
2026-08-28,7790,バルコス,ネクスト市場,その他製品,,False,1068.0,,0.8,True,854400.0000000001
2026-08-28,7805,プリントネット,メイン市場,その他製品,,False,,702.0,0.0,False,0.0
2026-08-28,7870,福島印,メイン市場,その他製品,,False,366.0,,5.2,True,1903200.0
2026-08-28,7871,フクビ化工,メイン市場,化 学,,False,,1031.0,0.0,False,0.0
2026-08-28,7875,竹田ｉＰ,メイン市場,その他製品,,False,,808.0,0.0,False,0.0
2026-08-28,7878,光・彩,メイン市場,その他製品,,False,,1445.0,0.0,False,0.0
2026-08-28,7896,セブン工,メイン市場,その他製品,,False,,504.0,0.0,False,0.0
2026-08-28,7928,旭化学,メイン市場,化 学,,False,,634.0,0.0,False,0.0
2026-08-28,7931,未来工業,プレミア市場,化 学,,False,,3700.0,0.0,False,0.0
2026-08-28,7943,ニチハ,プレミア市場,ガラス・土石製品,,False,,3085.0,0.0,False,0.0
2026-08-28,7946,光陽社,メイン市場,その他製品,,False,344.0,347.0,2.9,True,997600.0
2026-08-28,7950,デコラックス,メイン市場,化 学,,False,9480.0,,0.5,True,4740000.0
2026-08-28,7953,菊水化,メイン市場,その他製品,,False,,401.0,0.0,False,0.0
2026-08-28,7975,リヒトラブ,メイン市場,その他製品,,False,,1171.0,0.0,False,0.0
2026-08-28,8015,豊田通商,プレミア市場,卸売業,,False,,7598.0,0.0,False,0.0
2026-08-28,8031,三井物産,プレミア市場,卸売業,,False,,4979.0,0.0,False,0.0
2026-08-28,8071,東海エレ,メイン市場,卸売業,,False,3010.0,,0.1,True,301000.0
2026-08-28,8076,カノークス,メイン市場,卸売業,,False,,2090.0,0.0,False,0.0
2026-08-28,8130,サンゲツ,プレミア市場,卸売業,,False,,3230.0,0.0,False,0.0
2026-08-28,8145,中部水,メイン市場,卸売業,,False,3255.0,,0.2,True,651000.0
2026-08-28,8160,木曽路,プレミア市場,小売業,,False,,2485.0,0.0,False,0.0
2026-08-28,8190,ヤマナカ,メイン市場,小売業,,False,519.0,,1.7,True,882300.0
2026-08-28,8225,タカチホ,メイン市場,卸売業,,False,,3590.0,0.0,False,0.0
2026-08-28,8228,マルイチ産商,メイン市場,卸売業,,False,1109.0,,3.7,True,4103300.0
2026-08-28,8285,三谷産業,プレミア市場,卸売業,,False,,793.0,0.0,False,0.0
2026-08-28,8306,三菱ＵＦＪ,プレミア市場,銀行業,,False,,3658.0,0.0,False,0.0
2026-08-28,8309,三井住友トラストＧ,プレミア市場,銀行業,,False,,1789.5,0.0,False,0.0
2026-08-28,8316,三井住友,プレミア市場,銀行業,,False,,6902.0,0.0,False,0.0
2026-08-28,8361,大垣銀,プレミア市場,銀行業,,False,,8210.0,0.0,False,0.0
2026-08-28,8368,百五銀,プレミア市場,銀行業,,False,,2443.0,0.0,False,0.0
2026-08-28,8522,名古屋銀,プレミア市場,銀行業,,False,,7180.0,0.0,False,0.0
2026-08-28,8601,大和証Ｇ,プレミア市場,証券、商品先物取引業,,False,,1863.0,0.0,False,0.0
2026-08-28,8604,野村,プレミア市場,証券、商品先物取引業,,False,1600.0,1642.0,0.1,True,160000.0
2026-08-28,8609,岡三,プレミア市場,証券、商品先物取引業,,False,,1254.0,0.0,False,0.0
2026-08-28,8616,東海東京,プレミア市場,証券、商品先物取引業,,False,,920.0,0.0,False,0.0
2026-08-28,8725,ＭＳ＆ＡＤ,プレミア市場,保険業,,False,,5114.0,0.0,False,0.0
2026-08-28,8803,平和不,プレミア市場,不動産業,,False,,2387.0,0.0,False,0.0
2026-08-28,8891,ＡＭＧＨＤ,メイン市場,不動産業,,False,,2109.0,0.0,False,0.0
2026-08-28,8904,ＡＶＡＮＴＩＡ,プレミア市場,不動産業,,False,834.0,833.0,0.1,True,83400.0
2026-08-28,8920,東祥,プレミア市場,サービス業,,False,,727.0,0.0,False,0.0
2026-08-28,8995,誠建設,メイン市場,不動産業,,False,,1508.0,0.0,False,0.0
2026-08-28,9022,ＪＲ東海,プレミア市場,陸運業,,False,,3935.0,0.0,False,0.0
2026-08-28,9040,大宝運,メイン市場,陸運業,,False,4260.0,,1.0,True,4260000.0
2026-08-28,9048,名鉄,プレミア市場,陸運業,,False,,1884.0,0.0,False,0.0
2026-08-28,9073,京極運輸,メイン市場,陸運業,,False,,1237.0,0.0,False,0.0
2026-08-28,9076,セイノーＨＤ,プレミア市場,陸運業,,False,,2771.0,0.0,False,0.0
2026-08-28,9170,成友興業,メイン市場,サービス業,,False,1510.0,,0.8,True,1208000.0
2026-08-28,9221,フルハシＥＰＯ,メイン市場,サービス業,,False,,1176.0,0.0,False,0.0
2026-08-28,9223,ＡＳＮＯＶＡ,ネクスト市場,サービス業,,False,,455.0,0.0,False,0.0
2026-08-28,9249,日本エコシステム,メイン市場,サービス業,,False,,1664.0,0.0,False,0.0
2026-08-28,9306,東陽倉,プレミア市場,倉庫・運輸関連業,,False,,2006.0,0.0,False,0.0
2026-08-28,9310,トランスシティ,プレミア市場,倉庫・運輸関連業,,False,,1422.0,0.0,False,0.0
2026-08-28,9330,揚羽,ネクスト市場,サービス業,,False,,883.0,0.0,False,0.0
2026-08-28,9357,名港海,メイン市場,倉庫・運輸関連業,,False,2570.0,,8.0,True,20560000.0
2026-08-28,9359,伊勢湾海,メイン市場,倉庫・運輸関連業,,False,960.0,,22.6,True,21696000.0
2026-08-28,9368,キムラユニティー,プレミア市場,倉庫・運輸関連業,,False,,938.0,0.0,False,0.0
2026-08-28,9402,中日放送,プレミア市場,情報・通信業,,False,1246.0,,17.8,True,22178800.0
2026-08-28,9428,クロップス,プレミア市場,情報・通信業,,False,,1484.0,0.0,False,0.0
2026-08-28,9471,文渓堂,メイン市場,情報・通信業,,False,1138.0,,0.3,True,341400.0
2026-08-28,9476,中央経済社ＨＤ,メイン市場,情報・通信業,,False,,989.0,0.0,False,0.0
2026-08-28,9502,中部電力,プレミア市場,電気・ガス業,,False,,2841.0,0.0,False,0.0
2026-08-28,9531,東瓦斯,プレミア市場,電気・ガス業,,False,,6136.0,0.0,False,0.0
2026-08-28,9533,東邦瓦斯,プレミア市場,電気・ガス業,,False,,1224.0,0.0,False,0.0
2026-08-28,9643,中日興,メイン市場,サービス業,,False,11040.0,,0.2,True,2208000.0
2026-08-28,9664,御園座,メイン市場,サービス業,,False,1502.0,,0.9,True,1351800.0
2026-08-28,9793,ダイセキ,プレミア市場,サービス業,,False,,3805.0,0.0,False,0.0
2026-08-28,9900,サガミＨＤ,プレミア市場,小売業,,False,,1135.0,0.0,False,0.0
2026-08-28,9913,日邦産業,メイン市場,卸売業,,False,,3470.0,0.0,False,0.0
2026-08-28,9914,植松商会,メイン市場,卸売業,,False,748.0,749.0,0.1,True,74800.0
2026-08-28,9956,バローＨＤ,プレミア市場,小売業,,False,,3295.0,0.0,False,0.0
2026-08-28,9969,ショクブン,メイン市場,小売業,,False,,235.0,0.0,False,0.0
2026-08-28,9982,タキヒヨー,プレミア市場,卸売業,,False,,2569.0,0.0,False,0.0
2026-08-28,9987,スズケン,プレミア市場,卸売業,,False,,5172.0,0.0,False,0.0
2026-08-31,138A,光フードサービス,ネクスト市場,小売業,,False,,3110.0,0.0,False,0.0
2026-08-31,1438,岐阜造園,メイン市場,建設業,,False,,2299.0,0.0,False,0.0
2026-08-31,1444,ニッソウ,ネクスト市場,建設業,,False,,2695.0,0.0,False,0.0
2026-08-31,1738,ＮＩＴＴＯＨ,メイン市場,建設業,,False,578.0,,1.6,True,924800.0
2026-08-31,1766,東建コーポ,プレミア市場,建設業,,False,,13800.0,0.0,False,0.0
2026-08-31,1777,川崎設備,メイン市場,建設業,,False,2340.0,,3.0,True,7020000.0
2026-08-31,1780,ヤマウラ,プレミア市場,建設業,,False,,1493.0,0.0,False,0.0
2026-08-31,1801,大成建,プレミア市場,建設業,,False,,12570.0,0.0,False,0.0
2026-08-31,1803,清水建,プレミア市場,建設業,,False,,2388.0,0.0,False,0.0
2026-08-31,1811,銭高組,メイン市場,建設業,,False,,7910.0,0.0,False,0.0
2026-08-31,1812,鹿島,プレミア市場,建設業,,False,,4838.0,0.0,False,0.0
2026-08-31,1869,名工建,メイン市場,建設業,,False,1901.0,,9.8,True,18629800.000000004
2026-08-31,1870,矢作建,プレミア市場,建設業,,False,,2226.0,0.0,False,0.0
2026-08-31,1878,大東建,プレミア市場,不動産業,,False,,3330.0,0.0,False,0.0
2026-08-31,1892,徳倉建,メイン市場,建設業,,False,7810.0,,0.1,True,781000.0
2026-08-31,1893,五洋建,プレミア市場,建設業,,False,,1455.5,0.0,False,0.0
2026-08-31,1928,積水ハウス,プレミア市場,建設業,,False,,3446.0,0.0,False,0.0
2026-08-31,1946,トーエネック,プレミア市場,建設業,,False,,2190.0,0.0,False,0.0
2026-08-31,2053,中部飼料,プレミア市場,食料品,,False,,2014.0,0.0,False,0.0
2026-08-31,212A,フィットイージー,プレミア市場,サービス業,,False,,2990.0,0.0,False,0.0
2026-08-31,2139,中広,プレミア市場,サービス業,,False,,530.0,0.0,False,0.0
2026-08-31,2169,ＣＤＳ,プレミア市場,サービス業,,False,,1734.0,0.0,False,0.0
2026-08-31,2185,シイエム・シイ,プレミア市場,サービス業,,False,,2003.0,0.0,False,0.0
2026-08-31,2207,ｍｅｉｔｏ,プレミア市場,食料品,,False,,3475.0,0.0,False,0.0
2026-08-31,2209,井村屋Ｇ,プレミア市場,食料品,,False,,2418.0,0.0,False,0.0
2026-08-31,2224,コモ,メイン市場,食料品,,False,,3700.0,0.0,False,0.0
2026-08-31,2327,ＮＳＳＯＬ,メイン市場,情報・通信業,,False,,4037.0,0.0,False,0.0
2026-08-31,2329,東北新社,メイン市場,情報・通信業,,False,,515.0,0.0,False,0.0
2026-08-31,2351,ＡＳＪ,メイン市場,情報・通信業,,False,,340.0,0.0,False,0.0
2026-08-31,2376,サイネックス,メイン市場,サービス業,,False,,776.0,0.0,False,0.0
2026-08-31,2424,ブラス,プレミア市場,サービス業,,False,,598.0,0.0,False,0.0
2026-08-31,2435,シダー,メイン市場,サービス業,,False,,211.0,0.0,False,0.0
2026-08-31,2467,ＶＬＣセキュリティ,ネクスト市場,サービス業,,False,175.0,,37.5,True,6562500.0
2026-08-31,246A,アスア,メイン市場,サービス業,,False,,935.0,0.0,False,0.0
2026-08-31,2479,ジェイテック,メイン市場,サービス業,,False,,256.0,0.0,False,0.0
2026-08-31,2480,シスロケ,メイン市場,情報・通信業,,False,,1734.0,0.0,False,0.0
2026-08-31,2485,ティア,プレミア市場,サービス業,,False,,450.0,0.0,False,0.0
2026-08-31,2551,マルサンアイ,メイン市場,食料品,,False,3595.0,,0.9,True,3235500.0
2026-08-31,259A,ケイ・ウノ,ネクスト市場,小売業,,False,1785.0,,0.7,True,1249500.0
2026-08-31,2722,ＩＫホールディングス,プレミア市場,小売業,,False,,359.0,0.0,False,0.0
2026-08-31,2734,サーラ,プレミア市場,小売業,,False,,1227.0,0.0,False,0.0
2026-08-31,2753,あみやき,プレミア市場,小売業,,False,,1409.0,0.0,False,0.0
2026-08-31,275A,ハンワホームズ,ネクスト市場,建設業,,False,375.0,,1.3,True,487500.0
2026-08-31,2778,パレモ・ＨＤ,メイン市場,小売業,,False,,117.0,0.0,False,0.0
2026-08-31,2780,コメ兵ＨＤ,メイン市場,小売業,,False,,5280.0,0.0,False,0.0
2026-08-31,2806,ユタカフーズ,メイン市場,食料品,,False,,1895.0,0.0,False,0.0
2026-08-31,2811,カゴメ,プレミア市場,食料品,,False,,2744.0,0.0,False,0.0
2026-08-31,2902,太陽化,メイン市場,食料品,,False,2745.0,,2.9,True,7960500.0
2026-08-31,2983,アールプランナー,メイン市場,不動産業,,False,,1709.0,0.0,False,0.0
2026-08-31,2986,ＬＡＨＤ,プレミア市場,不動産業,,False,,2855.0,0.0,False,0.0
2026-08-31,3028,アルペン,プレミア市場,小売業,,False,,2387.0,0.0,False,0.0
2026-08-31,3032,ゴルフ・ドゥ,ネクスト市場,小売業,,False,242.0,,8.5,True,2057000.0
2026-08-31,3035,ケイティケイ,メイン市場,卸売業,,False,,776.0,0.0,False,0.0
2026-08-31,3066,ＪＢイレブン,メイン市場,小売業,,False,647.0,,9.2,True,5952400.0
2026-08-31,3086,Ｊフロント,プレミア市場,小売業,,False,,2952.5,0.0,False,0.0
2026-08-31,3091,ブロンコＢ,プレミア市場,小売業,,False,,2892.0,0.0,False,0.0
2026-08-31,3116,トヨタ紡織,プレミア市場,輸送用機器,,False,,2279.5,0.0,False,0.0
2026-08-31,3138,富士山マガジン,メイン市場,小売業,,False,,1138.0,0.0,False,0.0
2026-08-31,3184,ＩＣＤＡ,メイン市場,小売業,,False,,4180.0,0.0,False,0.0
2026-08-31,3186,ネクステージ,プレミア市場,小売業,,False,,3385.0,0.0,False,0.0
2026-08-31,3202,ダイトウボウ,プレミア市場,繊維製品,,False,,130.0,0.0,False,0.0
2026-08-31,3205,ダイドー,プレミア市場,繊維製品,,False,,759.0,0.0,False,0.0
2026-08-31,3221,ヨシックスＨＤ,プレミア市場,小売業,,False,,3300.0,0.0,False,0.0
2026-08-31,3232,三重交通ＧＨＤ,プレミア市場,不動産業,,False,,617.0,0.0,False,0.0
2026-08-31,3260,エスポア,,サービス業,監理,True,520.0,,12.4,True,6448000.0
2026-08-31,3320,クロスプラス,メイン市場,卸売業,,False,,1335.0,0.0,False,0.0
2026-08-31,3321,ミタチ,プレミア市場,卸売業,,False,,1727.0,0.0,False,0.0
2026-08-31,3346,ヒロタグループＨＤ,ネクスト市場,小売業,,False,82.0,,7.3,True,598600.0
2026-08-31,3384,アークコア,ネクスト市場,卸売業,,False,782.0,,1.0,True,782000.0
2026-08-31,3419,アートグリーン,ネクスト市場,卸売業,,False,1990.0,,0.1,True,199000.0
2026-08-31,3422,Ｊ－ＭＡＸ,メイン市場,金属製品,,False,,625.0,0.0,False,0.0
2026-08-31,3439,三ツ知,メイン市場,金属製品,,False,,679.0,0.0,False,0.0
2026-08-31,3441,山王,メイン市場,金属製品,,False,,2847.0,0.0,False,0.0
2026-08-31,3442,ＭＩＥコーポ,メイン市場,金属製品,,False,1900.0,,0.7,True,1330000.0
2026-08-31,3447,信和,プレミア市場,金属製品,,False,,1031.0,0.0,False,0.0
2026-08-31,3461,パルマ,メイン市場,不動産業,,False,,618.0,0.0,False,0.0
2026-08-31,3469,デュアルタップ,メイン市場,不動産業,,False,,893.0,0.0,False,0.0
2026-08-31,3494,マリオン,メイン市場,不動産業,,False,,441.0,0.0,False,0.0
2026-08-31,3504,丸八ホールディングス,メイン市場,繊維製品,,False,1384.0,,7.7,True,10656800.000000002
2026-08-31,3524,日東網,プレミア市場,繊維製品,,False,,1487.0,0.0,False,0.0
2026-08-31,3543,コメダ,プレミア市場,卸売業,,False,,2958.0,0.0,False,0.0
2026-08-31,3549,クスリのアオキＨＤ,メイン市場,小売業,,False,,4114.0,0.0,False,0.0
2026-08-31,3556,リネットジャパン,メイン市場,小売業,,False,,801.0,0.0,False,0.0
2026-08-31,3559,ピーバンドットコム,メイン市場,卸売業,,False,,475.0,0.0,False,0.0
2026-08-31,3571,ソトー,プレミア市場,繊維製品,,False,,734.0,0.0,False,0.0
2026-08-31,3577,東海染工,プレミア市場,繊維製品,,False,,953.0,0.0,False,0.0
2026-08-31,3670,協立情報通信,メイン市場,情報・通信業,,False,1757.0,,0.2,True,351400.00000000006
2026-08-31,3739,コムシード,ネクスト市場,情報・通信業,,False,122.0,,18.3,True,2232600.0
2026-08-31,3771,システムリサーチ,プレミア市場,情報・通信業,,False,,1965.0,0.0,False,0.0
2026-08-31,3775,ガイアックス,ネクスト市場,情報・通信業,,False,446.0,,3.2,True,1427200.0
2026-08-31,377A,エージェントＩＧＨＤ,メイン市場,保険業,,False,995.0,,2.1,True,2089500.0
2026-08-31,3808,オーケーウェブ,ネクスト市場,情報・通信業,,False,29.0,,5.2,True,150800.0
2026-08-31,3842,ネクストジェン,メイン市場,情報・通信業,,False,,1041.0,0.0,False,0.0
2026-08-31,391A,山忠,メイン市場,不動産業,,False,,2460.0,0.0,False,0.0
2026-08-31,3922,ＰＲＴＩＭＥＳ,プレミア市場,情報・通信業,,False,,2215.0,0.0,False,0.0
2026-08-31,3947,ダイナパック,メイン市場,パルプ・紙,,False,,2451.0,0.0,False,0.0
2026-08-31,3958,笹徳印刷,メイン市場,パルプ・紙,,False,,549.0,0.0,False,0.0
2026-08-31,3974,ＳＣＡＴ,メイン市場,情報・通信業,,False,,664.0,0.0,False,0.0
2026-08-31,4062,イビデン,プレミア市場,電気機器,,False,,20455.0,0.0,False,0.0
2026-08-31,4063,信越化,プレミア市場,化 学,,False,,6023.0,0.0,False,0.0
2026-08-31,4072,電算システムＨＤ,プレミア市場,情報・通信業,,False,,3125.0,0.0,False,0.0
2026-08-31,4124,大阪油化工業,メイン市場,化 学,,False,,2948.0,0.0,False,0.0
2026-08-31,4125,三和油化工業,メイン市場,化 学,,False,,3750.0,0.0,False,0.0
2026-08-31,418A,ウリドキ,ネクスト市場,情報・通信業,,False,1348.0,,6.5,True,8762000.0
2026-08-31,4196,ネオマーケ,メイン市場,情報・通信業,,False,,2165.0,0.0,False,0.0
2026-08-31,4206,アイカ工,プレミア市場,化 学,,False,,4151.0,0.0,False,0.0
2026-08-31,4240,クラスターＴ,メイン市場,化 学,,False,,323.0,0.0,False,0.0
2026-08-31,4247,ポバール興業,メイン市場,化 学,,False,1408.0,1439.0,0.1,True,140800.0
2026-08-31,4361,川口化,メイン市場,化 学,,False,,1600.0,0.0,False,0.0
2026-08-31,4430,東海ソフト,プレミア市場,情報・通信業,,False,,1804.0,0.0,False,0.0
2026-08-31,4439,東名,プレミア市場,情報・通信業,,False,,783.0,0.0,False,0.0
2026-08-31,4445,リビンＴ,メイン市場,情報・通信業,,False,,1890.0,0.0,False,0.0
2026-08-31,4463,日華化学,プレミア市場,化 学,,False,,2050.0,0.0,False,0.0
2026-08-31,4502,武田薬,プレミア市場,医薬品,,False,,5765.0,0.0,False,0.0
2026-08-31,4616,川上塗料,メイン市場,化 学,,False,,2198.0,0.0,False,0.0
2026-08-31,4658,日本空調,プレミア市場,サービス業,,False,,1580.0,0.0,False,0.0
2026-08-31,4667,アイサンテクノロ,メイン市場,情報・通信業,,False,,3165.0,0.0,False,0.0
2026-08-31,4681,リゾートトラ,プレミア市場,サービス業,,False,,1891.5,0.0,False,0.0
2026-08-31,4691,ワシントンホテル,メイン市場,サービス業,,False,,2324.0,0.0,False,0.0
2026-08-31,4707,キタック,メイン市場,サービス業,,False,,333.0,0.0,False,0.0
2026-08-31,4732,ＵＳＳ,プレミア市場,サービス業,,False,,1993.5,0.0,False,0.0
2026-08-31,4760,アルファ,メイン市場,サービス業,,False,,1595.0,0.0,False,0.0
2026-08-31,4920,日本色材,メイン市場,化 学,,False,,1135.0,0.0,False,0.0
2026-08-31,5020,ＥＮＥＯＳ,プレミア市場,石油・石炭製品,,False,,1339.0,0.0,False,0.0
2026-08-31,5075,アップコン,ネクスト市場,建設業,,False,1033.0,,0.5,True,516500.0
2026-08-31,5204,石塚硝,プレミア市場,ガラス・土石製品,,False,,3065.0,0.0,False,0.0
2026-08-31,523A,セイワＨＤ,ネクスト市場,金属製品,,False,,1844.0,0.0,False,0.0
2026-08-31,5241,日本オーエー研究所,メイン市場,情報・通信業,,False,778.0,,0.1,True,77800.00000000001
2026-08-31,5271,トーヨーアサノ,メイン市場,ガラス・土石製品,,False,,2250.0,0.0,False,0.0
2026-08-31,5287,イトーヨーギョー,メイン市場,ガラス・土石製品,,False,,869.0,0.0,False,0.0
2026-08-31,5331,ノリタケ,プレミア市場,ガラス・土石製品,,False,,3695.0,0.0,False,0.0
2026-08-31,5332,ＴＯＴＯ,プレミア市場,ガラス・土石製品,,False,6279.0,6405.0,0.1,True,627900.0000000001
2026-08-31,5333,ＮＧＫ,プレミア市場,ガラス・土石製品,,False,,5323.0,0.0,False,0.0
2026-08-31,5334,日特殊陶,プレミア市場,ガラス・土石製品,,False,,8349.0,0.0,False,0.0
2026-08-31,5342,ジャニス工,メイン市場,ガラス・土石製品,,False,,389.0,0.0,False,0.0
2026-08-31,5343,ニッコー,メイン市場,ガラス・土石製品,,False,183.0,,7.2,True,1317600.0000000002
2026-08-31,5344,ＭＡＲＵＷＡ,プレミア市場,ガラス・土石製品,,False,,53200.0,0.0,False,0.0
2026-08-31,5356,美濃窯業,メイン市場,ガラス・土石製品,,False,,1318.0,0.0,False,0.0
2026-08-31,5384,ＦＵＪＩＭＩ,プレミア市場,ガラス・土石製品,,False,,3560.0,0.0,False,0.0
2026-08-31,5386,鶴弥,メイン市場,ガラス・土石製品,,False,385.0,,1.0,True,385000.0
2026-08-31,5401,日本製鉄,プレミア市場,鉄 鋼,,False,,669.8,0.0,False,0.0
2026-08-31,5406,神戸鋼,プレミア市場,鉄 鋼,,False,,2020.0,0.0,False,0.0
2026-08-31,5461,中部鋼鈑,プレミア市場,鉄 鋼,,False,,2146.0,0.0,False,0.0
2026-08-31,546A,ＭＩＲＡＩＮＩ,プレミア市場,卸売業,,False,,2411.0,0.0,False,0.0
2026-08-31,5471,大同特鋼,プレミア市場,鉄 鋼,,False,,2287.0,0.0,False,0.0
2026-08-31,5482,愛知鋼,プレミア市場,鉄 鋼,,False,,3270.0,0.0,False,0.0
2026-08-31,550A,ソフトテックス,メイン市場,情報・通信業,,False,,2183.0,0.0,False,0.0
2026-08-31,5530,日本システムバンク,メイン市場,不動産業,,False,1097.0,,0.8,True,877600.0
2026-08-31,5589,オートサーバー,メイン市場,情報・通信業,,False,,2950.0,0.0,False,0.0
2026-08-31,5607,中央可鍛,メイン市場,鉄 鋼,,False,608.0,,6.9,True,4195200.0
2026-08-31,5802,住友電工,プレミア市場,非鉄金属,,False,,2221.0,0.0,False,0.0
2026-08-31,5918,滝上工,メイン市場,金属製品,,False,,8010.0,0.0,False,0.0
2026-08-31,5938,ＬＩＸＩＬ,プレミア市場,金属製品,,False,,1771.0,0.0,False,0.0
2026-08-31,5947,リンナイ,プレミア市場,金属製品,,False,,3628.0,0.0,False,0.0
2026-08-31,5952,アマテイ,メイン市場,金属製品,,False,,191.0,0.0,False,0.0
2026-08-31,5979,カネソウ,メイン市場,金属製品,,False,5290.0,,0.1,True,529000.0
2026-08-31,5984,兼房,メイン市場,金属製品,,False,,776.0,0.0,False,0.0
2026-08-31,5992,中央発条,プレミア市場,金属製品,,False,,3720.0,0.0,False,0.0
2026-08-31,5994,ファインシンター,メイン市場,金属製品,,False,,1025.0,0.0,False,0.0
2026-08-31,6025,日本ＰＣサービス,ネクスト市場,サービス業,,False,654.0,,3.6,True,2354400.0
2026-08-31,6036,ＫｅｅＰｅｒ技研,プレミア市場,サービス業,,False,,3370.0,0.0,False,0.0
2026-08-31,6055,Ｊマテリアル,プレミア市場,サービス業,,False,,2150.0,0.0,False,0.0
2026-08-31,6074,ＪＳＳ,メイン市場,サービス業,,False,,516.0,0.0,False,0.0
2026-08-31,6103,オークマ,プレミア市場,機 械,,False,,4800.0,0.0,False,0.0
2026-08-31,6111,旭精機,メイン市場,機 械,,False,2010.0,,1.4,True,2814000.0
2026-08-31,6134,ＦＵＪＩ,プレミア市場,機 械,,False,,7134.0,0.0,False,0.0
2026-08-31,6136,ＯＳＧ,プレミア市場,機 械,,False,,3713.0,0.0,False,0.0
2026-08-31,6142,富士精工,メイン市場,機 械,,False,1765.0,,0.5,True,882500.0
2026-08-31,6203,豊和工,プレミア市場,機 械,,False,,1555.0,0.0,False,0.0
2026-08-31,6225,エコム,メイン市場,機 械,,False,2100.0,,0.3,True,630000.0
2026-08-31,6267,ゼネパッカー,メイン市場,機 械,,False,,4035.0,0.0,False,0.0
2026-08-31,6325,タカキタ,プレミア市場,機 械,,False,,419.0,0.0,False,0.0
2026-08-31,6339,新東工,プレミア市場,機 械,,False,,1197.0,0.0,False,0.0
2026-08-31,6340,渋谷工,プレミア市場,機 械,,False,,5530.0,0.0,False,0.0
2026-08-31,6342,太平製,メイン市場,機 械,,False,,2975.0,0.0,False,0.0
2026-08-31,6345,アイチ,プレミア市場,機 械,,False,,1479.0,0.0,False,0.0
2026-08-31,6346,キクカワ,メイン市場,機 械,,False,,5720.0,0.0,False,0.0
2026-08-31,6396,宇野沢鉄,メイン市場,機 械,,False,,4810.0,0.0,False,0.0
2026-08-31,6407,ＣＫＤ,プレミア市場,機 械,,False,,5590.0,0.0,False,0.0
2026-08-31,6430,ダイコク電,プレミア市場,機 械,,False,,2570.0,0.0,False,0.0
2026-08-31,6439,中日鋳工,メイン市場,機 械,,False,409.0,,1.8,True,736200.0
2026-08-31,6448,ブラザー,プレミア市場,電気機器,,False,,4906.0,0.0,False,0.0
2026-08-31,6465,ホシザキ,プレミア市場,機 械,,False,,5697.0,0.0,False,0.0
2026-08-31,6470,大豊工業,プレミア市場,機 械,,False,,1135.0,0.0,False,0.0
2026-08-31,6473,ジェイテクト,プレミア市場,機 械,,False,,2150.5,0.0,False,0.0
2026-08-31,6501,日立,プレミア市場,電気機器,,False,,5438.0,0.0,False,0.0
2026-08-31,6504,富士電機,プレミア市場,電気機器,,False,,13850.0,0.0,False,0.0
2026-08-31,6508,明電舎,プレミア市場,電気機器,,False,,11870.0,0.0,False,0.0
2026-08-31,6547,グリーンズ,プレミア市場,サービス業,,False,,2130.0,0.0,False,0.0
2026-08-31,6564,ミダックＨＤ,プレミア市場,サービス業,,False,,2048.0,0.0,False,0.0
2026-08-31,6565,ＡＢホテル,メイン市場,サービス業,,False,1308.0,,2.2,True,2877600.0000000005
2026-08-31,6586,マキタ,プレミア市場,機 械,,False,,5299.0,0.0,False,0.0
2026-08-31,6615,ＵＭＣエレ,メイン市場,電気機器,,False,,238.0,0.0,False,0.0
2026-08-31,6623,愛知電,プレミア市場,電気機器,,False,8960.0,,2.5,True,22400000.0
2026-08-31,6651,日東工,プレミア市場,電気機器,,False,,4435.0,0.0,False,0.0
2026-08-31,6655,洋電機,メイン市場,電気機器,,False,783.0,,1.0,True,783000.0
2026-08-31,6676,ＢＵＦＦＡＬＯ,プレミア市場,電気機器,,False,,3155.0,0.0,False,0.0
2026-08-31,6702,富士通,プレミア市場,電気機器,,False,,3869.0,0.0,False,0.0
2026-08-31,6718,アイホン,プレミア市場,電気機器,,False,,2867.0,0.0,False,0.0
2026-08-31,6797,名古屋電,メイン市場,電気機器,,False,,1190.0,0.0,False,0.0
2026-08-31,6846,中央製,メイン市場,電気機器,,False,1444.0,,0.4,True,577600.0
2026-08-31,6902,デンソー,プレミア市場,輸送用機器,,False,,1935.0,0.0,False,0.0
2026-08-31,6995,東海理電,プレミア市場,輸送用機器,,False,,3180.0,0.0,False,0.0
2026-08-31,6999,ＫＯＡ,プレミア市場,電気機器,,False,,2355.0,0.0,False,0.0
2026-08-31,7011,三菱重,プレミア市場,機 械,,False,,3889.0,0.0,False,0.0
2026-08-31,7012,川崎重,プレミア市場,輸送用機器,,False,,2581.0,0.0,False,0.0
2026-08-31,7059,コプロＨＤ,プレミア市場,サービス業,,False,,934.0,0.0,False,0.0
2026-08-31,7073,ジェイック,メイン市場,サービス業,,False,,2349.0,0.0,False,0.0
2026-08-31,7075,ＱＬＳＨＤ,ネクスト市場,サービス業,,False,,887.0,0.0,False,0.0
2026-08-31,7076,名南Ｍ＆Ａ,メイン市場,サービス業,,False,1091.0,,17.1,True,18656100.000000004
2026-08-31,7102,日車輌,プレミア市場,輸送用機器,,False,,3695.0,0.0,False,0.0
2026-08-31,7118,伸和ホールディングス,ネクスト市場,小売業,,False,4370.0,,0.3,True,1311000.0
2026-08-31,7129,ミアヘルサＨＤ,メイン市場,小売業,,False,,1178.0,0.0,False,0.0
2026-08-31,7135,ジャパンクラフトＨＤ,プレミア市場,小売業,,False,,180.0,0.0,False,0.0
2026-08-31,7203,トヨタ自,プレミア市場,輸送用機器,,False,,3156.0,0.0,False,0.0
2026-08-31,7213,レシップＨＤ,プレミア市場,輸送用機器,,False,,684.0,0.0,False,0.0
2026-08-31,7220,武蔵精密,プレミア市場,輸送用機器,,False,,3235.0,0.0,False,0.0
2026-08-31,7227,アスカ,メイン市場,輸送用機器,,False,1850.0,,0.2,True,370000.0
2026-08-31,7231,トピー工,プレミア市場,輸送用機器,,False,,3100.0,0.0,False,0.0
2026-08-31,7241,フタバ産,プレミア市場,輸送用機器,,False,,1127.0,0.0,False,0.0
2026-08-31,7245,大同メタル,プレミア市場,輸送用機器,,False,,1227.0,0.0,False,0.0
2026-08-31,7259,アイシン,プレミア市場,輸送用機器,,False,,2251.0,0.0,False,0.0
2026-08-31,7266,今仙電機,プレミア市場,輸送用機器,,False,,1033.0,0.0,False,0.0
2026-08-31,7282,豊田合,プレミア市場,輸送用機器,,False,,5495.0,0.0,False,0.0
2026-08-31,7283,愛三工,プレミア市場,輸送用機器,,False,,2384.0,0.0,False,0.0
2026-08-31,7322,,プレミア市場,銀行業,,False,,2253.0,0.0,False,0.0
2026-08-31,7362,Ｔ．Ｓ．Ｉ,メイン市場,サービス業,,False,,884.0,0.0,False,0.0
2026-08-31,7369,メイホーＨＤ,ネクスト市場,サービス業,,False,,354.0,0.0,False,0.0
2026-08-31,7380,十六ＦＧ,プレミア市場,銀行業,,False,,2638.0,0.0,False,0.0
2026-08-31,7389,あいちＦＧ,プレミア市場,銀行業,,False,,1976.0,0.0,False,0.0
2026-08-31,7412,アトム,メイン市場,小売業,,False,,387.0,0.0,False,0.0
2026-08-31,7485,岡谷鋼機,プレミア市場,卸売業,,False,5100.0,,20.3,True,103530000.0
2026-08-31,7488,ヤガミ,メイン市場,卸売業,,False,5100.0,,1.6,True,8160000.0
2026-08-31,7514,ヒマラヤ,プレミア市場,小売業,,False,,851.0,0.0,False,0.0
2026-08-31,7593,ＶＴＨＤ,プレミア市場,小売業,,False,,538.0,0.0,False,0.0
2026-08-31,7607,進和,プレミア市場,卸売業,,False,,3100.0,0.0,False,0.0
2026-08-31,7630,壱番屋,プレミア市場,小売業,,False,1090.0,1091.0,0.1,True,109000.0
2026-08-31,7649,スギＨＤ,プレミア市場,小売業,,False,,1320.5,0.0,False,0.0
2026-08-31,7675,セントラルフォレスト,メイン市場,卸売業,,False,2740.0,,0.3,True,822000.0
2026-08-31,7682,浜木綿,メイン市場,小売業,,False,,3905.0,0.0,False,0.0
2026-08-31,7723,愛知時,プレミア市場,精密機器,,False,,2963.0,0.0,False,0.0
2026-08-31,7747,アサヒインテック,プレミア市場,精密機器,,False,,3770.0,0.0,False,0.0
2026-08-31,7751,キヤノン,プレミア市場,電気機器,,False,,4675.0,0.0,False,0.0
2026-08-31,7780,メニコン,プレミア市場,精密機器,,False,,1910.0,0.0,False,0.0
2026-08-31,7790,バルコス,ネクスト市場,その他製品,,False,1073.0,,0.2,True,214600.00000000003
2026-08-31,7805,プリントネット,メイン市場,その他製品,,False,,709.0,0.0,False,0.0
2026-08-31,7870,福島印,メイン市場,その他製品,,False,364.0,,4.8,True,1747200.0
2026-08-31,7871,フクビ化工,メイン市場,化 学,,False,,1048.0,0.0,False,0.0
2026-08-31,7875,竹田ｉＰ,メイン市場,その他製品,,False,,815.0,0.0,False,0.0
2026-08-31,7878,光・彩,メイン市場,その他製品,,False,,1449.0,0.0,False,0.0
2026-08-31,7896,セブン工,メイン市場,その他製品,,False,,504.0,0.0,False,0.0
2026-08-31,7928,旭化学,メイン市場,化 学,,False,,628.0,0.0,False,0.0
2026-08-31,7931,未来工業,プレミア市場,化 学,,False,,3715.0,0.0,False,0.0
2026-08-31,7943,ニチハ,プレミア市場,ガラス・土石製品,,False,,3080.0,0.0,False,0.0
2026-08-31,7946,光陽社,メイン市場,その他製品,,False,426.0,427.0,8.9,True,3791400.0
2026-08-31,7950,デコラックス,メイン市場,化 学,,False,,9480.0,0.0,False,0.0
2026-08-31,7953,菊水化,メイン市場,その他製品,,False,,400.0,0.0,False,0.0
2026-08-31,7975,リヒトラブ,メイン市場,その他製品,,False,,1180.0,0.0,False,0.0
2026-08-31,8015,豊田通商,プレミア市場,卸売業,,False,,7478.0,0.0,False,0.0
2026-08-31,8031,三井物産,プレミア市場,卸売業,,False,,5009.0,0.0,False,0.0
2026-08-31,8071,東海エレ,メイン市場,卸売業,,False,,3010.0,0.0,False,0.0
2026-08-31,8076,カノークス,メイン市場,卸売業,,False,,2111.0,0.0,False,0.0
2026-08-31,8130,サンゲツ,プレミア市場,卸売業,,False,,3220.0,0.0,False,0.0
2026-08-31,8145,中部水,メイン市場,卸売業,,False,3230.0,,0.1,True,323000.0
2026-08-31,8160,木曽路,プレミア市場,小売業,,False,,2475.0,0.0,False,0.0
2026-08-31,8190,ヤマナカ,メイン市場,小売業,,False,520.0,,1.8,True,936000.0
2026-08-31,8225,タカチホ,メイン市場,卸売業,,False,,3580.0,0.0,False,0.0
2026-08-31,8228,マルイチ産商,メイン市場,卸売業,,False,1110.0,,3.8,True,4218000.0
2026-08-31,8285,三谷産業,プレミア市場,卸売業,,False,,792.0,0.0,False,0.0
2026-08-31,8306,三菱ＵＦＪ,プレミア市場,銀行業,,False,3677.0,3680.0,0.5,True,1838500.0
2026-08-31,8309,三井住友トラストＧ,プレミア市場,銀行業,,False,,1777.0,0.0,False,0.0
2026-08-31,8316,三井住友,プレミア市場,銀行業,,False,,6975.0,0.0,False,0.0
2026-08-31,8361,大垣銀,プレミア市場,銀行業,,False,,8250.0,0.0,False,0.0
2026-08-31,8368,百五銀,プレミア市場,銀行業,,False,,2453.0,0.0,False,0.0
2026-08-31,8522,名古屋銀,プレミア市場,銀行業,,False,,7270.0,0.0,False,0.0
2026-08-31,8601,大和証Ｇ,プレミア市場,証券、商品先物取引業,,False,,1843.5,0.0,False,0.0
2026-08-31,8604,野村,プレミア市場,証券、商品先物取引業,,False,,1635.5,0.0,False,0.0
2026-08-31,8609,岡三,プレミア市場,証券、商品先物取引業,,False,,1235.0,0.0,False,0.0
2026-08-31,8616,東海東京,プレミア市場,証券、商品先物取引業,,False,,920.0,0.0,False,0.0
2026-08-31,8725,ＭＳ＆ＡＤ,プレミア市場,保険業,,False,,5107.0,0.0,False,0.0
2026-08-31,8803,平和不,プレミア市場,不動産業,,False,,2381.0,0.0,False,0.0
2026-08-31,8891,ＡＭＧＨＤ,メイン市場,不動産業,,False,,2122.0,0.0,False,0.0
2026-08-31,8904,ＡＶＡＮＴＩＡ,プレミア市場,不動産業,,False,,833.0,0.0,False,0.0
2026-08-31,8920,東祥,プレミア市場,サービス業,,False,,736.0,0.0,False,0.0
2026-08-31,8995,誠建設,メイン市場,不動産業,,False,,1489.0,0.0,False,0.0
2026-08-31,9022,ＪＲ東海,プレミア市場,陸運業,,False,,3976.0,0.0,False,0.0
2026-08-31,9040,大宝運,メイン市場,陸運業,,False,4260.0,,0.6,True,2556000.0
2026-08-31,9048,名鉄,プレミア市場,陸運業,,False,,1898.0,0.0,False,0.0
2026-08-31,9073,京極運輸,メイン市場,陸運業,,False,,1238.0,0.0,False,0.0
2026-08-31,9076,セイノーＨＤ,プレミア市場,陸運業,,False,,2779.0,0.0,False,0.0
2026-08-31,9170,成友興業,メイン市場,サービス業,,False,1493.0,,1.3,True,1940900.0
2026-08-31,9221,フルハシＥＰＯ,メイン市場,サービス業,,False,,1176.0,0.0,False,0.0
2026-08-31,9223,ＡＳＮＯＶＡ,ネクスト市場,サービス業,,False,,456.0,0.0,False,0.0
2026-08-31,9249,日本エコシステム,メイン市場,サービス業,,False,,1669.0,0.0,False,0.0
2026-08-31,9306,東陽倉,プレミア市場,倉庫・運輸関連業,,False,,2009.0,0.0,False,0.0
2026-08-31,9310,トランスシティ,プレミア市場,倉庫・運輸関連業,,False,,1436.0,0.0,False,0.0
2026-08-31,9330,揚羽,ネクスト市場,サービス業,,False,,878.0,0.0,False,0.0
2026-08-31,9357,名港海,メイン市場,倉庫・運輸関連業,,False,2550.0,,13.7,True,34935000.0
2026-08-31,9359,伊勢湾海,メイン市場,倉庫・運輸関連業,,False,956.0,,17.9,True,17112399.999999996
2026-08-31,9368,キムラユニティー,プレミア市場,倉庫・運輸関連業,,False,,954.0,0.0,False,0.0
2026-08-31,9402,中日放送,プレミア市場,情報・通信業,,False,1276.0,,33.5,True,42746000.0
2026-08-31,9428,クロップス,プレミア市場,情報・通信業,,False,,1468.0,0.0,False,0.0
2026-08-31,9471,文渓堂,メイン市場,情報・通信業,,False,1138.0,,0.1,True,113800.0
2026-08-31,9476,中央経済社ＨＤ,メイン市場,情報・通信業,,False,,992.0,0.0,False,0.0
2026-08-31,9502,中部電力,プレミア市場,電気・ガス業,,False,,2873.5,0.0,False,0.0
2026-08-31,9531,東瓦斯,プレミア市場,電気・ガス業,,False,,6186.0,0.0,False,0.0
2026-08-31,9533,東邦瓦斯,プレミア市場,電気・ガス業,,False,,1241.5,0.0,False,0.0
2026-08-31,9643,中日興,メイン市場,サービス業,,False,11070.0,,0.2,True,2214000.0
2026-08-31,9664,御園座,メイン市場,サービス業,,False,1500.0,,1.0,True,1500000.0
2026-08-31,9793,ダイセキ,プレミア市場,サービス業,,False,,3795.0,0.0,False,0.0
2026-08-31,9900,サガミＨＤ,プレミア市場,小売業,,False,,1136.0,0.0,False,0.0
2026-08-31,9913,日邦産業,メイン市場,卸売業,,False,,3630.0,0.0,False,0.0
2026-08-31,9914,植松商会,メイン市場,卸売業,,False,764.0,,0.4,True,305600.0
2026-08-31,9956,バローＨＤ,プレミア市場,小売業,,False,,3275.0,0.0,False,0.0
2026-08-31,9969,ショクブン,メイン市場,小売業,,False,,235.0,0.0,False,0.0
2026-08-31,9982,タキヒヨー,プレミア市場,卸売業,,False,,2500.0,0.0,False,0.0
2026-08-31,9987,スズケン,プレミア市場,卸売業,,False,,5148.0,0.0,False,0.0
2026-09-01,138A,光フードサービス,ネクスト市場,小売業,,False,,3130.0,0.0,False,0.0
2026-09-01,1438,岐阜造園,メイン市場,建設業,,False,,2349.0,0.0,False,0.0
2026-09-01,1444,ニッソウ,ネクスト市場,建設業,,False,,2667.0,0.0,False,0.0
2026-09-01,1738,ＮＩＴＴＯＨ,メイン市場,建設業,,False,589.0,,3.2,True,1884800.0
2026-09-01,1766,東建コーポ,プレミア市場,建設業,,False,,13880.0,0.0,False,0.0
2026-09-01,1777,川崎設備,メイン市場,建設業,,False,2347.0,,14.4,True,33796800.0
2026-09-01,1780,ヤマウラ,プレミア市場,建設業,,False,,1490.0,0.0,False,0.0
2026-09-01,1801,大成建,プレミア市場,建設業,,False,,12995.0,0.0,False,0.0
2026-09-01,1803,清水建,プレミア市場,建設業,,False,,2454.0,0.0,False,0.0
2026-09-01,1811,銭高組,メイン市場,建設業,,False,,7870.0,0.0,False,0.0
2026-09-01,1812,鹿島,プレミア市場,建設業,,False,,5016.0,0.0,False,0.0
2026-09-01,1869,名工建,メイン市場,建設業,,False,1916.0,,3.8,True,7280799.999999999
2026-09-01,1870,矢作建,プレミア市場,建設業,,False,,2248.0,0.0,False,0.0
2026-09-01,1878,大東建,プレミア市場,不動産業,,False,,3365.0,0.0,False,0.0
2026-09-01,1892,徳倉建,メイン市場,建設業,,False,,7810.0,0.0,False,0.0
2026-09-01,1893,五洋建,プレミア市場,建設業,,False,,1498.0,0.0,False,0.0
2026-09-01,1928,積水ハウス,プレミア市場,建設業,,False,,3470.0,0.0,False,0.0
2026-09-01,1946,トーエネック,プレミア市場,建設業,,False,,2315.0,0.0,False,0.0
2026-09-01,2053,中部飼料,プレミア市場,食料品,,False,,2052.0,0.0,False,0.0
2026-09-01,212A,フィットイージー,プレミア市場,サービス業,,False,,2961.0,0.0,False,0.0
2026-09-01,2139,中広,プレミア市場,サービス業,,False,,527.0,0.0,False,0.0
2026-09-01,2169,ＣＤＳ,プレミア市場,サービス業,,False,,1731.0,0.0,False,0.0
2026-09-01,2185,シイエム・シイ,プレミア市場,サービス業,,False,,2003.0,0.0,False,0.0
2026-09-01,2207,ｍｅｉｔｏ,プレミア市場,食料品,,False,,3480.0,0.0,False,0.0
2026-09-01,2209,井村屋Ｇ,プレミア市場,食料品,,False,,2418.0,0.0,False,0.0
2026-09-01,2224,コモ,メイン市場,食料品,,False,,3695.0,0.0,False,0.0
2026-09-01,2327,ＮＳＳＯＬ,メイン市場,情報・通信業,,False,,4078.0,0.0,False,0.0
2026-09-01,2329,東北新社,メイン市場,情報・通信業,,False,,505.0,0.0,False,0.0
2026-09-01,2351,ＡＳＪ,メイン市場,情報・通信業,,False,,338.0,0.0,False,0.0
2026-09-01,2376,サイネックス,メイン市場,サービス業,,False,,784.0,0.0,False,0.0
2026-09-01,2424,ブラス,プレミア市場,サービス業,,False,,599.0,0.0,False,0.0
2026-09-01,2435,シダー,メイン市場,サービス業,,False,,210.0,0.0,False,0.0
2026-09-01,2467,ＶＬＣセキュリティ,ネクスト市場,サービス業,,False,176.0,,6.8,True,1196800.0
2026-09-01,246A,アスア,メイン市場,サービス業,,False,,936.0,0.0,False,0.0
2026-09-01,2479,ジェイテック,メイン市場,サービス業,,False,,257.0,0.0,False,0.0
2026-09-01,2480,シスロケ,メイン市場,情報・通信業,,False,,1735.0,0.0,False,0.0
2026-09-01,2485,ティア,プレミア市場,サービス業,,False,,449.0,0.0,False,0.0
2026-09-01,2551,マルサンアイ,メイン市場,食料品,,False,3590.0,,1.4,True,5026000.0
2026-09-01,259A,ケイ・ウノ,ネクスト市場,小売業,,False,1797.0,,0.8,True,1437600.0000000002
2026-09-01,2722,ＩＫホールディングス,プレミア市場,小売業,,False,,359.0,0.0,False,0.0
2026-09-01,2734,サーラ,プレミア市場,小売業,,False,,1228.0,0.0,False,0.0
2026-09-01,2753,あみやき,プレミア市場,小売業,,False,,1409.0,0.0,False,0.0
2026-09-01,275A,ハンワホームズ,ネクスト市場,建設業,,False,375.0,,0.1,True,37500.0
2026-09-01,2778,パレモ・ＨＤ,メイン市場,小売業,,False,,117.0,0.0,False,0.0
2026-09-01,2780,コメ兵ＨＤ,メイン市場,小売業,,False,,5280.0,0.0,False,0.0
2026-09-01,2806,ユタカフーズ,メイン市場,食料品,,False,,1899.0,0.0,False,0.0
2026-09-01,2811,カゴメ,プレミア市場,食料品,,False,,2751.0,0.0,False,0.0
2026-09-01,2902,太陽化,メイン市場,食料品,,False,2725.0,,19.2,True,52320000.0
2026-09-01,2983,アールプランナー,メイン市場,不動産業,,False,,1691.0,0.0,False,0.0
2026-09-01,2986,ＬＡＨＤ,プレミア市場,不動産業,,False,,2842.0,0.0,False,0.0
2026-09-01,3028,アルペン,プレミア市場,小売業,,False,,2382.0,0.0,False,0.0
2026-09-01,3032,ゴルフ・ドゥ,ネクスト市場,小売業,,False,241.0,,7.1,True,1711100.0
2026-09-01,3035,ケイティケイ,メイン市場,卸売業,,False,,778.0,0.0,False,0.0
2026-09-01,3066,ＪＢイレブン,メイン市場,小売業,,False,649.0,,7.2,True,4672800.0
2026-09-01,3086,Ｊフロント,プレミア市場,小売業,,False,,2933.0,0.0,False,0.0
2026-09-01,3091,ブロンコＢ,プレミア市場,小売業,,False,,2925.0,0.0,False,0.0
2026-09-01,3116,トヨタ紡織,プレミア市場,輸送用機器,,False,,2348.0,0.0,False,0.0
2026-09-01,3138,富士山マガジン,メイン市場,小売業,,False,,1137.0,0.0,False,0.0
2026-09-01,3184,ＩＣＤＡ,メイン市場,小売業,,False,,4180.0,0.0,False,0.0
2026-09-01,3186,ネクステージ,プレミア市場,小売業,,False,,3350.0,0.0,False,0.0
2026-09-01,3202,ダイトウボウ,プレミア市場,繊維製品,,False,,129.0,0.0,False,0.0
2026-09-01,3205,ダイドー,プレミア市場,繊維製品,,False,,750.0,0.0,False,0.0
2026-09-01,3221,ヨシックスＨＤ,プレミア市場,小売業,,False,,3270.0,0.0,False,0.0
2026-09-01,3232,三重交通ＧＨＤ,プレミア市場,不動産業,,False,,617.0,0.0,False,0.0
2026-09-01,3260,エスポア,,サービス業,監理,True,527.0,,11.1,True,5849700.0
2026-09-01,3320,クロスプラス,メイン市場,卸売業,,False,,1322.0,0.0,False,0.0
2026-09-01,3321,ミタチ,プレミア市場,卸売業,,False,,1711.0,0.0,False,0.0
2026-09-01,3346,ヒロタグループＨＤ,ネクスト市場,小売業,,False,82.0,,20.1,True,1648200.0
2026-09-01,3384,アークコア,ネクスト市場,卸売業,,False,784.0,,1.1,True,862400.0000000001
2026-09-01,3419,アートグリーン,ネクスト市場,卸売業,,False,1989.0,,0.1,True,198900.0
2026-09-01,3422,Ｊ－ＭＡＸ,メイン市場,金属製品,,False,,637.0,0.0,False,0.0
2026-09-01,3439,三ツ知,メイン市場,金属製品,,False,,681.0,0.0,False,0.0
2026-09-01,3441,山王,メイン市場,金属製品,,False,,2820.0,0.0,False,0.0
2026-09-01,3442,ＭＩＥコーポ,メイン市場,金属製品,,False,1860.0,,0.1,True,186000.0
2026-09-01,3447,信和,プレミア市場,金属製品,,False,,1028.0,0.0,False,0.0
2026-09-01,3461,パルマ,メイン市場,不動産業,,False,,623.0,0.0,False,0.0
2026-09-01,3469,デュアルタップ,メイン市場,不動産業,,False,,895.0,0.0,False,0.0
2026-09-01,3494,マリオン,メイン市場,不動産業,,False,,442.0,0.0,False,0.0
2026-09-01,3504,丸八ホールディングス,メイン市場,繊維製品,,False,1393.0,,13.1,True,18248300.0
2026-09-01,3524,日東網,プレミア市場,繊維製品,,False,,1485.0,0.0,False,0.0
2026-09-01,3543,コメダ,プレミア市場,卸売業,,False,,2931.0,0.0,False,0.0
2026-09-01,3549,クスリのアオキＨＤ,メイン市場,小売業,,False,,4071.0,0.0,False,0.0
2026-09-01,3556,リネットジャパン,メイン市場,小売業,,False,,800.0,0.0,False,0.0
2026-09-01,3559,ピーバンドットコム,メイン市場,卸売業,,False,,467.0,0.0,False,0.0
2026-09-01,3571,ソトー,プレミア市場,繊維製品,,False,,736.0,0.0,False,0.0
2026-09-01,3577,東海染工,プレミア市場,繊維製品,,False,,939.0,0.0,False,0.0
2026-09-01,3670,協立情報通信,メイン市場,情報・通信業,,False,1741.0,1732.0,0.3,True,522300.0
2026-09-01,3739,コムシード,ネクスト市場,情報・通信業,,False,121.0,,3.2,True,387200.00000000006
2026-09-01,3771,システムリサーチ,プレミア市場,情報・通信業,,False,,1951.0,0.0,False,0.0
2026-09-01,3775,ガイアックス,ネクスト市場,情報・通信業,,False,445.0,,3.8,True,1691000.0
2026-09-01,377A,エージェントＩＧＨＤ,メイン市場,保険業,,False,1020.0,,0.9,True,918000.0
2026-09-01,3808,オーケーウェブ,ネクスト市場,情報・通信業,,False,29.0,,8.2,True,237800.0
2026-09-01,3842,ネクストジェン,メイン市場,情報・通信業,,False,,1042.0,0.0,False,0.0
2026-09-01,391A,山忠,メイン市場,不動産業,,False,2460.0,,0.2,True,492000.0
2026-09-01,3922,ＰＲＴＩＭＥＳ,プレミア市場,情報・通信業,,False,,2174.0,0.0,False,0.0
2026-09-01,3947,ダイナパック,メイン市場,パルプ・紙,,False,,2497.0,0.0,False,0.0
2026-09-01,3958,笹徳印刷,メイン市場,パルプ・紙,,False,,551.0,0.0,False,0.0
2026-09-01,3974,ＳＣＡＴ,メイン市場,情報・通信業,,False,,670.0,0.0,False,0.0
2026-09-01,4062,イビデン,プレミア市場,電気機器,,False,,20545.0,0.0,False,0.0
2026-09-01,4063,信越化,プレミア市場,化 学,,False,,5968.0,0.0,False,0.0
2026-09-01,4072,電算システムＨＤ,プレミア市場,情報・通信業,,False,,3115.0,0.0,False,0.0
2026-09-01,4124,大阪油化工業,メイン市場,化 学,,False,,2955.0,0.0,False,0.0
2026-09-01,4125,三和油化工業,メイン市場,化 学,,False,,3700.0,0.0,False,0.0
2026-09-01,418A,ウリドキ,ネクスト市場,情報・通信業,,False,1358.0,,9.4,True,12765200.0
2026-09-01,4196,ネオマーケ,メイン市場,情報・通信業,,False,,2164.0,0.0,False,0.0
2026-09-01,4206,アイカ工,プレミア市場,化 学,,False,,4198.0,0.0,False,0.0
2026-09-01,4240,クラスターＴ,メイン市場,化 学,,False,,320.0,0.0,False,0.0
2026-09-01,4247,ポバール興業,メイン市場,化 学,,False,,1403.0,0.0,False,0.0
2026-09-01,4361,川口化,メイン市場,化 学,,False,,1595.0,0.0,False,0.0
2026-09-01,4430,東海ソフト,プレミア市場,情報・通信業,,False,,1795.0,0.0,False,0.0
2026-09-01,4439,東名,プレミア市場,情報・通信業,,False,,800.0,0.0,False,0.0
2026-09-01,4445,リビンＴ,メイン市場,情報・通信業,,False,,1900.0,0.0,False,0.0
2026-09-01,4463,日華化学,プレミア市場,化 学,,False,,2069.0,0.0,False,0.0
2026-09-01,4502,武田薬,プレミア市場,医薬品,,False,,5845.0,0.0,False,0.0
2026-09-01,4616,川上塗料,メイン市場,化 学,,False,,2448.0,0.0,False,0.0
2026-09-01,4658,日本空調,プレミア市場,サービス業,,False,,1580.0,0.0,False,0.0
2026-09-01,4667,アイサンテクノロ,メイン市場,情報・通信業,,False,,2643.0,0.0,False,0.0
2026-09-01,4681,リゾートトラ,プレミア市場,サービス業,,False,,1890.0,0.0,False,0.0
2026-09-01,4691,ワシントンホテル,メイン市場,サービス業,,False,,2254.0,0.0,False,0.0
2026-09-01,4707,キタック,メイン市場,サービス業,,False,,336.0,0.0,False,0.0
2026-09-01,4732,ＵＳＳ,プレミア市場,サービス業,,False,,2019.0,0.0,False,0.0
2026-09-01,4760,アルファ,メイン市場,サービス業,,False,,1560.0,0.0,False,0.0
2026-09-01,4920,日本色材,メイン市場,化 学,,False,,1135.0,0.0,False,0.0
2026-09-01,5020,ＥＮＥＯＳ,プレミア市場,石油・石炭製品,,False,,1389.0,0.0,False,0.0
2026-09-01,5075,アップコン,ネクスト市場,建設業,,False,1035.0,,0.1,True,103500.0
2026-09-01,5204,石塚硝,プレミア市場,ガラス・土石製品,,False,,3080.0,0.0,False,0.0
2026-09-01,523A,セイワＨＤ,ネクスト市場,金属製品,,False,,1852.0,0.0,False,0.0
2026-09-01,5241,日本オーエー研究所,メイン市場,情報・通信業,,False,777.0,,0.1,True,77700.0
2026-09-01,5271,トーヨーアサノ,メイン市場,ガラス・土石製品,,False,,2300.0,0.0,False,0.0
2026-09-01,5287,イトーヨーギョー,メイン市場,ガラス・土石製品,,False,,883.0,0.0,False,0.0
2026-09-01,5331,ノリタケ,プレミア市場,ガラス・土石製品,,False,,3655.0,0.0,False,0.0
2026-09-01,5332,ＴＯＴＯ,プレミア市場,ガラス・土石製品,,False,,6240.0,0.0,False,0.0
2026-09-01,5333,ＮＧＫ,プレミア市場,ガラス・土石製品,,False,,5360.0,0.0,False,0.0
2026-09-01,5334,日特殊陶,プレミア市場,ガラス・土石製品,,False,,8353.0,0.0,False,0.0
2026-09-01,5342,ジャニス工,メイン市場,ガラス・土石製品,,False,397.0,,0.5,True,198500.0
2026-09-01,5343,ニッコー,メイン市場,ガラス・土石製品,,False,184.0,,4.4,True,809600.0
2026-09-01,5344,ＭＡＲＵＷＡ,プレミア市場,ガラス・土石製品,,False,,52270.0,0.0,False,0.0
2026-09-01,5356,美濃窯業,メイン市場,ガラス・土石製品,,False,,1318.0,0.0,False,0.0
2026-09-01,5384,ＦＵＪＩＭＩ,プレミア市場,ガラス・土石製品,,False,,3485.0,0.0,False,0.0
2026-09-01,5386,鶴弥,メイン市場,ガラス・土石製品,,False,385.0,,1.4,True,539000.0
2026-09-01,5401,日本製鉄,プレミア市場,鉄 鋼,,False,,700.3,0.0,False,0.0
2026-09-01,5406,神戸鋼,プレミア市場,鉄 鋼,,False,,2064.0,0.0,False,0.0
2026-09-01,5461,中部鋼鈑,プレミア市場,鉄 鋼,,False,,2229.0,0.0,False,0.0
2026-09-01,546A,ＭＩＲＡＩＮＩ,プレミア市場,卸売業,,False,,2512.0,0.0,False,0.0
2026-09-01,5471,大同特鋼,プレミア市場,鉄 鋼,,False,,2313.5,0.0,False,0.0
2026-09-01,5482,愛知鋼,プレミア市場,鉄 鋼,,False,,3365.0,0.0,False,0.0
2026-09-01,550A,ソフトテックス,メイン市場,情報・通信業,,False,,2171.0,0.0,False,0.0
2026-09-01,5530,日本システムバンク,メイン市場,不動産業,,False,1097.0,,0.8,True,877600.0
2026-09-01,5589,オートサーバー,メイン市場,情報・通信業,,False,,2946.0,0.0,False,0.0
2026-09-01,5607,中央可鍛,メイン市場,鉄 鋼,,False,609.0,,24.0,True,14616000.0
2026-09-01,5802,住友電工,プレミア市場,非鉄金属,,False,,2209.0,0.0,False,0.0
2026-09-01,5918,滝上工,メイン市場,金属製品,,False,,8000.0,0.0,False,0.0
2026-09-01,5938,ＬＩＸＩＬ,プレミア市場,金属製品,,False,,1794.0,0.0,False,0.0
2026-09-01,5947,リンナイ,プレミア市場,金属製品,,False,,3688.0,0.0,False,0.0
2026-09-01,5952,アマテイ,メイン市場,金属製品,,False,,191.0,0.0,False,0.0
2026-09-01,5979,カネソウ,メイン市場,金属製品,,False,,5290.0,0.0,False,0.0
2026-09-01,5984,兼房,メイン市場,金属製品,,False,,775.0,0.0,False,0.0
2026-09-01,5992,中央発条,プレミア市場,金属製品,,False,,3715.0,0.0,False,0.0
2026-09-01,5994,ファインシンター,メイン市場,金属製品,,False,,1032.0,0.0,False,0.0
2026-09-01,6025,日本ＰＣサービス,ネクスト市場,サービス業,,False,638.0,,16.9,True,10782199.999999998
2026-09-01,6036,ＫｅｅＰｅｒ技研,プレミア市場,サービス業,,False,,3365.0,0.0,False,0.0
2026-09-01,6055,Ｊマテリアル,プレミア市場,サービス業,,False,,2126.0,0.0,False,0.0
2026-09-01,6074,ＪＳＳ,メイン市場,サービス業,,False,,514.0,0.0,False,0.0
2026-09-01,6103,オークマ,プレミア市場,機 械,,False,,4770.0,0.0,False,0.0
2026-09-01,6111,旭精機,メイン市場,機 械,,False,1998.0,,4.0,True,7992000.0
2026-09-01,6134,ＦＵＪＩ,プレミア市場,機 械,,False,,7030.0,0.0,False,0.0
2026-09-01,6136,ＯＳＧ,プレミア市場,機 械,,False,,3700.0,0.0,False,0.0
2026-09-01,6142,富士精工,メイン市場,機 械,,False,1785.0,,0.6,True,1071000.0
2026-09-01,6203,豊和工,プレミア市場,機 械,,False,,1553.0,0.0,False,0.0
2026-09-01,6225,エコム,メイン市場,機 械,,False,,2100.0,0.0,False,0.0
2026-09-01,6267,ゼネパッカー,メイン市場,機 械,,False,,4030.0,0.0,False,0.0
2026-09-01,6325,タカキタ,プレミア市場,機 械,,False,,419.0,0.0,False,0.0
2026-09-01,6339,新東工,プレミア市場,機 械,,False,,1209.0,0.0,False,0.0
2026-09-01,6340,渋谷工,プレミア市場,機 械,,False,,5390.0,0.0,False,0.0
2026-09-01,6342,太平製,メイン市場,機 械,,False,,3020.0,0.0,False,0.0
2026-09-01,6345,アイチ,プレミア市場,機 械,,False,,1479.0,0.0,False,0.0
2026-09-01,6346,キクカワ,メイン市場,機 械,,False,,5710.0,0.0,False,0.0
2026-09-01,6396,宇野沢鉄,メイン市場,機 械,,False,,4800.0,0.0,False,0.0
2026-09-01,6407,ＣＫＤ,プレミア市場,機 械,,False,,5330.0,0.0,False,0.0
2026-09-01,6430,ダイコク電,プレミア市場,機 械,,False,,2548.0,0.0,False,0.0
2026-09-01,6439,中日鋳工,メイン市場,機 械,,False,402.0,,0.3,True,120600.0
2026-09-01,6448,ブラザー,プレミア市場,電気機器,,False,,5052.0,0.0,False,0.0
2026-09-01,6465,ホシザキ,プレミア市場,機 械,,False,,5650.0,0.0,False,0.0
2026-09-01,6470,大豊工業,プレミア市場,機 械,,False,,1145.0,0.0,False,0.0
2026-09-01,6473,ジェイテクト,プレミア市場,機 械,,False,,2186.0,0.0,False,0.0
2026-09-01,6501,日立,プレミア市場,電気機器,,False,,5541.0,0.0,False,0.0
2026-09-01,6504,富士電機,プレミア市場,電気機器,,False,,13670.0,0.0,False,0.0
2026-09-01,6508,明電舎,プレミア市場,電気機器,,False,,11260.0,0.0,False,0.0
2026-09-01,6547,グリーンズ,プレミア市場,サービス業,,False,,2170.0,0.0,False,0.0
2026-09-01,6564,ミダックＨＤ,プレミア市場,サービス業,,False,,2001.0,0.0,False,0.0
2026-09-01,6565,ＡＢホテル,メイン市場,サービス業,,False,1299.0,,7.3,True,9482699.999999998
2026-09-01,6586,マキタ,プレミア市場,機 械,,False,,5363.0,0.0,False,0.0
2026-09-01,6615,ＵＭＣエレ,メイン市場,電気機器,,False,,238.0,0.0,False,0.0
2026-09-01,6623,愛知電,プレミア市場,電気機器,,False,9030.0,,3.2,True,28896000.0
2026-09-01,6651,日東工,プレミア市場,電気機器,,False,,4415.0,0.0,False,0.0
2026-09-01,6655,洋電機,メイン市場,電気機器,,False,781.0,,2.9,True,2264900.0
2026-09-01,6676,ＢＵＦＦＡＬＯ,プレミア市場,電気機器,,False,,3165.0,0.0,False,0.0
2026-09-01,6702,富士通,プレミア市場,電気機器,,False,,3947.0,0.0,False,0.0
2026-09-01,6718,アイホン,プレミア市場,電気機器,,False,,2881.0,0.0,False,0.0
2026-09-01,6797,名古屋電,メイン市場,電気機器,,False,,1194.0,0.0,False,0.0
2026-09-01,6846,中央製,メイン市場,電気機器,,False,,1444.0,0.0,False,0.0
2026-09-01,6902,デンソー,プレミア市場,輸送用機器,,False,,1981.0,0.0,False,0.0
2026-09-01,6995,東海理電,プレミア市場,輸送用機器,,False,,3265.0,0.0,False,0.0
2026-09-01,6999,ＫＯＡ,プレミア市場,電気機器,,False,,2309.0,0.0,False,0.0
2026-09-01,7011,三菱重,プレミア市場,機 械,,False,,3856.0,0.0,False,0.0
2026-09-01,7012,川崎重,プレミア市場,輸送用機器,,False,2500.5,2523.0,0.2,True,500100.0
2026-09-01,7059,コプロＨＤ,プレミア市場,サービス業,,False,,935.0,0.0,False,0.0
2026-09-01,7073,ジェイック,メイン市場,サービス業,,False,,2396.0,0.0,False,0.0
2026-09-01,7075,ＱＬＳＨＤ,ネクスト市場,サービス業,,False,,929.0,0.0,False,0.0
2026-09-01,7076,名南Ｍ＆Ａ,メイン市場,サービス業,,False,1090.0,,20.5,True,22345000.0
2026-09-01,7102,日車輌,プレミア市場,輸送用機器,,False,,3705.0,0.0,False,0.0
2026-09-01,7118,伸和ホールディングス,ネクスト市場,小売業,,False,4280.0,,0.4,True,1712000.0
2026-09-01,7129,ミアヘルサＨＤ,メイン市場,小売業,,False,,1170.0,0.0,False,0.0
2026-09-01,7135,ジャパンクラフトＨＤ,プレミア市場,小売業,,False,,181.0,0.0,False,0.0
2026-09-01,7203,トヨタ自,プレミア市場,輸送用機器,,False,3251.0,3243.0,0.4,True,1300400.0
2026-09-01,7213,レシップＨＤ,プレミア市場,輸送用機器,,False,,686.0,0.0,False,0.0
2026-09-01,7220,武蔵精密,プレミア市場,輸送用機器,,False,,3095.0,0.0,False,0.0
2026-09-01,7227,アスカ,メイン市場,輸送用機器,,False,1850.0,,0.3,True,555000.0
2026-09-01,7231,トピー工,プレミア市場,輸送用機器,,False,,3195.0,0.0,False,0.0
2026-09-01,7241,フタバ産,プレミア市場,輸送用機器,,False,,1140.0,0.0,False,0.0
2026-09-01,7245,大同メタル,プレミア市場,輸送用機器,,False,,1233.0,0.0,False,0.0
2026-09-01,7259,アイシン,プレミア市場,輸送用機器,,False,,2317.0,0.0,False,0.0
2026-09-01,7266,今仙電機,プレミア市場,輸送用機器,,False,,1025.0,0.0,False,0.0
2026-09-01,7282,豊田合,プレミア市場,輸送用機器,,False,,5581.0,0.0,False,0.0
2026-09-01,7283,愛三工,プレミア市場,輸送用機器,,False,,2363.0,0.0,False,0.0
2026-09-01,7322,,プレミア市場,銀行業,,False,,2132.0,0.0,False,0.0
2026-09-01,7362,Ｔ．Ｓ．Ｉ,メイン市場,サービス業,,False,,884.0,0.0,False,0.0
2026-09-01,7369,メイホーＨＤ,ネクスト市場,サービス業,,False,,361.0,0.0,False,0.0
2026-09-01,7380,十六ＦＧ,プレミア市場,銀行業,,False,,2660.0,0.0,False,0.0
2026-09-01,7389,あいちＦＧ,プレミア市場,銀行業,,False,,1900.0,0.0,False,0.0
2026-09-01,7412,アトム,メイン市場,小売業,,False,,386.0,0.0,False,0.0
2026-09-01,7485,岡谷鋼機,プレミア市場,卸売業,,False,5100.0,,6.8,True,34680000.0
2026-09-01,7488,ヤガミ,メイン市場,卸売業,,False,5100.0,,3.9,True,19890000.0
2026-09-01,7514,ヒマラヤ,プレミア市場,小売業,,False,,855.0,0.0,False,0.0
2026-09-01,7593,ＶＴＨＤ,プレミア市場,小売業,,False,,543.0,0.0,False,0.0
2026-09-01,7607,進和,プレミア市場,卸売業,,False,,3110.0,0.0,False,0.0
2026-09-01,7630,壱番屋,プレミア市場,小売業,,False,1168.0,1117.0,2.3,True,2686399.9999999995
2026-09-01,7649,スギＨＤ,プレミア市場,小売業,,False,,1317.5,0.0,False,0.0
2026-09-01,7675,セントラルフォレスト,メイン市場,卸売業,,False,2728.0,,0.5,True,1364000.0
2026-09-01,7682,浜木綿,メイン市場,小売業,,False,,3905.0,0.0,False,0.0
2026-09-01,7723,愛知時,プレミア市場,精密機器,,False,,2939.0,0.0,False,0.0
2026-09-01,7747,アサヒインテック,プレミア市場,精密機器,,False,,3797.0,0.0,False,0.0
2026-09-01,7751,キヤノン,プレミア市場,電気機器,,False,,4750.0,0.0,False,0.0
2026-09-01,7780,メニコン,プレミア市場,精密機器,,False,,1937.0,0.0,False,0.0
2026-09-01,7790,バルコス,ネクスト市場,その他製品,,False,1074.0,,0.1,True,107400.0
2026-09-01,7805,プリントネット,メイン市場,その他製品,,False,,710.0,0.0,False,0.0
2026-09-01,7870,福島印,メイン市場,その他製品,,False,366.0,,1.3,True,475800.0
2026-09-01,7871,フクビ化工,メイン市場,化 学,,False,,1040.0,0.0,False,0.0
2026-09-01,7875,竹田ｉＰ,メイン市場,その他製品,,False,,805.0,0.0,False,0.0
2026-09-01,7878,光・彩,メイン市場,その他製品,,False,,1460.0,0.0,False,0.0
2026-09-01,7896,セブン工,メイン市場,その他製品,,False,,508.0,0.0,False,0.0
2026-09-01,7928,旭化学,メイン市場,化 学,,False,,622.0,0.0,False,0.0
2026-09-01,7931,未来工業,プレミア市場,化 学,,False,,3710.0,0.0,False,0.0
2026-09-01,7943,ニチハ,プレミア市場,ガラス・土石製品,,False,,3115.0,0.0,False,0.0
2026-09-01,7946,光陽社,メイン市場,その他製品,,False,440.0,462.0,10.1,True,4444000.0
2026-09-01,7950,デコラックス,メイン市場,化 学,,False,9390.0,,0.1,True,939000.0
2026-09-01,7953,菊水化,メイン市場,その他製品,,False,,400.0,0.0,False,0.0
2026-09-01,7975,リヒトラブ,メイン市場,その他製品,,False,,1173.0,0.0,False,0.0
2026-09-01,8015,豊田通商,プレミア市場,卸売業,,False,,7707.0,0.0,False,0.0
2026-09-01,8031,三井物産,プレミア市場,卸売業,,False,,5198.0,0.0,False,0.0
2026-09-01,8071,東海エレ,メイン市場,卸売業,,False,2977.0,,0.2,True,595400.0
2026-09-01,8076,カノークス,メイン市場,卸売業,,False,,2120.0,0.0,False,0.0
2026-09-01,8130,サンゲツ,プレミア市場,卸売業,,False,,3245.0,0.0,False,0.0
2026-09-01,8145,中部水,メイン市場,卸売業,,False,3240.0,,0.1,True,324000.0
2026-09-01,8160,木曽路,プレミア市場,小売業,,False,,2463.0,0.0,False,0.0
2026-09-01,8190,ヤマナカ,メイン市場,小売業,,False,520.0,,1.5,True,780000.0
2026-09-01,8225,タカチホ,メイン市場,卸売業,,False,,3575.0,0.0,False,0.0
2026-09-01,8228,マルイチ産商,メイン市場,卸売業,,False,1109.0,,7.1,True,7873900.0
2026-09-01,8285,三谷産業,プレミア市場,卸売業,,False,,783.0,0.0,False,0.0
2026-09-01,8306,三菱ＵＦＪ,プレミア市場,銀行業,,False,,3700.0,0.0,False,0.0
2026-09-01,8309,三井住友トラストＧ,プレミア市場,銀行業,,False,,1809.5,0.0,False,0.0
2026-09-01,8316,三井住友,プレミア市場,銀行業,,False,,7009.0,0.0,False,0.0
2026-09-01,8361,大垣銀,プレミア市場,銀行業,,False,,8200.0,0.0,False,0.0
2026-09-01,8368,百五銀,プレミア市場,銀行業,,False,,2450.0,0.0,False,0.0
2026-09-01,8522,名古屋銀,プレミア市場,銀行業,,False,,7260.0,0.0,False,0.0
2026-09-01,8601,大和証Ｇ,プレミア市場,証券、商品先物取引業,,False,,1860.5,0.0,False,0.0
2026-09-01,8604,野村,プレミア市場,証券、商品先物取引業,,False,,1640.5,0.0,False,0.0
2026-09-01,8609,岡三,プレミア市場,証券、商品先物取引業,,False,,1228.0,0.0,False,0.0
2026-09-01,8616,東海東京,プレミア市場,証券、商品先物取引業,,False,,918.0,0.0,False,0.0
2026-09-01,8725,ＭＳ＆ＡＤ,プレミア市場,保険業,,False,,5187.0,0.0,False,0.0
2026-09-01,8803,平和不,プレミア市場,不動産業,,False,,2412.0,0.0,False,0.0
2026-09-01,8891,ＡＭＧＨＤ,メイン市場,不動産業,,False,,2103.0,0.0,False,0.0
2026-09-01,8904,ＡＶＡＮＴＩＡ,プレミア市場,不動産業,,False,,829.0,0.0,False,0.0
2026-09-01,8920,東祥,プレミア市場,サービス業,,False,,731.0,0.0,False,0.0
2026-09-01,8995,誠建設,メイン市場,不動産業,,False,,1540.0,0.0,False,0.0
2026-09-01,9022,ＪＲ東海,プレミア市場,陸運業,,False,,4003.0,0.0,False,0.0
2026-09-01,9040,大宝運,メイン市場,陸運業,,False,4250.0,,0.2,True,850000.0
2026-09-01,9048,名鉄,プレミア市場,陸運業,,False,,1891.5,0.0,False,0.0
2026-09-01,9073,京極運輸,メイン市場,陸運業,,False,,1238.0,0.0,False,0.0
2026-09-01,9076,セイノーＨＤ,プレミア市場,陸運業,,False,,2820.0,0.0,False,0.0
2026-09-01,9170,成友興業,メイン市場,サービス業,,False,1493.0,,0.6,True,895800.0
2026-09-01,9221,フルハシＥＰＯ,メイン市場,サービス業,,False,,1175.0,0.0,False,0.0
2026-09-01,9223,ＡＳＮＯＶＡ,ネクスト市場,サービス業,,False,,453.0,0.0,False,0.0
2026-09-01,9249,日本エコシステム,メイン市場,サービス業,,False,,1674.0,0.0,False,0.0
2026-09-01,9306,東陽倉,プレミア市場,倉庫・運輸関連業,,False,,2017.0,0.0,False,0.0
2026-09-01,9310,トランスシティ,プレミア市場,倉庫・運輸関連業,,False,,1449.0,0.0,False,0.0
2026-09-01,9330,揚羽,ネクスト市場,サービス業,,False,,882.0,0.0,False,0.0
2026-09-01,9357,名港海,メイン市場,倉庫・運輸関連業,,False,2541.0,,3.5,True,8893500.0
2026-09-01,9359,伊勢湾海,メイン市場,倉庫・運輸関連業,,False,970.0,,2.7,True,2619000.0
2026-09-01,9368,キムラユニティー,プレミア市場,倉庫・運輸関連業,,False,,955.0,0.0,False,0.0
2026-09-01,9402,中日放送,プレミア市場,情報・通信業,,False,1289.0,,1.1,True,1417900.0
2026-09-01,9428,クロップス,プレミア市場,情報・通信業,,False,,1486.0,0.0,False,0.0
2026-09-01,9471,文渓堂,メイン市場,情報・通信業,,False,,1138.0,0.0,False,0.0
2026-09-01,9476,中央経済社ＨＤ,メイン市場,情報・通信業,,False,,985.0,0.0,False,0.0
2026-09-01,9502,中部電力,プレミア市場,電気・ガス業,,False,,2999.0,0.0,False,0.0
2026-09-01,9531,東瓦斯,プレミア市場,電気・ガス業,,False,,6369.0,0.0,False,0.0
2026-09-01,9533,東邦瓦斯,プレミア市場,電気・ガス業,,False,,1266.5,0.0,False,0.0
2026-09-01,9643,中日興,メイン市場,サービス業,,False,11080.0,,0.2,True,2216000.0
2026-09-01,9664,御園座,メイン市場,サービス業,,False,1503.0,,1.6,True,2404800.0
2026-09-01,9793,ダイセキ,プレミア市場,サービス業,,False,,3790.0,0.0,False,0.0
2026-09-01,9900,サガミＨＤ,プレミア市場,小売業,,False,,1163.0,0.0,False,0.0
2026-09-01,9913,日邦産業,メイン市場,卸売業,,False,,3650.0,0.0,False,0.0
2026-09-01,9914,植松商会,メイン市場,卸売業,,False,,750.0,0.0,False,0.0
2026-09-01,9956,バローＨＤ,プレミア市場,小売業,,False,,3310.0,0.0,False,0.0
2026-09-01,9969,ショクブン,メイン市場,小売業,,False,,235.0,0.0,False,0.0
2026-09-01,9982,タキヒヨー,プレミア市場,卸売業,,False,,2500.0,0.0,False,0.0
2026-09-01,9987,スズケン,プレミア市場,卸売業,,False,,5231.0,0.0,False,0.0
2026-09-02,138A,光フードサービス,ネクスト市場,小売業,,False,,3105.0,0.0,False,0.0
2026-09-02,1438,岐阜造園,メイン市場,建設業,,False,,2297.0,0.0,False,0.0
2026-09-02,1444,ニッソウ,ネクスト市場,建設業,,False,,2633.0,0.0,False,0.0
2026-09-02,1738,ＮＩＴＴＯＨ,メイン市場,建設業,,False,570.0,,1.7,True,969000.0
2026-09-02,1766,東建コーポ,プレミア市場,建設業,,False,,13820.0,0.0,False,0.0
2026-09-02,1777,川崎設備,メイン市場,建設業,,False,2350.0,,2.6,True,6110000.0
2026-09-02,1780,ヤマウラ,プレミア市場,建設業,,False,,1475.0,0.0,False,0.0
2026-09-02,1801,大成建,プレミア市場,建設業,,False,,12605.0,0.0,False,0.0
2026-09-02,1803,清水建,プレミア市場,建設業,,False,,2396.0,0.0,False,0.0
2026-09-02,1811,銭高組,メイン市場,建設業,,False,,7710.0,0.0,False,0.0
2026-09-02,1812,鹿島,プレミア市場,建設業,,False,,4881.0,0.0,False,0.0
2026-09-02,1869,名工建,メイン市場,建設業,,False,1903.0,,3.3,True,6279900.0
2026-09-02,1870,矢作建,プレミア市場,建設業,,False,,2167.0,0.0,False,0.0
2026-09-02,1878,大東建,プレミア市場,不動産業,,False,,3319.0,0.0,False,0.0
2026-09-02,1892,徳倉建,メイン市場,建設業,,False,,7810.0,0.0,False,0.0
2026-09-02,1893,五洋建,プレミア市場,建設業,,False,,1432.5,0.0,False,0.0
2026-09-02,1928,積水ハウス,プレミア市場,建設業,,False,,3411.0,0.0,False,0.0
2026-09-02,1946,トーエネック,プレミア市場,建設業,,False,,2199.0,0.0,False,0.0
2026-09-02,2053,中部飼料,プレミア市場,食料品,,False,,2025.0,0.0,False,0.0
2026-09-02,212A,フィットイージー,プレミア市場,サービス業,,False,,2848.0,0.0,False,0.0
2026-09-02,2139,中広,プレミア市場,サービス業,,False,,523.0,0.0,False,0.0
2026-09-02,2169,ＣＤＳ,プレミア市場,サービス業,,False,,1728.0,0.0,False,0.0
2026-09-02,2185,シイエム・シイ,プレミア市場,サービス業,,False,,2009.0,0.0,False,0.0
2026-09-02,2207,ｍｅｉｔｏ,プレミア市場,食料品,,False,,3480.0,0.0,False,0.0
2026-09-02,2209,井村屋Ｇ,プレミア市場,食料品,,False,,2413.0,0.0,False,0.0
2026-09-02,2224,コモ,メイン市場,食料品,,False,,3690.0,0.0,False,0.0
2026-09-02,2327,ＮＳＳＯＬ,メイン市場,情報・通信業,,False,,3958.0,0.0,False,0.0
2026-09-02,2329,東北新社,メイン市場,情報・通信業,,False,,503.0,0.0,False,0.0
2026-09-02,2351,ＡＳＪ,メイン市場,情報・通信業,,False,,334.0,0.0,False,0.0
2026-09-02,2376,サイネックス,メイン市場,サービス業,,False,,790.0,0.0,False,0.0
2026-09-02,2424,ブラス,プレミア市場,サービス業,,False,,597.0,0.0,False,0.0
2026-09-02,2435,シダー,メイン市場,サービス業,,False,,210.0,0.0,False,0.0
2026-09-02,2467,ＶＬＣセキュリティ,ネクスト市場,サービス業,,False,178.0,,8.2,True,1459600.0
2026-09-02,246A,アスア,メイン市場,サービス業,,False,,938.0,0.0,False,0.0
2026-09-02,2479,ジェイテック,メイン市場,サービス業,,False,,256.0,0.0,False,0.0
2026-09-02,2480,シスロケ,メイン市場,情報・通信業,,False,,1740.0,0.0,False,0.0
2026-09-02,2485,ティア,プレミア市場,サービス業,,False,,450.0,0.0,False,0.0
2026-09-02,2551,マルサンアイ,メイン市場,食料品,,False,3600.0,,0.8,True,2880000.0
2026-09-02,259A,ケイ・ウノ,ネクスト市場,小売業,,False,1799.0,,1.0,True,1799000.0
2026-09-02,2722,ＩＫホールディングス,プレミア市場,小売業,,False,,361.0,0.0,False,0.0
2026-09-02,2734,サーラ,プレミア市場,小売業,,False,,1211.0,0.0,False,0.0
2026-09-02,2753,あみやき,プレミア市場,小売業,,False,,1390.0,0.0,False,0.0
2026-09-02,275A,ハンワホームズ,ネクスト市場,建設業,,False,395.0,,0.5,True,197500.0
2026-09-02,2778,パレモ・ＨＤ,メイン市場,小売業,,False,,115.0,0.0,False,0.0
2026-09-02,2780,コメ兵ＨＤ,メイン市場,小売業,,False,,4960.0,0.0,False,0.0
2026-09-02,2806,ユタカフーズ,メイン市場,食料品,,False,,1910.0,0.0,False,0.0
2026-09-02,2811,カゴメ,プレミア市場,食料品,,False,,2755.0,0.0,False,0.0
2026-09-02,2902,太陽化,メイン市場,食料品,,False,2724.0,,3.3,True,8989199.999999998
2026-09-02,2983,アールプランナー,メイン市場,不動産業,,False,,1746.0,0.0,False,0.0
2026-09-02,2986,ＬＡＨＤ,プレミア市場,不動産業,,False,,2779.0,0.0,False,0.0
2026-09-02,3028,アルペン,プレミア市場,小売業,,False,,2348.0,0.0,False,0.0
2026-09-02,3032,ゴルフ・ドゥ,ネクスト市場,小売業,,False,244.0,,8.3,True,2025200.0
2026-09-02,3035,ケイティケイ,メイン市場,卸売業,,False,,776.0,0.0,False,0.0
2026-09-02,3066,ＪＢイレブン,メイン市場,小売業,,False,649.0,,6.5,True,4218500.0
2026-09-02,3086,Ｊフロント,プレミア市場,小売業,,False,,2791.5,0.0,False,0.0
2026-09-02,3091,ブロンコＢ,プレミア市場,小売業,,False,,2841.0,0.0,False,0.0
2026-09-02,3116,トヨタ紡織,プレミア市場,輸送用機器,,False,,2273.5,0.0,False,0.0
2026-09-02,3138,富士山マガジン,メイン市場,小売業,,False,,1140.0,0.0,False,0.0
2026-09-02,3184,ＩＣＤＡ,メイン市場,小売業,,False,,4180.0,0.0,False,0.0
2026-09-02,3186,ネクステージ,プレミア市場,小売業,,False,,3210.0,0.0,False,0.0
2026-09-02,3202,ダイトウボウ,プレミア市場,繊維製品,,False,,128.0,0.0,False,0.0
2026-09-02,3205,ダイドー,プレミア市場,繊維製品,,False,,733.0,0.0,False,0.0
2026-09-02,3221,ヨシックスＨＤ,プレミア市場,小売業,,False,,3230.0,0.0,False,0.0
2026-09-02,3232,三重交通ＧＨＤ,プレミア市場,不動産業,,False,,608.0,0.0,False,0.0
2026-09-02,3260,エスポア,,サービス業,監理,True,522.0,,4.4,True,2296800.0
2026-09-02,3320,クロスプラス,メイン市場,卸売業,,False,,1310.0,0.0,False,0.0
2026-09-02,3321,ミタチ,プレミア市場,卸売業,,False,,1664.0,0.0,False,0.0
2026-09-02,3346,ヒロタグループＨＤ,ネクスト市場,小売業,,False,82.0,,4.7,True,385400.00000000006
2026-09-02,3384,アークコア,ネクスト市場,卸売業,,False,770.0,,0.5,True,385000.0
2026-09-02,3419,アートグリーン,ネクスト市場,卸売業,,False,1994.0,,0.2,True,398800.0
2026-09-02,3422,Ｊ－ＭＡＸ,メイン市場,金属製品,,False,,609.0,0.0,False,0.0
2026-09-02,3439,三ツ知,メイン市場,金属製品,,False,,679.0,0.0,False,0.0
2026-09-02,3441,山王,メイン市場,金属製品,,False,,2693.0,0.0,False,0.0
2026-09-02,3442,ＭＩＥコーポ,メイン市場,金属製品,,False,1784.0,,0.4,True,713600.0
2026-09-02,3447,信和,プレミア市場,金属製品,,False,,1016.0,0.0,False,0.0
2026-09-02,3461,パルマ,メイン市場,不動産業,,False,,630.0,0.0,False,0.0
2026-09-02,3469,デュアルタップ,メイン市場,不動産業,,False,,895.0,0.0,False,0.0
2026-09-02,3494,マリオン,メイン市場,不動産業,,False,,443.0,0.0,False,0.0
2026-09-02,3504,丸八ホールディングス,メイン市場,繊維製品,,False,1377.0,,2.2,True,3029400.0
2026-09-02,3524,日東網,プレミア市場,繊維製品,,False,,1483.0,0.0,False,0.0
2026-09-02,3543,コメダ,プレミア市場,卸売業,,False,,2920.0,0.0,False,0.0
2026-09-02,3549,クスリのアオキＨＤ,メイン市場,小売業,,False,,4046.0,0.0,False,0.0
2026-09-02,3556,リネットジャパン,メイン市場,小売業,,False,,787.0,0.0,False,0.0
2026-09-02,3559,ピーバンドットコム,メイン市場,卸売業,,False,,460.0,0.0,False,0.0
2026-09-02,3571,ソトー,プレミア市場,繊維製品,,False,,739.0,0.0,False,0.0
2026-09-02,3577,東海染工,プレミア市場,繊維製品,,False,,954.0,0.0,False,0.0
2026-09-02,3670,協立情報通信,メイン市場,情報・通信業,,False,1740.0,1733.0,0.3,True,522000.0
2026-09-02,3739,コムシード,ネクスト市場,情報・通信業,,False,120.0,,1.4,True,168000.0
2026-09-02,3771,システムリサーチ,プレミア市場,情報・通信業,,False,,1900.0,0.0,False,0.0
2026-09-02,3775,ガイアックス,ネクスト市場,情報・通信業,,False,441.0,,1.2,True,529199.9999999999
2026-09-02,377A,エージェントＩＧＨＤ,メイン市場,保険業,,False,1026.0,,0.8,True,820800.0000000001
2026-09-02,3808,オーケーウェブ,ネクスト市場,情報・通信業,,False,29.0,,2.8,True,81199.99999999999
2026-09-02,3842,ネクストジェン,メイン市場,情報・通信業,,False,,1040.0,0.0,False,0.0
2026-09-02,391A,山忠,メイン市場,不動産業,,False,2463.0,,0.1,True,246300.0
2026-09-02,3922,ＰＲＴＩＭＥＳ,プレミア市場,情報・通信業,,False,,2116.0,0.0,False,0.0
2026-09-02,3947,ダイナパック,メイン市場,パルプ・紙,,False,,2487.0,0.0,False,0.0
2026-09-02,3958,笹徳印刷,メイン市場,パルプ・紙,,False,,547.0,0.0,False,0.0
2026-09-02,3974,ＳＣＡＴ,メイン市場,情報・通信業,,False,,671.0,0.0,False,0.0
2026-09-02,4062,イビデン,プレミア市場,電気機器,,False,20325.0,20205.0,0.2,True,4065000.0
2026-09-02,4063,信越化,プレミア市場,化 学,,False,,5870.0,0.0,False,0.0
2026-09-02,4072,電算システムＨＤ,プレミア市場,情報・通信業,,False,,3025.0,0.0,False,0.0
2026-09-02,4124,大阪油化工業,メイン市場,化 学,,False,,3060.0,0.0,False,0.0
2026-09-02,4125,三和油化工業,メイン市場,化 学,,False,,3645.0,0.0,False,0.0
2026-09-02,418A,ウリドキ,ネクスト市場,情報・通信業,,False,1325.0,,3.3,True,4372500.0
2026-09-02,4196,ネオマーケ,メイン市場,情報・通信業,,False,,2164.0,0.0,False,0.0
2026-09-02,4206,アイカ工,プレミア市場,化 学,,False,,4170.0,0.0,False,0.0
2026-09-02,4240,クラスターＴ,メイン市場,化 学,,False,,314.0,0.0,False,0.0
2026-09-02,4247,ポバール興業,メイン市場,化 学,,False,,1386.0,0.0,False,0.0
2026-09-02,4361,川口化,メイン市場,化 学,,False,,1593.0,0.0,False,0.0
2026-09-02,4430,東海ソフト,プレミア市場,情報・通信業,,False,,1777.0,0.0,False,0.0
2026-09-02,4439,東名,プレミア市場,情報・通信業,,False,,801.0,0.0,False,0.0
2026-09-02,4445,リビンＴ,メイン市場,情報・通信業,,False,,1902.0,0.0,False,0.0
2026-09-02,4463,日華化学,プレミア市場,化 学,,False,,2017.0,0.0,False,0.0
2026-09-02,4502,武田薬,プレミア市場,医薬品,,False,,5824.0,0.0,False,0.0
2026-09-02,4616,川上塗料,メイン市場,化 学,,False,,2405.0,0.0,False,0.0
2026-09-02,4658,日本空調,プレミア市場,サービス業,,False,,1547.0,0.0,False,0.0
2026-09-02,4667,アイサンテクノロ,メイン市場,情報・通信業,,False,,3145.0,0.0,False,0.0
2026-09-02,4681,リゾートトラ,プレミア市場,サービス業,,False,,1824.0,0.0,False,0.0
2026-09-02,4691,ワシントンホテル,メイン市場,サービス業,,False,,2150.0,0.0,False,0.0
2026-09-02,4707,キタック,メイン市場,サービス業,,False,,335.0,0.0,False,0.0
2026-09-02,4732,ＵＳＳ,プレミア市場,サービス業,,False,,1982.0,0.0,False,0.0
2026-09-02,4760,アルファ,メイン市場,サービス業,,False,,1569.0,0.0,False,0.0
2026-09-02,4920,日本色材,メイン市場,化 学,,False,,1135.0,0.0,False,0.0
2026-09-02,5020,ＥＮＥＯＳ,プレミア市場,石油・石炭製品,,False,,1345.0,0.0,False,0.0
2026-09-02,5075,アップコン,ネクスト市場,建設業,,False,1028.0,,3.6,True,3700800.0
2026-09-02,5204,石塚硝,プレミア市場,ガラス・土石製品,,False,,3030.0,0.0,False,0.0
2026-09-02,523A,セイワＨＤ,ネクスト市場,金属製品,,False,,1704.0,0.0,False,0.0
2026-09-02,5241,日本オーエー研究所,メイン市場,情報・通信業,,False,775.0,,0.4,True,310000.0
2026-09-02,5271,トーヨーアサノ,メイン市場,ガラス・土石製品,,False,,2270.0,0.0,False,0.0
2026-09-02,5287,イトーヨーギョー,メイン市場,ガラス・土石製品,,False,,865.0,0.0,False,0.0
2026-09-02,5331,ノリタケ,プレミア市場,ガラス・土石製品,,False,,3520.0,0.0,False,0.0
2026-09-02,5332,ＴＯＴＯ,プレミア市場,ガラス・土石製品,,False,6000.0,5896.0,0.1,True,600000.0
2026-09-02,5333,ＮＧＫ,プレミア市場,ガラス・土石製品,,False,,5144.0,0.0,False,0.0
2026-09-02,5334,日特殊陶,プレミア市場,ガラス・土石製品,,False,,7970.0,0.0,False,0.0
2026-09-02,5342,ジャニス工,メイン市場,ガラス・土石製品,,False,399.0,,0.5,True,199500.0
2026-09-02,5343,ニッコー,メイン市場,ガラス・土石製品,,False,181.0,,46.5,True,8416500.0
2026-09-02,5344,ＭＡＲＵＷＡ,プレミア市場,ガラス・土石製品,,False,,50720.0,0.0,False,0.0
2026-09-02,5356,美濃窯業,メイン市場,ガラス・土石製品,,False,,1307.0,0.0,False,0.0
2026-09-02,5384,ＦＵＪＩＭＩ,プレミア市場,ガラス・土石製品,,False,,3295.0,0.0,False,0.0
2026-09-02,5386,鶴弥,メイン市場,ガラス・土石製品,,False,385.0,,3.4,True,1309000.0
2026-09-02,5401,日本製鉄,プレミア市場,鉄 鋼,,False,,691.5,0.0,False,0.0
2026-09-02,5406,神戸鋼,プレミア市場,鉄 鋼,,False,,2031.5,0.0,False,0.0
2026-09-02,5461,中部鋼鈑,プレミア市場,鉄 鋼,,False,,2161.0,0.0,False,0.0
2026-09-02,546A,ＭＩＲＡＩＮＩ,プレミア市場,卸売業,,False,,2433.0,0.0,False,0.0
2026-09-02,5471,大同特鋼,プレミア市場,鉄 鋼,,False,,2226.5,0.0,False,0.0
2026-09-02,5482,愛知鋼,プレミア市場,鉄 鋼,,False,,3225.0,0.0,False,0.0
2026-09-02,550A,ソフトテックス,メイン市場,情報・通信業,,False,,2203.0,0.0,False,0.0
2026-09-02,5530,日本システムバンク,メイン市場,不動産業,,False,1100.0,,1.2,True,1320000.0
2026-09-02,5589,オートサーバー,メイン市場,情報・通信業,,False,,2961.0,0.0,False,0.0
2026-09-02,5607,中央可鍛,メイン市場,鉄 鋼,,False,607.0,,7.3,True,4431099.999999999
2026-09-02,5802,住友電工,プレミア市場,非鉄金属,,False,,2155.5,0.0,False,0.0
2026-09-02,5918,滝上工,メイン市場,金属製品,,False,,7950.0,0.0,False,0.0
2026-09-02,5938,ＬＩＸＩＬ,プレミア市場,金属製品,,False,,1758.5,0.0,False,0.0
2026-09-02,5947,リンナイ,プレミア市場,金属製品,,False,,3628.0,0.0,False,0.0
2026-09-02,5952,アマテイ,メイン市場,金属製品,,False,,191.0,0.0,False,0.0
2026-09-02,5979,カネソウ,メイン市場,金属製品,,False,5420.0,,0.1,True,542000.0
2026-09-02,5984,兼房,メイン市場,金属製品,,False,,776.0,0.0,False,0.0
2026-09-02,5992,中央発条,プレミア市場,金属製品,,False,,3680.0,0.0,False,0.0
2026-09-02,5994,ファインシンター,メイン市場,金属製品,,False,,1002.0,0.0,False,0.0
2026-09-02,6025,日本ＰＣサービス,ネクスト市場,サービス業,,False,678.0,,5.5,True,3729000.0
2026-09-02,6036,ＫｅｅＰｅｒ技研,プレミア市場,サービス業,,False,,3335.0,0.0,False,0.0
2026-09-02,6055,Ｊマテリアル,プレミア市場,サービス業,,False,,2105.0,0.0,False,0.0
2026-09-02,6074,ＪＳＳ,メイン市場,サービス業,,False,,521.0,0.0,False,0.0
2026-09-02,6103,オークマ,プレミア市場,機 械,,False,,4540.0,0.0,False,0.0
2026-09-02,6111,旭精機,メイン市場,機 械,,False,1995.0,,2.0,True,3990000.0
2026-09-02,6134,ＦＵＪＩ,プレミア市場,機 械,,False,,6830.0,0.0,False,0.0
2026-09-02,6136,ＯＳＧ,プレミア市場,機 械,,False,,3567.0,0.0,False,0.0
2026-09-02,6142,富士精工,メイン市場,機 械,,False,1786.0,,1.0,True,1786000.0
2026-09-02,6203,豊和工,プレミア市場,機 械,,False,,1498.0,0.0,False,0.0
2026-09-02,6225,エコム,メイン市場,機 械,,False,,2100.0,0.0,False,0.0
2026-09-02,6267,ゼネパッカー,メイン市場,機 械,,False,,4000.0,0.0,False,0.0
2026-09-02,6325,タカキタ,プレミア市場,機 械,,False,,416.0,0.0,False,0.0
2026-09-02,6339,新東工,プレミア市場,機 械,,False,,1200.0,0.0,False,0.0
2026-09-02,6340,渋谷工,プレミア市場,機 械,,False,,5260.0,0.0,False,0.0
2026-09-02,6342,太平製,メイン市場,機 械,,False,,3005.0,0.0,False,0.0
2026-09-02,6345,アイチ,プレミア市場,機 械,,False,,1447.0,0.0,False,0.0
2026-09-02,6346,キクカワ,メイン市場,機 械,,False,,5700.0,0.0,False,0.0
2026-09-02,6396,宇野沢鉄,メイン市場,機 械,,False,,4800.0,0.0,False,0.0
2026-09-02,6407,ＣＫＤ,プレミア市場,機 械,,False,,5120.0,0.0,False,0.0
2026-09-02,6430,ダイコク電,プレミア市場,機 械,,False,,2510.0,0.0,False,0.0
2026-09-02,6439,中日鋳工,メイン市場,機 械,,False,402.0,,1.5,True,603000.0
2026-09-02,6448,ブラザー,プレミア市場,電気機器,,False,,4878.0,0.0,False,0.0
2026-09-02,6465,ホシザキ,プレミア市場,機 械,,False,,5570.0,0.0,False,0.0
2026-09-02,6470,大豊工業,プレミア市場,機 械,,False,,1114.0,0.0,False,0.0
2026-09-02,6473,ジェイテクト,プレミア市場,機 械,,False,,2145.0,0.0,False,0.0
2026-09-02,6501,日立,プレミア市場,電気機器,,False,,5335.0,0.0,False,0.0
2026-09-02,6504,富士電機,プレミア市場,電気機器,,False,,13005.0,0.0,False,0.0
2026-09-02,6508,明電舎,プレミア市場,電気機器,,False,,10680.0,0.0,False,0.0
2026-09-02,6547,グリーンズ,プレミア市場,サービス業,,False,,2115.0,0.0,False,0.0
2026-09-02,6564,ミダックＨＤ,プレミア市場,サービス業,,False,,1912.0,0.0,False,0.0
2026-09-02,6565,ＡＢホテル,メイン市場,サービス業,,False,1294.0,,2.9,True,3752600.0
2026-09-02,6586,マキタ,プレミア市場,機 械,,False,,5245.0,0.0,False,0.0
2026-09-02,6615,ＵＭＣエレ,メイン市場,電気機器,,False,,232.0,0.0,False,0.0
2026-09-02,6623,愛知電,プレミア市場,電気機器,,False,8960.0,,1.7,True,15232000.0
2026-09-02,6651,日東工,プレミア市場,電気機器,,False,,4310.0,0.0,False,0.0
2026-09-02,6655,洋電機,メイン市場,電気機器,,False,785.0,,0.2,True,157000.0
2026-09-02,6676,ＢＵＦＦＡＬＯ,プレミア市場,電気機器,,False,,3120.0,0.0,False,0.0
2026-09-02,6702,富士通,プレミア市場,電気機器,,False,,3801.0,0.0,False,0.0
2026-09-02,6718,アイホン,プレミア市場,電気機器,,False,,2852.0,0.0,False,0.0
2026-09-02,6797,名古屋電,メイン市場,電気機器,,False,,1210.0,0.0,False,0.0
2026-09-02,6846,中央製,メイン市場,電気機器,,False,,1444.0,0.0,False,0.0
2026-09-02,6902,デンソー,プレミア市場,輸送用機器,,False,,1922.0,0.0,False,0.0
2026-09-02,6995,東海理電,プレミア市場,輸送用機器,,False,,3135.0,0.0,False,0.0
2026-09-02,6999,ＫＯＡ,プレミア市場,電気機器,,False,,2200.0,0.0,False,0.0
2026-09-02,7011,三菱重,プレミア市場,機 械,,False,,3724.0,0.0,False,0.0
2026-09-02,7012,川崎重,プレミア市場,輸送用機器,,False,,2428.5,0.0,False,0.0
2026-09-02,7059,コプロＨＤ,プレミア市場,サービス業,,False,,909.0,0.0,False,0.0
2026-09-02,7073,ジェイック,メイン市場,サービス業,,False,,2342.0,0.0,False,0.0
2026-09-02,7075,ＱＬＳＨＤ,ネクスト市場,サービス業,,False,,933.0,0.0,False,0.0
2026-09-02,7076,名南Ｍ＆Ａ,メイン市場,サービス業,,False,1092.0,,10.1,True,11029199.999999998
2026-09-02,7102,日車輌,プレミア市場,輸送用機器,,False,,3570.0,0.0,False,0.0
2026-09-02,7118,伸和ホールディングス,ネクスト市場,小売業,,False,4260.0,,0.4,True,1704000.0
2026-09-02,7129,ミアヘルサＨＤ,メイン市場,小売業,,False,,1170.0,0.0,False,0.0
2026-09-02,7135,ジャパンクラフトＨＤ,プレミア市場,小売業,,False,,180.0,0.0,False,0.0
2026-09-02,7203,トヨタ自,プレミア市場,輸送用機器,,False,,3133.0,0.0,False,0.0
2026-09-02,7213,レシップＨＤ,プレミア市場,輸送用機器,,False,,683.0,0.0,False,0.0
2026-09-02,7220,武蔵精密,プレミア市場,輸送用機器,,False,,2908.0,0.0,False,0.0
2026-09-02,7227,アスカ,メイン市場,輸送用機器,,False,1814.0,,0.9,True,1632600.0000000002
2026-09-02,7231,トピー工,プレミア市場,輸送用機器,,False,,3080.0,0.0,False,0.0
2026-09-02,7241,フタバ産,プレミア市場,輸送用機器,,False,,1115.0,0.0,False,0.0
2026-09-02,7245,大同メタル,プレミア市場,輸送用機器,,False,,1165.0,0.0,False,0.0
2026-09-02,7259,アイシン,プレミア市場,輸送用機器,,False,,2229.0,0.0,False,0.0
2026-09-02,7266,今仙電機,プレミア市場,輸送用機器,,False,,1006.0,0.0,False,0.0
2026-09-02,7282,豊田合,プレミア市場,輸送用機器,,False,,5378.0,0.0,False,0.0
2026-09-02,7283,愛三工,プレミア市場,輸送用機器,,False,,2279.0,0.0,False,0.0
2026-09-02,7322,,プレミア市場,銀行業,,False,,2138.0,0.0,False,0.0
2026-09-02,7362,Ｔ．Ｓ．Ｉ,メイン市場,サービス業,,False,,871.0,0.0,False,0.0
2026-09-02,7369,メイホーＨＤ,ネクスト市場,サービス業,,False,,356.0,0.0,False,0.0
2026-09-02,7380,十六ＦＧ,プレミア市場,銀行業,,False,,2629.0,0.0,False,0.0
2026-09-02,7389,あいちＦＧ,プレミア市場,銀行業,,False,,1953.0,0.0,False,0.0
2026-09-02,7412,アトム,メイン市場,小売業,,False,,387.0,0.0,False,0.0
2026-09-02,7485,岡谷鋼機,プレミア市場,卸売業,,False,5020.0,,3.7,True,18574000.0
2026-09-02,7488,ヤガミ,メイン市場,卸売業,,False,5050.0,,0.5,True,2525000.0
2026-09-02,7514,ヒマラヤ,プレミア市場,小売業,,False,,853.0,0.0,False,0.0
2026-09-02,7593,ＶＴＨＤ,プレミア市場,小売業,,False,,537.0,0.0,False,0.0
2026-09-02,7607,進和,プレミア市場,卸売業,,False,,3035.0,0.0,False,0.0
2026-09-02,7630,壱番屋,プレミア市場,小売業,,False,1087.0,1099.0,0.2,True,217400.0
2026-09-02,7649,スギＨＤ,プレミア市場,小売業,,False,1285.0,1298.0,0.4,True,514000.0
2026-09-02,7675,セントラルフォレスト,メイン市場,卸売業,,False,2702.0,,0.1,True,270200.0
2026-09-02,7682,浜木綿,メイン市場,小売業,,False,,3915.0,0.0,False,0.0
2026-09-02,7723,愛知時,プレミア市場,精密機器,,False,,2880.0,0.0,False,0.0
2026-09-02,7747,アサヒインテック,プレミア市場,精密機器,,False,,3601.0,0.0,False,0.0
2026-09-02,7751,キヤノン,プレミア市場,電気機器,,False,,4679.0,0.0,False,0.0
2026-09-02,7780,メニコン,プレミア市場,精密機器,,False,,1953.0,0.0,False,0.0
2026-09-02,7790,バルコス,ネクスト市場,その他製品,,False,1060.0,,0.3,True,318000.0
2026-09-02,7805,プリントネット,メイン市場,その他製品,,False,,714.0,0.0,False,0.0
2026-09-02,7870,福島印,メイン市場,その他製品,,False,366.0,,0.3,True,109800.0
2026-09-02,7871,フクビ化工,メイン市場,化 学,,False,,1022.0,0.0,False,0.0
2026-09-02,7875,竹田ｉＰ,メイン市場,その他製品,,False,,793.0,0.0,False,0.0
2026-09-02,7878,光・彩,メイン市場,その他製品,,False,,1460.0,0.0,False,0.0
2026-09-02,7896,セブン工,メイン市場,その他製品,,False,,509.0,0.0,False,0.0
2026-09-02,7928,旭化学,メイン市場,化 学,,False,,615.0,0.0,False,0.0
2026-09-02,7931,未来工業,プレミア市場,化 学,,False,,3610.0,0.0,False,0.0
2026-09-02,7943,ニチハ,プレミア市場,ガラス・土石製品,,False,,3075.0,0.0,False,0.0
2026-09-02,7946,光陽社,メイン市場,その他製品,,False,383.0,382.0,5.6,True,2144799.9999999995
2026-09-02,7950,デコラックス,メイン市場,化 学,,False,9300.0,,0.1,True,930000.0
2026-09-02,7953,菊水化,メイン市場,その他製品,,False,,402.0,0.0,False,0.0
2026-09-02,7975,リヒトラブ,メイン市場,その他製品,,False,,1169.0,0.0,False,0.0
2026-09-02,8015,豊田通商,プレミア市場,卸売業,,False,,7538.0,0.0,False,0.0
2026-09-02,8031,三井物産,プレミア市場,卸売業,,False,,5119.0,0.0,False,0.0
2026-09-02,8071,東海エレ,メイン市場,卸売業,,False,3025.0,,0.1,True,302500.0
2026-09-02,8076,カノークス,メイン市場,卸売業,,False,,2126.0,0.0,False,0.0
2026-09-02,8130,サンゲツ,プレミア市場,卸売業,,False,,3190.0,0.0,False,0.0
2026-09-02,8145,中部水,メイン市場,卸売業,,False,,3240.0,0.0,False,0.0
2026-09-02,8160,木曽路,プレミア市場,小売業,,False,,2475.0,0.0,False,0.0
2026-09-02,8190,ヤマナカ,メイン市場,小売業,,False,519.0,,1.6,True,830400.0000000001
2026-09-02,8225,タカチホ,メイン市場,卸売業,,False,,3575.0,0.0,False,0.0
2026-09-02,8228,マルイチ産商,メイン市場,卸売業,,False,1092.0,,14.5,True,15834000.0
2026-09-02,8285,三谷産業,プレミア市場,卸売業,,False,,778.0,0.0,False,0.0
2026-09-02,8306,三菱ＵＦＪ,プレミア市場,銀行業,,False,,3684.0,0.0,False,0.0
2026-09-02,8309,三井住友トラストＧ,プレミア市場,銀行業,,False,,1775.0,0.0,False,0.0
2026-09-02,8316,三井住友,プレミア市場,銀行業,,False,,6971.0,0.0,False,0.0
2026-09-02,8361,大垣銀,プレミア市場,銀行業,,False,,8180.0,0.0,False,0.0
2026-09-02,8368,百五銀,プレミア市場,銀行業,,False,,2391.0,0.0,False,0.0
2026-09-02,8522,名古屋銀,プレミア市場,銀行業,,False,,7140.0,0.0,False,0.0
2026-09-02,8601,大和証Ｇ,プレミア市場,証券、商品先物取引業,,False,,1818.5,0.0,False,0.0
2026-09-02,8604,野村,プレミア市場,証券、商品先物取引業,,False,,1608.5,0.0,False,0.0
2026-09-02,8609,岡三,プレミア市場,証券、商品先物取引業,,False,,1190.0,0.0,False,0.0
2026-09-02,8616,東海東京,プレミア市場,証券、商品先物取引業,,False,,890.0,0.0,False,0.0
2026-09-02,8725,ＭＳ＆ＡＤ,プレミア市場,保険業,,False,,5135.0,0.0,False,0.0
2026-09-02,8803,平和不,プレミア市場,不動産業,,False,,2394.0,0.0,False,0.0
2026-09-02,8891,ＡＭＧＨＤ,メイン市場,不動産業,,False,,2098.0,0.0,False,0.0
2026-09-02,8904,ＡＶＡＮＴＩＡ,プレミア市場,不動産業,,False,,826.0,0.0,False,0.0
2026-09-02,8920,東祥,プレミア市場,サービス業,,False,,707.0,0.0,False,0.0
2026-09-02,8995,誠建設,メイン市場,不動産業,,False,,1565.0,0.0,False,0.0
2026-09-02,9022,ＪＲ東海,プレミア市場,陸運業,,False,3943.0,3942.0,0.4,True,1577200.0
2026-09-02,9040,大宝運,メイン市場,陸運業,,False,4220.0,,0.7,True,2954000.0
2026-09-02,9048,名鉄,プレミア市場,陸運業,,False,,1885.5,0.0,False,0.0
2026-09-02,9073,京極運輸,メイン市場,陸運業,,False,,1226.0,0.0,False,0.0
2026-09-02,9076,セイノーＨＤ,プレミア市場,陸運業,,False,,2746.0,0.0,False,0.0
2026-09-02,9170,成友興業,メイン市場,サービス業,,False,1497.0,,5.1,True,7634700.0
2026-09-02,9221,フルハシＥＰＯ,メイン市場,サービス業,,False,,1185.0,0.0,False,0.0
2026-09-02,9223,ＡＳＮＯＶＡ,ネクスト市場,サービス業,,False,,432.0,0.0,False,0.0
2026-09-02,9249,日本エコシステム,メイン市場,サービス業,,False,,1672.0,0.0,False,0.0
2026-09-02,9306,東陽倉,プレミア市場,倉庫・運輸関連業,,False,,2011.0,0.0,False,0.0
2026-09-02,9310,トランスシティ,プレミア市場,倉庫・運輸関連業,,False,,1407.0,0.0,False,0.0
2026-09-02,9330,揚羽,ネクスト市場,サービス業,,False,,883.0,0.0,False,0.0
2026-09-02,9357,名港海,メイン市場,倉庫・運輸関連業,,False,2490.0,,1.5,True,3735000.0
2026-09-02,9359,伊勢湾海,メイン市場,倉庫・運輸関連業,,False,969.0,,2.3,True,2228700.0
2026-09-02,9368,キムラユニティー,プレミア市場,倉庫・運輸関連業,,False,,958.0,0.0,False,0.0
2026-09-02,9402,中日放送,プレミア市場,情報・通信業,,False,1261.0,,12.0,True,15132000.0
2026-09-02,9428,クロップス,プレミア市場,情報・通信業,,False,,1478.0,0.0,False,0.0
2026-09-02,9471,文渓堂,メイン市場,情報・通信業,,False,1135.0,,0.4,True,454000.0
2026-09-02,9476,中央経済社ＨＤ,メイン市場,情報・通信業,,False,,980.0,0.0,False,0.0
2026-09-02,9502,中部電力,プレミア市場,電気・ガス業,,False,,2888.0,0.0,False,0.0
2026-09-02,9531,東瓦斯,プレミア市場,電気・ガス業,,False,,6248.0,0.0,False,0.0
2026-09-02,9533,東邦瓦斯,プレミア市場,電気・ガス業,,False,,1251.5,0.0,False,0.0
2026-09-02,9643,中日興,メイン市場,サービス業,,False,11060.0,,0.1,True,1106000.0
2026-09-02,9664,御園座,メイン市場,サービス業,,False,1501.0,,1.6,True,2401600.0
2026-09-02,9793,ダイセキ,プレミア市場,サービス業,,False,,3730.0,0.0,False,0.0
2026-09-02,9900,サガミＨＤ,プレミア市場,小売業,,False,,1118.0,0.0,False,0.0
2026-09-02,9913,日邦産業,メイン市場,卸売業,,False,,3615.0,0.0,False,0.0
2026-09-02,9914,植松商会,メイン市場,卸売業,,False,,751.0,0.0,False,0.0
2026-09-02,9956,バローＨＤ,プレミア市場,小売業,,False,,3260.0,0.0,False,0.0
2026-09-02,9969,ショクブン,メイン市場,小売業,,False,,235.0,0.0,False,0.0
2026-09-02,9982,タキヒヨー,プレミア市場,卸売業,,False,,2568.0,0.0,False,0.0
2026-09-02,9987,スズケン,プレミア市場,卸売業,,False,,5183.0,0.0,False,0.0
2026-09-03,138A,光フードサービス,ネクスト市場,小売業,,False,,3105.0,0.0,False,0.0
2026-09-03,1438,岐阜造園,メイン市場,建設業,,False,,2264.0,0.0,False,0.0
2026-09-03,1444,ニッソウ,ネクスト市場,建設業,,False,,2665.0,0.0,False,0.0
2026-09-03,1738,ＮＩＴＴＯＨ,メイン市場,建設業,,False,566.0,,0.9,True,509400.00000000006
2026-09-03,1766,東建コーポ,プレミア市場,建設業,,False,,13750.0,0.0,False,0.0
2026-09-03,1777,川崎設備,メイン市場,建設業,,False,2350.0,,0.7,True,1645000.0
2026-09-03,1780,ヤマウラ,プレミア市場,建設業,,False,,1481.0,0.0,False,0.0
2026-09-03,1801,大成建,プレミア市場,建設業,,False,,12775.0,0.0,False,0.0
2026-09-03,1803,清水建,プレミア市場,建設業,,False,,2386.5,0.0,False,0.0
2026-09-03,1811,銭高組,メイン市場,建設業,,False,,7740.0,0.0,False,0.0
2026-09-03,1812,鹿島,プレミア市場,建設業,,False,,4922.0,0.0,False,0.0
2026-09-03,1869,名工建,メイン市場,建設業,,False,1904.0,,5.7,True,10852800.000000002
2026-09-03,1870,矢作建,プレミア市場,建設業,,False,,2153.0,0.0,False,0.0
2026-09-03,1878,大東建,プレミア市場,不動産業,,False,,3308.0,0.0,False,0.0
2026-09-03,1892,徳倉建,メイン市場,建設業,,False,,7810.0,0.0,False,0.0
2026-09-03,1893,五洋建,プレミア市場,建設業,,False,,1437.5,0.0,False,0.0
2026-09-03,1928,積水ハウス,プレミア市場,建設業,,False,,3402.0,0.0,False,0.0
2026-09-03,1946,トーエネック,プレミア市場,建設業,,False,,2214.0,0.0,False,0.0
2026-09-03,2053,中部飼料,プレミア市場,食料品,,False,,2015.0,0.0,False,0.0
2026-09-03,212A,フィットイージー,プレミア市場,サービス業,,False,,2819.0,0.0,False,0.0
2026-09-03,2139,中広,プレミア市場,サービス業,,False,,523.0,0.0,False,0.0
2026-09-03,2169,ＣＤＳ,プレミア市場,サービス業,,False,,1730.0,0.0,False,0.0
2026-09-03,2185,シイエム・シイ,プレミア市場,サービス業,,False,,2005.0,0.0,False,0.0
2026-09-03,2207,ｍｅｉｔｏ,プレミア市場,食料品,,False,,3495.0,0.0,False,0.0
2026-09-03,2209,井村屋Ｇ,プレミア市場,食料品,,False,,2416.0,0.0,False,0.0
2026-09-03,2224,コモ,メイン市場,食料品,,False,,3690.0,0.0,False,0.0
2026-09-03,2327,ＮＳＳＯＬ,メイン市場,情報・通信業,,False,,3997.0,0.0,False,0.0
2026-09-03,2329,東北新社,メイン市場,情報・通信業,,False,,502.0,0.0,False,0.0
2026-09-03,2351,ＡＳＪ,メイン市場,情報・通信業,,False,,334.0,0.0,False,0.0
2026-09-03,2376,サイネックス,メイン市場,サービス業,,False,,795.0,0.0,False,0.0
2026-09-03,2424,ブラス,プレミア市場,サービス業,,False,,596.0,0.0,False,0.0
2026-09-03,2435,シダー,メイン市場,サービス業,,False,,210.0,0.0,False,0.0
2026-09-03,2467,ＶＬＣセキュリティ,ネクスト市場,サービス業,,False,177.0,,5.7,True,1008900.0
2026-09-03,246A,アスア,メイン市場,サービス業,,False,,932.0,0.0,False,0.0
2026-09-03,2479,ジェイテック,メイン市場,サービス業,,False,,260.0,0.0,False,0.0
2026-09-03,2480,シスロケ,メイン市場,情報・通信業,,False,,1759.0,0.0,False,0.0
2026-09-03,2485,ティア,プレミア市場,サービス業,,False,,448.0,0.0,False,0.0
2026-09-03,2551,マルサンアイ,メイン市場,食料品,,False,3600.0,,1.3,True,4680000.0
2026-09-03,259A,ケイ・ウノ,ネクスト市場,小売業,,False,1850.0,,0.9,True,1665000.0
2026-09-03,2722,ＩＫホールディングス,プレミア市場,小売業,,False,,360.0,0.0,False,0.0
2026-09-03,2734,サーラ,プレミア市場,小売業,,False,,1199.0,0.0,False,0.0
2026-09-03,2753,あみやき,プレミア市場,小売業,,False,,1390.0,0.0,False,0.0
2026-09-03,275A,ハンワホームズ,ネクスト市場,建設業,,False,390.0,,0.1,True,39000.0
2026-09-03,2778,パレモ・ＨＤ,メイン市場,小売業,,False,,113.0,0.0,False,0.0
2026-09-03,2780,コメ兵ＨＤ,メイン市場,小売業,,False,,4835.0,0.0,False,0.0
2026-09-03,2806,ユタカフーズ,メイン市場,食料品,,False,,1940.0,0.0,False,0.0
2026-09-03,2811,カゴメ,プレミア市場,食料品,,False,,2754.5,0.0,False,0.0
2026-09-03,2902,太陽化,メイン市場,食料品,,False,2709.0,,0.9,True,2438100.0
2026-09-03,2983,アールプランナー,メイン市場,不動産業,,False,,1748.0,0.0,False,0.0
2026-09-03,2986,ＬＡＨＤ,プレミア市場,不動産業,,False,,2784.0,0.0,False,0.0
2026-09-03,3028,アルペン,プレミア市場,小売業,,False,,2322.0,0.0,False,0.0
2026-09-03,3032,ゴルフ・ドゥ,ネクスト市場,小売業,,False,242.0,,2.5,True,605000.0
2026-09-03,3035,ケイティケイ,メイン市場,卸売業,,False,,773.0,0.0,False,0.0
2026-09-03,3066,ＪＢイレブン,メイン市場,小売業,,False,649.0,,2.1,True,1362900.0
2026-09-03,3086,Ｊフロント,プレミア市場,小売業,,False,,2733.5,0.0,False,0.0
2026-09-03,3091,ブロンコＢ,プレミア市場,小売業,,False,,2801.0,0.0,False,0.0
2026-09-03,3116,トヨタ紡織,プレミア市場,輸送用機器,,False,,2304.5,0.0,False,0.0
2026-09-03,3138,富士山マガジン,メイン市場,小売業,,False,,1144.0,0.0,False,0.0
2026-09-03,3184,ＩＣＤＡ,メイン市場,小売業,,False,,4180.0,0.0,False,0.0
2026-09-03,3186,ネクステージ,プレミア市場,小売業,,False,,3185.0,0.0,False,0.0
2026-09-03,3202,ダイトウボウ,プレミア市場,繊維製品,,False,,129.0,0.0,False,0.0
2026-09-03,3205,ダイドー,プレミア市場,繊維製品,,False,,734.0,0.0,False,0.0
2026-09-03,3221,ヨシックスＨＤ,プレミア市場,小売業,,False,,3230.0,0.0,False,0.0
2026-09-03,3232,三重交通ＧＨＤ,プレミア市場,不動産業,,False,,618.0,0.0,False,0.0
2026-09-03,3260,エスポア,,サービス業,監理,True,503.0,,10.6,True,5331800.0
2026-09-03,3320,クロスプラス,メイン市場,卸売業,,False,,1310.0,0.0,False,0.0
2026-09-03,3321,ミタチ,プレミア市場,卸売業,,False,,1652.0,0.0,False,0.0
2026-09-03,3346,ヒロタグループＨＤ,ネクスト市場,小売業,,False,81.0,,30.4,True,2462400.0
2026-09-03,3384,アークコア,ネクスト市場,卸売業,,False,771.0,,0.1,True,77100.00000000001
2026-09-03,3419,アートグリーン,ネクスト市場,卸売業,,False,1994.0,,0.1,True,199400.0
2026-09-03,3422,Ｊ－ＭＡＸ,メイン市場,金属製品,,False,,604.0,0.0,False,0.0
2026-09-03,3439,三ツ知,メイン市場,金属製品,,False,,679.0,0.0,False,0.0
2026-09-03,3441,山王,メイン市場,金属製品,,False,,2663.0,0.0,False,0.0
2026-09-03,3442,ＭＩＥコーポ,メイン市場,金属製品,,False,1802.0,,0.4,True,720800.0000000001
2026-09-03,3447,信和,プレミア市場,金属製品,,False,,1014.0,0.0,False,0.0
2026-09-03,3461,パルマ,メイン市場,不動産業,,False,,627.0,0.0,False,0.0
2026-09-03,3469,デュアルタップ,メイン市場,不動産業,,False,,895.0,0.0,False,0.0
2026-09-03,3494,マリオン,メイン市場,不動産業,,False,,444.0,0.0,False,0.0
2026-09-03,3504,丸八ホールディングス,メイン市場,繊維製品,,False,1369.0,,8.3,True,11362700.0
2026-09-03,3524,日東網,プレミア市場,繊維製品,,False,,1481.0,0.0,False,0.0
2026-09-03,3543,コメダ,プレミア市場,卸売業,,False,,2914.0,0.0,False,0.0
2026-09-03,3549,クスリのアオキＨＤ,メイン市場,小売業,,False,,4162.0,0.0,False,0.0
2026-09-03,3556,リネットジャパン,メイン市場,小売業,,False,,786.0,0.0,False,0.0
2026-09-03,3559,ピーバンドットコム,メイン市場,卸売業,,False,,458.0,0.0,False,0.0
2026-09-03,3571,ソトー,プレミア市場,繊維製品,,False,,737.0,0.0,False,0.0
2026-09-03,3577,東海染工,プレミア市場,繊維製品,,False,,933.0,0.0,False,0.0
2026-09-03,3670,協立情報通信,メイン市場,情報・通信業,,False,1732.0,1726.0,0.2,True,346400.00000000006
2026-09-03,3739,コムシード,ネクスト市場,情報・通信業,,False,121.0,,4.8,True,580800.0
2026-09-03,3771,システムリサーチ,プレミア市場,情報・通信業,,False,,1888.0,0.0,False,0.0
2026-09-03,3775,ガイアックス,ネクスト市場,情報・通信業,,False,442.0,,2.0,True,884000.0
2026-09-03,377A,エージェントＩＧＨＤ,メイン市場,保険業,,False,1006.0,,0.4,True,402400.00000000006
2026-09-03,3808,オーケーウェブ,ネクスト市場,情報・通信業,,False,29.0,,37.6,True,1090400.0
2026-09-03,3842,ネクストジェン,メイン市場,情報・通信業,,False,,1056.0,0.0,False,0.0
2026-09-03,391A,山忠,メイン市場,不動産業,,False,,2463.0,0.0,False,0.0
2026-09-03,3922,ＰＲＴＩＭＥＳ,プレミア市場,情報・通信業,,False,,2121.0,0.0,False,0.0
2026-09-03,3947,ダイナパック,メイン市場,パルプ・紙,,False,,2487.0,0.0,False,0.0
2026-09-03,3958,笹徳印刷,メイン市場,パルプ・紙,,False,,551.0,0.0,False,0.0
2026-09-03,3974,ＳＣＡＴ,メイン市場,情報・通信業,,False,,672.0,0.0,False,0.0
2026-09-03,4062,イビデン,プレミア市場,電気機器,,False,19970.0,19720.0,0.4,True,7988000.0
2026-09-03,4063,信越化,プレミア市場,化 学,,False,,5859.0,0.0,False,0.0
2026-09-03,4072,電算システムＨＤ,プレミア市場,情報・通信業,,False,,3045.0,0.0,False,0.0
2026-09-03,4124,大阪油化工業,メイン市場,化 学,,False,,3070.0,0.0,False,0.0
2026-09-03,4125,三和油化工業,メイン市場,化 学,,False,,3725.0,0.0,False,0.0
2026-09-03,418A,ウリドキ,ネクスト市場,情報・通信業,,False,1300.0,,3.4,True,4420000.0
2026-09-03,4196,ネオマーケ,メイン市場,情報・通信業,,False,,2154.0,0.0,False,0.0
2026-09-03,4206,アイカ工,プレミア市場,化 学,,False,,4132.0,0.0,False,0.0
2026-09-03,4240,クラスターＴ,メイン市場,化 学,,False,,314.0,0.0,False,0.0
2026-09-03,4247,ポバール興業,メイン市場,化 学,,False,,1385.0,0.0,False,0.0
2026-09-03,4361,川口化,メイン市場,化 学,,False,,1609.0,0.0,False,0.0
2026-09-03,4430,東海ソフト,プレミア市場,情報・通信業,,False,,1799.0,0.0,False,0.0
2026-09-03,4439,東名,プレミア市場,情報・通信業,,False,,796.0,0.0,False,0.0
2026-09-03,4445,リビンＴ,メイン市場,情報・通信業,,False,,1938.0,0.0,False,0.0
2026-09-03,4463,日華化学,プレミア市場,化 学,,False,,2035.0,0.0,False,0.0
2026-09-03,4502,武田薬,プレミア市場,医薬品,,False,,5908.0,0.0,False,0.0
2026-09-03,4616,川上塗料,メイン市場,化 学,,False,,2459.0,0.0,False,0.0
2026-09-03,4658,日本空調,プレミア市場,サービス業,,False,,1566.0,0.0,False,0.0
2026-09-03,4667,アイサンテクノロ,メイン市場,情報・通信業,,False,,3670.0,0.0,False,0.0
2026-09-03,4681,リゾートトラ,プレミア市場,サービス業,,False,,1818.5,0.0,False,0.0
2026-09-03,4691,ワシントンホテル,メイン市場,サービス業,,False,,2152.0,0.0,False,0.0
2026-09-03,4707,キタック,メイン市場,サービス業,,False,,342.0,0.0,False,0.0
2026-09-03,4732,ＵＳＳ,プレミア市場,サービス業,,False,,1983.0,0.0,False,0.0
2026-09-03,4760,アルファ,メイン市場,サービス業,,False,1538.0,1531.0,0.1,True,153800.0
2026-09-03,4920,日本色材,メイン市場,化 学,,False,,1132.0,0.0,False,0.0
2026-09-03,5020,ＥＮＥＯＳ,プレミア市場,石油・石炭製品,,False,,1372.0,0.0,False,0.0
2026-09-03,5075,アップコン,ネクスト市場,建設業,,False,1033.0,,2.3,True,2375899.9999999995
2026-09-03,5204,石塚硝,プレミア市場,ガラス・土石製品,,False,,3050.0,0.0,False,0.0
2026-09-03,523A,セイワＨＤ,ネクスト市場,金属製品,,False,,1666.0,0.0,False,0.0
2026-09-03,5241,日本オーエー研究所,メイン市場,情報・通信業,,False,766.0,,0.2,True,153200.00000000003
2026-09-03,5271,トーヨーアサノ,メイン市場,ガラス・土石製品,,False,,2261.0,0.0,False,0.0
2026-09-03,5287,イトーヨーギョー,メイン市場,ガラス・土石製品,,False,,895.0,0.0,False,0.0
2026-09-03,5331,ノリタケ,プレミア市場,ガラス・土石製品,,False,,3505.0,0.0,False,0.0
2026-09-03,5332,ＴＯＴＯ,プレミア市場,ガラス・土石製品,,False,,5909.0,0.0,False,0.0
2026-09-03,5333,ＮＧＫ,プレミア市場,ガラス・土石製品,,False,,5121.0,0.0,False,0.0
2026-09-03,5334,日特殊陶,プレミア市場,ガラス・土石製品,,False,,7904.0,0.0,False,0.0
2026-09-03,5342,ジャニス工,メイン市場,ガラス・土石製品,,False,377.0,,0.5,True,188500.0
2026-09-03,5343,ニッコー,メイン市場,ガラス・土石製品,,False,182.0,,4.8,True,873600.0
2026-09-03,5344,ＭＡＲＵＷＡ,プレミア市場,ガラス・土石製品,,False,,50520.0,0.0,False,0.0
2026-09-03,5356,美濃窯業,メイン市場,ガラス・土石製品,,False,,1300.0,0.0,False,0.0
2026-09-03,5384,ＦＵＪＩＭＩ,プレミア市場,ガラス・土石製品,,False,,3300.0,0.0,False,0.0
2026-09-03,5386,鶴弥,メイン市場,ガラス・土石製品,,False,387.0,,0.4,True,154800.0
2026-09-03,5401,日本製鉄,プレミア市場,鉄 鋼,,False,,704.6,0.0,False,0.0
2026-09-03,5406,神戸鋼,プレミア市場,鉄 鋼,,False,,2050.0,0.0,False,0.0
2026-09-03,5461,中部鋼鈑,プレミア市場,鉄 鋼,,False,,2141.0,0.0,False,0.0
2026-09-03,546A,ＭＩＲＡＩＮＩ,プレミア市場,卸売業,,False,,2455.0,0.0,False,0.0
2026-09-03,5471,大同特鋼,プレミア市場,鉄 鋼,,False,,2279.0,0.0,False,0.0
2026-09-03,5482,愛知鋼,プレミア市場,鉄 鋼,,False,,3295.0,0.0,False,0.0
2026-09-03,550A,ソフトテックス,メイン市場,情報・通信業,,False,,2200.0,0.0,False,0.0
2026-09-03,5530,日本システムバンク,メイン市場,不動産業,,False,1096.0,,1.0,True,1096000.0
2026-09-03,5589,オートサーバー,メイン市場,情報・通信業,,False,,2950.0,0.0,False,0.0
2026-09-03,5607,中央可鍛,メイン市場,鉄 鋼,,False,610.0,,6.8,True,4148000.0
2026-09-03,5802,住友電工,プレミア市場,非鉄金属,,False,,2103.0,0.0,False,0.0
2026-09-03,5918,滝上工,メイン市場,金属製品,,False,,7990.0,0.0,False,0.0
2026-09-03,5938,ＬＩＸＩＬ,プレミア市場,金属製品,,False,1763.0,1762.0,0.1,True,176300.0
2026-09-03,5947,リンナイ,プレミア市場,金属製品,,False,,3635.0,0.0,False,0.0
2026-09-03,5952,アマテイ,メイン市場,金属製品,,False,,188.0,0.0,False,0.0
2026-09-03,5979,カネソウ,メイン市場,金属製品,,False,,5420.0,0.0,False,0.0
2026-09-03,5984,兼房,メイン市場,金属製品,,False,,780.0,0.0,False,0.0
2026-09-03,5992,中央発条,プレミア市場,金属製品,,False,,3690.0,0.0,False,0.0
2026-09-03,5994,ファインシンター,メイン市場,金属製品,,False,,1013.0,0.0,False,0.0
2026-09-03,6025,日本ＰＣサービス,ネクスト市場,サービス業,,False,682.0,,2.4,True,1636800.0
2026-09-03,6036,ＫｅｅＰｅｒ技研,プレミア市場,サービス業,,False,,3370.0,0.0,False,0.0
2026-09-03,6055,Ｊマテリアル,プレミア市場,サービス業,,False,,2124.0,0.0,False,0.0
2026-09-03,6074,ＪＳＳ,メイン市場,サービス業,,False,,520.0,0.0,False,0.0
2026-09-03,6103,オークマ,プレミア市場,機 械,,False,,4585.0,0.0,False,0.0
2026-09-03,6111,旭精機,メイン市場,機 械,,False,1998.0,,1.7,True,3396600.0
2026-09-03,6134,ＦＵＪＩ,プレミア市場,機 械,,False,,6853.0,0.0,False,0.0
2026-09-03,6136,ＯＳＧ,プレミア市場,機 械,,False,,3588.0,0.0,False,0.0
2026-09-03,6142,富士精工,メイン市場,機 械,,False,1774.0,,1.6,True,2838400.0
2026-09-03,6203,豊和工,プレミア市場,機 械,,False,,1502.0,0.0,False,0.0
2026-09-03,6225,エコム,メイン市場,機 械,,False,,2100.0,0.0,False,0.0
2026-09-03,6267,ゼネパッカー,メイン市場,機 械,,False,,4000.0,0.0,False,0.0
2026-09-03,6325,タカキタ,プレミア市場,機 械,,False,,415.0,0.0,False,0.0
2026-09-03,6339,新東工,プレミア市場,機 械,,False,,1210.0,0.0,False,0.0
2026-09-03,6340,渋谷工,プレミア市場,機 械,,False,,5190.0,0.0,False,0.0
2026-09-03,6342,太平製,メイン市場,機 械,,False,,2968.0,0.0,False,0.0
2026-09-03,6345,アイチ,プレミア市場,機 械,,False,,1467.0,0.0,False,0.0
2026-09-03,6346,キクカワ,メイン市場,機 械,,False,,5700.0,0.0,False,0.0
2026-09-03,6396,宇野沢鉄,メイン市場,機 械,,False,,4700.0,0.0,False,0.0
2026-09-03,6407,ＣＫＤ,プレミア市場,機 械,,False,,5220.0,0.0,False,0.0
2026-09-03,6430,ダイコク電,プレミア市場,機 械,,False,,2501.0,0.0,False,0.0
2026-09-03,6439,中日鋳工,メイン市場,機 械,,False,413.0,,1.5,True,619500.0
2026-09-03,6448,ブラザー,プレミア市場,電気機器,,False,,4864.0,0.0,False,0.0
2026-09-03,6465,ホシザキ,プレミア市場,機 械,,False,,5626.0,0.0,False,0.0
2026-09-03,6470,大豊工業,プレミア市場,機 械,,False,,1120.0,0.0,False,0.0
2026-09-03,6473,ジェイテクト,プレミア市場,機 械,,False,,2213.0,0.0,False,0.0
2026-09-03,6501,日立,プレミア市場,電気機器,,False,,5352.0,0.0,False,0.0
2026-09-03,6504,富士電機,プレミア市場,電気機器,,False,,12835.0,0.0,False,0.0
2026-09-03,6508,明電舎,プレミア市場,電気機器,,False,,10530.0,0.0,False,0.0
2026-09-03,6547,グリーンズ,プレミア市場,サービス業,,False,,2127.0,0.0,False,0.0
2026-09-03,6564,ミダックＨＤ,プレミア市場,サービス業,,False,,1938.0,0.0,False,0.0
2026-09-03,6565,ＡＢホテル,メイン市場,サービス業,,False,1295.0,,1.9,True,2460500.0
2026-09-03,6586,マキタ,プレミア市場,機 械,,False,,5341.0,0.0,False,0.0
2026-09-03,6615,ＵＭＣエレ,メイン市場,電気機器,,False,,239.0,0.0,False,0.0
2026-09-03,6623,愛知電,プレミア市場,電気機器,,False,8890.0,,3.1,True,27559000.0
2026-09-03,6651,日東工,プレミア市場,電気機器,,False,,4315.0,0.0,False,0.0
2026-09-03,6655,洋電機,メイン市場,電気機器,,False,785.0,,0.2,True,157000.0
2026-09-03,6676,ＢＵＦＦＡＬＯ,プレミア市場,電気機器,,False,,3050.0,0.0,False,0.0
2026-09-03,6702,富士通,プレミア市場,電気機器,,False,,3795.0,0.0,False,0.0
2026-09-03,6718,アイホン,プレミア市場,電気機器,,False,,2853.0,0.0,False,0.0
2026-09-03,6797,名古屋電,メイン市場,電気機器,,False,,1209.0,0.0,False,0.0
2026-09-03,6846,中央製,メイン市場,電気機器,,False,,1444.0,0.0,False,0.0
2026-09-03,6902,デンソー,プレミア市場,輸送用機器,,False,,1937.0,0.0,False,0.0
2026-09-03,6995,東海理電,プレミア市場,輸送用機器,,False,,3250.0,0.0,False,0.0
2026-09-03,6999,ＫＯＡ,プレミア市場,電気機器,,False,,2191.0,0.0,False,0.0
2026-09-03,7011,三菱重,プレミア市場,機 械,,False,,3795.0,0.0,False,0.0
2026-09-03,7012,川崎重,プレミア市場,輸送用機器,,False,,2450.5,0.0,False,0.0
2026-09-03,7059,コプロＨＤ,プレミア市場,サービス業,,False,,910.0,0.0,False,0.0
2026-09-03,7073,ジェイック,メイン市場,サービス業,,False,,2360.0,0.0,False,0.0
2026-09-03,7075,ＱＬＳＨＤ,ネクスト市場,サービス業,,False,,941.0,0.0,False,0.0
2026-09-03,7076,名南Ｍ＆Ａ,メイン市場,サービス業,,False,1093.0,,12.9,True,14099700.0
2026-09-03,7102,日車輌,プレミア市場,輸送用機器,,False,,3610.0,0.0,False,0.0
2026-09-03,7118,伸和ホールディングス,ネクスト市場,小売業,,False,4300.0,,0.5,True,2150000.0
2026-09-03,7129,ミアヘルサＨＤ,メイン市場,小売業,,False,,1168.0,0.0,False,0.0
2026-09-03,7135,ジャパンクラフトＨＤ,プレミア市場,小売業,,False,,180.0,0.0,False,0.0
2026-09-03,7203,トヨタ自,プレミア市場,輸送用機器,,False,,3117.0,0.0,False,0.0
2026-09-03,7213,レシップＨＤ,プレミア市場,輸送用機器,,False,,679.0,0.0,False,0.0
2026-09-03,7220,武蔵精密,プレミア市場,輸送用機器,,False,,2803.0,0.0,False,0.0
2026-09-03,7227,アスカ,メイン市場,輸送用機器,,False,1839.0,,0.3,True,551699.9999999999
2026-09-03,7231,トピー工,プレミア市場,輸送用機器,,False,,3140.0,0.0,False,0.0
2026-09-03,7241,フタバ産,プレミア市場,輸送用機器,,False,,1127.0,0.0,False,0.0
2026-09-03,7245,大同メタル,プレミア市場,輸送用機器,,False,,1151.0,0.0,False,0.0
2026-09-03,7259,アイシン,プレミア市場,輸送用機器,,False,,2258.5,0.0,False,0.0
2026-09-03,7266,今仙電機,プレミア市場,輸送用機器,,False,,1014.0,0.0,False,0.0
2026-09-03,7282,豊田合,プレミア市場,輸送用機器,,False,,5438.0,0.0,False,0.0
2026-09-03,7283,愛三工,プレミア市場,輸送用機器,,False,,2340.0,0.0,False,0.0
2026-09-03,7322,,プレミア市場,銀行業,,False,,2188.0,0.0,False,0.0
2026-09-03,7362,Ｔ．Ｓ．Ｉ,メイン市場,サービス業,,False,,880.0,0.0,False,0.0
2026-09-03,7369,メイホーＨＤ,ネクスト市場,サービス業,,False,,358.0,0.0,False,0.0
2026-09-03,7380,十六ＦＧ,プレミア市場,銀行業,,False,,2664.0,0.0,False,0.0
2026-09-03,7389,あいちＦＧ,プレミア市場,銀行業,,False,,1988.0,0.0,False,0.0
2026-09-03,7412,アトム,メイン市場,小売業,,False,395.0,390.0,0.9,True,355500.0
2026-09-03,7485,岡谷鋼機,プレミア市場,卸売業,,False,5080.0,,5.0,True,25400000.0
2026-09-03,7488,ヤガミ,メイン市場,卸売業,,False,5050.0,,0.3,True,1515000.0
2026-09-03,7514,ヒマラヤ,プレミア市場,小売業,,False,,856.0,0.0,False,0.0
2026-09-03,7593,ＶＴＨＤ,プレミア市場,小売業,,False,,537.0,0.0,False,0.0
2026-09-03,7607,進和,プレミア市場,卸売業,,False,,3050.0,0.0,False,0.0
2026-09-03,7630,壱番屋,プレミア市場,小売業,,False,,1096.0,0.0,False,0.0
2026-09-03,7649,スギＨＤ,プレミア市場,小売業,,False,,1332.0,0.0,False,0.0
2026-09-03,7675,セントラルフォレスト,メイン市場,卸売業,,False,2711.0,,0.1,True,271100.0
2026-09-03,7682,浜木綿,メイン市場,小売業,,False,,3915.0,0.0,False,0.0
2026-09-03,7723,愛知時,プレミア市場,精密機器,,False,,2876.0,0.0,False,0.0
2026-09-03,7747,アサヒインテック,プレミア市場,精密機器,,False,,3608.0,0.0,False,0.0
2026-09-03,7751,キヤノン,プレミア市場,電気機器,,False,,4660.0,0.0,False,0.0
2026-09-03,7780,メニコン,プレミア市場,精密機器,,False,,1903.0,0.0,False,0.0
2026-09-03,7790,バルコス,ネクスト市場,その他製品,,False,1076.0,,0.1,True,107600.0
2026-09-03,7805,プリントネット,メイン市場,その他製品,,False,,716.0,0.0,False,0.0
2026-09-03,7870,福島印,メイン市場,その他製品,,False,365.0,,0.5,True,182500.0
2026-09-03,7871,フクビ化工,メイン市場,化 学,,False,,1011.0,0.0,False,0.0
2026-09-03,7875,竹田ｉＰ,メイン市場,その他製品,,False,,803.0,0.0,False,0.0
2026-09-03,7878,光・彩,メイン市場,その他製品,,False,,1520.0,0.0,False,0.0
2026-09-03,7896,セブン工,メイン市場,その他製品,,False,,509.0,0.0,False,0.0
2026-09-03,7928,旭化学,メイン市場,化 学,,False,,613.0,0.0,False,0.0
2026-09-03,7931,未来工業,プレミア市場,化 学,,False,,3605.0,0.0,False,0.0
2026-09-03,7943,ニチハ,プレミア市場,ガラス・土石製品,,False,,3070.0,0.0,False,0.0
2026-09-03,7946,光陽社,メイン市場,その他製品,,False,350.0,343.0,4.1,True,1434999.9999999998
2026-09-03,7950,デコラックス,メイン市場,化 学,,False,,9300.0,0.0,False,0.0
2026-09-03,7953,菊水化,メイン市場,その他製品,,False,,400.0,0.0,False,0.0
2026-09-03,7975,リヒトラブ,メイン市場,その他製品,,False,,1162.0,0.0,False,0.0
2026-09-03,8015,豊田通商,プレミア市場,卸売業,,False,,7673.0,0.0,False,0.0
2026-09-03,8031,三井物産,プレミア市場,卸売業,,False,,5253.0,0.0,False,0.0
2026-09-03,8071,東海エレ,メイン市場,卸売業,,False,,3025.0,0.0,False,0.0
2026-09-03,8076,カノークス,メイン市場,卸売業,,False,,2132.0,0.0,False,0.0
2026-09-03,8130,サンゲツ,プレミア市場,卸売業,,False,,3195.0,0.0,False,0.0
2026-09-03,8145,中部水,メイン市場,卸売業,,False,,3240.0,0.0,False,0.0
2026-09-03,8160,木曽路,プレミア市場,小売業,,False,,2473.0,0.0,False,0.0
2026-09-03,8190,ヤマナカ,メイン市場,小売業,,False,519.0,,3.9,True,2024100.0
2026-09-03,8225,タカチホ,メイン市場,卸売業,,False,,3575.0,0.0,False,0.0
2026-09-03,8228,マルイチ産商,メイン市場,卸売業,,False,1090.0,,9.7,True,10573000.0
2026-09-03,8285,三谷産業,プレミア市場,卸売業,,False,,775.0,0.0,False,0.0
2026-09-03,8306,三菱ＵＦＪ,プレミア市場,銀行業,,False,,3754.0,0.0,False,0.0
2026-09-03,8309,三井住友トラストＧ,プレミア市場,銀行業,,False,,1787.0,0.0,False,0.0
2026-09-03,8316,三井住友,プレミア市場,銀行業,,False,,7089.0,0.0,False,0.0
2026-09-03,8361,大垣銀,プレミア市場,銀行業,,False,,8280.0,0.0,False,0.0
2026-09-03,8368,百五銀,プレミア市場,銀行業,,False,,2410.0,0.0,False,0.0
2026-09-03,8522,名古屋銀,プレミア市場,銀行業,,False,,7240.0,0.0,False,0.0
2026-09-03,8601,大和証Ｇ,プレミア市場,証券、商品先物取引業,,False,,1856.0,0.0,False,0.0
2026-09-03,8604,野村,プレミア市場,証券、商品先物取引業,,False,,1632.0,0.0,False,0.0
2026-09-03,8609,岡三,プレミア市場,証券、商品先物取引業,,False,,1206.0,0.0,False,0.0
2026-09-03,8616,東海東京,プレミア市場,証券、商品先物取引業,,False,,891.0,0.0,False,0.0
2026-09-03,8725,ＭＳ＆ＡＤ,プレミア市場,保険業,,False,,5211.0,0.0,False,0.0
2026-09-03,8803,平和不,プレミア市場,不動産業,,False,,2398.0,0.0,False,0.0
2026-09-03,8891,ＡＭＧＨＤ,メイン市場,不動産業,,False,,2099.0,0.0,False,0.0
2026-09-03,8904,ＡＶＡＮＴＩＡ,プレミア市場,不動産業,,False,,828.0,0.0,False,0.0
2026-09-03,8920,東祥,プレミア市場,サービス業,,False,,712.0,0.0,False,0.0
2026-09-03,8995,誠建設,メイン市場,不動産業,,False,,1665.0,0.0,False,0.0
2026-09-03,9022,ＪＲ東海,プレミア市場,陸運業,,False,,3905.0,0.0,False,0.0
2026-09-03,9040,大宝運,メイン市場,陸運業,,False,4220.0,,0.4,True,1688000.0
2026-09-03,9048,名鉄,プレミア市場,陸運業,,False,,1883.0,0.0,False,0.0
2026-09-03,9073,京極運輸,メイン市場,陸運業,,False,,1227.0,0.0,False,0.0
2026-09-03,9076,セイノーＨＤ,プレミア市場,陸運業,,False,,2723.5,0.0,False,0.0
2026-09-03,9170,成友興業,メイン市場,サービス業,,False,1488.0,,5.0,True,7440000.0
2026-09-03,9221,フルハシＥＰＯ,メイン市場,サービス業,,False,,1194.0,0.0,False,0.0
2026-09-03,9223,ＡＳＮＯＶＡ,ネクスト市場,サービス業,,False,,434.0,0.0,False,0.0
2026-09-03,9249,日本エコシステム,メイン市場,サービス業,,False,,1677.0,0.0,False,0.0
2026-09-03,9306,東陽倉,プレミア市場,倉庫・運輸関連業,,False,,2001.0,0.0,False,0.0
2026-09-03,9310,トランスシティ,プレミア市場,倉庫・運輸関連業,,False,,1399.0,0.0,False,0.0
2026-09-03,9330,揚羽,ネクスト市場,サービス業,,False,,888.0,0.0,False,0.0
2026-09-03,9357,名港海,メイン市場,倉庫・運輸関連業,,False,2486.0,,1.3,True,3231800.0
2026-09-03,9359,伊勢湾海,メイン市場,倉庫・運輸関連業,,False,952.0,,2.9,True,2760799.9999999995
2026-09-03,9368,キムラユニティー,プレミア市場,倉庫・運輸関連業,,False,,958.0,0.0,False,0.0
2026-09-03,9402,中日放送,プレミア市場,情報・通信業,,False,1260.0,,0.7,True,882000.0
2026-09-03,9428,クロップス,プレミア市場,情報・通信業,,False,,1486.0,0.0,False,0.0
2026-09-03,9471,文渓堂,メイン市場,情報・通信業,,False,1132.0,,0.2,True,226400.0
2026-09-03,9476,中央経済社ＨＤ,メイン市場,情報・通信業,,False,,988.0,0.0,False,0.0
2026-09-03,9502,中部電力,プレミア市場,電気・ガス業,,False,,2978.5,0.0,False,0.0
2026-09-03,9531,東瓦斯,プレミア市場,電気・ガス業,,False,,6323.0,0.0,False,0.0
2026-09-03,9533,東邦瓦斯,プレミア市場,電気・ガス業,,False,,1282.5,0.0,False,0.0
2026-09-03,9643,中日興,メイン市場,サービス業,,False,11080.0,,0.2,True,2216000.0
2026-09-03,9664,御園座,メイン市場,サービス業,,False,1498.0,,2.0,True,2996000.0
2026-09-03,9793,ダイセキ,プレミア市場,サービス業,,False,,3770.0,0.0,False,0.0
2026-09-03,9900,サガミＨＤ,プレミア市場,小売業,,False,,1123.0,0.0,False,0.0
2026-09-03,9913,日邦産業,メイン市場,卸売業,,False,,3560.0,0.0,False,0.0
2026-09-03,9914,植松商会,メイン市場,卸売業,,False,,766.0,0.0,False,0.0
2026-09-03,9956,バローＨＤ,プレミア市場,小売業,,False,,3275.0,0.0,False,0.0
2026-09-03,9969,ショクブン,メイン市場,小売業,,False,,234.0,0.0,False,0.0
2026-09-03,9982,タキヒヨー,プレミア市場,卸売業,,False,,2530.0,0.0,False,0.0
2026-09-03,9987,スズケン,プレミア市場,卸売業,,False,,5189.0,0.0,False,0.0
2026-09-04,138A,光フードサービス,ネクスト市場,小売業,,False,,3110.0,0.0,False,0.0
2026-09-04,1438,岐阜造園,メイン市場,建設業,,False,,2283.0,0.0,False,0.0
2026-09-04,1444,ニッソウ,ネクスト市場,建設業,,False,,2665.0,0.0,False,0.0
2026-09-04,1738,ＮＩＴＴＯＨ,メイン市場,建設業,,False,565.0,,0.4,True,226000.0
2026-09-04,1766,東建コーポ,プレミア市場,建設業,,False,,13760.0,0.0,False,0.0
2026-09-04,1777,川崎設備,メイン市場,建設業,,False,2339.0,,4.8,True,11227199.999999998
2026-09-04,1780,ヤマウラ,プレミア市場,建設業,,False,,1495.0,0.0,False,0.0
2026-09-04,1801,大成建,プレミア市場,建設業,,False,,12690.0,0.0,False,0.0
2026-09-04,1803,清水建,プレミア市場,建設業,,False,,2370.5,0.0,False,0.0
2026-09-04,1811,銭高組,メイン市場,建設業,,False,,7680.0,0.0,False,0.0
2026-09-04,1812,鹿島,プレミア市場,建設業,,False,,4938.0,0.0,False,0.0
2026-09-04,1869,名工建,メイン市場,建設業,,False,1906.0,,0.9,True,1715400.0
2026-09-04,1870,矢作建,プレミア市場,建設業,,False,,2137.0,0.0,False,0.0
2026-09-04,1878,大東建,プレミア市場,不動産業,,False,,3311.0,0.0,False,0.0
2026-09-04,1892,徳倉建,メイン市場,建設業,,False,,7810.0,0.0,False,0.0
2026-09-04,1893,五洋建,プレミア市場,建設業,,False,,1445.5,0.0,False,0.0
2026-09-04,1928,積水ハウス,プレミア市場,建設業,,False,,3379.0,0.0,False,0.0
2026-09-04,1946,トーエネック,プレミア市場,建設業,,False,,2226.0,0.0,False,0.0
2026-09-04,2053,中部飼料,プレミア市場,食料品,,False,,2012.0,0.0,False,0.0
2026-09-04,212A,フィットイージー,プレミア市場,サービス業,,False,,2897.0,0.0,False,0.0
2026-09-04,2139,中広,プレミア市場,サービス業,,False,,521.0,0.0,False,0.0
2026-09-04,2169,ＣＤＳ,プレミア市場,サービス業,,False,,1721.0,0.0,False,0.0
2026-09-04,2185,シイエム・シイ,プレミア市場,サービス業,,False,,2000.0,0.0,False,0.0
2026-09-04,2207,ｍｅｉｔｏ,プレミア市場,食料品,,False,,3450.0,0.0,False,0.0
2026-09-04,2209,井村屋Ｇ,プレミア市場,食料品,,False,,2419.0,0.0,False,0.0
2026-09-04,2224,コモ,メイン市場,食料品,,False,,3695.0,0.0,False,0.0
2026-09-04,2327,ＮＳＳＯＬ,メイン市場,情報・通信業,,False,,3992.0,0.0,False,0.0
2026-09-04,2329,東北新社,メイン市場,情報・通信業,,False,,501.0,0.0,False,0.0
2026-09-04,2351,ＡＳＪ,メイン市場,情報・通信業,,False,,334.0,0.0,False,0.0
2026-09-04,2376,サイネックス,メイン市場,サービス業,,False,,781.0,0.0,False,0.0
2026-09-04,2424,ブラス,プレミア市場,サービス業,,False,,597.0,0.0,False,0.0
2026-09-04,2435,シダー,メイン市場,サービス業,,False,,209.0,0.0,False,0.0
2026-09-04,2467,ＶＬＣセキュリティ,ネクスト市場,サービス業,,False,175.0,,13.9,True,2432500.0
2026-09-04,246A,アスア,メイン市場,サービス業,,False,,933.0,0.0,False,0.0
2026-09-04,2479,ジェイテック,メイン市場,サービス業,,False,,265.0,0.0,False,0.0
2026-09-04,2480,シスロケ,メイン市場,情報・通信業,,False,,1752.0,0.0,False,0.0
2026-09-04,2485,ティア,プレミア市場,サービス業,,False,,450.0,0.0,False,0.0
2026-09-04,2551,マルサンアイ,メイン市場,食料品,,False,3615.0,,0.9,True,3253500.0
2026-09-04,259A,ケイ・ウノ,ネクスト市場,小売業,,False,1870.0,,0.9,True,1683000.0
2026-09-04,2722,ＩＫホールディングス,プレミア市場,小売業,,False,,359.0,0.0,False,0.0
2026-09-04,2734,サーラ,プレミア市場,小売業,,False,,1198.0,0.0,False,0.0
2026-09-04,2753,あみやき,プレミア市場,小売業,,False,,1395.0,0.0,False,0.0
2026-09-04,275A,ハンワホームズ,ネクスト市場,建設業,,False,,390.0,0.0,False,0.0
2026-09-04,2778,パレモ・ＨＤ,メイン市場,小売業,,False,,115.0,0.0,False,0.0
2026-09-04,2780,コメ兵ＨＤ,メイン市場,小売業,,False,,4800.0,0.0,False,0.0
2026-09-04,2806,ユタカフーズ,メイン市場,食料品,,False,,1934.0,0.0,False,0.0
2026-09-04,2811,カゴメ,プレミア市場,食料品,,False,,2739.0,0.0,False,0.0
2026-09-04,2902,太陽化,メイン市場,食料品,,False,2724.0,,2.2,True,5992800.0
2026-09-04,2983,アールプランナー,メイン市場,不動産業,,False,,1816.0,0.0,False,0.0
2026-09-04,2986,ＬＡＨＤ,プレミア市場,不動産業,,False,,2829.0,0.0,False,0.0
2026-09-04,3028,アルペン,プレミア市場,小売業,,False,,2304.0,0.0,False,0.0
2026-09-04,3032,ゴルフ・ドゥ,ネクスト市場,小売業,,False,244.0,,8.1,True,1976400.0
2026-09-04,3035,ケイティケイ,メイン市場,卸売業,,False,,774.0,0.0,False,0.0
2026-09-04,3066,ＪＢイレブン,メイン市場,小売業,,False,653.0,,5.1,True,3330299.9999999995
2026-09-04,3086,Ｊフロント,プレミア市場,小売業,,False,,2767.5,0.0,False,0.0
2026-09-04,3091,ブロンコＢ,プレミア市場,小売業,,False,,2849.0,0.0,False,0.0
2026-09-04,3116,トヨタ紡織,プレミア市場,輸送用機器,,False,,2291.0,0.0,False,0.0
2026-09-04,3138,富士山マガジン,メイン市場,小売業,,False,,1132.0,0.0,False,0.0
2026-09-04,3184,ＩＣＤＡ,メイン市場,小売業,,False,,4200.0,0.0,False,0.0
2026-09-04,3186,ネクステージ,プレミア市場,小売業,,False,,3230.0,0.0,False,0.0
2026-09-04,3202,ダイトウボウ,プレミア市場,繊維製品,,False,,131.0,0.0,False,0.0
2026-09-04,3205,ダイドー,プレミア市場,繊維製品,,False,,736.0,0.0,False,0.0
2026-09-04,3221,ヨシックスＨＤ,プレミア市場,小売業,,False,,3270.0,0.0,False,0.0
2026-09-04,3232,三重交通ＧＨＤ,プレミア市場,不動産業,,False,,601.0,0.0,False,0.0
2026-09-04,3260,エスポア,,サービス業,監理,True,450.0,,20.0,True,9000000.0
2026-09-04,3320,クロスプラス,メイン市場,卸売業,,False,,1319.0,0.0,False,0.0
2026-09-04,3321,ミタチ,プレミア市場,卸売業,,False,,1689.0,0.0,False,0.0
2026-09-04,3346,ヒロタグループＨＤ,ネクスト市場,小売業,,False,81.0,,6.8,True,550800.0
2026-09-04,3384,アークコア,ネクスト市場,卸売業,,False,774.0,,0.7,True,541800.0
2026-09-04,3419,アートグリーン,ネクスト市場,卸売業,,False,1988.0,,0.4,True,795200.0
2026-09-04,3422,Ｊ－ＭＡＸ,メイン市場,金属製品,,False,,617.0,0.0,False,0.0
2026-09-04,3439,三ツ知,メイン市場,金属製品,,False,,674.0,0.0,False,0.0
2026-09-04,3441,山王,メイン市場,金属製品,,False,,2741.0,0.0,False,0.0
2026-09-04,3442,ＭＩＥコーポ,メイン市場,金属製品,,False,1810.0,,0.1,True,181000.0
2026-09-04,3447,信和,プレミア市場,金属製品,,False,,1009.0,0.0,False,0.0
2026-09-04,3461,パルマ,メイン市場,不動産業,,False,,626.0,0.0,False,0.0
2026-09-04,3469,デュアルタップ,メイン市場,不動産業,,False,,893.0,0.0,False,0.0
2026-09-04,3494,マリオン,メイン市場,不動産業,,False,,446.0,0.0,False,0.0
2026-09-04,3504,丸八ホールディングス,メイン市場,繊維製品,,False,1370.0,,3.9,True,5343000.0
2026-09-04,3524,日東網,プレミア市場,繊維製品,,False,,1481.0,0.0,False,0.0
2026-09-04,3543,コメダ,プレミア市場,卸売業,,False,,2902.0,0.0,False,0.0
2026-09-04,3549,クスリのアオキＨＤ,メイン市場,小売業,,False,,4218.0,0.0,False,0.0
2026-09-04,3556,リネットジャパン,メイン市場,小売業,,False,,798.0,0.0,False,0.0
2026-09-04,3559,ピーバンドットコム,メイン市場,卸売業,,False,,458.0,0.0,False,0.0
2026-09-04,3571,ソトー,プレミア市場,繊維製品,,False,,739.0,0.0,False,0.0
2026-09-04,3577,東海染工,プレミア市場,繊維製品,,False,,930.0,0.0,False,0.0
2026-09-04,3670,協立情報通信,メイン市場,情報・通信業,,False,,1735.0,0.0,False,0.0
2026-09-04,3739,コムシード,ネクスト市場,情報・通信業,,False,120.0,,4.7,True,564000.0
2026-09-04,3771,システムリサーチ,プレミア市場,情報・通信業,,False,,1911.0,0.0,False,0.0
2026-09-04,3775,ガイアックス,ネクスト市場,情報・通信業,,False,446.0,,12.7,True,5664200.0
2026-09-04,377A,エージェントＩＧＨＤ,メイン市場,保険業,,False,1015.0,,0.1,True,101500.0
2026-09-04,3808,オーケーウェブ,ネクスト市場,情報・通信業,,False,27.0,,44.2,True,1193400.0
2026-09-04,3842,ネクストジェン,メイン市場,情報・通信業,,False,,1052.0,0.0,False,0.0
2026-09-04,391A,山忠,メイン市場,不動産業,,False,2480.0,,0.1,True,248000.0
2026-09-04,3922,ＰＲＴＩＭＥＳ,プレミア市場,情報・通信業,,False,,2150.0,0.0,False,0.0
2026-09-04,3947,ダイナパック,メイン市場,パルプ・紙,,False,,2475.0,0.0,False,0.0
2026-09-04,3958,笹徳印刷,メイン市場,パルプ・紙,,False,,553.0,0.0,False,0.0
2026-09-04,3974,ＳＣＡＴ,メイン市場,情報・通信業,,False,,665.0,0.0,False,0.0
2026-09-04,4062,イビデン,プレミア市場,電気機器,,False,20360.0,20475.0,0.2,True,4072000.0
2026-09-04,4063,信越化,プレミア市場,化 学,,False,,5786.0,0.0,False,0.0
2026-09-04,4072,電算システムＨＤ,プレミア市場,情報・通信業,,False,,3120.0,0.0,False,0.0
2026-09-04,4124,大阪油化工業,メイン市場,化 学,,False,,2938.0,0.0,False,0.0
2026-09-04,4125,三和油化工業,メイン市場,化 学,,False,,3705.0,0.0,False,0.0
2026-09-04,418A,ウリドキ,ネクスト市場,情報・通信業,,False,1299.0,,3.3,True,4286700.0
2026-09-04,4196,ネオマーケ,メイン市場,情報・通信業,,False,,2157.0,0.0,False,0.0
2026-09-04,4206,アイカ工,プレミア市場,化 学,,False,,4088.0,0.0,False,0.0
2026-09-04,4240,クラスターＴ,メイン市場,化 学,,False,,317.0,0.0,False,0.0
2026-09-04,4247,ポバール興業,メイン市場,化 学,,False,,1387.0,0.0,False,0.0
2026-09-04,4361,川口化,メイン市場,化 学,,False,,1613.0,0.0,False,0.0
2026-09-04,4430,東海ソフト,プレミア市場,情報・通信業,,False,,1777.0,0.0,False,0.0
2026-09-04,4439,東名,プレミア市場,情報・通信業,,False,,800.0,0.0,False,0.0
2026-09-04,4445,リビンＴ,メイン市場,情報・通信業,,False,,1949.0,0.0,False,0.0
2026-09-04,4463,日華化学,プレミア市場,化 学,,False,,2026.0,0.0,False,0.0
2026-09-04,4502,武田薬,プレミア市場,医薬品,,False,,5753.0,0.0,False,0.0
2026-09-04,4616,川上塗料,メイン市場,化 学,,False,,2411.0,0.0,False,0.0
2026-09-04,4658,日本空調,プレミア市場,サービス業,,False,,1586.0,0.0,False,0.0
2026-09-04,4667,アイサンテクノロ,メイン市場,情報・通信業,,False,,2970.0,0.0,False,0.0
2026-09-04,4681,リゾートトラ,プレミア市場,サービス業,,False,,1807.0,0.0,False,0.0
2026-09-04,4691,ワシントンホテル,メイン市場,サービス業,,False,,2209.0,0.0,False,0.0
2026-09-04,4707,キタック,メイン市場,サービス業,,False,,340.0,0.0,False,0.0
2026-09-04,4732,ＵＳＳ,プレミア市場,サービス業,,False,,1981.0,0.0,False,0.0
2026-09-04,4760,アルファ,メイン市場,サービス業,,False,,1544.0,0.0,False,0.0
2026-09-04,4920,日本色材,メイン市場,化 学,,False,,1135.0,0.0,False,0.0
2026-09-04,5020,ＥＮＥＯＳ,プレミア市場,石油・石炭製品,,False,,1345.5,0.0,False,0.0
2026-09-04,5075,アップコン,ネクスト市場,建設業,,False,1025.0,,1.3,True,1332500.0
2026-09-04,5204,石塚硝,プレミア市場,ガラス・土石製品,,False,,3055.0,0.0,False,0.0
2026-09-04,523A,セイワＨＤ,ネクスト市場,金属製品,,False,,1724.0,0.0,False,0.0
2026-09-04,5241,日本オーエー研究所,メイン市場,情報・通信業,,False,,766.0,0.0,False,0.0
2026-09-04,5271,トーヨーアサノ,メイン市場,ガラス・土石製品,,False,,2261.0,0.0,False,0.0
2026-09-04,5287,イトーヨーギョー,メイン市場,ガラス・土石製品,,False,,882.0,0.0,False,0.0
2026-09-04,5331,ノリタケ,プレミア市場,ガラス・土石製品,,False,,3500.0,0.0,False,0.0
2026-09-04,5332,ＴＯＴＯ,プレミア市場,ガラス・土石製品,,False,,5907.0,0.0,False,0.0
2026-09-04,5333,ＮＧＫ,プレミア市場,ガラス・土石製品,,False,,5244.0,0.0,False,0.0
2026-09-04,5334,日特殊陶,プレミア市場,ガラス・土石製品,,False,,7852.0,0.0,False,0.0
2026-09-04,5342,ジャニス工,メイン市場,ガラス・土石製品,,False,,377.0,0.0,False,0.0
2026-09-04,5343,ニッコー,メイン市場,ガラス・土石製品,,False,182.0,,9.1,True,1656200.0
2026-09-04,5344,ＭＡＲＵＷＡ,プレミア市場,ガラス・土石製品,,False,,53510.0,0.0,False,0.0
2026-09-04,5356,美濃窯業,メイン市場,ガラス・土石製品,,False,,1302.0,0.0,False,0.0
2026-09-04,5384,ＦＵＪＩＭＩ,プレミア市場,ガラス・土石製品,,False,,3325.0,0.0,False,0.0
2026-09-04,5386,鶴弥,メイン市場,ガラス・土石製品,,False,392.0,,13.5,True,5292000.0
2026-09-04,5401,日本製鉄,プレミア市場,鉄 鋼,,False,,691.9,0.0,False,0.0
2026-09-04,5406,神戸鋼,プレミア市場,鉄 鋼,,False,,2029.5,0.0,False,0.0
2026-09-04,5461,中部鋼鈑,プレミア市場,鉄 鋼,,False,,2137.0,0.0,False,0.0
2026-09-04,546A,ＭＩＲＡＩＮＩ,プレミア市場,卸売業,,False,,2459.0,0.0,False,0.0
2026-09-04,5471,大同特鋼,プレミア市場,鉄 鋼,,False,,2269.5,0.0,False,0.0
2026-09-04,5482,愛知鋼,プレミア市場,鉄 鋼,,False,,3270.0,0.0,False,0.0
2026-09-04,550A,ソフトテックス,メイン市場,情報・通信業,,False,,2210.0,0.0,False,0.0
2026-09-04,5530,日本システムバンク,メイン市場,不動産業,,False,1095.0,,0.7,True,766500.0
2026-09-04,5589,オートサーバー,メイン市場,情報・通信業,,False,,2989.0,0.0,False,0.0
2026-09-04,5607,中央可鍛,メイン市場,鉄 鋼,,False,620.0,,25.2,True,15624000.0
2026-09-04,5802,住友電工,プレミア市場,非鉄金属,,False,,2133.0,0.0,False,0.0
2026-09-04,5918,滝上工,メイン市場,金属製品,,False,,8010.0,0.0,False,0.0
2026-09-04,5938,ＬＩＸＩＬ,プレミア市場,金属製品,,False,,1758.5,0.0,False,0.0
2026-09-04,5947,リンナイ,プレミア市場,金属製品,,False,,3582.0,0.0,False,0.0
2026-09-04,5952,アマテイ,メイン市場,金属製品,,False,,190.0,0.0,False,0.0
2026-09-04,5979,カネソウ,メイン市場,金属製品,,False,,5420.0,0.0,False,0.0
2026-09-04,5984,兼房,メイン市場,金属製品,,False,,791.0,0.0,False,0.0
2026-09-04,5992,中央発条,プレミア市場,金属製品,,False,,3690.0,0.0,False,0.0
2026-09-04,5994,ファインシンター,メイン市場,金属製品,,False,,1032.0,0.0,False,0.0
2026-09-04,6025,日本ＰＣサービス,ネクスト市場,サービス業,,False,690.0,,0.3,True,207000.0
2026-09-04,6036,ＫｅｅＰｅｒ技研,プレミア市場,サービス業,,False,,3535.0,0.0,False,0.0
2026-09-04,6055,Ｊマテリアル,プレミア市場,サービス業,,False,,2148.0,0.0,False,0.0
2026-09-04,6074,ＪＳＳ,メイン市場,サービス業,,False,,517.0,0.0,False,0.0
2026-09-04,6103,オークマ,プレミア市場,機 械,,False,,4630.0,0.0,False,0.0
2026-09-04,6111,旭精機,メイン市場,機 械,,False,1995.0,,2.3,True,4588500.0
2026-09-04,6134,ＦＵＪＩ,プレミア市場,機 械,,False,,6886.0,0.0,False,0.0
2026-09-04,6136,ＯＳＧ,プレミア市場,機 械,,False,,3600.0,0.0,False,0.0
2026-09-04,6142,富士精工,メイン市場,機 械,,False,1769.0,,1.1,True,1945900.0
2026-09-04,6203,豊和工,プレミア市場,機 械,,False,,1512.0,0.0,False,0.0
2026-09-04,6225,エコム,メイン市場,機 械,,False,,2100.0,0.0,False,0.0
2026-09-04,6267,ゼネパッカー,メイン市場,機 械,,False,,4050.0,0.0,False,0.0
2026-09-04,6325,タカキタ,プレミア市場,機 械,,False,,414.0,0.0,False,0.0
2026-09-04,6339,新東工,プレミア市場,機 械,,False,,1198.0,0.0,False,0.0
2026-09-04,6340,渋谷工,プレミア市場,機 械,,False,,5260.0,0.0,False,0.0
2026-09-04,6342,太平製,メイン市場,機 械,,False,,2968.0,0.0,False,0.0
2026-09-04,6345,アイチ,プレミア市場,機 械,,False,,1473.0,0.0,False,0.0
2026-09-04,6346,キクカワ,メイン市場,機 械,,False,,5650.0,0.0,False,0.0
2026-09-04,6396,宇野沢鉄,メイン市場,機 械,,False,,4700.0,0.0,False,0.0
2026-09-04,6407,ＣＫＤ,プレミア市場,機 械,,False,,5210.0,0.0,False,0.0
2026-09-04,6430,ダイコク電,プレミア市場,機 械,,False,,2518.0,0.0,False,0.0
2026-09-04,6439,中日鋳工,メイン市場,機 械,,False,409.0,,2.7,True,1104300.0000000002
2026-09-04,6448,ブラザー,プレミア市場,電気機器,,False,,4893.0,0.0,False,0.0
2026-09-04,6465,ホシザキ,プレミア市場,機 械,,False,,5616.0,0.0,False,0.0
2026-09-04,6470,大豊工業,プレミア市場,機 械,,False,,1120.0,0.0,False,0.0
2026-09-04,6473,ジェイテクト,プレミア市場,機 械,,False,,2188.5,0.0,False,0.0
2026-09-04,6501,日立,プレミア市場,電気機器,,False,,5377.0,0.0,False,0.0
2026-09-04,6504,富士電機,プレミア市場,電気機器,,False,,13110.0,0.0,False,0.0
2026-09-04,6508,明電舎,プレミア市場,電気機器,,False,,10800.0,0.0,False,0.0
2026-09-04,6547,グリーンズ,プレミア市場,サービス業,,False,,2197.0,0.0,False,0.0
2026-09-04,6564,ミダックＨＤ,プレミア市場,サービス業,,False,,1979.0,0.0,False,0.0
2026-09-04,6565,ＡＢホテル,メイン市場,サービス業,,False,1300.0,,1.1,True,1430000.0000000002
2026-09-04,6586,マキタ,プレミア市場,機 械,,False,,5247.0,0.0,False,0.0
2026-09-04,6615,ＵＭＣエレ,メイン市場,電気機器,,False,,240.0,0.0,False,0.0
2026-09-04,6623,愛知電,プレミア市場,電気機器,,False,8880.0,,4.1,True,36408000.0
2026-09-04,6651,日東工,プレミア市場,電気機器,,False,,4300.0,0.0,False,0.0
2026-09-04,6655,洋電機,メイン市場,電気機器,,False,782.0,,0.1,True,78200.0
2026-09-04,6676,ＢＵＦＦＡＬＯ,プレミア市場,電気機器,,False,,3070.0,0.0,False,0.0
2026-09-04,6702,富士通,プレミア市場,電気機器,,False,,3900.0,0.0,False,0.0
2026-09-04,6718,アイホン,プレミア市場,電気機器,,False,,2853.0,0.0,False,0.0
2026-09-04,6797,名古屋電,メイン市場,電気機器,,False,,1230.0,0.0,False,0.0
2026-09-04,6846,中央製,メイン市場,電気機器,,False,,1444.0,0.0,False,0.0
2026-09-04,6902,デンソー,プレミア市場,輸送用機器,,False,,1916.5,0.0,False,0.0
2026-09-04,6995,東海理電,プレミア市場,輸送用機器,,False,,3160.0,0.0,False,0.0
2026-09-04,6999,ＫＯＡ,プレミア市場,電気機器,,False,,2281.0,0.0,False,0.0
2026-09-04,7011,三菱重,プレミア市場,機 械,,False,,3754.0,0.0,False,0.0
2026-09-04,7012,川崎重,プレミア市場,輸送用機器,,False,,2433.5,0.0,False,0.0
2026-09-04,7059,コプロＨＤ,プレミア市場,サービス業,,False,,930.0,0.0,False,0.0
2026-09-04,7073,ジェイック,メイン市場,サービス業,,False,,2353.0,0.0,False,0.0
2026-09-04,7075,ＱＬＳＨＤ,ネクスト市場,サービス業,,False,,1008.0,0.0,False,0.0
2026-09-04,7076,名南Ｍ＆Ａ,メイン市場,サービス業,,False,1090.0,,11.0,True,11990000.0
2026-09-04,7102,日車輌,プレミア市場,輸送用機器,,False,,3635.0,0.0,False,0.0
2026-09-04,7118,伸和ホールディングス,ネクスト市場,小売業,,False,4350.0,,0.2,True,870000.0
2026-09-04,7129,ミアヘルサＨＤ,メイン市場,小売業,,False,,1175.0,0.0,False,0.0
2026-09-04,7135,ジャパンクラフトＨＤ,プレミア市場,小売業,,False,,181.0,0.0,False,0.0
2026-09-04,7203,トヨタ自,プレミア市場,輸送用機器,,False,,3081.0,0.0,False,0.0
2026-09-04,7213,レシップＨＤ,プレミア市場,輸送用機器,,False,,678.0,0.0,False,0.0
2026-09-04,7220,武蔵精密,プレミア市場,輸送用機器,,False,,2926.0,0.0,False,0.0
2026-09-04,7227,アスカ,メイン市場,輸送用機器,,False,1824.0,,0.8,True,1459200.0
2026-09-04,7231,トピー工,プレミア市場,輸送用機器,,False,,3095.0,0.0,False,0.0
2026-09-04,7241,フタバ産,プレミア市場,輸送用機器,,False,,1120.0,0.0,False,0.0
2026-09-04,7245,大同メタル,プレミア市場,輸送用機器,,False,,1178.0,0.0,False,0.0
2026-09-04,7259,アイシン,プレミア市場,輸送用機器,,False,,2249.5,0.0,False,0.0
2026-09-04,7266,今仙電機,プレミア市場,輸送用機器,,False,,1004.0,0.0,False,0.0
2026-09-04,7282,豊田合,プレミア市場,輸送用機器,,False,,5402.0,0.0,False,0.0
2026-09-04,7283,愛三工,プレミア市場,輸送用機器,,False,,2311.0,0.0,False,0.0
2026-09-04,7322,３３ＦＧ,プレミア市場,銀行業,,False,,2159.0,0.0,False,0.0
2026-09-04,7362,Ｔ．Ｓ．Ｉ,メイン市場,サービス業,,False,,858.0,0.0,False,0.0
2026-09-04,7369,メイホーＨＤ,ネクスト市場,サービス業,,False,,362.0,0.0,False,0.0
2026-09-04,7380,十六ＦＧ,プレミア市場,銀行業,,False,,2650.0,0.0,False,0.0
2026-09-04,7389,あいちＦＧ,プレミア市場,銀行業,,False,,1923.0,0.0,False,0.0
2026-09-04,7412,アトム,メイン市場,小売業,,False,,390.0,0.0,False,0.0
2026-09-04,7485,岡谷鋼機,プレミア市場,卸売業,,False,5130.0,,22.5,True,115425000.0
2026-09-04,7488,ヤガミ,メイン市場,卸売業,,False,5050.0,,1.5,True,7575000.0
2026-09-04,7514,ヒマラヤ,プレミア市場,小売業,,False,,857.0,0.0,False,0.0
2026-09-04,7593,ＶＴＨＤ,プレミア市場,小売業,,False,,540.0,0.0,False,0.0
2026-09-04,7607,進和,プレミア市場,卸売業,,False,,3030.0,0.0,False,0.0
2026-09-04,7630,壱番屋,プレミア市場,小売業,,False,,1092.0,0.0,False,0.0
2026-09-04,7649,スギＨＤ,プレミア市場,小売業,,False,,1330.0,0.0,False,0.0
2026-09-04,7675,セントラルフォレスト,メイン市場,卸売業,,False,2723.0,,0.1,True,272300.0
2026-09-04,7682,浜木綿,メイン市場,小売業,,False,,3920.0,0.0,False,0.0
2026-09-04,7723,愛知時,プレミア市場,精密機器,,False,,2867.0,0.0,False,0.0
2026-09-04,7747,アサヒインテック,プレミア市場,精密機器,,False,,3521.0,0.0,False,0.0
2026-09-04,7751,キヤノン,プレミア市場,電気機器,,False,,4615.0,0.0,False,0.0
2026-09-04,7780,メニコン,プレミア市場,精密機器,,False,,1867.0,0.0,False,0.0
2026-09-04,7790,バルコス,ネクスト市場,その他製品,,False,,1076.0,0.0,False,0.0
2026-09-04,7805,プリントネット,メイン市場,その他製品,,False,,716.0,0.0,False,0.0
2026-09-04,7870,福島印,メイン市場,その他製品,,False,369.0,,14.8,True,5461200.0
2026-09-04,7871,フクビ化工,メイン市場,化 学,,False,,1011.0,0.0,False,0.0
2026-09-04,7875,竹田ｉＰ,メイン市場,その他製品,,False,,808.0,0.0,False,0.0
2026-09-04,7878,光・彩,メイン市場,その他製品,,False,,1531.0,0.0,False,0.0
2026-09-04,7896,セブン工,メイン市場,その他製品,,False,,506.0,0.0,False,0.0
2026-09-04,7928,旭化学,メイン市場,化 学,,False,,617.0,0.0,False,0.0
2026-09-04,7931,未来工業,プレミア市場,化 学,,False,,3615.0,0.0,False,0.0
2026-09-04,7943,ニチハ,プレミア市場,ガラス・土石製品,,False,,3040.0,0.0,False,0.0
2026-09-04,7946,光陽社,メイン市場,その他製品,,False,354.0,356.0,6.1,True,2159400.0
2026-09-04,7950,デコラックス,メイン市場,化 学,,False,,9300.0,0.0,False,0.0
2026-09-04,7953,菊水化,メイン市場,その他製品,,False,,400.0,0.0,False,0.0
2026-09-04,7975,リヒトラブ,メイン市場,その他製品,,False,,1168.0,0.0,False,0.0
2026-09-04,8015,豊田通商,プレミア市場,卸売業,,False,,7588.0,0.0,False,0.0
2026-09-04,8031,三井物産,プレミア市場,卸売業,,False,,5019.0,0.0,False,0.0
2026-09-04,8071,東海エレ,メイン市場,卸売業,,False,,3025.0,0.0,False,0.0
2026-09-04,8076,カノークス,メイン市場,卸売業,,False,,2116.0,0.0,False,0.0
2026-09-04,8130,サンゲツ,プレミア市場,卸売業,,False,,3180.0,0.0,False,0.0
2026-09-04,8145,中部水,メイン市場,卸売業,,False,3270.0,,1.2,True,3924000.0
2026-09-04,8160,木曽路,プレミア市場,小売業,,False,,2479.0,0.0,False,0.0
2026-09-04,8190,ヤマナカ,メイン市場,小売業,,False,520.0,,0.7,True,364000.0
2026-09-04,8225,タカチホ,メイン市場,卸売業,,False,,3575.0,0.0,False,0.0
2026-09-04,8228,マルイチ産商,メイン市場,卸売業,,False,1085.0,,20.4,True,22134000.0
2026-09-04,8285,三谷産業,プレミア市場,卸売業,,False,,788.0,0.0,False,0.0
2026-09-04,8306,三菱ＵＦＪ,プレミア市場,銀行業,,False,,3785.0,0.0,False,0.0
2026-09-04,8309,三井住友トラストＧ,プレミア市場,銀行業,,False,,1801.0,0.0,False,0.0
2026-09-04,8316,三井住友,プレミア市場,銀行業,,False,,7083.0,0.0,False,0.0
2026-09-04,8361,大垣銀,プレミア市場,銀行業,,False,,8260.0,0.0,False,0.0
2026-09-04,8368,百五銀,プレミア市場,銀行業,,False,,2376.0,0.0,False,0.0
2026-09-04,8522,名古屋銀,プレミア市場,銀行業,,False,,7140.0,0.0,False,0.0
2026-09-04,8601,大和証Ｇ,プレミア市場,証券、商品先物取引業,,False,,1867.0,0.0,False,0.0
2026-09-04,8604,野村,プレミア市場,証券、商品先物取引業,,False,,1669.0,0.0,False,0.0
2026-09-04,8609,岡三,プレミア市場,証券、商品先物取引業,,False,,1238.0,0.0,False,0.0
2026-09-04,8616,東海東京,プレミア市場,証券、商品先物取引業,,False,,903.0,0.0,False,0.0
2026-09-04,8725,ＭＳ＆ＡＤ,プレミア市場,保険業,,False,,5240.0,0.0,False,0.0
2026-09-04,8803,平和不,プレミア市場,不動産業,,False,,2381.0,0.0,False,0.0
2026-09-04,8891,ＡＭＧＨＤ,メイン市場,不動産業,,False,,2085.0,0.0,False,0.0
2026-09-04,8904,ＡＶＡＮＴＩＡ,プレミア市場,不動産業,,False,,830.0,0.0,False,0.0
2026-09-04,8920,東祥,プレミア市場,サービス業,,False,,714.0,0.0,False,0.0
2026-09-04,8995,誠建設,メイン市場,不動産業,,False,,1648.0,0.0,False,0.0
2026-09-04,9022,ＪＲ東海,プレミア市場,陸運業,,False,,3857.0,0.0,False,0.0
2026-09-04,9040,大宝運,メイン市場,陸運業,,False,4245.0,,0.1,True,424500.0
2026-09-04,9048,名鉄,プレミア市場,陸運業,,False,,1864.0,0.0,False,0.0
2026-09-04,9073,京極運輸,メイン市場,陸運業,,False,,1227.0,0.0,False,0.0
2026-09-04,9076,セイノーＨＤ,プレミア市場,陸運業,,False,,2692.5,0.0,False,0.0
2026-09-04,9170,成友興業,メイン市場,サービス業,,False,1470.0,,6.6,True,9702000.0
2026-09-04,9221,フルハシＥＰＯ,メイン市場,サービス業,,False,,1205.0,0.0,False,0.0
2026-09-04,9223,ＡＳＮＯＶＡ,ネクスト市場,サービス業,,False,,435.0,0.0,False,0.0
2026-09-04,9249,日本エコシステム,メイン市場,サービス業,,False,,1676.0,0.0,False,0.0
2026-09-04,9306,東陽倉,プレミア市場,倉庫・運輸関連業,,False,,2004.0,0.0,False,0.0
2026-09-04,9310,トランスシティ,プレミア市場,倉庫・運輸関連業,,False,,1410.0,0.0,False,0.0
2026-09-04,9330,揚羽,ネクスト市場,サービス業,,False,,881.0,0.0,False,0.0
2026-09-04,9357,名港海,メイン市場,倉庫・運輸関連業,,False,2488.0,,0.2,True,497600.0
2026-09-04,9359,伊勢湾海,メイン市場,倉庫・運輸関連業,,False,953.0,,1.9,True,1810700.0
2026-09-04,9368,キムラユニティー,プレミア市場,倉庫・運輸関連業,,False,,959.0,0.0,False,0.0
2026-09-04,9402,中日放送,プレミア市場,情報・通信業,,False,1275.0,,8.8,True,11220000.0
2026-09-04,9428,クロップス,プレミア市場,情報・通信業,,False,,1482.0,0.0,False,0.0
2026-09-04,9471,文渓堂,メイン市場,情報・通信業,,False,1134.0,,1.4,True,1587600.0
2026-09-04,9476,中央経済社ＨＤ,メイン市場,情報・通信業,,False,,987.0,0.0,False,0.0
2026-09-04,9502,中部電力,プレミア市場,電気・ガス業,,False,,2926.0,0.0,False,0.0
2026-09-04,9531,東瓦斯,プレミア市場,電気・ガス業,,False,,6128.0,0.0,False,0.0
2026-09-04,9533,東邦瓦斯,プレミア市場,電気・ガス業,,False,,1246.5,0.0,False,0.0
2026-09-04,9643,中日興,メイン市場,サービス業,,False,,11080.0,0.0,False,0.0
2026-09-04,9664,御園座,メイン市場,サービス業,,False,1499.0,,3.0,True,4497000.0
2026-09-04,9793,ダイセキ,プレミア市場,サービス業,,False,,3710.0,0.0,False,0.0
2026-09-04,9900,サガミＨＤ,プレミア市場,小売業,,False,,1128.0,0.0,False,0.0
2026-09-04,9913,日邦産業,メイン市場,卸売業,,False,,3655.0,0.0,False,0.0
2026-09-04,9914,植松商会,メイン市場,卸売業,,False,750.0,761.0,0.2,True,150000.0
2026-09-04,9956,バローＨＤ,プレミア市場,小売業,,False,,3260.0,0.0,False,0.0
2026-09-04,9969,ショクブン,メイン市場,小売業,,False,,234.0,0.0,False,0.0
2026-09-04,9982,タキヒヨー,プレミア市場,卸売業,,False,,2587.0,0.0,False,0.0
2026-09-04,9987,スズケン,プレミア市場,卸売業,,False,,5162.0,0.0,False,0.0
2026-09-07,138A,光フードサービス,ネクスト市場,小売業,,False,,3110.0,0.0,False,0.0
2026-09-07,1438,岐阜造園,メイン市場,建設業,,False,,2347.0,0.0,False,0.0
2026-09-07,1444,ニッソウ,ネクスト市場,建設業,,False,,2665.0,0.0,False,0.0
2026-09-07,1738,ＮＩＴＴＯＨ,メイン市場,建設業,,False,568.0,,0.2,True,113600.0
2026-09-07,1766,東建コーポ,プレミア市場,建設業,,False,,13690.0,0.0,False,0.0
2026-09-07,1777,川崎設備,メイン市場,建設業,,False,2348.0,,2.1,True,4930800.0
2026-09-07,1780,ヤマウラ,プレミア市場,建設業,,False,,1490.0,0.0,False,0.0
2026-09-07,1801,大成建,プレミア市場,建設業,,False,,12825.0,0.0,False,0.0
2026-09-07,1803,清水建,プレミア市場,建設業,,False,,2417.0,0.0,False,0.0
2026-09-07,1811,銭高組,メイン市場,建設業,,False,,7660.0,0.0,False,0.0
2026-09-07,1812,鹿島,プレミア市場,建設業,,False,,5016.0,0.0,False,0.0
2026-09-07,1869,名工建,メイン市場,建設業,,False,1903.0,,4.2,True,7992600.0
2026-09-07,1870,矢作建,プレミア市場,建設業,,False,,2132.0,0.0,False,0.0
2026-09-07,1878,大東建,プレミア市場,不動産業,,False,,3255.0,0.0,False,0.0
2026-09-07,1892,徳倉建,メイン市場,建設業,,False,,7810.0,0.0,False,0.0
2026-09-07,1893,五洋建,プレミア市場,建設業,,False,,1465.0,0.0,False,0.0
2026-09-07,1928,積水ハウス,プレミア市場,建設業,,False,,3340.0,0.0,False,0.0
2026-09-07,1946,トーエネック,プレミア市場,建設業,,False,,2260.0,0.0,False,0.0
2026-09-07,2053,中部飼料,プレミア市場,食料品,,False,,1998.0,0.0,False,0.0
2026-09-07,212A,フィットイージー,プレミア市場,サービス業,,False,,2944.0,0.0,False,0.0
2026-09-07,2139,中広,プレミア市場,サービス業,,False,,521.0,0.0,False,0.0
2026-09-07,2169,ＣＤＳ,プレミア市場,サービス業,,False,,1732.0,0.0,False,0.0
2026-09-07,2185,シイエム・シイ,プレミア市場,サービス業,,False,,2001.0,0.0,False,0.0
2026-09-07,2207,ｍｅｉｔｏ,プレミア市場,食料品,,False,,3455.0,0.0,False,0.0
2026-09-07,2209,井村屋Ｇ,プレミア市場,食料品,,False,,2399.0,0.0,False,0.0
2026-09-07,2224,コモ,メイン市場,食料品,,False,,3715.0,0.0,False,0.0
2026-09-07,2327,ＮＳＳＯＬ,メイン市場,情報・通信業,,False,,3859.0,0.0,False,0.0
2026-09-07,2329,東北新社,メイン市場,情報・通信業,,False,,500.0,0.0,False,0.0
2026-09-07,2351,ＡＳＪ,メイン市場,情報・通信業,,False,,347.0,0.0,False,0.0
2026-09-07,2376,サイネックス,メイン市場,サービス業,,False,,778.0,0.0,False,0.0
2026-09-07,2424,ブラス,プレミア市場,サービス業,,False,,596.0,0.0,False,0.0
2026-09-07,2435,シダー,メイン市場,サービス業,,False,,210.0,0.0,False,0.0
2026-09-07,2467,ＶＬＣセキュリティ,ネクスト市場,サービス業,,False,177.0,,7.9,True,1398300.0
2026-09-07,246A,アスア,メイン市場,サービス業,,False,,925.0,0.0,False,0.0
2026-09-07,2479,ジェイテック,メイン市場,サービス業,,False,,265.0,0.0,False,0.0
2026-09-07,2480,シスロケ,メイン市場,情報・通信業,,False,,1760.0,0.0,False,0.0
2026-09-07,2485,ティア,プレミア市場,サービス業,,False,,449.0,0.0,False,0.0
2026-09-07,2551,マルサンアイ,メイン市場,食料品,,False,3615.0,,1.6,True,5784000.0
2026-09-07,259A,ケイ・ウノ,ネクスト市場,小売業,,False,1900.0,,3.0,True,5700000.0
2026-09-07,2722,ＩＫホールディングス,プレミア市場,小売業,,False,,359.0,0.0,False,0.0
2026-09-07,2734,サーラ,プレミア市場,小売業,,False,,1204.0,0.0,False,0.0
2026-09-07,2753,あみやき,プレミア市場,小売業,,False,,1382.0,0.0,False,0.0
2026-09-07,275A,ハンワホームズ,ネクスト市場,建設業,,False,,390.0,0.0,False,0.0
2026-09-07,2778,パレモ・ＨＤ,メイン市場,小売業,,False,,116.0,0.0,False,0.0
2026-09-07,2780,コメ兵ＨＤ,メイン市場,小売業,,False,,4920.0,0.0,False,0.0
2026-09-07,2806,ユタカフーズ,メイン市場,食料品,,False,,1931.0,0.0,False,0.0
2026-09-07,2811,カゴメ,プレミア市場,食料品,,False,,2718.5,0.0,False,0.0
2026-09-07,2902,太陽化,メイン市場,食料品,,False,2725.0,,1.6,True,4360000.0
2026-09-07,2983,アールプランナー,メイン市場,不動産業,,False,,1769.0,0.0,False,0.0
2026-09-07,2986,ＬＡＨＤ,プレミア市場,不動産業,,False,,2843.0,0.0,False,0.0
2026-09-07,3028,アルペン,プレミア市場,小売業,,False,,2330.0,0.0,False,0.0
2026-09-07,3032,ゴルフ・ドゥ,ネクスト市場,小売業,,False,241.0,,8.9,True,2144900.0
2026-09-07,3035,ケイティケイ,メイン市場,卸売業,,False,,776.0,0.0,False,0.0
2026-09-07,3066,ＪＢイレブン,メイン市場,小売業,,False,656.0,,8.0,True,5248000.0
2026-09-07,3086,Ｊフロント,プレミア市場,小売業,,False,,2694.0,0.0,False,0.0
2026-09-07,3091,ブロンコＢ,プレミア市場,小売業,,False,,2818.0,0.0,False,0.0
2026-09-07,3116,トヨタ紡織,プレミア市場,輸送用機器,,False,,2302.0,0.0,False,0.0
2026-09-07,3138,富士山マガジン,メイン市場,小売業,,False,,1132.0,0.0,False,0.0
2026-09-07,3184,ＩＣＤＡ,メイン市場,小売業,,False,,4155.0,0.0,False,0.0
2026-09-07,3186,ネクステージ,プレミア市場,小売業,,False,,3260.0,0.0,False,0.0
2026-09-07,3202,ダイトウボウ,プレミア市場,繊維製品,,False,,130.0,0.0,False,0.0
2026-09-07,3205,ダイドー,プレミア市場,繊維製品,,False,,734.0,0.0,False,0.0
2026-09-07,3221,ヨシックスＨＤ,プレミア市場,小売業,,False,,3270.0,0.0,False,0.0
2026-09-07,3232,三重交通ＧＨＤ,プレミア市場,不動産業,,False,,602.0,0.0,False,0.0
2026-09-07,3260,エスポア,,サービス業,監理,True,447.0,,33.3,True,14885099.999999998
2026-09-07,3320,クロスプラス,メイン市場,卸売業,,False,,1293.0,0.0,False,0.0
2026-09-07,3321,ミタチ,プレミア市場,卸売業,,False,,1686.0,0.0,False,0.0
2026-09-07,3346,ヒロタグループＨＤ,ネクスト市場,小売業,,False,81.0,,13.6,True,1101600.0
2026-09-07,3384,アークコア,ネクスト市場,卸売業,,False,771.0,,1.2,True,925200.0
2026-09-07,3419,アートグリーン,ネクスト市場,卸売業,,False,1995.0,,0.8,True,1596000.0
2026-09-07,3422,Ｊ－ＭＡＸ,メイン市場,金属製品,,False,,631.0,0.0,False,0.0
2026-09-07,3439,三ツ知,メイン市場,金属製品,,False,,678.0,0.0,False,0.0
2026-09-07,3441,山王,メイン市場,金属製品,,False,,2889.0,0.0,False,0.0
2026-09-07,3442,ＭＩＥコーポ,メイン市場,金属製品,,False,1810.0,,0.1,True,181000.0
2026-09-07,3447,信和,プレミア市場,金属製品,,False,,1005.0,0.0,False,0.0
2026-09-07,3461,パルマ,メイン市場,不動産業,,False,,629.0,0.0,False,0.0
2026-09-07,3469,デュアルタップ,メイン市場,不動産業,,False,,896.0,0.0,False,0.0
2026-09-07,3494,マリオン,メイン市場,不動産業,,False,,453.0,0.0,False,0.0
2026-09-07,3504,丸八ホールディングス,メイン市場,繊維製品,,False,1383.0,,2.8,True,3872400.0
2026-09-07,3524,日東網,プレミア市場,繊維製品,,False,,1486.0,0.0,False,0.0
2026-09-07,3543,コメダ,プレミア市場,卸売業,,False,,2853.0,0.0,False,0.0
2026-09-07,3549,クスリのアオキＨＤ,メイン市場,小売業,,False,,4072.0,0.0,False,0.0
2026-09-07,3556,リネットジャパン,メイン市場,小売業,,False,,804.0,0.0,False,0.0
2026-09-07,3559,ピーバンドットコム,メイン市場,卸売業,,False,,465.0,0.0,False,0.0
2026-09-07,3571,ソトー,プレミア市場,繊維製品,,False,,728.0,0.0,False,0.0
2026-09-07,3577,東海染工,プレミア市場,繊維製品,,False,,934.0,0.0,False,0.0
2026-09-07,3670,協立情報通信,メイン市場,情報・通信業,,False,1736.0,1750.0,0.1,True,173600.00000000003
2026-09-07,3739,コムシード,ネクスト市場,情報・通信業,,False,121.0,,31.6,True,3823600.000000001
2026-09-07,3771,システムリサーチ,プレミア市場,情報・通信業,,False,,1875.0,0.0,False,0.0
2026-09-07,3775,ガイアックス,ネクスト市場,情報・通信業,,False,444.0,,3.7,True,1642800.0000000002
2026-09-07,377A,エージェントＩＧＨＤ,メイン市場,保険業,,False,1020.0,,1.8,True,1836000.0
2026-09-07,3808,オーケーウェブ,ネクスト市場,情報・通信業,,False,25.0,,316.6,True,7915000.000000001
2026-09-07,3842,ネクストジェン,メイン市場,情報・通信業,,False,,1059.0,0.0,False,0.0
2026-09-07,391A,山忠,メイン市場,不動産業,,False,2478.0,,0.4,True,991200.0
2026-09-07,3922,ＰＲＴＩＭＥＳ,プレミア市場,情報・通信業,,False,,2164.0,0.0,False,0.0
2026-09-07,3947,ダイナパック,メイン市場,パルプ・紙,,False,,2497.0,0.0,False,0.0
2026-09-07,3958,笹徳印刷,メイン市場,パルプ・紙,,False,,551.0,0.0,False,0.0
2026-09-07,3974,ＳＣＡＴ,メイン市場,情報・通信業,,False,,673.0,0.0,False,0.0
2026-09-07,4062,イビデン,プレミア市場,電気機器,,False,,22200.0,0.0,False,0.0
2026-09-07,4063,信越化,プレミア市場,化 学,,False,,5818.0,0.0,False,0.0
2026-09-07,4072,電算システムＨＤ,プレミア市場,情報・通信業,,False,,3085.0,0.0,False,0.0
2026-09-07,4124,大阪油化工業,メイン市場,化 学,,False,,2983.0,0.0,False,0.0
2026-09-07,4125,三和油化工業,メイン市場,化 学,,False,,3840.0,0.0,False,0.0
2026-09-07,418A,ウリドキ,ネクスト市場,情報・通信業,,False,1300.0,,4.0,True,5200000.0
2026-09-07,4196,ネオマーケ,メイン市場,情報・通信業,,False,,2180.0,0.0,False,0.0
2026-09-07,4206,アイカ工,プレミア市場,化 学,,False,,4205.0,0.0,False,0.0
2026-09-07,4240,クラスターＴ,メイン市場,化 学,,False,,317.0,0.0,False,0.0
2026-09-07,4247,ポバール興業,メイン市場,化 学,,False,,1395.0,0.0,False,0.0
2026-09-07,4361,川口化,メイン市場,化 学,,False,,1603.0,0.0,False,0.0
2026-09-07,4430,東海ソフト,プレミア市場,情報・通信業,,False,,1764.0,0.0,False,0.0
2026-09-07,4439,東名,プレミア市場,情報・通信業,,False,,792.0,0.0,False,0.0
2026-09-07,4445,リビンＴ,メイン市場,情報・通信業,,False,,1958.0,0.0,False,0.0
2026-09-07,4463,日華化学,プレミア市場,化 学,,False,,2034.0,0.0,False,0.0
2026-09-07,4502,武田薬,プレミア市場,医薬品,,False,,5777.0,0.0,False,0.0
2026-09-07,4616,川上塗料,メイン市場,化 学,,False,,2430.0,0.0,False,0.0
2026-09-07,4658,日本空調,プレミア市場,サービス業,,False,,1597.0,0.0,False,0.0
2026-09-07,4667,アイサンテクノロ,メイン市場,情報・通信業,,False,,3155.0,0.0,False,0.0
2026-09-07,4681,リゾートトラ,プレミア市場,サービス業,,False,1847.0,1795.5,0.2,True,369400.00000000006
2026-09-07,4691,ワシントンホテル,メイン市場,サービス業,,False,,2290.0,0.0,False,0.0
2026-09-07,4707,キタック,メイン市場,サービス業,,False,,341.0,0.0,False,0.0
2026-09-07,4732,ＵＳＳ,プレミア市場,サービス業,,False,,1960.0,0.0,False,0.0
2026-09-07,4760,アルファ,メイン市場,サービス業,,False,,1543.0,0.0,False,0.0
2026-09-07,4920,日本色材,メイン市場,化 学,,False,,1140.0,0.0,False,0.0
2026-09-07,5020,ＥＮＥＯＳ,プレミア市場,石油・石炭製品,,False,,1369.0,0.0,False,0.0
2026-09-07,5075,アップコン,ネクスト市場,建設業,,False,1019.0,,2.1,True,2139900.0
2026-09-07,5204,石塚硝,プレミア市場,ガラス・土石製品,,False,,3060.0,0.0,False,0.0
2026-09-07,523A,セイワＨＤ,ネクスト市場,金属製品,,False,,1808.0,0.0,False,0.0
2026-09-07,5241,日本オーエー研究所,メイン市場,情報・通信業,,False,754.0,,0.7,True,527800.0
2026-09-07,5271,トーヨーアサノ,メイン市場,ガラス・土石製品,,False,,2230.0,0.0,False,0.0
2026-09-07,5287,イトーヨーギョー,メイン市場,ガラス・土石製品,,False,,882.0,0.0,False,0.0
2026-09-07,5331,ノリタケ,プレミア市場,ガラス・土石製品,,False,,3580.0,0.0,False,0.0
2026-09-07,5332,ＴＯＴＯ,プレミア市場,ガラス・土石製品,,False,,6007.0,0.0,False,0.0
2026-09-07,5333,ＮＧＫ,プレミア市場,ガラス・土石製品,,False,,5316.0,0.0,False,0.0
2026-09-07,5334,日特殊陶,プレミア市場,ガラス・土石製品,,False,,8082.0,0.0,False,0.0
2026-09-07,5342,ジャニス工,メイン市場,ガラス・土石製品,,False,388.0,,0.4,True,155200.00000000003
2026-09-07,5343,ニッコー,メイン市場,ガラス・土石製品,,False,182.0,,13.1,True,2384200.0
2026-09-07,5344,ＭＡＲＵＷＡ,プレミア市場,ガラス・土石製品,,False,,58470.0,0.0,False,0.0
2026-09-07,5356,美濃窯業,メイン市場,ガラス・土石製品,,False,,1295.0,0.0,False,0.0
2026-09-07,5384,ＦＵＪＩＭＩ,プレミア市場,ガラス・土石製品,,False,,3410.0,0.0,False,0.0
2026-09-07,5386,鶴弥,メイン市場,ガラス・土石製品,,False,391.0,,2.9,True,1133899.9999999998
2026-09-07,5401,日本製鉄,プレミア市場,鉄 鋼,,False,,697.5,0.0,False,0.0
2026-09-07,5406,神戸鋼,プレミア市場,鉄 鋼,,False,,2064.5,0.0,False,0.0
2026-09-07,5461,中部鋼鈑,プレミア市場,鉄 鋼,,False,,2154.0,0.0,False,0.0
2026-09-07,546A,ＭＩＲＡＩＮＩ,プレミア市場,卸売業,,False,,2485.0,0.0,False,0.0
2026-09-07,5471,大同特鋼,プレミア市場,鉄 鋼,,False,,2433.0,0.0,False,0.0
2026-09-07,5482,愛知鋼,プレミア市場,鉄 鋼,,False,,3265.0,0.0,False,0.0
2026-09-07,550A,ソフトテックス,メイン市場,情報・通信業,,False,,2209.0,0.0,False,0.0
2026-09-07,5530,日本システムバンク,メイン市場,不動産業,,False,1090.0,,0.3,True,327000.0
2026-09-07,5589,オートサーバー,メイン市場,情報・通信業,,False,,2990.0,0.0,False,0.0
2026-09-07,5607,中央可鍛,メイン市場,鉄 鋼,,False,618.0,,10.2,True,6303599.999999999
2026-09-07,5802,住友電工,プレミア市場,非鉄金属,,False,,2201.5,0.0,False,0.0
2026-09-07,5918,滝上工,メイン市場,金属製品,,False,,8040.0,0.0,False,0.0
2026-09-07,5938,ＬＩＸＩＬ,プレミア市場,金属製品,,False,,1755.5,0.0,False,0.0
2026-09-07,5947,リンナイ,プレミア市場,金属製品,,False,,3514.0,0.0,False,0.0
2026-09-07,5952,アマテイ,メイン市場,金属製品,,False,,191.0,0.0,False,0.0
2026-09-07,5979,カネソウ,メイン市場,金属製品,,False,,5420.0,0.0,False,0.0
2026-09-07,5984,兼房,メイン市場,金属製品,,False,,795.0,0.0,False,0.0
2026-09-07,5992,中央発条,プレミア市場,金属製品,,False,,3675.0,0.0,False,0.0
2026-09-07,5994,ファインシンター,メイン市場,金属製品,,False,,1055.0,0.0,False,0.0
2026-09-07,6025,日本ＰＣサービス,ネクスト市場,サービス業,,False,,690.0,0.0,False,0.0
2026-09-07,6036,ＫｅｅＰｅｒ技研,プレミア市場,サービス業,,False,,3570.0,0.0,False,0.0
2026-09-07,6055,Ｊマテリアル,プレミア市場,サービス業,,False,,2238.0,0.0,False,0.0
2026-09-07,6074,ＪＳＳ,メイン市場,サービス業,,False,,520.0,0.0,False,0.0
2026-09-07,6103,オークマ,プレミア市場,機 械,,False,,4695.0,0.0,False,0.0
2026-09-07,6111,旭精機,メイン市場,機 械,,False,2002.0,,0.1,True,200200.00000000003
2026-09-07,6134,ＦＵＪＩ,プレミア市場,機 械,,False,,7191.0,0.0,False,0.0
2026-09-07,6136,ＯＳＧ,プレミア市場,機 械,,False,,3647.0,0.0,False,0.0
2026-09-07,6142,富士精工,メイン市場,機 械,,False,1780.0,,0.5,True,890000.0
2026-09-07,6203,豊和工,プレミア市場,機 械,,False,,1912.0,0.0,False,0.0
2026-09-07,6225,エコム,メイン市場,機 械,,False,2100.0,,2.4,True,5040000.0
2026-09-07,6267,ゼネパッカー,メイン市場,機 械,,False,,4040.0,0.0,False,0.0
2026-09-07,6325,タカキタ,プレミア市場,機 械,,False,,415.0,0.0,False,0.0
2026-09-07,6339,新東工,プレミア市場,機 械,,False,,1202.0,0.0,False,0.0
2026-09-07,6340,渋谷工,プレミア市場,機 械,,False,,5350.0,0.0,False,0.0
2026-09-07,6342,太平製,メイン市場,機 械,,False,,2935.0,0.0,False,0.0
2026-09-07,6345,アイチ,プレミア市場,機 械,,False,,1471.0,0.0,False,0.0
2026-09-07,6346,キクカワ,メイン市場,機 械,,False,,5670.0,0.0,False,0.0
2026-09-07,6396,宇野沢鉄,メイン市場,機 械,,False,,4495.0,0.0,False,0.0
2026-09-07,6407,ＣＫＤ,プレミア市場,機 械,,False,,5520.0,0.0,False,0.0
2026-09-07,6430,ダイコク電,プレミア市場,機 械,,False,,2469.0,0.0,False,0.0
2026-09-07,6439,中日鋳工,メイン市場,機 械,,False,403.0,,3.6,True,1450800.0
2026-09-07,6448,ブラザー,プレミア市場,電気機器,,False,,4715.0,0.0,False,0.0
2026-09-07,6465,ホシザキ,プレミア市場,機 械,,False,,5454.0,0.0,False,0.0
2026-09-07,6470,大豊工業,プレミア市場,機 械,,False,,1121.0,0.0,False,0.0
2026-09-07,6473,ジェイテクト,プレミア市場,機 械,,False,,2201.5,0.0,False,0.0
2026-09-07,6501,日立,プレミア市場,電気機器,,False,,5358.0,0.0,False,0.0
2026-09-07,6504,富士電機,プレミア市場,電気機器,,False,,13395.0,0.0,False,0.0
2026-09-07,6508,明電舎,プレミア市場,電気機器,,False,,11200.0,0.0,False,0.0
2026-09-07,6547,グリーンズ,プレミア市場,サービス業,,False,,2198.0,0.0,False,0.0
2026-09-07,6564,ミダックＨＤ,プレミア市場,サービス業,,False,,1961.0,0.0,False,0.0
2026-09-07,6565,ＡＢホテル,メイン市場,サービス業,,False,1301.0,,4.3,True,5594300.0
2026-09-07,6586,マキタ,プレミア市場,機 械,,False,,5320.0,0.0,False,0.0
2026-09-07,6615,ＵＭＣエレ,メイン市場,電気機器,,False,,242.0,0.0,False,0.0
2026-09-07,6623,愛知電,プレミア市場,電気機器,,False,8890.0,,3.5,True,31115000.0
2026-09-07,6651,日東工,プレミア市場,電気機器,,False,,4415.0,0.0,False,0.0
2026-09-07,6655,洋電機,メイン市場,電気機器,,False,782.0,,0.2,True,156400.0
2026-09-07,6676,ＢＵＦＦＡＬＯ,プレミア市場,電気機器,,False,,3120.0,0.0,False,0.0
2026-09-07,6702,富士通,プレミア市場,電気機器,,False,,3831.0,0.0,False,0.0
2026-09-07,6718,アイホン,プレミア市場,電気機器,,False,,2870.0,0.0,False,0.0
2026-09-07,6797,名古屋電,メイン市場,電気機器,,False,,1237.0,0.0,False,0.0
2026-09-07,6846,中央製,メイン市場,電気機器,,False,,1444.0,0.0,False,0.0
2026-09-07,6902,デンソー,プレミア市場,輸送用機器,,False,,1927.0,0.0,False,0.0
2026-09-07,6995,東海理電,プレミア市場,輸送用機器,,False,,3185.0,0.0,False,0.0
2026-09-07,6999,ＫＯＡ,プレミア市場,電気機器,,False,,2279.0,0.0,False,0.0
2026-09-07,7011,三菱重,プレミア市場,機 械,,False,,3829.0,0.0,False,0.0
2026-09-07,7012,川崎重,プレミア市場,輸送用機器,,False,,2488.0,0.0,False,0.0
2026-09-07,7059,コプロＨＤ,プレミア市場,サービス業,,False,,935.0,0.0,False,0.0
2026-09-07,7073,ジェイック,メイン市場,サービス業,,False,,2333.0,0.0,False,0.0
2026-09-07,7075,ＱＬＳＨＤ,ネクスト市場,サービス業,,False,,1024.0,0.0,False,0.0
2026-09-07,7076,名南Ｍ＆Ａ,メイン市場,サービス業,,False,1093.0,,14.4,True,15739200.0
2026-09-07,7102,日車輌,プレミア市場,輸送用機器,,False,,3635.0,0.0,False,0.0
2026-09-07,7118,伸和ホールディングス,ネクスト市場,小売業,,False,4350.0,,0.2,True,870000.0
2026-09-07,7129,ミアヘルサＨＤ,メイン市場,小売業,,False,,1179.0,0.0,False,0.0
2026-09-07,7135,ジャパンクラフトＨＤ,プレミア市場,小売業,,False,,180.0,0.0,False,0.0
2026-09-07,7203,トヨタ自,プレミア市場,輸送用機器,,False,,3096.0,0.0,False,0.0
2026-09-07,7213,レシップＨＤ,プレミア市場,輸送用機器,,False,,672.0,0.0,False,0.0
2026-09-07,7220,武蔵精密,プレミア市場,輸送用機器,,False,,3010.0,0.0,False,0.0
2026-09-07,7227,アスカ,メイン市場,輸送用機器,,False,1830.0,,2.2,True,4026000.000000001
2026-09-07,7231,トピー工,プレミア市場,輸送用機器,,False,,3095.0,0.0,False,0.0
2026-09-07,7241,フタバ産,プレミア市場,輸送用機器,,False,,1115.0,0.0,False,0.0
2026-09-07,7245,大同メタル,プレミア市場,輸送用機器,,False,,1202.0,0.0,False,0.0
2026-09-07,7259,アイシン,プレミア市場,輸送用機器,,False,,2285.0,0.0,False,0.0
2026-09-07,7266,今仙電機,プレミア市場,輸送用機器,,False,,1011.0,0.0,False,0.0
2026-09-07,7282,豊田合,プレミア市場,輸送用機器,,False,,5480.0,0.0,False,0.0
2026-09-07,7283,愛三工,プレミア市場,輸送用機器,,False,,2315.0,0.0,False,0.0
2026-09-07,7322,３３ＦＧ,プレミア市場,銀行業,,False,,2140.0,0.0,False,0.0
2026-09-07,7362,Ｔ．Ｓ．Ｉ,メイン市場,サービス業,,False,,862.0,0.0,False,0.0
2026-09-07,7369,メイホーＨＤ,ネクスト市場,サービス業,,False,,399.0,0.0,False,0.0
2026-09-07,7380,十六ＦＧ,プレミア市場,銀行業,,False,,2642.0,0.0,False,0.0
2026-09-07,7389,あいちＦＧ,プレミア市場,銀行業,,False,,1911.0,0.0,False,0.0
2026-09-07,7412,アトム,メイン市場,小売業,,False,,381.0,0.0,False,0.0
2026-09-07,7485,岡谷鋼機,プレミア市場,卸売業,,False,5110.0,,7.7,True,39347000.0
2026-09-07,7488,ヤガミ,メイン市場,卸売業,,False,5000.0,,0.7,True,3500000.0
2026-09-07,7514,ヒマラヤ,プレミア市場,小売業,,False,,855.0,0.0,False,0.0
2026-09-07,7593,ＶＴＨＤ,プレミア市場,小売業,,False,,531.0,0.0,False,0.0
2026-09-07,7607,進和,プレミア市場,卸売業,,False,,3040.0,0.0,False,0.0
2026-09-07,7630,壱番屋,プレミア市場,小売業,,False,,1078.0,0.0,False,0.0
2026-09-07,7649,スギＨＤ,プレミア市場,小売業,,False,,1310.0,0.0,False,0.0
2026-09-07,7675,セントラルフォレスト,メイン市場,卸売業,,False,,2723.0,0.0,False,0.0
2026-09-07,7682,浜木綿,メイン市場,小売業,,False,,4000.0,0.0,False,0.0
2026-09-07,7723,愛知時,プレミア市場,精密機器,,False,,2862.0,0.0,False,0.0
2026-09-07,7747,アサヒインテック,プレミア市場,精密機器,,False,3463.0,3422.0,0.1,True,346300.0
2026-09-07,7751,キヤノン,プレミア市場,電気機器,,False,,4502.0,0.0,False,0.0
2026-09-07,7780,メニコン,プレミア市場,精密機器,,False,,1810.0,0.0,False,0.0
2026-09-07,7790,バルコス,ネクスト市場,その他製品,,False,1098.0,,0.1,True,109800.0
2026-09-07,7805,プリントネット,メイン市場,その他製品,,False,,714.0,0.0,False,0.0
2026-09-07,7870,福島印,メイン市場,その他製品,,False,364.0,,1.4,True,509600.0
2026-09-07,7871,フクビ化工,メイン市場,化 学,,False,,997.0,0.0,False,0.0
2026-09-07,7875,竹田ｉＰ,メイン市場,その他製品,,False,,819.0,0.0,False,0.0
2026-09-07,7878,光・彩,メイン市場,その他製品,,False,,1500.0,0.0,False,0.0
2026-09-07,7896,セブン工,メイン市場,その他製品,,False,,507.0,0.0,False,0.0
2026-09-07,7928,旭化学,メイン市場,化 学,,False,,615.0,0.0,False,0.0
2026-09-07,7931,未来工業,プレミア市場,化 学,,False,,3620.0,0.0,False,0.0
2026-09-07,7943,ニチハ,プレミア市場,ガラス・土石製品,,False,,3040.0,0.0,False,0.0
2026-09-07,7946,光陽社,メイン市場,その他製品,,False,362.0,360.0,4.4,True,1592800.0000000002
2026-09-07,7950,デコラックス,メイン市場,化 学,,False,,9300.0,0.0,False,0.0
2026-09-07,7953,菊水化,メイン市場,その他製品,,False,,402.0,0.0,False,0.0
2026-09-07,7975,リヒトラブ,メイン市場,その他製品,,False,,1168.0,0.0,False,0.0
2026-09-07,8015,豊田通商,プレミア市場,卸売業,,False,,7680.0,0.0,False,0.0
2026-09-07,8031,三井物産,プレミア市場,卸売業,,False,,5099.0,0.0,False,0.0
2026-09-07,8071,東海エレ,メイン市場,卸売業,,False,,3025.0,0.0,False,0.0
2026-09-07,8076,カノークス,メイン市場,卸売業,,False,,2119.0,0.0,False,0.0
2026-09-07,8130,サンゲツ,プレミア市場,卸売業,,False,,3175.0,0.0,False,0.0
2026-09-07,8145,中部水,メイン市場,卸売業,,False,,3270.0,0.0,False,0.0
2026-09-07,8160,木曽路,プレミア市場,小売業,,False,,2459.0,0.0,False,0.0
2026-09-07,8190,ヤマナカ,メイン市場,小売業,,False,520.0,,3.3,True,1716000.0
2026-09-07,8225,タカチホ,メイン市場,卸売業,,False,,3600.0,0.0,False,0.0
2026-09-07,8228,マルイチ産商,メイン市場,卸売業,,False,1083.0,,13.1,True,14187300.0
2026-09-07,8285,三谷産業,プレミア市場,卸売業,,False,,780.0,0.0,False,0.0
2026-09-07,8306,三菱ＵＦＪ,プレミア市場,銀行業,,False,3759.0,3711.0,2.2,True,8269800.000000001
2026-09-07,8309,三井住友トラストＧ,プレミア市場,銀行業,,False,1800.0,1782.0,0.2,True,360000.0
2026-09-07,8316,三井住友,プレミア市場,銀行業,,False,,6976.0,0.0,False,0.0
2026-09-07,8361,大垣銀,プレミア市場,銀行業,,False,,8190.0,0.0,False,0.0
2026-09-07,8368,百五銀,プレミア市場,銀行業,,False,,2379.0,0.0,False,0.0
2026-09-07,8522,名古屋銀,プレミア市場,銀行業,,False,,7150.0,0.0,False,0.0
2026-09-07,8601,大和証Ｇ,プレミア市場,証券、商品先物取引業,,False,,1866.5,0.0,False,0.0
2026-09-07,8604,野村,プレミア市場,証券、商品先物取引業,,False,,1656.0,0.0,False,0.0
2026-09-07,8609,岡三,プレミア市場,証券、商品先物取引業,,False,,1243.0,0.0,False,0.0
2026-09-07,8616,東海東京,プレミア市場,証券、商品先物取引業,,False,,899.0,0.0,False,0.0
2026-09-07,8725,ＭＳ＆ＡＤ,プレミア市場,保険業,,False,,5149.0,0.0,False,0.0
2026-09-07,8803,平和不,プレミア市場,不動産業,,False,,2350.0,0.0,False,0.0
2026-09-07,8891,ＡＭＧＨＤ,メイン市場,不動産業,,False,,2031.0,0.0,False,0.0
2026-09-07,8904,ＡＶＡＮＴＩＡ,プレミア市場,不動産業,,False,,825.0,0.0,False,0.0
2026-09-07,8920,東祥,プレミア市場,サービス業,,False,,717.0,0.0,False,0.0
2026-09-07,8995,誠建設,メイン市場,不動産業,,False,,2048.0,0.0,False,0.0
2026-09-07,9022,ＪＲ東海,プレミア市場,陸運業,,False,,3795.0,0.0,False,0.0
2026-09-07,9040,大宝運,メイン市場,陸運業,,False,4230.0,,0.3,True,1269000.0
2026-09-07,9048,名鉄,プレミア市場,陸運業,,False,,1860.5,0.0,False,0.0
2026-09-07,9073,京極運輸,メイン市場,陸運業,,False,,1230.0,0.0,False,0.0
2026-09-07,9076,セイノーＨＤ,プレミア市場,陸運業,,False,,2718.5,0.0,False,0.0
2026-09-07,9170,成友興業,メイン市場,サービス業,,False,1471.0,,8.3,True,12209300.000000002
2026-09-07,9221,フルハシＥＰＯ,メイン市場,サービス業,,False,,1181.0,0.0,False,0.0
2026-09-07,9223,ＡＳＮＯＶＡ,ネクスト市場,サービス業,,False,,437.0,0.0,False,0.0
2026-09-07,9249,日本エコシステム,メイン市場,サービス業,,False,,1679.0,0.0,False,0.0
2026-09-07,9306,東陽倉,プレミア市場,倉庫・運輸関連業,,False,,1997.0,0.0,False,0.0
2026-09-07,9310,トランスシティ,プレミア市場,倉庫・運輸関連業,,False,,1392.0,0.0,False,0.0
2026-09-07,9330,揚羽,ネクスト市場,サービス業,,False,,885.0,0.0,False,0.0
2026-09-07,9357,名港海,メイン市場,倉庫・運輸関連業,,False,2499.0,,1.4,True,3498600.0
2026-09-07,9359,伊勢湾海,メイン市場,倉庫・運輸関連業,,False,952.0,,4.7,True,4474400.000000001
2026-09-07,9368,キムラユニティー,プレミア市場,倉庫・運輸関連業,,False,,964.0,0.0,False,0.0
2026-09-07,9402,中日放送,プレミア市場,情報・通信業,,False,1262.0,,4.0,True,5048000.0
2026-09-07,9428,クロップス,プレミア市場,情報・通信業,,False,,1481.0,0.0,False,0.0
2026-09-07,9471,文渓堂,メイン市場,情報・通信業,,False,1138.0,,0.5,True,569000.0
2026-09-07,9476,中央経済社ＨＤ,メイン市場,情報・通信業,,False,,992.0,0.0,False,0.0
2026-09-07,9502,中部電力,プレミア市場,電気・ガス業,,False,,2976.0,0.0,False,0.0
2026-09-07,9531,東瓦斯,プレミア市場,電気・ガス業,,False,,6163.0,0.0,False,0.0
2026-09-07,9533,東邦瓦斯,プレミア市場,電気・ガス業,,False,,1265.0,0.0,False,0.0
2026-09-07,9643,中日興,メイン市場,サービス業,,False,,11080.0,0.0,False,0.0
2026-09-07,9664,御園座,メイン市場,サービス業,,False,1500.0,,0.7,True,1050000.0
2026-09-07,9793,ダイセキ,プレミア市場,サービス業,,False,,3690.0,0.0,False,0.0
2026-09-07,9900,サガミＨＤ,プレミア市場,小売業,,False,,1092.0,0.0,False,0.0
2026-09-07,9913,日邦産業,メイン市場,卸売業,,False,,3645.0,0.0,False,0.0
2026-09-07,9914,植松商会,メイン市場,卸売業,,False,760.0,761.0,0.1,True,76000.0
2026-09-07,9956,バローＨＤ,プレミア市場,小売業,,False,,3205.0,0.0,False,0.0
2026-09-07,9969,ショクブン,メイン市場,小売業,,False,,238.0,0.0,False,0.0
2026-09-07,9982,タキヒヨー,プレミア市場,卸売業,,False,,2614.0,0.0,False,0.0
2026-09-07,9987,スズケン,プレミア市場,卸売業,,False,,5122.0,0.0,False,0.0
2026-09-08,138A,光フードサービス,ネクスト市場,小売業,,False,,3125.0,0.0,False,0.0
2026-09-08,1438,岐阜造園,メイン市場,建設業,,False,,2265.0,0.0,False,0.0
2026-09-08,1444,ニッソウ,ネクスト市場,建設業,,False,,2667.0,0.0,False,0.0
2026-09-08,1738,ＮＩＴＴＯＨ,メイン市場,建設業,,False,567.0,,0.3,True,170100.0
2026-09-08,1766,東建コーポ,プレミア市場,建設業,,False,,13730.0,0.0,False,0.0
2026-09-08,1777,川崎設備,メイン市場,建設業,,False,2320.0,,3.9,True,9048000.0
2026-09-08,1780,ヤマウラ,プレミア市場,建設業,,False,,1492.0,0.0,False,0.0
2026-09-08,1801,大成建,プレミア市場,建設業,,False,,13145.0,0.0,False,0.0
2026-09-08,1803,清水建,プレミア市場,建設業,,False,,2456.0,0.0,False,0.0
2026-09-08,1811,銭高組,メイン市場,建設業,,False,,7590.0,0.0,False,0.0
2026-09-08,1812,鹿島,プレミア市場,建設業,,False,,5062.0,0.0,False,0.0
2026-09-08,1869,名工建,メイン市場,建設業,,False,1907.0,,6.9,True,13158300.000000002
2026-09-08,1870,矢作建,プレミア市場,建設業,,False,,2120.0,0.0,False,0.0
2026-09-08,1878,大東建,プレミア市場,不動産業,,False,,3290.0,0.0,False,0.0
2026-09-08,1892,徳倉建,メイン市場,建設業,,False,,7810.0,0.0,False,0.0
2026-09-08,1893,五洋建,プレミア市場,建設業,,False,,1456.0,0.0,False,0.0
2026-09-08,1928,積水ハウス,プレミア市場,建設業,,False,,3302.0,0.0,False,0.0
2026-09-08,1946,トーエネック,プレミア市場,建設業,,False,,2238.0,0.0,False,0.0
2026-09-08,2053,中部飼料,プレミア市場,食料品,,False,,2001.0,0.0,False,0.0
2026-09-08,212A,フィットイージー,プレミア市場,サービス業,,False,,2938.0,0.0,False,0.0
2026-09-08,2139,中広,プレミア市場,サービス業,,False,,521.0,0.0,False,0.0
2026-09-08,2169,ＣＤＳ,プレミア市場,サービス業,,False,,1735.0,0.0,False,0.0
2026-09-08,2185,シイエム・シイ,プレミア市場,サービス業,,False,,2000.0,0.0,False,0.0
2026-09-08,2207,ｍｅｉｔｏ,プレミア市場,食料品,,False,,3520.0,0.0,False,0.0
2026-09-08,2209,井村屋Ｇ,プレミア市場,食料品,,False,,2391.0,0.0,False,0.0
2026-09-08,2224,コモ,メイン市場,食料品,,False,,3715.0,0.0,False,0.0
2026-09-08,2327,ＮＳＳＯＬ,メイン市場,情報・通信業,,False,,3831.0,0.0,False,0.0
2026-09-08,2329,東北新社,メイン市場,情報・通信業,,False,,498.0,0.0,False,0.0
2026-09-08,2351,ＡＳＪ,メイン市場,情報・通信業,,False,,340.0,0.0,False,0.0
2026-09-08,2376,サイネックス,メイン市場,サービス業,,False,,770.0,0.0,False,0.0
2026-09-08,2424,ブラス,プレミア市場,サービス業,,False,,595.0,0.0,False,0.0
2026-09-08,2435,シダー,メイン市場,サービス業,,False,,210.0,0.0,False,0.0
2026-09-08,2467,ＶＬＣセキュリティ,ネクスト市場,サービス業,,False,174.0,,20.4,True,3549600.0
2026-09-08,246A,アスア,メイン市場,サービス業,,False,,934.0,0.0,False,0.0
2026-09-08,2479,ジェイテック,メイン市場,サービス業,,False,,267.0,0.0,False,0.0
2026-09-08,2480,シスロケ,メイン市場,情報・通信業,,False,,1751.0,0.0,False,0.0
2026-09-08,2485,ティア,プレミア市場,サービス業,,False,,449.0,0.0,False,0.0
2026-09-08,2551,マルサンアイ,メイン市場,食料品,,False,3605.0,,0.7,True,2523500.0
2026-09-08,259A,ケイ・ウノ,ネクスト市場,小売業,,False,1925.0,,0.9,True,1732500.0
2026-09-08,2722,ＩＫホールディングス,プレミア市場,小売業,,False,,361.0,0.0,False,0.0
2026-09-08,2734,サーラ,プレミア市場,小売業,,False,,1197.0,0.0,False,0.0
2026-09-08,2753,あみやき,プレミア市場,小売業,,False,,1387.0,0.0,False,0.0
2026-09-08,275A,ハンワホームズ,ネクスト市場,建設業,,False,390.0,,1.0,True,390000.0
2026-09-08,2778,パレモ・ＨＤ,メイン市場,小売業,,False,,116.0,0.0,False,0.0
2026-09-08,2780,コメ兵ＨＤ,メイン市場,小売業,,False,,4730.0,0.0,False,0.0
2026-09-08,2806,ユタカフーズ,メイン市場,食料品,,False,,1920.0,0.0,False,0.0
2026-09-08,2811,カゴメ,プレミア市場,食料品,,False,,2736.5,0.0,False,0.0
2026-09-08,2902,太陽化,メイン市場,食料品,,False,2720.0,,0.5,True,1360000.0
2026-09-08,2983,アールプランナー,メイン市場,不動産業,,False,,1732.0,0.0,False,0.0
2026-09-08,2986,ＬＡＨＤ,プレミア市場,不動産業,,False,,2803.0,0.0,False,0.0
2026-09-08,3028,アルペン,プレミア市場,小売業,,False,,2307.0,0.0,False,0.0
2026-09-08,3032,ゴルフ・ドゥ,ネクスト市場,小売業,,False,242.0,,4.0,True,968000.0
2026-09-08,3035,ケイティケイ,メイン市場,卸売業,,False,,771.0,0.0,False,0.0
2026-09-08,3066,ＪＢイレブン,メイン市場,小売業,,False,646.0,,5.1,True,3294600.0
2026-09-08,3086,Ｊフロント,プレミア市場,小売業,,False,,2614.5,0.0,False,0.0
2026-09-08,3091,ブロンコＢ,プレミア市場,小売業,,False,,2850.0,0.0,False,0.0
2026-09-08,3116,トヨタ紡織,プレミア市場,輸送用機器,,False,,2201.0,0.0,False,0.0
2026-09-08,3138,富士山マガジン,メイン市場,小売業,,False,,1132.0,0.0,False,0.0
2026-09-08,3184,ＩＣＤＡ,メイン市場,小売業,,False,,4155.0,0.0,False,0.0
2026-09-08,3186,ネクステージ,プレミア市場,小売業,,False,,3050.0,0.0,False,0.0
2026-09-08,3202,ダイトウボウ,プレミア市場,繊維製品,,False,,130.0,0.0,False,0.0
2026-09-08,3205,ダイドー,プレミア市場,繊維製品,,False,,733.0,0.0,False,0.0
2026-09-08,3221,ヨシックスＨＤ,プレミア市場,小売業,,False,,3250.0,0.0,False,0.0
2026-09-08,3232,三重交通ＧＨＤ,プレミア市場,不動産業,,False,,588.0,0.0,False,0.0
2026-09-08,3260,エスポア,,サービス業,監理,True,447.0,,9.3,True,4157100.000000001
2026-09-08,3320,クロスプラス,メイン市場,卸売業,,False,,1298.0,0.0,False,0.0
2026-09-08,3321,ミタチ,プレミア市場,卸売業,,False,,1658.0,0.0,False,0.0
2026-09-08,3346,ヒロタグループＨＤ,ネクスト市場,小売業,,False,82.0,,5.7,True,467400.00000000006
2026-09-08,3384,アークコア,ネクスト市場,卸売業,,False,770.0,,0.8,True,616000.0
2026-09-08,3419,アートグリーン,ネクスト市場,卸売業,,False,1995.0,,1.0,True,1995000.0
2026-09-08,3422,Ｊ－ＭＡＸ,メイン市場,金属製品,,False,,609.0,0.0,False,0.0
2026-09-08,3439,三ツ知,メイン市場,金属製品,,False,,671.0,0.0,False,0.0
2026-09-08,3441,山王,メイン市場,金属製品,,False,,2775.0,0.0,False,0.0
2026-09-08,3442,ＭＩＥコーポ,メイン市場,金属製品,,False,1820.0,,1.0,True,1820000.0
2026-09-08,3447,信和,プレミア市場,金属製品,,False,,994.0,0.0,False,0.0
2026-09-08,3461,パルマ,メイン市場,不動産業,,False,,620.0,0.0,False,0.0
2026-09-08,3469,デュアルタップ,メイン市場,不動産業,,False,,895.0,0.0,False,0.0
2026-09-08,3494,マリオン,メイン市場,不動産業,,False,,456.0,0.0,False,0.0
2026-09-08,3504,丸八ホールディングス,メイン市場,繊維製品,,False,1381.0,,2.8,True,3866800.0
2026-09-08,3524,日東網,プレミア市場,繊維製品,,False,,1487.0,0.0,False,0.0
2026-09-08,3543,コメダ,プレミア市場,卸売業,,False,,2878.0,0.0,False,0.0
2026-09-08,3549,クスリのアオキＨＤ,メイン市場,小売業,,False,,4132.0,0.0,False,0.0
2026-09-08,3556,リネットジャパン,メイン市場,小売業,,False,,805.0,0.0,False,0.0
2026-09-08,3559,ピーバンドットコム,メイン市場,卸売業,,False,,468.0,0.0,False,0.0
2026-09-08,3571,ソトー,プレミア市場,繊維製品,,False,,721.0,0.0,False,0.0
2026-09-08,3577,東海染工,プレミア市場,繊維製品,,False,,929.0,0.0,False,0.0
2026-09-08,3670,協立情報通信,メイン市場,情報・通信業,,False,1742.0,1749.0,1.1,True,1916200.0
2026-09-08,3739,コムシード,ネクスト市場,情報・通信業,,False,120.0,,6.9,True,828000.0
2026-09-08,3771,システムリサーチ,プレミア市場,情報・通信業,,False,,1852.0,0.0,False,0.0
2026-09-08,3775,ガイアックス,ネクスト市場,情報・通信業,,False,444.0,,1.8,True,799200.0
2026-09-08,377A,エージェントＩＧＨＤ,メイン市場,保険業,,False,1030.0,,0.8,True,824000.0
2026-09-08,3808,オーケーウェブ,ネクスト市場,情報・通信業,,False,24.0,,127.6,True,3062399.9999999995
2026-09-08,3842,ネクストジェン,メイン市場,情報・通信業,,False,,1050.0,0.0,False,0.0
2026-09-08,391A,山忠,メイン市場,不動産業,,False,2485.0,,0.1,True,248500.0
2026-09-08,3922,ＰＲＴＩＭＥＳ,プレミア市場,情報・通信業,,False,,2186.0,0.0,False,0.0
2026-09-08,3947,ダイナパック,メイン市場,パルプ・紙,,False,,2488.0,0.0,False,0.0
2026-09-08,3958,笹徳印刷,メイン市場,パルプ・紙,,False,,548.0,0.0,False,0.0
2026-09-08,3974,ＳＣＡＴ,メイン市場,情報・通信業,,False,,673.0,0.0,False,0.0
2026-09-08,4062,イビデン,プレミア市場,電気機器,,False,,20810.0,0.0,False,0.0
2026-09-08,4063,信越化,プレミア市場,化 学,,False,,5702.0,0.0,False,0.0
2026-09-08,4072,電算システムＨＤ,プレミア市場,情報・通信業,,False,,3055.0,0.0,False,0.0
2026-09-08,4124,大阪油化工業,メイン市場,化 学,,False,,3045.0,0.0,False,0.0
2026-09-08,4125,三和油化工業,メイン市場,化 学,,False,,3775.0,0.0,False,0.0
2026-09-08,418A,ウリドキ,ネクスト市場,情報・通信業,,False,1300.0,,3.9,True,5070000.0
2026-09-08,4196,ネオマーケ,メイン市場,情報・通信業,,False,,2165.0,0.0,False,0.0
2026-09-08,4206,アイカ工,プレミア市場,化 学,,False,,4173.0,0.0,False,0.0
2026-09-08,4240,クラスターＴ,メイン市場,化 学,,False,,315.0,0.0,False,0.0
2026-09-08,4247,ポバール興業,メイン市場,化 学,,False,,1395.0,0.0,False,0.0
2026-09-08,4361,川口化,メイン市場,化 学,,False,,1580.0,0.0,False,0.0
2026-09-08,4430,東海ソフト,プレミア市場,情報・通信業,,False,,1724.0,0.0,False,0.0
2026-09-08,4439,東名,プレミア市場,情報・通信業,,False,,796.0,0.0,False,0.0
2026-09-08,4445,リビンＴ,メイン市場,情報・通信業,,False,,1970.0,0.0,False,0.0
2026-09-08,4463,日華化学,プレミア市場,化 学,,False,,1986.0,0.0,False,0.0
2026-09-08,4502,武田薬,プレミア市場,医薬品,,False,,5760.0,0.0,False,0.0
2026-09-08,4616,川上塗料,メイン市場,化 学,,False,,2429.0,0.0,False,0.0
2026-09-08,4658,日本空調,プレミア市場,サービス業,,False,,1565.0,0.0,False,0.0
2026-09-08,4667,アイサンテクノロ,メイン市場,情報・通信業,,False,,3400.0,0.0,False,0.0
2026-09-08,4681,リゾートトラ,プレミア市場,サービス業,,False,,1795.0,0.0,False,0.0
2026-09-08,4691,ワシントンホテル,メイン市場,サービス業,,False,,2195.0,0.0,False,0.0
2026-09-08,4707,キタック,メイン市場,サービス業,,False,,341.0,0.0,False,0.0
2026-09-08,4732,ＵＳＳ,プレミア市場,サービス業,,False,,1947.5,0.0,False,0.0
2026-09-08,4760,アルファ,メイン市場,サービス業,,False,,1534.0,0.0,False,0.0
2026-09-08,4920,日本色材,メイン市場,化 学,,False,,1130.0,0.0,False,0.0
2026-09-08,5020,ＥＮＥＯＳ,プレミア市場,石油・石炭製品,,False,,1393.5,0.0,False,0.0
2026-09-08,5075,アップコン,ネクスト市場,建設業,,False,1027.0,,1.8,True,1848600.0
2026-09-08,5204,石塚硝,プレミア市場,ガラス・土石製品,,False,,3050.0,0.0,False,0.0
2026-09-08,523A,セイワＨＤ,ネクスト市場,金属製品,,False,,1771.0,0.0,False,0.0
2026-09-08,5241,日本オーエー研究所,メイン市場,情報・通信業,,False,743.0,,0.2,True,148600.0
2026-09-08,5271,トーヨーアサノ,メイン市場,ガラス・土石製品,,False,,2191.0,0.0,False,0.0
2026-09-08,5287,イトーヨーギョー,メイン市場,ガラス・土石製品,,False,,861.0,0.0,False,0.0
2026-09-08,5331,ノリタケ,プレミア市場,ガラス・土石製品,,False,,3480.0,0.0,False,0.0
2026-09-08,5332,ＴＯＴＯ,プレミア市場,ガラス・土石製品,,False,,5804.0,0.0,False,0.0
2026-09-08,5333,ＮＧＫ,プレミア市場,ガラス・土石製品,,False,,5025.0,0.0,False,0.0
2026-09-08,5334,日特殊陶,プレミア市場,ガラス・土石製品,,False,,7444.0,0.0,False,0.0
2026-09-08,5342,ジャニス工,メイン市場,ガラス・土石製品,,False,,388.0,0.0,False,0.0
2026-09-08,5343,ニッコー,メイン市場,ガラス・土石製品,,False,182.0,,8.6,True,1565200.0
2026-09-08,5344,ＭＡＲＵＷＡ,プレミア市場,ガラス・土石製品,,False,,56140.0,0.0,False,0.0
2026-09-08,5356,美濃窯業,メイン市場,ガラス・土石製品,,False,,1270.0,0.0,False,0.0
2026-09-08,5384,ＦＵＪＩＭＩ,プレミア市場,ガラス・土石製品,,False,,3285.0,0.0,False,0.0
2026-09-08,5386,鶴弥,メイン市場,ガラス・土石製品,,False,386.0,,1.2,True,463200.0
2026-09-08,5401,日本製鉄,プレミア市場,鉄 鋼,,False,,677.9,0.0,False,0.0
2026-09-08,5406,神戸鋼,プレミア市場,鉄 鋼,,False,,2001.0,0.0,False,0.0
2026-09-08,5461,中部鋼鈑,プレミア市場,鉄 鋼,,False,,2129.0,0.0,False,0.0
2026-09-08,546A,ＭＩＲＡＩＮＩ,プレミア市場,卸売業,,False,,2365.0,0.0,False,0.0
2026-09-08,5471,大同特鋼,プレミア市場,鉄 鋼,,False,,2333.0,0.0,False,0.0
2026-09-08,5482,愛知鋼,プレミア市場,鉄 鋼,,False,,3205.0,0.0,False,0.0
2026-09-08,550A,ソフトテックス,メイン市場,情報・通信業,,False,,2351.0,0.0,False,0.0
2026-09-08,5530,日本システムバンク,メイン市場,不動産業,,False,1091.0,,0.4,True,436400.00000000006
2026-09-08,5589,オートサーバー,メイン市場,情報・通信業,,False,,2956.0,0.0,False,0.0
2026-09-08,5607,中央可鍛,メイン市場,鉄 鋼,,False,611.0,,10.4,True,6354400.000000001
2026-09-08,5802,住友電工,プレミア市場,非鉄金属,,False,,2071.0,0.0,False,0.0
2026-09-08,5918,滝上工,メイン市場,金属製品,,False,,8000.0,0.0,False,0.0
2026-09-08,5938,ＬＩＸＩＬ,プレミア市場,金属製品,,False,,1744.5,0.0,False,0.0
2026-09-08,5947,リンナイ,プレミア市場,金属製品,,False,,3491.0,0.0,False,0.0
2026-09-08,5952,アマテイ,メイン市場,金属製品,,False,,192.0,0.0,False,0.0
2026-09-08,5979,カネソウ,メイン市場,金属製品,,False,5250.0,,0.2,True,1050000.0
2026-09-08,5984,兼房,メイン市場,金属製品,,False,,780.0,0.0,False,0.0
2026-09-08,5992,中央発条,プレミア市場,金属製品,,False,,3665.0,0.0,False,0.0
2026-09-08,5994,ファインシンター,メイン市場,金属製品,,False,,1049.0,0.0,False,0.0
2026-09-08,6025,日本ＰＣサービス,ネクスト市場,サービス業,,False,,690.0,0.0,False,0.0
2026-09-08,6036,ＫｅｅＰｅｒ技研,プレミア市場,サービス業,,False,,3590.0,0.0,False,0.0
2026-09-08,6055,Ｊマテリアル,プレミア市場,サービス業,,False,,2196.0,0.0,False,0.0
2026-09-08,6074,ＪＳＳ,メイン市場,サービス業,,False,,513.0,0.0,False,0.0
2026-09-08,6103,オークマ,プレミア市場,機 械,,False,,4320.0,0.0,False,0.0
2026-09-08,6111,旭精機,メイン市場,機 械,,False,2002.0,,0.7,True,1401399.9999999998
2026-09-08,6134,ＦＵＪＩ,プレミア市場,機 械,,False,,6690.0,0.0,False,0.0
2026-09-08,6136,ＯＳＧ,プレミア市場,機 械,,False,,3425.0,0.0,False,0.0
2026-09-08,6142,富士精工,メイン市場,機 械,,False,1763.0,,1.6,True,2820800.0
2026-09-08,6203,豊和工,プレミア市場,機 械,,False,2150.0,2148.0,0.1,True,215000.0
2026-09-08,6225,エコム,メイン市場,機 械,,False,2079.0,,0.3,True,623699.9999999999
2026-09-08,6267,ゼネパッカー,メイン市場,機 械,,False,,4040.0,0.0,False,0.0
2026-09-08,6325,タカキタ,プレミア市場,機 械,,False,,416.0,0.0,False,0.0
2026-09-08,6339,新東工,プレミア市場,機 械,,False,,1151.0,0.0,False,0.0
2026-09-08,6340,渋谷工,プレミア市場,機 械,,False,,5150.0,0.0,False,0.0
2026-09-08,6342,太平製,メイン市場,機 械,,False,,2903.0,0.0,False,0.0
2026-09-08,6345,アイチ,プレミア市場,機 械,,False,,1444.0,0.0,False,0.0
2026-09-08,6346,キクカワ,メイン市場,機 械,,False,,5670.0,0.0,False,0.0
2026-09-08,6396,宇野沢鉄,メイン市場,機 械,,False,,4490.0,0.0,False,0.0
2026-09-08,6407,ＣＫＤ,プレミア市場,機 械,,False,,5050.0,0.0,False,0.0
2026-09-08,6430,ダイコク電,プレミア市場,機 械,,False,,2438.0,0.0,False,0.0
2026-09-08,6439,中日鋳工,メイン市場,機 械,,False,404.0,,1.6,True,646400.0000000001
2026-09-08,6448,ブラザー,プレミア市場,電気機器,,False,,4450.0,0.0,False,0.0
2026-09-08,6465,ホシザキ,プレミア市場,機 械,,False,,5450.0,0.0,False,0.0
2026-09-08,6470,大豊工業,プレミア市場,機 械,,False,1100.0,1042.0,0.1,True,110000.0
2026-09-08,6473,ジェイテクト,プレミア市場,機 械,,False,,2010.5,0.0,False,0.0
2026-09-08,6501,日立,プレミア市場,電気機器,,False,,5187.0,0.0,False,0.0
2026-09-08,6504,富士電機,プレミア市場,電気機器,,False,,12760.0,0.0,False,0.0
2026-09-08,6508,明電舎,プレミア市場,電気機器,,False,,10410.0,0.0,False,0.0
2026-09-08,6547,グリーンズ,プレミア市場,サービス業,,False,,2195.0,0.0,False,0.0
2026-09-08,6564,ミダックＨＤ,プレミア市場,サービス業,,False,,1941.0,0.0,False,0.0
2026-09-08,6565,ＡＢホテル,メイン市場,サービス業,,False,1297.0,,3.2,True,4150400.000000001
2026-09-08,6586,マキタ,プレミア市場,機 械,,False,,5201.0,0.0,False,0.0
2026-09-08,6615,ＵＭＣエレ,メイン市場,電気機器,,False,,236.0,0.0,False,0.0
2026-09-08,6623,愛知電,プレミア市場,電気機器,,False,8890.0,,0.6,True,5334000.0
2026-09-08,6651,日東工,プレミア市場,電気機器,,False,,4265.0,0.0,False,0.0
2026-09-08,6655,洋電機,メイン市場,電気機器,,False,782.0,,0.2,True,156400.0
2026-09-08,6676,ＢＵＦＦＡＬＯ,プレミア市場,電気機器,,False,,3045.0,0.0,False,0.0
2026-09-08,6702,富士通,プレミア市場,電気機器,,False,,3775.0,0.0,False,0.0
2026-09-08,6718,アイホン,プレミア市場,電気機器,,False,,2849.0,0.0,False,0.0
2026-09-08,6797,名古屋電,メイン市場,電気機器,,False,,1220.0,0.0,False,0.0
2026-09-08,6846,中央製,メイン市場,電気機器,,False,,1444.0,0.0,False,0.0
2026-09-08,6902,デンソー,プレミア市場,輸送用機器,,False,,1879.0,0.0,False,0.0
2026-09-08,6995,東海理電,プレミア市場,輸送用機器,,False,,3040.0,0.0,False,0.0
2026-09-08,6999,ＫＯＡ,プレミア市場,電気機器,,False,,2109.0,0.0,False,0.0
2026-09-08,7011,三菱重,プレミア市場,機 械,,False,,3708.0,0.0,False,0.0
2026-09-08,7012,川崎重,プレミア市場,輸送用機器,,False,,2385.5,0.0,False,0.0
2026-09-08,7059,コプロＨＤ,プレミア市場,サービス業,,False,,921.0,0.0,False,0.0
2026-09-08,7073,ジェイック,メイン市場,サービス業,,False,,2387.0,0.0,False,0.0
2026-09-08,7075,ＱＬＳＨＤ,ネクスト市場,サービス業,,False,,1090.0,0.0,False,0.0
2026-09-08,7076,名南Ｍ＆Ａ,メイン市場,サービス業,,False,1093.0,,6.8,True,7432400.0
2026-09-08,7102,日車輌,プレミア市場,輸送用機器,,False,,3530.0,0.0,False,0.0
2026-09-08,7118,伸和ホールディングス,ネクスト市場,小売業,,False,4400.0,,0.4,True,1760000.0
2026-09-08,7129,ミアヘルサＨＤ,メイン市場,小売業,,False,,1176.0,0.0,False,0.0
2026-09-08,7135,ジャパンクラフトＨＤ,プレミア市場,小売業,,False,,181.0,0.0,False,0.0
2026-09-08,7203,トヨタ自,プレミア市場,輸送用機器,,False,2977.0,2968.5,0.6,True,1786200.0
2026-09-08,7213,レシップＨＤ,プレミア市場,輸送用機器,,False,,658.0,0.0,False,0.0
2026-09-08,7220,武蔵精密,プレミア市場,輸送用機器,,False,,2684.0,0.0,False,0.0
2026-09-08,7227,アスカ,メイン市場,輸送用機器,,False,1839.0,,0.1,True,183900.0
2026-09-08,7231,トピー工,プレミア市場,輸送用機器,,False,,3030.0,0.0,False,0.0
2026-09-08,7241,フタバ産,プレミア市場,輸送用機器,,False,,1079.0,0.0,False,0.0
2026-09-08,7245,大同メタル,プレミア市場,輸送用機器,,False,,1140.0,0.0,False,0.0
2026-09-08,7259,アイシン,プレミア市場,輸送用機器,,False,,2171.0,0.0,False,0.0
2026-09-08,7266,今仙電機,プレミア市場,輸送用機器,,False,,985.0,0.0,False,0.0
2026-09-08,7282,豊田合,プレミア市場,輸送用機器,,False,,5053.0,0.0,False,0.0
2026-09-08,7283,愛三工,プレミア市場,輸送用機器,,False,,2214.0,0.0,False,0.0
2026-09-08,7322,３３ＦＧ,プレミア市場,銀行業,,False,,2093.0,0.0,False,0.0
2026-09-08,7362,Ｔ．Ｓ．Ｉ,メイン市場,サービス業,,False,,865.0,0.0,False,0.0
2026-09-08,7369,メイホーＨＤ,ネクスト市場,サービス業,,False,,386.0,0.0,False,0.0
2026-09-08,7380,十六ＦＧ,プレミア市場,銀行業,,False,,2572.0,0.0,False,0.0
2026-09-08,7389,あいちＦＧ,プレミア市場,銀行業,,False,,1896.0,0.0,False,0.0
2026-09-08,7412,アトム,メイン市場,小売業,,False,,377.0,0.0,False,0.0
2026-09-08,7485,岡谷鋼機,プレミア市場,卸売業,,False,5040.0,,3.9,True,19656000.0
2026-09-08,7488,ヤガミ,メイン市場,卸売業,,False,5000.0,,0.2,True,1000000.0
2026-09-08,7514,ヒマラヤ,プレミア市場,小売業,,False,,854.0,0.0,False,0.0
2026-09-08,7593,ＶＴＨＤ,プレミア市場,小売業,,False,,527.0,0.0,False,0.0
2026-09-08,7607,進和,プレミア市場,卸売業,,False,,2988.0,0.0,False,0.0
2026-09-08,7630,壱番屋,プレミア市場,小売業,,False,,1087.0,0.0,False,0.0
2026-09-08,7649,スギＨＤ,プレミア市場,小売業,,False,,1323.0,0.0,False,0.0
2026-09-08,7675,セントラルフォレスト,メイン市場,卸売業,,False,2723.0,,0.5,True,1361500.0
2026-09-08,7682,浜木綿,メイン市場,小売業,,False,,3950.0,0.0,False,0.0
2026-09-08,7723,愛知時,プレミア市場,精密機器,,False,,2825.0,0.0,False,0.0
2026-09-08,7747,アサヒインテック,プレミア市場,精密機器,,False,3352.0,3313.0,0.1,True,335200.00000000006
2026-09-08,7751,キヤノン,プレミア市場,電気機器,,False,,4362.0,0.0,False,0.0
2026-09-08,7780,メニコン,プレミア市場,精密機器,,False,,1764.0,0.0,False,0.0
2026-09-08,7790,バルコス,ネクスト市場,その他製品,,False,,1098.0,0.0,False,0.0
2026-09-08,7805,プリントネット,メイン市場,その他製品,,False,,713.0,0.0,False,0.0
2026-09-08,7870,福島印,メイン市場,その他製品,,False,365.0,,0.7,True,255500.0
2026-09-08,7871,フクビ化工,メイン市場,化 学,,False,,1000.0,0.0,False,0.0
2026-09-08,7875,竹田ｉＰ,メイン市場,その他製品,,False,,805.0,0.0,False,0.0
2026-09-08,7878,光・彩,メイン市場,その他製品,,False,,1432.0,0.0,False,0.0
2026-09-08,7896,セブン工,メイン市場,その他製品,,False,,507.0,0.0,False,0.0
2026-09-08,7928,旭化学,メイン市場,化 学,,False,,615.0,0.0,False,0.0
2026-09-08,7931,未来工業,プレミア市場,化 学,,False,,3595.0,0.0,False,0.0
2026-09-08,7943,ニチハ,プレミア市場,ガラス・土石製品,,False,,2974.0,0.0,False,0.0
2026-09-08,7946,光陽社,メイン市場,その他製品,,False,360.0,358.0,0.3,True,108000.0
2026-09-08,7950,デコラックス,メイン市場,化 学,,False,,9300.0,0.0,False,0.0
2026-09-08,7953,菊水化,メイン市場,その他製品,,False,,400.0,0.0,False,0.0
2026-09-08,7975,リヒトラブ,メイン市場,その他製品,,False,,1168.0,0.0,False,0.0
2026-09-08,8015,豊田通商,プレミア市場,卸売業,,False,,7482.0,0.0,False,0.0
2026-09-08,8031,三井物産,プレミア市場,卸売業,,False,,5093.0,0.0,False,0.0
2026-09-08,8071,東海エレ,メイン市場,卸売業,,False,3020.0,,0.3,True,906000.0
2026-09-08,8076,カノークス,メイン市場,卸売業,,False,,2113.0,0.0,False,0.0
2026-09-08,8130,サンゲツ,プレミア市場,卸売業,,False,,3170.0,0.0,False,0.0
2026-09-08,8145,中部水,メイン市場,卸売業,,False,3265.0,,0.5,True,1632500.0
2026-09-08,8160,木曽路,プレミア市場,小売業,,False,,2465.0,0.0,False,0.0
2026-09-08,8190,ヤマナカ,メイン市場,小売業,,False,519.0,,2.2,True,1141800.0000000002
2026-09-08,8225,タカチホ,メイン市場,卸売業,,False,,3660.0,0.0,False,0.0
2026-09-08,8228,マルイチ産商,メイン市場,卸売業,,False,1081.0,,6.3,True,6810300.0
2026-09-08,8285,三谷産業,プレミア市場,卸売業,,False,,773.0,0.0,False,0.0
2026-09-08,8306,三菱ＵＦＪ,プレミア市場,銀行業,,False,3684.0,3656.0,0.2,True,736800.0000000001
2026-09-08,8309,三井住友トラストＧ,プレミア市場,銀行業,,False,,1756.5,0.0,False,0.0
2026-09-08,8316,三井住友,プレミア市場,銀行業,,False,,6928.0,0.0,False,0.0
2026-09-08,8361,大垣銀,プレミア市場,銀行業,,False,,7950.0,0.0,False,0.0
2026-09-08,8368,百五銀,プレミア市場,銀行業,,False,,2300.0,0.0,False,0.0
2026-09-08,8522,名古屋銀,プレミア市場,銀行業,,False,,6980.0,0.0,False,0.0
2026-09-08,8601,大和証Ｇ,プレミア市場,証券、商品先物取引業,,False,,1834.5,0.0,False,0.0
2026-09-08,8604,野村,プレミア市場,証券、商品先物取引業,,False,,1648.5,0.0,False,0.0
2026-09-08,8609,岡三,プレミア市場,証券、商品先物取引業,,False,,1231.0,0.0,False,0.0
2026-09-08,8616,東海東京,プレミア市場,証券、商品先物取引業,,False,,885.0,0.0,False,0.0
2026-09-08,8725,ＭＳ＆ＡＤ,プレミア市場,保険業,,False,,5078.0,0.0,False,0.0
2026-09-08,8803,平和不,プレミア市場,不動産業,,False,,2358.0,0.0,False,0.0
2026-09-08,8891,ＡＭＧＨＤ,メイン市場,不動産業,,False,,2006.0,0.0,False,0.0
2026-09-08,8904,ＡＶＡＮＴＩＡ,プレミア市場,不動産業,,False,,825.0,0.0,False,0.0
2026-09-08,8920,東祥,プレミア市場,サービス業,,False,,705.0,0.0,False,0.0
2026-09-08,8995,誠建設,メイン市場,不動産業,,False,,2548.0,0.0,False,0.0
2026-09-08,9022,ＪＲ東海,プレミア市場,陸運業,,False,,3843.0,0.0,False,0.0
2026-09-08,9040,大宝運,メイン市場,陸運業,,False,4230.0,,0.5,True,2115000.0
2026-09-08,9048,名鉄,プレミア市場,陸運業,,False,,1878.0,0.0,False,0.0
2026-09-08,9073,京極運輸,メイン市場,陸運業,,False,,1233.0,0.0,False,0.0
2026-09-08,9076,セイノーＨＤ,プレミア市場,陸運業,,False,,2672.5,0.0,False,0.0
2026-09-08,9170,成友興業,メイン市場,サービス業,,False,1471.0,,2.8,True,4118800.0
2026-09-08,9221,フルハシＥＰＯ,メイン市場,サービス業,,False,,1181.0,0.0,False,0.0
2026-09-08,9223,ＡＳＮＯＶＡ,ネクスト市場,サービス業,,False,,434.0,0.0,False,0.0
2026-09-08,9249,日本エコシステム,メイン市場,サービス業,,False,,1678.0,0.0,False,0.0
2026-09-08,9306,東陽倉,プレミア市場,倉庫・運輸関連業,,False,,1997.0,0.0,False,0.0
2026-09-08,9310,トランスシティ,プレミア市場,倉庫・運輸関連業,,False,,1363.0,0.0,False,0.0
2026-09-08,9330,揚羽,ネクスト市場,サービス業,,False,,880.0,0.0,False,0.0
2026-09-08,9357,名港海,メイン市場,倉庫・運輸関連業,,False,2475.0,,2.1,True,5197500.0
2026-09-08,9359,伊勢湾海,メイン市場,倉庫・運輸関連業,,False,950.0,,3.1,True,2945000.0
2026-09-08,9368,キムラユニティー,プレミア市場,倉庫・運輸関連業,,False,,960.0,0.0,False,0.0
2026-09-08,9402,中日放送,プレミア市場,情報・通信業,,False,1264.0,,5.1,True,6446400.0
2026-09-08,9428,クロップス,プレミア市場,情報・通信業,,False,,1493.0,0.0,False,0.0
2026-09-08,9471,文渓堂,メイン市場,情報・通信業,,False,,1138.0,0.0,False,0.0
2026-09-08,9476,中央経済社ＨＤ,メイン市場,情報・通信業,,False,,991.0,0.0,False,0.0
2026-09-08,9502,中部電力,プレミア市場,電気・ガス業,,False,,2978.5,0.0,False,0.0
2026-09-08,9531,東瓦斯,プレミア市場,電気・ガス業,,False,,6147.0,0.0,False,0.0
2026-09-08,9533,東邦瓦斯,プレミア市場,電気・ガス業,,False,,1279.5,0.0,False,0.0
2026-09-08,9643,中日興,メイン市場,サービス業,,False,,11080.0,0.0,False,0.0
2026-09-08,9664,御園座,メイン市場,サービス業,,False,1496.0,,2.6,True,3889600.0
2026-09-08,9793,ダイセキ,プレミア市場,サービス業,,False,,3630.0,0.0,False,0.0
2026-09-08,9900,サガミＨＤ,プレミア市場,小売業,,False,,1109.0,0.0,False,0.0
2026-09-08,9913,日邦産業,メイン市場,卸売業,,False,,3670.0,0.0,False,0.0
2026-09-08,9914,植松商会,メイン市場,卸売業,,False,,762.0,0.0,False,0.0
2026-09-08,9956,バローＨＤ,プレミア市場,小売業,,False,,3225.0,0.0,False,0.0
2026-09-08,9969,ショクブン,メイン市場,小売業,,False,,238.0,0.0,False,0.0
2026-09-08,9982,タキヒヨー,プレミア市場,卸売業,,False,,2642.0,0.0,False,0.0
2026-09-08,9987,スズケン,プレミア市場,卸売業,,False,,5187.0,0.0,False,0.0
2026-09-09,138A,光フードサービス,ネクスト市場,小売業,,False,,3100.0,0.0,False,0.0
2026-09-09,1438,岐阜造園,メイン市場,建設業,,False,,2280.0,0.0,False,0.0
2026-09-09,1444,ニッソウ,ネクスト市場,建設業,,False,,2683.0,0.0,False,0.0
2026-09-09,1738,ＮＩＴＴＯＨ,メイン市場,建設業,,False,567.0,,0.1,True,56700.0
2026-09-09,1766,東建コーポ,プレミア市場,建設業,,False,,13800.0,0.0,False,0.0
2026-09-09,1777,川崎設備,メイン市場,建設業,,False,2329.0,,1.9,True,4425099.999999999
2026-09-09,1780,ヤマウラ,プレミア市場,建設業,,False,,1485.0,0.0,False,0.0
2026-09-09,1801,大成建,プレミア市場,建設業,,False,,13340.0,0.0,False,0.0
2026-09-09,1803,清水建,プレミア市場,建設業,,False,,2533.5,0.0,False,0.0
2026-09-09,1811,銭高組,メイン市場,建設業,,False,,7570.0,0.0,False,0.0
2026-09-09,1812,鹿島,プレミア市場,建設業,,False,,5187.0,0.0,False,0.0
2026-09-09,1869,名工建,メイン市場,建設業,,False,1903.0,,2.2,True,4186600.000000001
2026-09-09,1870,矢作建,プレミア市場,建設業,,False,,2121.0,0.0,False,0.0
2026-09-09,1878,大東建,プレミア市場,不動産業,,False,,3301.0,0.0,False,0.0
2026-09-09,1892,徳倉建,メイン市場,建設業,,False,,7810.0,0.0,False,0.0
2026-09-09,1893,五洋建,プレミア市場,建設業,,False,,1510.0,0.0,False,0.0
2026-09-09,1928,積水ハウス,プレミア市場,建設業,,False,,3321.0,0.0,False,0.0
2026-09-09,1946,トーエネック,プレミア市場,建設業,,False,,2286.0,0.0,False,0.0
2026-09-09,2053,中部飼料,プレミア市場,食料品,,False,,2005.0,0.0,False,0.0
2026-09-09,212A,フィットイージー,プレミア市場,サービス業,,False,,2913.0,0.0,False,0.0
2026-09-09,2139,中広,プレミア市場,サービス業,,False,,521.0,0.0,False,0.0
2026-09-09,2169,ＣＤＳ,プレミア市場,サービス業,,False,,1732.0,0.0,False,0.0
2026-09-09,2185,シイエム・シイ,プレミア市場,サービス業,,False,,2000.0,0.0,False,0.0
2026-09-09,2207,ｍｅｉｔｏ,プレミア市場,食料品,,False,,3450.0,0.0,False,0.0
2026-09-09,2209,井村屋Ｇ,プレミア市場,食料品,,False,,2383.0,0.0,False,0.0
2026-09-09,2224,コモ,メイン市場,食料品,,False,,3690.0,0.0,False,0.0
2026-09-09,2327,ＮＳＳＯＬ,メイン市場,情報・通信業,,False,,3797.0,0.0,False,0.0
2026-09-09,2329,東北新社,メイン市場,情報・通信業,,False,,494.0,0.0,False,0.0
2026-09-09,2351,ＡＳＪ,メイン市場,情報・通信業,,False,,331.0,0.0,False,0.0
2026-09-09,2376,サイネックス,メイン市場,サービス業,,False,,785.0,0.0,False,0.0
2026-09-09,2424,ブラス,プレミア市場,サービス業,,False,,596.0,0.0,False,0.0
2026-09-09,2435,シダー,メイン市場,サービス業,,False,,210.0,0.0,False,0.0
2026-09-09,2467,ＶＬＣセキュリティ,ネクスト市場,サービス業,,False,173.0,,12.4,True,2145200.0000000005
2026-09-09,246A,アスア,メイン市場,サービス業,,False,,934.0,0.0,False,0.0
2026-09-09,2479,ジェイテック,メイン市場,サービス業,,False,,267.0,0.0,False,0.0
2026-09-09,2480,シスロケ,メイン市場,情報・通信業,,False,,1798.0,0.0,False,0.0
2026-09-09,2485,ティア,プレミア市場,サービス業,,False,,446.0,0.0,False,0.0
2026-09-09,2551,マルサンアイ,メイン市場,食料品,,False,3615.0,,0.8,True,2892000.0
2026-09-09,259A,ケイ・ウノ,ネクスト市場,小売業,,False,1925.0,,0.2,True,385000.0
2026-09-09,2722,ＩＫホールディングス,プレミア市場,小売業,,False,,361.0,0.0,False,0.0
2026-09-09,2734,サーラ,プレミア市場,小売業,,False,,1214.0,0.0,False,0.0
2026-09-09,2753,あみやき,プレミア市場,小売業,,False,,1383.0,0.0,False,0.0
2026-09-09,275A,ハンワホームズ,ネクスト市場,建設業,,False,,390.0,0.0,False,0.0
2026-09-09,2778,パレモ・ＨＤ,メイン市場,小売業,,False,,114.0,0.0,False,0.0
2026-09-09,2780,コメ兵ＨＤ,メイン市場,小売業,,False,,4515.0,0.0,False,0.0
2026-09-09,2806,ユタカフーズ,メイン市場,食料品,,False,,1915.0,0.0,False,0.0
2026-09-09,2811,カゴメ,プレミア市場,食料品,,False,,2744.5,0.0,False,0.0
2026-09-09,2902,太陽化,メイン市場,食料品,,False,2725.0,,2.4,True,6540000.0
2026-09-09,2983,アールプランナー,メイン市場,不動産業,,False,,1728.0,0.0,False,0.0
2026-09-09,2986,ＬＡＨＤ,プレミア市場,不動産業,,False,,2797.0,0.0,False,0.0
2026-09-09,3028,アルペン,プレミア市場,小売業,,False,,2278.0,0.0,False,0.0
2026-09-09,3032,ゴルフ・ドゥ,ネクスト市場,小売業,,False,242.0,,3.7,True,895400.0000000001
2026-09-09,3035,ケイティケイ,メイン市場,卸売業,,False,,772.0,0.0,False,0.0
2026-09-09,3066,ＪＢイレブン,メイン市場,小売業,,False,645.0,,4.8,True,3096000.0
2026-09-09,3086,Ｊフロント,プレミア市場,小売業,,False,,2600.0,0.0,False,0.0
2026-09-09,3091,ブロンコＢ,プレミア市場,小売業,,False,,2821.0,0.0,False,0.0
2026-09-09,3116,トヨタ紡織,プレミア市場,輸送用機器,,False,,2215.0,0.0,False,0.0
2026-09-09,3138,富士山マガジン,メイン市場,小売業,,False,,1128.0,0.0,False,0.0
2026-09-09,3184,ＩＣＤＡ,メイン市場,小売業,,False,,4155.0,0.0,False,0.0
2026-09-09,3186,ネクステージ,プレミア市場,小売業,,False,,2950.0,0.0,False,0.0
2026-09-09,3202,ダイトウボウ,プレミア市場,繊維製品,,False,,129.0,0.0,False,0.0
2026-09-09,3205,ダイドー,プレミア市場,繊維製品,,False,,727.0,0.0,False,0.0
2026-09-09,3221,ヨシックスＨＤ,プレミア市場,小売業,,False,,3185.0,0.0,False,0.0
2026-09-09,3232,三重交通ＧＨＤ,プレミア市場,不動産業,,False,,586.0,0.0,False,0.0
2026-09-09,3260,エスポア,,サービス業,監理,True,446.0,,6.5,True,2899000.0
2026-09-09,3320,クロスプラス,メイン市場,卸売業,,False,,1296.0,0.0,False,0.0
2026-09-09,3321,ミタチ,プレミア市場,卸売業,,False,,1642.0,0.0,False,0.0
2026-09-09,3346,ヒロタグループＨＤ,ネクスト市場,小売業,,False,79.0,,50.6,True,3997400.0
2026-09-09,3384,アークコア,ネクスト市場,卸売業,,False,762.0,,1.2,True,914400.0
2026-09-09,3419,アートグリーン,ネクスト市場,卸売業,,False,1978.0,,0.7,True,1384600.0
2026-09-09,3422,Ｊ－ＭＡＸ,メイン市場,金属製品,,False,,607.0,0.0,False,0.0
2026-09-09,3439,三ツ知,メイン市場,金属製品,,False,,671.0,0.0,False,0.0
2026-09-09,3441,山王,メイン市場,金属製品,,False,,2771.0,0.0,False,0.0
2026-09-09,3442,ＭＩＥコーポ,メイン市場,金属製品,,False,,1820.0,0.0,False,0.0
2026-09-09,3447,信和,プレミア市場,金属製品,,False,,998.0,0.0,False,0.0
2026-09-09,3461,パルマ,メイン市場,不動産業,,False,,622.0,0.0,False,0.0
2026-09-09,3469,デュアルタップ,メイン市場,不動産業,,False,,894.0,0.0,False,0.0
2026-09-09,3494,マリオン,メイン市場,不動産業,,False,,456.0,0.0,False,0.0
2026-09-09,3504,丸八ホールディングス,メイン市場,繊維製品,,False,1378.0,,2.0,True,2756000.0
2026-09-09,3524,日東網,プレミア市場,繊維製品,,False,,1488.0,0.0,False,0.0
2026-09-09,3543,コメダ,プレミア市場,卸売業,,False,,2859.0,0.0,False,0.0
2026-09-09,3549,クスリのアオキＨＤ,メイン市場,小売業,,False,,4015.0,0.0,False,0.0
2026-09-09,3556,リネットジャパン,メイン市場,小売業,,False,,799.0,0.0,False,0.0
2026-09-09,3559,ピーバンドットコム,メイン市場,卸売業,,False,,461.0,0.0,False,0.0
2026-09-09,3571,ソトー,プレミア市場,繊維製品,,False,,721.0,0.0,False,0.0
2026-09-09,3577,東海染工,プレミア市場,繊維製品,,False,,925.0,0.0,False,0.0
2026-09-09,3670,協立情報通信,メイン市場,情報・通信業,,False,1732.0,1710.0,0.4,True,692800.0000000001
2026-09-09,3739,コムシード,ネクスト市場,情報・通信業,,False,121.0,,2.0,True,242000.0
2026-09-09,3771,システムリサーチ,プレミア市場,情報・通信業,,False,,1841.0,0.0,False,0.0
2026-09-09,3775,ガイアックス,ネクスト市場,情報・通信業,,False,446.0,,4.4,True,1962400.0
2026-09-09,377A,エージェントＩＧＨＤ,メイン市場,保険業,,False,1015.0,,0.8,True,812000.0
2026-09-09,3808,オーケーウェブ,ネクスト市場,情報・通信業,,False,24.0,,49.8,True,1195199.9999999998
2026-09-09,3842,ネクストジェン,メイン市場,情報・通信業,,False,,1054.0,0.0,False,0.0
2026-09-09,391A,山忠,メイン市場,不動産業,,False,2440.0,,0.3,True,732000.0
2026-09-09,3922,ＰＲＴＩＭＥＳ,プレミア市場,情報・通信業,,False,,2165.0,0.0,False,0.0
2026-09-09,3947,ダイナパック,メイン市場,パルプ・紙,,False,,2424.0,0.0,False,0.0
2026-09-09,3958,笹徳印刷,メイン市場,パルプ・紙,,False,,545.0,0.0,False,0.0
2026-09-09,3974,ＳＣＡＴ,メイン市場,情報・通信業,,False,,669.0,0.0,False,0.0
2026-09-09,4062,イビデン,プレミア市場,電気機器,,False,21515.0,21420.0,0.1,True,2151500.0
2026-09-09,4063,信越化,プレミア市場,化 学,,False,,5719.0,0.0,False,0.0
2026-09-09,4072,電算システムＨＤ,プレミア市場,情報・通信業,,False,,3030.0,0.0,False,0.0
2026-09-09,4124,大阪油化工業,メイン市場,化 学,,False,,3025.0,0.0,False,0.0
2026-09-09,4125,三和油化工業,メイン市場,化 学,,False,,3800.0,0.0,False,0.0
2026-09-09,418A,ウリドキ,ネクスト市場,情報・通信業,,False,1281.0,,6.6,True,8454600.0
2026-09-09,4196,ネオマーケ,メイン市場,情報・通信業,,False,,2174.0,0.0,False,0.0
2026-09-09,4206,アイカ工,プレミア市場,化 学,,False,,4133.0,0.0,False,0.0
2026-09-09,4240,クラスターＴ,メイン市場,化 学,,False,,315.0,0.0,False,0.0
2026-09-09,4247,ポバール興業,メイン市場,化 学,,False,,1400.0,0.0,False,0.0
2026-09-09,4361,川口化,メイン市場,化 学,,False,,1560.0,0.0,False,0.0
2026-09-09,4430,東海ソフト,プレミア市場,情報・通信業,,False,,1719.0,0.0,False,0.0
2026-09-09,4439,東名,プレミア市場,情報・通信業,,False,,791.0,0.0,False,0.0
2026-09-09,4445,リビンＴ,メイン市場,情報・通信業,,False,,1956.0,0.0,False,0.0
2026-09-09,4463,日華化学,プレミア市場,化 学,,False,,1941.0,0.0,False,0.0
2026-09-09,4502,武田薬,プレミア市場,医薬品,,False,,5615.0,0.0,False,0.0
2026-09-09,4616,川上塗料,メイン市場,化 学,,False,,2438.0,0.0,False,0.0
2026-09-09,4658,日本空調,プレミア市場,サービス業,,False,,1545.0,0.0,False,0.0
2026-09-09,4667,アイサンテクノロ,メイン市場,情報・通信業,,False,,3625.0,0.0,False,0.0
2026-09-09,4681,リゾートトラ,プレミア市場,サービス業,,False,,1767.0,0.0,False,0.0
2026-09-09,4691,ワシントンホテル,メイン市場,サービス業,,False,,2192.0,0.0,False,0.0
2026-09-09,4707,キタック,メイン市場,サービス業,,False,,339.0,0.0,False,0.0
2026-09-09,4732,ＵＳＳ,プレミア市場,サービス業,,False,,1914.5,0.0,False,0.0
2026-09-09,4760,アルファ,メイン市場,サービス業,,False,,1511.0,0.0,False,0.0
2026-09-09,4920,日本色材,メイン市場,化 学,,False,,1120.0,0.0,False,0.0
2026-09-09,5020,ＥＮＥＯＳ,プレミア市場,石油・石炭製品,,False,,1459.0,0.0,False,0.0
2026-09-09,5075,アップコン,ネクスト市場,建設業,,False,1015.0,,2.3,True,2334500.0
2026-09-09,5204,石塚硝,プレミア市場,ガラス・土石製品,,False,,2991.0,0.0,False,0.0
2026-09-09,523A,セイワＨＤ,ネクスト市場,金属製品,,False,,1812.0,0.0,False,0.0
2026-09-09,5241,日本オーエー研究所,メイン市場,情報・通信業,,False,,743.0,0.0,False,0.0
2026-09-09,5271,トーヨーアサノ,メイン市場,ガラス・土石製品,,False,,2248.0,0.0,False,0.0
2026-09-09,5287,イトーヨーギョー,メイン市場,ガラス・土石製品,,False,,1011.0,0.0,False,0.0
2026-09-09,5331,ノリタケ,プレミア市場,ガラス・土石製品,,False,,3500.0,0.0,False,0.0
2026-09-09,5332,ＴＯＴＯ,プレミア市場,ガラス・土石製品,,False,,5803.0,0.0,False,0.0
2026-09-09,5333,ＮＧＫ,プレミア市場,ガラス・土石製品,,False,,5138.0,0.0,False,0.0
2026-09-09,5334,日特殊陶,プレミア市場,ガラス・土石製品,,False,,7446.0,0.0,False,0.0
2026-09-09,5342,ジャニス工,メイン市場,ガラス・土石製品,,False,390.0,,0.1,True,39000.0
2026-09-09,5343,ニッコー,メイン市場,ガラス・土石製品,,False,182.0,,7.2,True,1310400.0
2026-09-09,5344,ＭＡＲＵＷＡ,プレミア市場,ガラス・土石製品,,False,,57740.0,0.0,False,0.0
2026-09-09,5356,美濃窯業,メイン市場,ガラス・土石製品,,False,,1270.0,0.0,False,0.0
2026-09-09,5384,ＦＵＪＩＭＩ,プレミア市場,ガラス・土石製品,,False,,3350.0,0.0,False,0.0
2026-09-09,5386,鶴弥,メイン市場,ガラス・土石製品,,False,386.0,,0.4,True,154400.0
2026-09-09,5401,日本製鉄,プレミア市場,鉄 鋼,,False,,675.9,0.0,False,0.0
2026-09-09,5406,神戸鋼,プレミア市場,鉄 鋼,,False,,2035.0,0.0,False,0.0
2026-09-09,5461,中部鋼鈑,プレミア市場,鉄 鋼,,False,,2134.0,0.0,False,0.0
2026-09-09,546A,ＭＩＲＡＩＮＩ,プレミア市場,卸売業,,False,,2315.0,0.0,False,0.0
2026-09-09,5471,大同特鋼,プレミア市場,鉄 鋼,,False,,2385.5,0.0,False,0.0
2026-09-09,5482,愛知鋼,プレミア市場,鉄 鋼,,False,,3140.0,0.0,False,0.0
2026-09-09,550A,ソフトテックス,メイン市場,情報・通信業,,False,,2201.0,0.0,False,0.0
2026-09-09,5530,日本システムバンク,メイン市場,不動産業,,False,1085.0,,2.4,True,2604000.0
2026-09-09,5589,オートサーバー,メイン市場,情報・通信業,,False,,2900.0,0.0,False,0.0
2026-09-09,5607,中央可鍛,メイン市場,鉄 鋼,,False,609.0,,9.6,True,5846400.0
2026-09-09,5802,住友電工,プレミア市場,非鉄金属,,False,,2189.5,0.0,False,0.0
2026-09-09,5918,滝上工,メイン市場,金属製品,,False,,8000.0,0.0,False,0.0
2026-09-09,5938,ＬＩＸＩＬ,プレミア市場,金属製品,,False,,1733.0,0.0,False,0.0
2026-09-09,5947,リンナイ,プレミア市場,金属製品,,False,,3460.0,0.0,False,0.0
2026-09-09,5952,アマテイ,メイン市場,金属製品,,False,,190.0,0.0,False,0.0
2026-09-09,5979,カネソウ,メイン市場,金属製品,,False,,5250.0,0.0,False,0.0
2026-09-09,5984,兼房,メイン市場,金属製品,,False,,778.0,0.0,False,0.0
2026-09-09,5992,中央発条,プレミア市場,金属製品,,False,,3670.0,0.0,False,0.0
2026-09-09,5994,ファインシンター,メイン市場,金属製品,,False,,1031.0,0.0,False,0.0
2026-09-09,6025,日本ＰＣサービス,ネクスト市場,サービス業,,False,689.0,,0.1,True,68900.0
2026-09-09,6036,ＫｅｅＰｅｒ技研,プレミア市場,サービス業,,False,,3635.0,0.0,False,0.0
2026-09-09,6055,Ｊマテリアル,プレミア市場,サービス業,,False,,2143.0,0.0,False,0.0
2026-09-09,6074,ＪＳＳ,メイン市場,サービス業,,False,,512.0,0.0,False,0.0
2026-09-09,6103,オークマ,プレミア市場,機 械,,False,,4330.0,0.0,False,0.0
2026-09-09,6111,旭精機,メイン市場,機 械,,False,1998.0,,0.6,True,1198800.0
2026-09-09,6134,ＦＵＪＩ,プレミア市場,機 械,,False,,6999.0,0.0,False,0.0
2026-09-09,6136,ＯＳＧ,プレミア市場,機 械,,False,,3482.0,0.0,False,0.0
2026-09-09,6142,富士精工,メイン市場,機 械,,False,1751.0,,1.3,True,2276300.0
2026-09-09,6203,豊和工,プレミア市場,機 械,,False,2098.0,2140.0,1.0,True,2098000.0
2026-09-09,6225,エコム,メイン市場,機 械,,False,2100.0,,0.4,True,840000.0
2026-09-09,6267,ゼネパッカー,メイン市場,機 械,,False,,4050.0,0.0,False,0.0
2026-09-09,6325,タカキタ,プレミア市場,機 械,,False,,422.0,0.0,False,0.0
2026-09-09,6339,新東工,プレミア市場,機 械,,False,,1149.0,0.0,False,0.0
2026-09-09,6340,渋谷工,プレミア市場,機 械,,False,,5300.0,0.0,False,0.0
2026-09-09,6342,太平製,メイン市場,機 械,,False,,2903.0,0.0,False,0.0
2026-09-09,6345,アイチ,プレミア市場,機 械,,False,,1446.0,0.0,False,0.0
2026-09-09,6346,キクカワ,メイン市場,機 械,,False,,5670.0,0.0,False,0.0
2026-09-09,6396,宇野沢鉄,メイン市場,機 械,,False,,4525.0,0.0,False,0.0
2026-09-09,6407,ＣＫＤ,プレミア市場,機 械,,False,,5310.0,0.0,False,0.0
2026-09-09,6430,ダイコク電,プレミア市場,機 械,,False,,2429.0,0.0,False,0.0
2026-09-09,6439,中日鋳工,メイン市場,機 械,,False,402.0,,3.6,True,1447200.0
2026-09-09,6448,ブラザー,プレミア市場,電気機器,,False,,4382.0,0.0,False,0.0
2026-09-09,6465,ホシザキ,プレミア市場,機 械,,False,,5338.0,0.0,False,0.0
2026-09-09,6470,大豊工業,プレミア市場,機 械,,False,,1056.0,0.0,False,0.0
2026-09-09,6473,ジェイテクト,プレミア市場,機 械,,False,,2037.5,0.0,False,0.0
2026-09-09,6501,日立,プレミア市場,電気機器,,False,,5173.0,0.0,False,0.0
2026-09-09,6504,富士電機,プレミア市場,電気機器,,False,,13110.0,0.0,False,0.0
2026-09-09,6508,明電舎,プレミア市場,電気機器,,False,,10810.0,0.0,False,0.0
2026-09-09,6547,グリーンズ,プレミア市場,サービス業,,False,,2130.0,0.0,False,0.0
2026-09-09,6564,ミダックＨＤ,プレミア市場,サービス業,,False,,1960.0,0.0,False,0.0
2026-09-09,6565,ＡＢホテル,メイン市場,サービス業,,False,1295.0,,1.0,True,1295000.0
2026-09-09,6586,マキタ,プレミア市場,機 械,,False,,5211.0,0.0,False,0.0
2026-09-09,6615,ＵＭＣエレ,メイン市場,電気機器,,False,,235.0,0.0,False,0.0
2026-09-09,6623,愛知電,プレミア市場,電気機器,,False,8890.0,,1.4,True,12446000.0
2026-09-09,6651,日東工,プレミア市場,電気機器,,False,,4315.0,0.0,False,0.0
2026-09-09,6655,洋電機,メイン市場,電気機器,,False,782.0,,0.3,True,234600.0
2026-09-09,6676,ＢＵＦＦＡＬＯ,プレミア市場,電気機器,,False,,3020.0,0.0,False,0.0
2026-09-09,6702,富士通,プレミア市場,電気機器,,False,,3745.0,0.0,False,0.0
2026-09-09,6718,アイホン,プレミア市場,電気機器,,False,,2838.0,0.0,False,0.0
2026-09-09,6797,名古屋電,メイン市場,電気機器,,False,,1220.0,0.0,False,0.0
2026-09-09,6846,中央製,メイン市場,電気機器,,False,,1444.0,0.0,False,0.0
2026-09-09,6902,デンソー,プレミア市場,輸送用機器,,False,,1888.5,0.0,False,0.0
2026-09-09,6995,東海理電,プレミア市場,輸送用機器,,False,,3055.0,0.0,False,0.0
2026-09-09,6999,ＫＯＡ,プレミア市場,電気機器,,False,,2128.0,0.0,False,0.0
2026-09-09,7011,三菱重,プレミア市場,機 械,,False,3778.0,3813.0,0.2,True,755600.0
2026-09-09,7012,川崎重,プレミア市場,輸送用機器,,False,,2418.0,0.0,False,0.0
2026-09-09,7059,コプロＨＤ,プレミア市場,サービス業,,False,,909.0,0.0,False,0.0
2026-09-09,7073,ジェイック,メイン市場,サービス業,,False,,2337.0,0.0,False,0.0
2026-09-09,7075,ＱＬＳＨＤ,ネクスト市場,サービス業,,False,,998.0,0.0,False,0.0
2026-09-09,7076,名南Ｍ＆Ａ,メイン市場,サービス業,,False,1096.0,,21.6,True,23673600.000000004
2026-09-09,7102,日車輌,プレミア市場,輸送用機器,,False,,3585.0,0.0,False,0.0
2026-09-09,7118,伸和ホールディングス,ネクスト市場,小売業,,False,4360.0,,0.1,True,436000.0
2026-09-09,7129,ミアヘルサＨＤ,メイン市場,小売業,,False,,1180.0,0.0,False,0.0
2026-09-09,7135,ジャパンクラフトＨＤ,プレミア市場,小売業,,False,,181.0,0.0,False,0.0
2026-09-09,7203,トヨタ自,プレミア市場,輸送用機器,,False,3013.0,2971.0,0.5,True,1506500.0
2026-09-09,7213,レシップＨＤ,プレミア市場,輸送用機器,,False,,658.0,0.0,False,0.0
2026-09-09,7220,武蔵精密,プレミア市場,輸送用機器,,False,,2776.0,0.0,False,0.0
2026-09-09,7227,アスカ,メイン市場,輸送用機器,,False,,1839.0,0.0,False,0.0
2026-09-09,7231,トピー工,プレミア市場,輸送用機器,,False,,3015.0,0.0,False,0.0
2026-09-09,7241,フタバ産,プレミア市場,輸送用機器,,False,,1070.0,0.0,False,0.0
2026-09-09,7245,大同メタル,プレミア市場,輸送用機器,,False,,1123.0,0.0,False,0.0
2026-09-09,7259,アイシン,プレミア市場,輸送用機器,,False,,2186.5,0.0,False,0.0
2026-09-09,7266,今仙電機,プレミア市場,輸送用機器,,False,,980.0,0.0,False,0.0
2026-09-09,7282,豊田合,プレミア市場,輸送用機器,,False,,5089.0,0.0,False,0.0
2026-09-09,7283,愛三工,プレミア市場,輸送用機器,,False,,2180.0,0.0,False,0.0
2026-09-09,7322,３３ＦＧ,プレミア市場,銀行業,,False,,2076.0,0.0,False,0.0
2026-09-09,7362,Ｔ．Ｓ．Ｉ,メイン市場,サービス業,,False,,865.0,0.0,False,0.0
2026-09-09,7369,メイホーＨＤ,ネクスト市場,サービス業,,False,,371.0,0.0,False,0.0
2026-09-09,7380,十六ＦＧ,プレミア市場,銀行業,,False,,2538.0,0.0,False,0.0
2026-09-09,7389,あいちＦＧ,プレミア市場,銀行業,,False,,1875.0,0.0,False,0.0
2026-09-09,7412,アトム,メイン市場,小売業,,False,,372.0,0.0,False,0.0
2026-09-09,7485,岡谷鋼機,プレミア市場,卸売業,,False,5030.0,,5.1,True,25653000.0
2026-09-09,7488,ヤガミ,メイン市場,卸売業,,False,5040.0,,0.3,True,1512000.0
2026-09-09,7514,ヒマラヤ,プレミア市場,小売業,,False,,851.0,0.0,False,0.0
2026-09-09,7593,ＶＴＨＤ,プレミア市場,小売業,,False,,525.0,0.0,False,0.0
2026-09-09,7607,進和,プレミア市場,卸売業,,False,,2978.0,0.0,False,0.0
2026-09-09,7630,壱番屋,プレミア市場,小売業,,False,,1100.0,0.0,False,0.0
2026-09-09,7649,スギＨＤ,プレミア市場,小売業,,False,,1307.0,0.0,False,0.0
2026-09-09,7675,セントラルフォレスト,メイン市場,卸売業,,False,2800.0,,1.6,True,4480000.0
2026-09-09,7682,浜木綿,メイン市場,小売業,,False,,3985.0,0.0,False,0.0
2026-09-09,7723,愛知時,プレミア市場,精密機器,,False,,2815.0,0.0,False,0.0
2026-09-09,7747,アサヒインテック,プレミア市場,精密機器,,False,,3261.0,0.0,False,0.0
2026-09-09,7751,キヤノン,プレミア市場,電気機器,,False,,4317.0,0.0,False,0.0
2026-09-09,7780,メニコン,プレミア市場,精密機器,,False,,1732.0,0.0,False,0.0
2026-09-09,7790,バルコス,ネクスト市場,その他製品,,False,,1098.0,0.0,False,0.0
2026-09-09,7805,プリントネット,メイン市場,その他製品,,False,,715.0,0.0,False,0.0
2026-09-09,7870,福島印,メイン市場,その他製品,,False,366.0,,1.5,True,549000.0
2026-09-09,7871,フクビ化工,メイン市場,化 学,,False,,1010.0,0.0,False,0.0
2026-09-09,7875,竹田ｉＰ,メイン市場,その他製品,,False,,801.0,0.0,False,0.0
2026-09-09,7878,光・彩,メイン市場,その他製品,,False,,1520.0,0.0,False,0.0
2026-09-09,7896,セブン工,メイン市場,その他製品,,False,,507.0,0.0,False,0.0
2026-09-09,7928,旭化学,メイン市場,化 学,,False,,615.0,0.0,False,0.0
2026-09-09,7931,未来工業,プレミア市場,化 学,,False,,3605.0,0.0,False,0.0
2026-09-09,7943,ニチハ,プレミア市場,ガラス・土石製品,,False,,2940.0,0.0,False,0.0
2026-09-09,7946,光陽社,メイン市場,その他製品,,False,363.0,370.0,0.9,True,326700.0
2026-09-09,7950,デコラックス,メイン市場,化 学,,False,9150.0,,0.2,True,1830000.0
2026-09-09,7953,菊水化,メイン市場,その他製品,,False,,398.0,0.0,False,0.0
2026-09-09,7975,リヒトラブ,メイン市場,その他製品,,False,,1171.0,0.0,False,0.0
2026-09-09,8015,豊田通商,プレミア市場,卸売業,,False,,7517.0,0.0,False,0.0
2026-09-09,8031,三井物産,プレミア市場,卸売業,,False,,5156.0,0.0,False,0.0
2026-09-09,8071,東海エレ,メイン市場,卸売業,,False,3010.0,,0.1,True,301000.0
2026-09-09,8076,カノークス,メイン市場,卸売業,,False,,2099.0,0.0,False,0.0
2026-09-09,8130,サンゲツ,プレミア市場,卸売業,,False,,3170.0,0.0,False,0.0
2026-09-09,8145,中部水,メイン市場,卸売業,,False,3270.0,,0.1,True,327000.0
2026-09-09,8160,木曽路,プレミア市場,小売業,,False,,2453.0,0.0,False,0.0
2026-09-09,8190,ヤマナカ,メイン市場,小売業,,False,519.0,,6.5,True,3373500.0
2026-09-09,8225,タカチホ,メイン市場,卸売業,,False,,3680.0,0.0,False,0.0
2026-09-09,8228,マルイチ産商,メイン市場,卸売業,,False,1078.0,,7.2,True,7761600.0
2026-09-09,8285,三谷産業,プレミア市場,卸売業,,False,,774.0,0.0,False,0.0
2026-09-09,8306,三菱ＵＦＪ,プレミア市場,銀行業,,False,3582.0,3601.0,1.9,True,6805799.999999999
2026-09-09,8309,三井住友トラストＧ,プレミア市場,銀行業,,False,,1730.0,0.0,False,0.0
2026-09-09,8316,三井住友,プレミア市場,銀行業,,False,,6801.0,0.0,False,0.0
2026-09-09,8361,大垣銀,プレミア市場,銀行業,,False,,7860.0,0.0,False,0.0
2026-09-09,8368,百五銀,プレミア市場,銀行業,,False,,2282.0,0.0,False,0.0
2026-09-09,8522,名古屋銀,プレミア市場,銀行業,,False,,6880.0,0.0,False,0.0
2026-09-09,8601,大和証Ｇ,プレミア市場,証券、商品先物取引業,,False,,1797.0,0.0,False,0.0
2026-09-09,8604,野村,プレミア市場,証券、商品先物取引業,,False,,1616.0,0.0,False,0.0
2026-09-09,8609,岡三,プレミア市場,証券、商品先物取引業,,False,,1208.0,0.0,False,0.0
2026-09-09,8616,東海東京,プレミア市場,証券、商品先物取引業,,False,,875.0,0.0,False,0.0
2026-09-09,8725,ＭＳ＆ＡＤ,プレミア市場,保険業,,False,,4947.0,0.0,False,0.0
2026-09-09,8803,平和不,プレミア市場,不動産業,,False,,2347.0,0.0,False,0.0
2026-09-09,8891,ＡＭＧＨＤ,メイン市場,不動産業,,False,,1982.0,0.0,False,0.0
2026-09-09,8904,ＡＶＡＮＴＩＡ,プレミア市場,不動産業,,False,,821.0,0.0,False,0.0
2026-09-09,8920,東祥,プレミア市場,サービス業,,False,,687.0,0.0,False,0.0
2026-09-09,8995,誠建設,メイン市場,不動産業,,False,,2048.0,0.0,False,0.0
2026-09-09,9022,ＪＲ東海,プレミア市場,陸運業,,False,,3865.0,0.0,False,0.0
2026-09-09,9040,大宝運,メイン市場,陸運業,,False,4245.0,,0.4,True,1698000.0
2026-09-09,9048,名鉄,プレミア市場,陸運業,,False,,1869.0,0.0,False,0.0
2026-09-09,9073,京極運輸,メイン市場,陸運業,,False,,1233.0,0.0,False,0.0
2026-09-09,9076,セイノーＨＤ,プレミア市場,陸運業,,False,,2654.0,0.0,False,0.0
2026-09-09,9170,成友興業,メイン市場,サービス業,,False,1487.0,,4.1,True,6096700.0
2026-09-09,9221,フルハシＥＰＯ,メイン市場,サービス業,,False,,1165.0,0.0,False,0.0
2026-09-09,9223,ＡＳＮＯＶＡ,ネクスト市場,サービス業,,False,,436.0,0.0,False,0.0
2026-09-09,9249,日本エコシステム,メイン市場,サービス業,,False,,1675.0,0.0,False,0.0
2026-09-09,9306,東陽倉,プレミア市場,倉庫・運輸関連業,,False,,1995.0,0.0,False,0.0
2026-09-09,9310,トランスシティ,プレミア市場,倉庫・運輸関連業,,False,,1372.0,0.0,False,0.0
2026-09-09,9330,揚羽,ネクスト市場,サービス業,,False,,889.0,0.0,False,0.0
2026-09-09,9357,名港海,メイン市場,倉庫・運輸関連業,,False,2505.0,,1.4,True,3507000.0
2026-09-09,9359,伊勢湾海,メイン市場,倉庫・運輸関連業,,False,948.0,,3.6,True,3412800.0
2026-09-09,9368,キムラユニティー,プレミア市場,倉庫・運輸関連業,,False,,955.0,0.0,False,0.0
2026-09-09,9402,中日放送,プレミア市場,情報・通信業,,False,1271.0,,0.8,True,1016800.0
2026-09-09,9428,クロップス,プレミア市場,情報・通信業,,False,,1493.0,0.0,False,0.0
2026-09-09,9471,文渓堂,メイン市場,情報・通信業,,False,,1138.0,0.0,False,0.0
2026-09-09,9476,中央経済社ＨＤ,メイン市場,情報・通信業,,False,,995.0,0.0,False,0.0
2026-09-09,9502,中部電力,プレミア市場,電気・ガス業,,False,,3065.0,0.0,False,0.0
2026-09-09,9531,東瓦斯,プレミア市場,電気・ガス業,,False,,6253.0,0.0,False,0.0
2026-09-09,9533,東邦瓦斯,プレミア市場,電気・ガス業,,False,,1298.0,0.0,False,0.0
2026-09-09,9643,中日興,メイン市場,サービス業,,False,11100.0,,0.5,True,5550000.0
2026-09-09,9664,御園座,メイン市場,サービス業,,False,1499.0,,0.2,True,299800.0
2026-09-09,9793,ダイセキ,プレミア市場,サービス業,,False,,3625.0,0.0,False,0.0
2026-09-09,9900,サガミＨＤ,プレミア市場,小売業,,False,,1114.0,0.0,False,0.0
2026-09-09,9913,日邦産業,メイン市場,卸売業,,False,,3660.0,0.0,False,0.0
2026-09-09,9914,植松商会,メイン市場,卸売業,,False,,755.0,0.0,False,0.0
2026-09-09,9956,バローＨＤ,プレミア市場,小売業,,False,,3230.0,0.0,False,0.0
2026-09-09,9969,ショクブン,メイン市場,小売業,,False,,238.0,0.0,False,0.0
2026-09-09,9982,タキヒヨー,プレミア市場,卸売業,,False,,2700.0,0.0,False,0.0
2026-09-09,9987,スズケン,プレミア市場,卸売業,,False,,5177.0,0.0,False,0.0
2026-09-10,138A,光フードサービス,ネクスト市場,小売業,,False,,3095.0,0.0,False,0.0
2026-09-10,1438,岐阜造園,メイン市場,建設業,,False,,2275.0,0.0,False,0.0
2026-09-10,1444,ニッソウ,ネクスト市場,建設業,,False,,2676.0,0.0,False,0.0
2026-09-10,1738,ＮＩＴＴＯＨ,メイン市場,建設業,,False,567.0,,0.1,True,56700.0
2026-09-10,1766,東建コーポ,プレミア市場,建設業,,False,,13530.0,0.0,False,0.0
2026-09-10,1777,川崎設備,メイン市場,建設業,,False,2345.0,,0.7,True,1641500.0
2026-09-10,1780,ヤマウラ,プレミア市場,建設業,,False,,1481.0,0.0,False,0.0
2026-09-10,1801,大成建,プレミア市場,建設業,,False,,12595.0,0.0,False,0.0
2026-09-10,1803,清水建,プレミア市場,建設業,,False,,2391.5,0.0,False,0.0
2026-09-10,1811,銭高組,メイン市場,建設業,,False,,7570.0,0.0,False,0.0
2026-09-10,1812,鹿島,プレミア市場,建設業,,False,,4987.0,0.0,False,0.0
2026-09-10,1869,名工建,メイン市場,建設業,,False,1903.0,,6.8,True,12940400.0
2026-09-10,1870,矢作建,プレミア市場,建設業,,False,,2114.0,0.0,False,0.0
2026-09-10,1878,大東建,プレミア市場,不動産業,,False,,3283.0,0.0,False,0.0
2026-09-10,1892,徳倉建,メイン市場,建設業,,False,,7810.0,0.0,False,0.0
2026-09-10,1893,五洋建,プレミア市場,建設業,,False,,1468.0,0.0,False,0.0
2026-09-10,1928,積水ハウス,プレミア市場,建設業,,False,,3372.0,0.0,False,0.0
2026-09-10,1946,トーエネック,プレミア市場,建設業,,False,,2239.0,0.0,False,0.0
2026-09-10,2053,中部飼料,プレミア市場,食料品,,False,,2002.0,0.0,False,0.0
2026-09-10,212A,フィットイージー,プレミア市場,サービス業,,False,,2896.0,0.0,False,0.0
2026-09-10,2139,中広,プレミア市場,サービス業,,False,,520.0,0.0,False,0.0
2026-09-10,2169,ＣＤＳ,プレミア市場,サービス業,,False,,1730.0,0.0,False,0.0
2026-09-10,2185,シイエム・シイ,プレミア市場,サービス業,,False,,1984.0,0.0,False,0.0
2026-09-10,2207,ｍｅｉｔｏ,プレミア市場,食料品,,False,,3410.0,0.0,False,0.0
2026-09-10,2209,井村屋Ｇ,プレミア市場,食料品,,False,,2369.0,0.0,False,0.0
2026-09-10,2224,コモ,メイン市場,食料品,,False,,3700.0,0.0,False,0.0
2026-09-10,2327,ＮＳＳＯＬ,メイン市場,情報・通信業,,False,,3828.0,0.0,False,0.0
2026-09-10,2329,東北新社,メイン市場,情報・通信業,,False,,495.0,0.0,False,0.0
2026-09-10,2351,ＡＳＪ,メイン市場,情報・通信業,,False,,330.0,0.0,False,0.0
2026-09-10,2376,サイネックス,メイン市場,サービス業,,False,,785.0,0.0,False,0.0
2026-09-10,2424,ブラス,プレミア市場,サービス業,,False,,596.0,0.0,False,0.0
2026-09-10,2435,シダー,メイン市場,サービス業,,False,,208.0,0.0,False,0.0
2026-09-10,2467,ＶＬＣセキュリティ,ネクスト市場,サービス業,,False,175.0,,10.5,True,1837500.0
2026-09-10,246A,アスア,メイン市場,サービス業,,False,,927.0,0.0,False,0.0
2026-09-10,2479,ジェイテック,メイン市場,サービス業,,False,,263.0,0.0,False,0.0
2026-09-10,2480,シスロケ,メイン市場,情報・通信業,,False,,1799.0,0.0,False,0.0
2026-09-10,2485,ティア,プレミア市場,サービス業,,False,,445.0,0.0,False,0.0
2026-09-10,2551,マルサンアイ,メイン市場,食料品,,False,3605.0,,1.2,True,4326000.0
2026-09-10,259A,ケイ・ウノ,ネクスト市場,小売業,,False,1937.0,,0.9,True,1743300.0
2026-09-10,2722,ＩＫホールディングス,プレミア市場,小売業,,False,,362.0,0.0,False,0.0
2026-09-10,2734,サーラ,プレミア市場,小売業,,False,,1224.0,0.0,False,0.0
2026-09-10,2753,あみやき,プレミア市場,小売業,,False,,1381.0,0.0,False,0.0
2026-09-10,275A,ハンワホームズ,ネクスト市場,建設業,,False,,390.0,0.0,False,0.0
2026-09-10,2778,パレモ・ＨＤ,メイン市場,小売業,,False,,115.0,0.0,False,0.0
2026-09-10,2780,コメ兵ＨＤ,メイン市場,小売業,,False,,4440.0,0.0,False,0.0
2026-09-10,2806,ユタカフーズ,メイン市場,食料品,,False,,1918.0,0.0,False,0.0
2026-09-10,2811,カゴメ,プレミア市場,食料品,,False,,2760.0,0.0,False,0.0
2026-09-10,2902,太陽化,メイン市場,食料品,,False,2725.0,,3.2,True,8720000.0
2026-09-10,2983,アールプランナー,メイン市場,不動産業,,False,,1737.0,0.0,False,0.0
2026-09-10,2986,ＬＡＨＤ,プレミア市場,不動産業,,False,,2803.0,0.0,False,0.0
2026-09-10,3028,アルペン,プレミア市場,小売業,,False,,2296.0,0.0,False,0.0
2026-09-10,3032,ゴルフ・ドゥ,ネクスト市場,小売業,,False,242.0,,8.7,True,2105399.9999999995
2026-09-10,3035,ケイティケイ,メイン市場,卸売業,,False,,767.0,0.0,False,0.0
2026-09-10,3066,ＪＢイレブン,メイン市場,小売業,,False,646.0,,2.5,True,1615000.0
2026-09-10,3086,Ｊフロント,プレミア市場,小売業,,False,,2604.0,0.0,False,0.0
2026-09-10,3091,ブロンコＢ,プレミア市場,小売業,,False,,2791.0,0.0,False,0.0
2026-09-10,3116,トヨタ紡織,プレミア市場,輸送用機器,,False,,2196.5,0.0,False,0.0
2026-09-10,3138,富士山マガジン,メイン市場,小売業,,False,,1130.0,0.0,False,0.0
2026-09-10,3184,ＩＣＤＡ,メイン市場,小売業,,False,,4155.0,0.0,False,0.0
2026-09-10,3186,ネクステージ,プレミア市場,小売業,,False,,2939.0,0.0,False,0.0
2026-09-10,3202,ダイトウボウ,プレミア市場,繊維製品,,False,,130.0,0.0,False,0.0
2026-09-10,3205,ダイドー,プレミア市場,繊維製品,,False,,729.0,0.0,False,0.0
2026-09-10,3221,ヨシックスＨＤ,プレミア市場,小売業,,False,,3200.0,0.0,False,0.0
2026-09-10,3232,三重交通ＧＨＤ,プレミア市場,不動産業,,False,,591.0,0.0,False,0.0
2026-09-10,3260,エスポア,,サービス業,監理,True,480.0,,3.3,True,1584000.0
2026-09-10,3320,クロスプラス,メイン市場,卸売業,,False,,1302.0,0.0,False,0.0
2026-09-10,3321,ミタチ,プレミア市場,卸売業,,False,,1659.0,0.0,False,0.0
2026-09-10,3346,ヒロタグループＨＤ,ネクスト市場,小売業,,False,81.0,,13.9,True,1125900.0
2026-09-10,3384,アークコア,ネクスト市場,卸売業,,False,762.0,,0.1,True,76200.0
2026-09-10,3419,アートグリーン,ネクスト市場,卸売業,,False,1970.0,,0.5,True,985000.0
2026-09-10,3422,Ｊ－ＭＡＸ,メイン市場,金属製品,,False,,606.0,0.0,False,0.0
2026-09-10,3439,三ツ知,メイン市場,金属製品,,False,,671.0,0.0,False,0.0
2026-09-10,3441,山王,メイン市場,金属製品,,False,,2872.0,0.0,False,0.0
2026-09-10,3442,ＭＩＥコーポ,メイン市場,金属製品,,False,,1820.0,0.0,False,0.0
2026-09-10,3447,信和,プレミア市場,金属製品,,False,,1003.0,0.0,False,0.0
2026-09-10,3461,パルマ,メイン市場,不動産業,,False,,620.0,0.0,False,0.0
2026-09-10,3469,デュアルタップ,メイン市場,不動産業,,False,,891.0,0.0,False,0.0
2026-09-10,3494,マリオン,メイン市場,不動産業,,False,,456.0,0.0,False,0.0
2026-09-10,3504,丸八ホールディングス,メイン市場,繊維製品,,False,1369.0,,1.5,True,2053500.0
2026-09-10,3524,日東網,プレミア市場,繊維製品,,False,,1486.0,0.0,False,0.0
2026-09-10,3543,コメダ,プレミア市場,卸売業,,False,,2847.0,0.0,False,0.0
2026-09-10,3549,クスリのアオキＨＤ,メイン市場,小売業,,False,,4026.0,0.0,False,0.0
2026-09-10,3556,リネットジャパン,メイン市場,小売業,,False,,790.0,0.0,False,0.0
2026-09-10,3559,ピーバンドットコム,メイン市場,卸売業,,False,,457.0,0.0,False,0.0
2026-09-10,3571,ソトー,プレミア市場,繊維製品,,False,,718.0,0.0,False,0.0
2026-09-10,3577,東海染工,プレミア市場,繊維製品,,False,,925.0,0.0,False,0.0
2026-09-10,3670,協立情報通信,メイン市場,情報・通信業,,False,1711.0,1695.0,0.3,True,513300.0
2026-09-10,3739,コムシード,ネクスト市場,情報・通信業,,False,119.0,,8.6,True,1023400.0
2026-09-10,3771,システムリサーチ,プレミア市場,情報・通信業,,False,,1835.0,0.0,False,0.0
2026-09-10,3775,ガイアックス,ネクスト市場,情報・通信業,,False,447.0,,0.5,True,223500.0
2026-09-10,377A,エージェントＩＧＨＤ,メイン市場,保険業,,False,1020.0,,0.9,True,918000.0
2026-09-10,3808,オーケーウェブ,ネクスト市場,情報・通信業,,False,24.0,,19.8,True,475200.00000000006
2026-09-10,3842,ネクストジェン,メイン市場,情報・通信業,,False,,1069.0,0.0,False,0.0
2026-09-10,391A,山忠,メイン市場,不動産業,,False,,2440.0,0.0,False,0.0
2026-09-10,3922,ＰＲＴＩＭＥＳ,プレミア市場,情報・通信業,,False,,2168.0,0.0,False,0.0
2026-09-10,3947,ダイナパック,メイン市場,パルプ・紙,,False,,2479.0,0.0,False,0.0
2026-09-10,3958,笹徳印刷,メイン市場,パルプ・紙,,False,,545.0,0.0,False,0.0
2026-09-10,3974,ＳＣＡＴ,メイン市場,情報・通信業,,False,,668.0,0.0,False,0.0
2026-09-10,4062,イビデン,プレミア市場,電気機器,,False,,20680.0,0.0,False,0.0
2026-09-10,4063,信越化,プレミア市場,化 学,,False,,5762.0,0.0,False,0.0
2026-09-10,4072,電算システムＨＤ,プレミア市場,情報・通信業,,False,,3095.0,0.0,False,0.0
2026-09-10,4124,大阪油化工業,メイン市場,化 学,,False,,3010.0,0.0,False,0.0
2026-09-10,4125,三和油化工業,メイン市場,化 学,,False,,3630.0,0.0,False,0.0
2026-09-10,418A,ウリドキ,ネクスト市場,情報・通信業,,False,1262.0,,4.0,True,5048000.0
2026-09-10,4196,ネオマーケ,メイン市場,情報・通信業,,False,,2175.0,0.0,False,0.0
2026-09-10,4206,アイカ工,プレミア市場,化 学,,False,,4112.0,0.0,False,0.0
2026-09-10,4240,クラスターＴ,メイン市場,化 学,,False,,315.0,0.0,False,0.0
2026-09-10,4247,ポバール興業,メイン市場,化 学,,False,,1395.0,0.0,False,0.0
2026-09-10,4361,川口化,メイン市場,化 学,,False,,1570.0,0.0,False,0.0
2026-09-10,4430,東海ソフト,プレミア市場,情報・通信業,,False,,1750.0,0.0,False,0.0
2026-09-10,4439,東名,プレミア市場,情報・通信業,,False,,784.0,0.0,False,0.0
2026-09-10,4445,リビンＴ,メイン市場,情報・通信業,,False,,1979.0,0.0,False,0.0
2026-09-10,4463,日華化学,プレミア市場,化 学,,False,,1933.0,0.0,False,0.0
2026-09-10,4502,武田薬,プレミア市場,医薬品,,False,,5657.0,0.0,False,0.0
2026-09-10,4616,川上塗料,メイン市場,化 学,,False,,2473.0,0.0,False,0.0
2026-09-10,4658,日本空調,プレミア市場,サービス業,,False,,1529.0,0.0,False,0.0
2026-09-10,4667,アイサンテクノロ,メイン市場,情報・通信業,,False,,3330.0,0.0,False,0.0
2026-09-10,4681,リゾートトラ,プレミア市場,サービス業,,False,,1763.0,0.0,False,0.0
2026-09-10,4691,ワシントンホテル,メイン市場,サービス業,,False,,2146.0,0.0,False,0.0
2026-09-10,4707,キタック,メイン市場,サービス業,,False,,338.0,0.0,False,0.0
2026-09-10,4732,ＵＳＳ,プレミア市場,サービス業,,False,,1905.5,0.0,False,0.0
2026-09-10,4760,アルファ,メイン市場,サービス業,,False,,1500.0,0.0,False,0.0
2026-09-10,4920,日本色材,メイン市場,化 学,,False,,1122.0,0.0,False,0.0
2026-09-10,5020,ＥＮＥＯＳ,プレミア市場,石油・石炭製品,,False,,1472.0,0.0,False,0.0
2026-09-10,5075,アップコン,ネクスト市場,建設業,,False,1020.0,,1.3,True,1326000.0
2026-09-10,5204,石塚硝,プレミア市場,ガラス・土石製品,,False,,3020.0,0.0,False,0.0
2026-09-10,523A,セイワＨＤ,ネクスト市場,金属製品,,False,,1849.0,0.0,False,0.0
2026-09-10,5241,日本オーエー研究所,メイン市場,情報・通信業,,False,,743.0,0.0,False,0.0
2026-09-10,5271,トーヨーアサノ,メイン市場,ガラス・土石製品,,False,,2228.0,0.0,False,0.0
2026-09-10,5287,イトーヨーギョー,メイン市場,ガラス・土石製品,,False,,975.0,0.0,False,0.0
2026-09-10,5331,ノリタケ,プレミア市場,ガラス・土石製品,,False,,3470.0,0.0,False,0.0
2026-09-10,5332,ＴＯＴＯ,プレミア市場,ガラス・土石製品,,False,,5817.0,0.0,False,0.0
2026-09-10,5333,ＮＧＫ,プレミア市場,ガラス・土石製品,,False,,5064.0,0.0,False,0.0
2026-09-10,5334,日特殊陶,プレミア市場,ガラス・土石製品,,False,,7242.0,0.0,False,0.0
2026-09-10,5342,ジャニス工,メイン市場,ガラス・土石製品,,False,387.0,,0.8,True,309600.0
2026-09-10,5343,ニッコー,メイン市場,ガラス・土石製品,,False,183.0,,8.0,True,1464000.0
2026-09-10,5344,ＭＡＲＵＷＡ,プレミア市場,ガラス・土石製品,,False,,55800.0,0.0,False,0.0
2026-09-10,5356,美濃窯業,メイン市場,ガラス・土石製品,,False,,1257.0,0.0,False,0.0
2026-09-10,5384,ＦＵＪＩＭＩ,プレミア市場,ガラス・土石製品,,False,,3300.0,0.0,False,0.0
2026-09-10,5386,鶴弥,メイン市場,ガラス・土石製品,,False,389.0,,1.2,True,466800.0
2026-09-10,5401,日本製鉄,プレミア市場,鉄 鋼,,False,677.0,690.6,0.2,True,135400.0
2026-09-10,5406,神戸鋼,プレミア市場,鉄 鋼,,False,,2029.5,0.0,False,0.0
2026-09-10,5461,中部鋼鈑,プレミア市場,鉄 鋼,,False,,2131.0,0.0,False,0.0
2026-09-10,546A,ＭＩＲＡＩＮＩ,プレミア市場,卸売業,,False,,2324.0,0.0,False,0.0
2026-09-10,5471,大同特鋼,プレミア市場,鉄 鋼,,False,,2379.0,0.0,False,0.0
2026-09-10,5482,愛知鋼,プレミア市場,鉄 鋼,,False,,3115.0,0.0,False,0.0
2026-09-10,550A,ソフトテックス,メイン市場,情報・通信業,,False,,2200.0,0.0,False,0.0
2026-09-10,5530,日本システムバンク,メイン市場,不動産業,,False,1093.0,,0.6,True,655800.0
2026-09-10,5589,オートサーバー,メイン市場,情報・通信業,,False,,2830.0,0.0,False,0.0
2026-09-10,5607,中央可鍛,メイン市場,鉄 鋼,,False,609.0,,6.7,True,4080300.0
2026-09-10,5802,住友電工,プレミア市場,非鉄金属,,False,,2111.5,0.0,False,0.0
2026-09-10,5918,滝上工,メイン市場,金属製品,,False,,8000.0,0.0,False,0.0
2026-09-10,5938,ＬＩＸＩＬ,プレミア市場,金属製品,,False,,1727.0,0.0,False,0.0
2026-09-10,5947,リンナイ,プレミア市場,金属製品,,False,,3458.0,0.0,False,0.0
2026-09-10,5952,アマテイ,メイン市場,金属製品,,False,,191.0,0.0,False,0.0
2026-09-10,5979,カネソウ,メイン市場,金属製品,,False,,5250.0,0.0,False,0.0
2026-09-10,5984,兼房,メイン市場,金属製品,,False,,771.0,0.0,False,0.0
2026-09-10,5992,中央発条,プレミア市場,金属製品,,False,,3660.0,0.0,False,0.0
2026-09-10,5994,ファインシンター,メイン市場,金属製品,,False,,1023.0,0.0,False,0.0
2026-09-10,6025,日本ＰＣサービス,ネクスト市場,サービス業,,False,696.0,,0.8,True,556800.0000000001
2026-09-10,6036,ＫｅｅＰｅｒ技研,プレミア市場,サービス業,,False,,3650.0,0.0,False,0.0
2026-09-10,6055,Ｊマテリアル,プレミア市場,サービス業,,False,,2177.0,0.0,False,0.0
2026-09-10,6074,ＪＳＳ,メイン市場,サービス業,,False,,514.0,0.0,False,0.0
2026-09-10,6103,オークマ,プレミア市場,機 械,,False,,4305.0,0.0,False,0.0
2026-09-10,6111,旭精機,メイン市場,機 械,,False,2000.0,,0.5,True,1000000.0
2026-09-10,6134,ＦＵＪＩ,プレミア市場,機 械,,False,,6867.0,0.0,False,0.0
2026-09-10,6136,ＯＳＧ,プレミア市場,機 械,,False,,3422.0,0.0,False,0.0
2026-09-10,6142,富士精工,メイン市場,機 械,,False,,1751.0,0.0,False,0.0
2026-09-10,6203,豊和工,プレミア市場,機 械,,False,,2344.0,0.0,False,0.0
2026-09-10,6225,エコム,メイン市場,機 械,,False,2050.0,,1.4,True,2870000.0
2026-09-10,6267,ゼネパッカー,メイン市場,機 械,,False,,4000.0,0.0,False,0.0
2026-09-10,6325,タカキタ,プレミア市場,機 械,,False,,416.0,0.0,False,0.0
2026-09-10,6339,新東工,プレミア市場,機 械,,False,,1151.0,0.0,False,0.0
2026-09-10,6340,渋谷工,プレミア市場,機 械,,False,,5280.0,0.0,False,0.0
2026-09-10,6342,太平製,メイン市場,機 械,,False,,2863.0,0.0,False,0.0
2026-09-10,6345,アイチ,プレミア市場,機 械,,False,,1449.0,0.0,False,0.0
2026-09-10,6346,キクカワ,メイン市場,機 械,,False,,5660.0,0.0,False,0.0
2026-09-10,6396,宇野沢鉄,メイン市場,機 械,,False,,4565.0,0.0,False,0.0
2026-09-10,6407,ＣＫＤ,プレミア市場,機 械,,False,,5190.0,0.0,False,0.0
2026-09-10,6430,ダイコク電,プレミア市場,機 械,,False,,2433.0,0.0,False,0.0
2026-09-10,6439,中日鋳工,メイン市場,機 械,,False,402.0,,1.0,True,402000.0
2026-09-10,6448,ブラザー,プレミア市場,電気機器,,False,,4381.0,0.0,False,0.0
2026-09-10,6465,ホシザキ,プレミア市場,機 械,,False,,5286.0,0.0,False,0.0
2026-09-10,6470,大豊工業,プレミア市場,機 械,,False,,1052.0,0.0,False,0.0
2026-09-10,6473,ジェイテクト,プレミア市場,機 械,,False,,2009.5,0.0,False,0.0
2026-09-10,6501,日立,プレミア市場,電気機器,,False,,5182.0,0.0,False,0.0
2026-09-10,6504,富士電機,プレミア市場,電気機器,,False,,12855.0,0.0,False,0.0
2026-09-10,6508,明電舎,プレミア市場,電気機器,,False,,10670.0,0.0,False,0.0
2026-09-10,6547,グリーンズ,プレミア市場,サービス業,,False,,2124.0,0.0,False,0.0
2026-09-10,6564,ミダックＨＤ,プレミア市場,サービス業,,False,,1995.0,0.0,False,0.0
2026-09-10,6565,ＡＢホテル,メイン市場,サービス業,,False,1287.0,,4.1,True,5276700.0
2026-09-10,6586,マキタ,プレミア市場,機 械,,False,,5179.0,0.0,False,0.0
2026-09-10,6615,ＵＭＣエレ,メイン市場,電気機器,,False,,238.0,0.0,False,0.0
2026-09-10,6623,愛知電,プレミア市場,電気機器,,False,8860.0,,2.9,True,25694000.0
2026-09-10,6651,日東工,プレミア市場,電気機器,,False,,4355.0,0.0,False,0.0
2026-09-10,6655,洋電機,メイン市場,電気機器,,False,780.0,,0.2,True,156000.0
2026-09-10,6676,ＢＵＦＦＡＬＯ,プレミア市場,電気機器,,False,,3035.0,0.0,False,0.0
2026-09-10,6702,富士通,プレミア市場,電気機器,,False,,3788.0,0.0,False,0.0
2026-09-10,6718,アイホン,プレミア市場,電気機器,,False,,2810.0,0.0,False,0.0
2026-09-10,6797,名古屋電,メイン市場,電気機器,,False,,1211.0,0.0,False,0.0
2026-09-10,6846,中央製,メイン市場,電気機器,,False,1391.0,,0.1,True,139100.0
2026-09-10,6902,デンソー,プレミア市場,輸送用機器,,False,,1885.0,0.0,False,0.0
2026-09-10,6995,東海理電,プレミア市場,輸送用機器,,False,,3050.0,0.0,False,0.0
2026-09-10,6999,ＫＯＡ,プレミア市場,電気機器,,False,,2170.0,0.0,False,0.0
2026-09-10,7011,三菱重,プレミア市場,機 械,,False,,3723.0,0.0,False,0.0
2026-09-10,7012,川崎重,プレミア市場,輸送用機器,,False,,2349.0,0.0,False,0.0
2026-09-10,7059,コプロＨＤ,プレミア市場,サービス業,,False,,908.0,0.0,False,0.0
2026-09-10,7073,ジェイック,メイン市場,サービス業,,False,,2316.0,0.0,False,0.0
2026-09-10,7075,ＱＬＳＨＤ,ネクスト市場,サービス業,,False,,1046.0,0.0,False,0.0
2026-09-10,7076,名南Ｍ＆Ａ,メイン市場,サービス業,,False,1031.0,,23.4,True,24125400.0
2026-09-10,7102,日車輌,プレミア市場,輸送用機器,,False,,3580.0,0.0,False,0.0
2026-09-10,7118,伸和ホールディングス,ネクスト市場,小売業,,False,4415.0,,0.1,True,441500.0
2026-09-10,7129,ミアヘルサＨＤ,メイン市場,小売業,,False,,1178.0,0.0,False,0.0
2026-09-10,7135,ジャパンクラフトＨＤ,プレミア市場,小売業,,False,,180.0,0.0,False,0.0
2026-09-10,7203,トヨタ自,プレミア市場,輸送用機器,,False,,2994.0,0.0,False,0.0
2026-09-10,7213,レシップＨＤ,プレミア市場,輸送用機器,,False,,661.0,0.0,False,0.0
2026-09-10,7220,武蔵精密,プレミア市場,輸送用機器,,False,,2717.0,0.0,False,0.0
2026-09-10,7227,アスカ,メイン市場,輸送用機器,,False,,1839.0,0.0,False,0.0
2026-09-10,7231,トピー工,プレミア市場,輸送用機器,,False,,3025.0,0.0,False,0.0
2026-09-10,7241,フタバ産,プレミア市場,輸送用機器,,False,,1061.0,0.0,False,0.0
2026-09-10,7245,大同メタル,プレミア市場,輸送用機器,,False,,1126.0,0.0,False,0.0
2026-09-10,7259,アイシン,プレミア市場,輸送用機器,,False,,2176.5,0.0,False,0.0
2026-09-10,7266,今仙電機,プレミア市場,輸送用機器,,False,,965.0,0.0,False,0.0
2026-09-10,7282,豊田合,プレミア市場,輸送用機器,,False,,5053.0,0.0,False,0.0
2026-09-10,7283,愛三工,プレミア市場,輸送用機器,,False,,2137.0,0.0,False,0.0
2026-09-10,7322,３３ＦＧ,プレミア市場,銀行業,,False,,2166.0,0.0,False,0.0
2026-09-10,7362,Ｔ．Ｓ．Ｉ,メイン市場,サービス業,,False,,869.0,0.0,False,0.0
2026-09-10,7369,メイホーＨＤ,ネクスト市場,サービス業,,False,,379.0,0.0,False,0.0
2026-09-10,7380,十六ＦＧ,プレミア市場,銀行業,,False,,2639.0,0.0,False,0.0
2026-09-10,7389,あいちＦＧ,プレミア市場,銀行業,,False,,1950.0,0.0,False,0.0
2026-09-10,7412,アトム,メイン市場,小売業,,False,,369.0,0.0,False,0.0
2026-09-10,7485,岡谷鋼機,プレミア市場,卸売業,,False,5020.0,,2.2,True,11044000.0
2026-09-10,7488,ヤガミ,メイン市場,卸売業,,False,4990.0,,1.0,True,4990000.0
2026-09-10,7514,ヒマラヤ,プレミア市場,小売業,,False,,853.0,0.0,False,0.0
2026-09-10,7593,ＶＴＨＤ,プレミア市場,小売業,,False,,512.0,0.0,False,0.0
2026-09-10,7607,進和,プレミア市場,卸売業,,False,,2985.0,0.0,False,0.0
2026-09-10,7630,壱番屋,プレミア市場,小売業,,False,,1095.0,0.0,False,0.0
2026-09-10,7649,スギＨＤ,プレミア市場,小売業,,False,,1291.0,0.0,False,0.0
2026-09-10,7675,セントラルフォレスト,メイン市場,卸売業,,False,2732.0,,7.6,True,20763200.0
2026-09-10,7682,浜木綿,メイン市場,小売業,,False,,3920.0,0.0,False,0.0
2026-09-10,7723,愛知時,プレミア市場,精密機器,,False,,2835.0,0.0,False,0.0
2026-09-10,7747,アサヒインテック,プレミア市場,精密機器,,False,,3235.0,0.0,False,0.0
2026-09-10,7751,キヤノン,プレミア市場,電気機器,,False,,4338.0,0.0,False,0.0
2026-09-10,7780,メニコン,プレミア市場,精密機器,,False,,1698.0,0.0,False,0.0
2026-09-10,7790,バルコス,ネクスト市場,その他製品,,False,1097.0,,0.1,True,109700.0
2026-09-10,7805,プリントネット,メイン市場,その他製品,,False,,718.0,0.0,False,0.0
2026-09-10,7870,福島印,メイン市場,その他製品,,False,365.0,,0.1,True,36500.0
2026-09-10,7871,フクビ化工,メイン市場,化 学,,False,,1019.0,0.0,False,0.0
2026-09-10,7875,竹田ｉＰ,メイン市場,その他製品,,False,,801.0,0.0,False,0.0
2026-09-10,7878,光・彩,メイン市場,その他製品,,False,,1499.0,0.0,False,0.0
2026-09-10,7896,セブン工,メイン市場,その他製品,,False,,507.0,0.0,False,0.0
2026-09-10,7928,旭化学,メイン市場,化 学,,False,,612.0,0.0,False,0.0
2026-09-10,7931,未来工業,プレミア市場,化 学,,False,,3650.0,0.0,False,0.0
2026-09-10,7943,ニチハ,プレミア市場,ガラス・土石製品,,False,,2944.0,0.0,False,0.0
2026-09-10,7946,光陽社,メイン市場,その他製品,,False,362.0,370.0,0.2,True,72400.0
2026-09-10,7950,デコラックス,メイン市場,化 学,,False,,9150.0,0.0,False,0.0
2026-09-10,7953,菊水化,メイン市場,その他製品,,False,,399.0,0.0,False,0.0
2026-09-10,7975,リヒトラブ,メイン市場,その他製品,,False,,1169.0,0.0,False,0.0
2026-09-10,8015,豊田通商,プレミア市場,卸売業,,False,,7430.0,0.0,False,0.0
2026-09-10,8031,三井物産,プレミア市場,卸売業,,False,,5093.0,0.0,False,0.0
2026-09-10,8071,東海エレ,メイン市場,卸売業,,False,3010.0,,0.3,True,903000.0
2026-09-10,8076,カノークス,メイン市場,卸売業,,False,,2087.0,0.0,False,0.0
2026-09-10,8130,サンゲツ,プレミア市場,卸売業,,False,,3165.0,0.0,False,0.0
2026-09-10,8145,中部水,メイン市場,卸売業,,False,3270.0,,0.2,True,654000.0
2026-09-10,8160,木曽路,プレミア市場,小売業,,False,,2455.0,0.0,False,0.0
2026-09-10,8190,ヤマナカ,メイン市場,小売業,,False,520.0,,2.8,True,1456000.0
2026-09-10,8225,タカチホ,メイン市場,卸売業,,False,,3610.0,0.0,False,0.0
2026-09-10,8228,マルイチ産商,メイン市場,卸売業,,False,1073.0,,12.4,True,13305200.0
2026-09-10,8285,三谷産業,プレミア市場,卸売業,,False,,775.0,0.0,False,0.0
2026-09-10,8306,三菱ＵＦＪ,プレミア市場,銀行業,,False,,3662.0,0.0,False,0.0
2026-09-10,8309,三井住友トラストＧ,プレミア市場,銀行業,,False,,1757.5,0.0,False,0.0
2026-09-10,8316,三井住友,プレミア市場,銀行業,,False,,6901.0,0.0,False,0.0
2026-09-10,8361,大垣銀,プレミア市場,銀行業,,False,,8160.0,0.0,False,0.0
2026-09-10,8368,百五銀,プレミア市場,銀行業,,False,,2372.0,0.0,False,0.0
2026-09-10,8522,名古屋銀,プレミア市場,銀行業,,False,,7150.0,0.0,False,0.0
2026-09-10,8601,大和証Ｇ,プレミア市場,証券、商品先物取引業,,False,,1837.0,0.0,False,0.0
2026-09-10,8604,野村,プレミア市場,証券、商品先物取引業,,False,,1666.0,0.0,False,0.0
2026-09-10,8609,岡三,プレミア市場,証券、商品先物取引業,,False,,1228.0,0.0,False,0.0
2026-09-10,8616,東海東京,プレミア市場,証券、商品先物取引業,,False,,893.0,0.0,False,0.0
2026-09-10,8725,ＭＳ＆ＡＤ,プレミア市場,保険業,,False,,4964.0,0.0,False,0.0
2026-09-10,8803,平和不,プレミア市場,不動産業,,False,,2325.0,0.0,False,0.0
2026-09-10,8891,ＡＭＧＨＤ,メイン市場,不動産業,,False,,1970.0,0.0,False,0.0
2026-09-10,8904,ＡＶＡＮＴＩＡ,プレミア市場,不動産業,,False,,818.0,0.0,False,0.0
2026-09-10,8920,東祥,プレミア市場,サービス業,,False,,686.0,0.0,False,0.0
2026-09-10,8995,誠建設,メイン市場,不動産業,,False,,2548.0,0.0,False,0.0
2026-09-10,9022,ＪＲ東海,プレミア市場,陸運業,,False,,3834.0,0.0,False,0.0
2026-09-10,9040,大宝運,メイン市場,陸運業,,False,4245.0,,0.4,True,1698000.0
2026-09-10,9048,名鉄,プレミア市場,陸運業,,False,,1873.0,0.0,False,0.0
2026-09-10,9073,京極運輸,メイン市場,陸運業,,False,,1260.0,0.0,False,0.0
2026-09-10,9076,セイノーＨＤ,プレミア市場,陸運業,,False,,2662.0,0.0,False,0.0
2026-09-10,9170,成友興業,メイン市場,サービス業,,False,1463.0,,0.5,True,731500.0
2026-09-10,9221,フルハシＥＰＯ,メイン市場,サービス業,,False,,1154.0,0.0,False,0.0
2026-09-10,9223,ＡＳＮＯＶＡ,ネクスト市場,サービス業,,False,,431.0,0.0,False,0.0
2026-09-10,9249,日本エコシステム,メイン市場,サービス業,,False,,1659.0,0.0,False,0.0
2026-09-10,9306,東陽倉,プレミア市場,倉庫・運輸関連業,,False,,1995.0,0.0,False,0.0
2026-09-10,9310,トランスシティ,プレミア市場,倉庫・運輸関連業,,False,,1361.0,0.0,False,0.0
2026-09-10,9330,揚羽,ネクスト市場,サービス業,,False,,889.0,0.0,False,0.0
2026-09-10,9357,名港海,メイン市場,倉庫・運輸関連業,,False,2440.0,,6.2,True,15128000.0
2026-09-10,9359,伊勢湾海,メイン市場,倉庫・運輸関連業,,False,940.0,,8.9,True,8366000.0
2026-09-10,9368,キムラユニティー,プレミア市場,倉庫・運輸関連業,,False,,954.0,0.0,False,0.0
2026-09-10,9402,中日放送,プレミア市場,情報・通信業,,False,1262.0,,5.4,True,6814800.0
2026-09-10,9428,クロップス,プレミア市場,情報・通信業,,False,,1493.0,0.0,False,0.0
2026-09-10,9471,文渓堂,メイン市場,情報・通信業,,False,1138.0,,0.2,True,227600.00000000003
2026-09-10,9476,中央経済社ＨＤ,メイン市場,情報・通信業,,False,,987.0,0.0,False,0.0
2026-09-10,9502,中部電力,プレミア市場,電気・ガス業,,False,,3053.0,0.0,False,0.0
2026-09-10,9531,東瓦斯,プレミア市場,電気・ガス業,,False,,6267.0,0.0,False,0.0
2026-09-10,9533,東邦瓦斯,プレミア市場,電気・ガス業,,False,,1286.0,0.0,False,0.0
2026-09-10,9643,中日興,メイン市場,サービス業,,False,,11100.0,0.0,False,0.0
2026-09-10,9664,御園座,メイン市場,サービス業,,False,1496.0,,2.6,True,3889600.0
2026-09-10,9793,ダイセキ,プレミア市場,サービス業,,False,,3680.0,0.0,False,0.0
2026-09-10,9900,サガミＨＤ,プレミア市場,小売業,,False,,1126.0,0.0,False,0.0
2026-09-10,9913,日邦産業,メイン市場,卸売業,,False,,3640.0,0.0,False,0.0
2026-09-10,9914,植松商会,メイン市場,卸売業,,False,,749.0,0.0,False,0.0
2026-09-10,9956,バローＨＤ,プレミア市場,小売業,,False,,3210.0,0.0,False,0.0
2026-09-10,9969,ショクブン,メイン市場,小売業,,False,,237.0,0.0,False,0.0
2026-09-10,9982,タキヒヨー,プレミア市場,卸売業,,False,,2720.0,0.0,False,0.0
2026-09-10,9987,スズケン,プレミア市場,卸売業,,False,,5197.0,0.0,False,0.0
2026-09-11,138A,光フードサービス,ネクスト市場,小売業,,False,,3090.0,0.0,False,0.0
2026-09-11,1438,岐阜造園,メイン市場,建設業,,False,,2297.0,0.0,False,0.0
2026-09-11,1444,ニッソウ,ネクスト市場,建設業,,False,,2671.0,0.0,False,0.0
2026-09-11,1738,ＮＩＴＴＯＨ,メイン市場,建設業,,False,572.0,,1.8,True,1029600.0
2026-09-11,1766,東建コーポ,プレミア市場,建設業,,False,,13490.0,0.0,False,0.0
2026-09-11,1777,川崎設備,メイン市場,建設業,,False,2322.0,,3.9,True,9055800.0
2026-09-11,1780,ヤマウラ,プレミア市場,建設業,,False,,1479.0,0.0,False,0.0
2026-09-11,1801,大成建,プレミア市場,建設業,,False,,12470.0,0.0,False,0.0
2026-09-11,1803,清水建,プレミア市場,建設業,,False,,2360.0,0.0,False,0.0
2026-09-11,1811,銭高組,メイン市場,建設業,,False,,7490.0,0.0,False,0.0
2026-09-11,1812,鹿島,プレミア市場,建設業,,False,,4897.0,0.0,False,0.0
2026-09-11,1869,名工建,メイン市場,建設業,,False,1852.0,,25.5,True,47226000.0
2026-09-11,1870,矢作建,プレミア市場,建設業,,False,,2104.0,0.0,False,0.0
2026-09-11,1878,大東建,プレミア市場,不動産業,,False,,3298.0,0.0,False,0.0
2026-09-11,1892,徳倉建,メイン市場,建設業,,False,,7810.0,0.0,False,0.0
2026-09-11,1893,五洋建,プレミア市場,建設業,,False,,1438.0,0.0,False,0.0
2026-09-11,1928,積水ハウス,プレミア市場,建設業,,False,,3361.0,0.0,False,0.0
2026-09-11,1946,トーエネック,プレミア市場,建設業,,False,,2154.0,0.0,False,0.0
2026-09-11,2053,中部飼料,プレミア市場,食料品,,False,,2010.0,0.0,False,0.0
2026-09-11,212A,フィットイージー,プレミア市場,サービス業,,False,,2800.0,0.0,False,0.0
2026-09-11,2139,中広,プレミア市場,サービス業,,False,,519.0,0.0,False,0.0
2026-09-11,2169,ＣＤＳ,プレミア市場,サービス業,,False,,1730.0,0.0,False,0.0
2026-09-11,2185,シイエム・シイ,プレミア市場,サービス業,,False,,1942.0,0.0,False,0.0
2026-09-11,2207,ｍｅｉｔｏ,プレミア市場,食料品,,False,,3390.0,0.0,False,0.0
2026-09-11,2209,井村屋Ｇ,プレミア市場,食料品,,False,,2353.0,0.0,False,0.0
2026-09-11,2224,コモ,メイン市場,食料品,,False,,3700.0,0.0,False,0.0
2026-09-11,2327,ＮＳＳＯＬ,メイン市場,情報・通信業,,False,,3810.0,0.0,False,0.0
2026-09-11,2329,東北新社,メイン市場,情報・通信業,,False,,495.0,0.0,False,0.0
2026-09-11,2351,ＡＳＪ,メイン市場,情報・通信業,,False,,345.0,0.0,False,0.0
2026-09-11,2376,サイネックス,メイン市場,サービス業,,False,,773.0,0.0,False,0.0
2026-09-11,2424,ブラス,プレミア市場,サービス業,,False,,597.0,0.0,False,0.0
2026-09-11,2435,シダー,メイン市場,サービス業,,False,,208.0,0.0,False,0.0
2026-09-11,2467,ＶＬＣセキュリティ,ネクスト市場,サービス業,,False,175.0,,7.8,True,1365000.0
2026-09-11,246A,アスア,メイン市場,サービス業,,False,,927.0,0.0,False,0.0
2026-09-11,2479,ジェイテック,メイン市場,サービス業,,False,,260.0,0.0,False,0.0
2026-09-11,2480,シスロケ,メイン市場,情報・通信業,,False,,1798.0,0.0,False,0.0
2026-09-11,2485,ティア,プレミア市場,サービス業,,False,,444.0,0.0,False,0.0
2026-09-11,2551,マルサンアイ,メイン市場,食料品,,False,3615.0,,1.6,True,5784000.0
2026-09-11,259A,ケイ・ウノ,ネクスト市場,小売業,,False,1878.0,,1.9,True,3568200.0
2026-09-11,2722,ＩＫホールディングス,プレミア市場,小売業,,False,,362.0,0.0,False,0.0
2026-09-11,2734,サーラ,プレミア市場,小売業,,False,,1231.0,0.0,False,0.0
2026-09-11,2753,あみやき,プレミア市場,小売業,,False,,1388.0,0.0,False,0.0
2026-09-11,275A,ハンワホームズ,ネクスト市場,建設業,,False,366.0,,0.1,True,36600.0
2026-09-11,2778,パレモ・ＨＤ,メイン市場,小売業,,False,,114.0,0.0,False,0.0
2026-09-11,2780,コメ兵ＨＤ,メイン市場,小売業,,False,,4365.0,0.0,False,0.0
2026-09-11,2806,ユタカフーズ,メイン市場,食料品,,False,,1918.0,0.0,False,0.0
2026-09-11,2811,カゴメ,プレミア市場,食料品,,False,,2757.0,0.0,False,0.0
2026-09-11,2902,太陽化,メイン市場,食料品,,False,2733.0,,4.5,True,12298500.0
2026-09-11,2983,アールプランナー,メイン市場,不動産業,,False,,1667.0,0.0,False,0.0
2026-09-11,2986,ＬＡＨＤ,プレミア市場,不動産業,,False,,2785.0,0.0,False,0.0
2026-09-11,3028,アルペン,プレミア市場,小売業,,False,,2289.0,0.0,False,0.0
2026-09-11,3032,ゴルフ・ドゥ,ネクスト市場,小売業,,False,240.0,,8.3,True,1992000.0
2026-09-11,3035,ケイティケイ,メイン市場,卸売業,,False,,755.0,0.0,False,0.0
2026-09-11,3066,ＪＢイレブン,メイン市場,小売業,,False,644.0,,3.3,True,2125200.0
2026-09-11,3086,Ｊフロント,プレミア市場,小売業,,False,,2607.0,0.0,False,0.0
2026-09-11,3091,ブロンコＢ,プレミア市場,小売業,,False,,2805.0,0.0,False,0.0
2026-09-11,3116,トヨタ紡織,プレミア市場,輸送用機器,,False,,2243.5,0.0,False,0.0
2026-09-11,3138,富士山マガジン,メイン市場,小売業,,False,,1124.0,0.0,False,0.0
2026-09-11,3184,ＩＣＤＡ,メイン市場,小売業,,False,,4155.0,0.0,False,0.0
2026-09-11,3186,ネクステージ,プレミア市場,小売業,,False,,2915.0,0.0,False,0.0
2026-09-11,3202,ダイトウボウ,プレミア市場,繊維製品,,False,,129.0,0.0,False,0.0
2026-09-11,3205,ダイドー,プレミア市場,繊維製品,,False,,722.0,0.0,False,0.0
2026-09-11,3221,ヨシックスＨＤ,プレミア市場,小売業,,False,,3200.0,0.0,False,0.0
2026-09-11,3232,三重交通ＧＨＤ,プレミア市場,不動産業,,False,,591.0,0.0,False,0.0
2026-09-11,3260,エスポア,,サービス業,監理,True,470.0,,2.3,True,1081000.0
2026-09-11,3320,クロスプラス,メイン市場,卸売業,,False,,1301.0,0.0,False,0.0
2026-09-11,3321,ミタチ,プレミア市場,卸売業,,False,,1646.0,0.0,False,0.0
2026-09-11,3346,ヒロタグループＨＤ,ネクスト市場,小売業,,False,80.0,,11.3,True,904000.0
2026-09-11,3384,アークコア,ネクスト市場,卸売業,,False,762.0,,0.1,True,76200.0
2026-09-11,3419,アートグリーン,ネクスト市場,卸売業,,False,1960.0,,0.4,True,784000.0
2026-09-11,3422,Ｊ－ＭＡＸ,メイン市場,金属製品,,False,,602.0,0.0,False,0.0
2026-09-11,3439,三ツ知,メイン市場,金属製品,,False,,671.0,0.0,False,0.0
2026-09-11,3441,山王,メイン市場,金属製品,,False,,2758.0,0.0,False,0.0
2026-09-11,3442,ＭＩＥコーポ,メイン市場,金属製品,,False,1801.0,,0.1,True,180100.00000000003
2026-09-11,3447,信和,プレミア市場,金属製品,,False,,1004.0,0.0,False,0.0
2026-09-11,3461,パルマ,メイン市場,不動産業,,False,,617.0,0.0,False,0.0
2026-09-11,3469,デュアルタップ,メイン市場,不動産業,,False,,890.0,0.0,False,0.0
2026-09-11,3494,マリオン,メイン市場,不動産業,,False,,457.0,0.0,False,0.0
2026-09-11,3504,丸八ホールディングス,メイン市場,繊維製品,,False,1366.0,,2.1,True,2868600.0
2026-09-11,3524,日東網,プレミア市場,繊維製品,,False,,1490.0,0.0,False,0.0
2026-09-11,3543,コメダ,プレミア市場,卸売業,,False,,2855.0,0.0,False,0.0
2026-09-11,3549,クスリのアオキＨＤ,メイン市場,小売業,,False,,4000.0,0.0,False,0.0
2026-09-11,3556,リネットジャパン,メイン市場,小売業,,False,,778.0,0.0,False,0.0
2026-09-11,3559,ピーバンドットコム,メイン市場,卸売業,,False,,445.0,0.0,False,0.0
2026-09-11,3571,ソトー,プレミア市場,繊維製品,,False,,717.0,0.0,False,0.0
2026-09-11,3577,東海染工,プレミア市場,繊維製品,,False,,920.0,0.0,False,0.0
2026-09-11,3670,協立情報通信,メイン市場,情報・通信業,,False,1708.0,1720.0,0.2,True,341600.0
2026-09-11,3739,コムシード,ネクスト市場,情報・通信業,,False,119.0,,4.7,True,559300.0000000001
2026-09-11,3771,システムリサーチ,プレミア市場,情報・通信業,,False,,1871.0,0.0,False,0.0
2026-09-11,3775,ガイアックス,ネクスト市場,情報・通信業,,False,447.0,,0.2,True,89400.0
2026-09-11,377A,エージェントＩＧＨＤ,メイン市場,保険業,,False,1110.0,,25.3,True,28083000.0
2026-09-11,3808,オーケーウェブ,ネクスト市場,情報・通信業,,False,24.0,,50.6,True,1214400.0
2026-09-11,3842,ネクストジェン,メイン市場,情報・通信業,,False,,1068.0,0.0,False,0.0
2026-09-11,391A,山忠,メイン市場,不動産業,,False,2485.0,,0.1,True,248500.0
2026-09-11,3922,ＰＲＴＩＭＥＳ,プレミア市場,情報・通信業,,False,,2135.0,0.0,False,0.0
2026-09-11,3947,ダイナパック,メイン市場,パルプ・紙,,False,,2495.0,0.0,False,0.0
2026-09-11,3958,笹徳印刷,メイン市場,パルプ・紙,,False,,542.0,0.0,False,0.0
2026-09-11,3974,ＳＣＡＴ,メイン市場,情報・通信業,,False,,671.0,0.0,False,0.0
2026-09-11,4062,イビデン,プレミア市場,電気機器,,False,,19560.0,0.0,False,0.0
2026-09-11,4063,信越化,プレミア市場,化 学,,False,5860.0,5738.0,0.2,True,1172000.0
2026-09-11,4072,電算システムＨＤ,プレミア市場,情報・通信業,,False,,3045.0,0.0,False,0.0
2026-09-11,4124,大阪油化工業,メイン市場,化 学,,False,,2956.0,0.0,False,0.0
2026-09-11,4125,三和油化工業,メイン市場,化 学,,False,,3510.0,0.0,False,0.0
2026-09-11,418A,ウリドキ,ネクスト市場,情報・通信業,,False,1258.0,,6.8,True,8554400.0
2026-09-11,4196,ネオマーケ,メイン市場,情報・通信業,,False,,2174.0,0.0,False,0.0
2026-09-11,4206,アイカ工,プレミア市場,化 学,,False,,4118.0,0.0,False,0.0
2026-09-11,4240,クラスターＴ,メイン市場,化 学,,False,,309.0,0.0,False,0.0
2026-09-11,4247,ポバール興業,メイン市場,化 学,,False,,1395.0,0.0,False,0.0
2026-09-11,4361,川口化,メイン市場,化 学,,False,,1561.0,0.0,False,0.0
2026-09-11,4430,東海ソフト,プレミア市場,情報・通信業,,False,,1750.0,0.0,False,0.0
2026-09-11,4439,東名,プレミア市場,情報・通信業,,False,,777.0,0.0,False,0.0
2026-09-11,4445,リビンＴ,メイン市場,情報・通信業,,False,,1922.0,0.0,False,0.0
2026-09-11,4463,日華化学,プレミア市場,化 学,,False,,1901.0,0.0,False,0.0
2026-09-11,4502,武田薬,プレミア市場,医薬品,,False,,5666.0,0.0,False,0.0
2026-09-11,4616,川上塗料,メイン市場,化 学,,False,,2528.0,0.0,False,0.0
2026-09-11,4658,日本空調,プレミア市場,サービス業,,False,,1525.0,0.0,False,0.0
2026-09-11,4667,アイサンテクノロ,メイン市場,情報・通信業,,False,,3635.0,0.0,False,0.0
2026-09-11,4681,リゾートトラ,プレミア市場,サービス業,,False,,1757.0,0.0,False,0.0
2026-09-11,4691,ワシントンホテル,メイン市場,サービス業,,False,,2049.0,0.0,False,0.0
2026-09-11,4707,キタック,メイン市場,サービス業,,False,,336.0,0.0,False,0.0
2026-09-11,4732,ＵＳＳ,プレミア市場,サービス業,,False,,1916.5,0.0,False,0.0
2026-09-11,4760,アルファ,メイン市場,サービス業,,False,,1471.0,0.0,False,0.0
2026-09-11,4920,日本色材,メイン市場,化 学,,False,,1120.0,0.0,False,0.0
2026-09-11,5020,ＥＮＥＯＳ,プレミア市場,石油・石炭製品,,False,,1441.0,0.0,False,0.0
2026-09-11,5075,アップコン,ネクスト市場,建設業,,False,1005.0,,6.5,True,6532500.0
2026-09-11,5204,石塚硝,プレミア市場,ガラス・土石製品,,False,,3030.0,0.0,False,0.0
2026-09-11,523A,セイワＨＤ,ネクスト市場,金属製品,,False,,1754.0,0.0,False,0.0
2026-09-11,5241,日本オーエー研究所,メイン市場,情報・通信業,,False,734.0,,0.5,True,367000.0
2026-09-11,5271,トーヨーアサノ,メイン市場,ガラス・土石製品,,False,,2181.0,0.0,False,0.0
2026-09-11,5287,イトーヨーギョー,メイン市場,ガラス・土石製品,,False,,920.0,0.0,False,0.0
2026-09-11,5331,ノリタケ,プレミア市場,ガラス・土石製品,,False,,3420.0,0.0,False,0.0
2026-09-11,5332,ＴＯＴＯ,プレミア市場,ガラス・土石製品,,False,,5773.0,0.0,False,0.0
2026-09-11,5333,ＮＧＫ,プレミア市場,ガラス・土石製品,,False,,5001.0,0.0,False,0.0
2026-09-11,5334,日特殊陶,プレミア市場,ガラス・土石製品,,False,,7205.0,0.0,False,0.0
2026-09-11,5342,ジャニス工,メイン市場,ガラス・土石製品,,False,389.0,,0.7,True,272299.99999999994
2026-09-11,5343,ニッコー,メイン市場,ガラス・土石製品,,False,185.0,,12.5,True,2312500.0
2026-09-11,5344,ＭＡＲＵＷＡ,プレミア市場,ガラス・土石製品,,False,,54460.0,0.0,False,0.0
2026-09-11,5356,美濃窯業,メイン市場,ガラス・土石製品,,False,,1237.0,0.0,False,0.0
2026-09-11,5384,ＦＵＪＩＭＩ,プレミア市場,ガラス・土石製品,,False,,3175.0,0.0,False,0.0
2026-09-11,5386,鶴弥,メイン市場,ガラス・土石製品,,False,386.0,,3.6,True,1389600.0000000002
2026-09-11,5401,日本製鉄,プレミア市場,鉄 鋼,,False,,686.4,0.0,False,0.0
2026-09-11,5406,神戸鋼,プレミア市場,鉄 鋼,,False,,2021.0,0.0,False,0.0
2026-09-11,5461,中部鋼鈑,プレミア市場,鉄 鋼,,False,,2135.0,0.0,False,0.0
2026-09-11,546A,ＭＩＲＡＩＮＩ,プレミア市場,卸売業,,False,,2329.0,0.0,False,0.0
2026-09-11,5471,大同特鋼,プレミア市場,鉄 鋼,,False,,2313.0,0.0,False,0.0
2026-09-11,5482,愛知鋼,プレミア市場,鉄 鋼,,False,,3115.0,0.0,False,0.0
2026-09-11,550A,ソフトテックス,メイン市場,情報・通信業,,False,,2145.0,0.0,False,0.0
2026-09-11,5530,日本システムバンク,メイン市場,不動産業,,False,1091.0,,1.2,True,1309200.0
2026-09-11,5589,オートサーバー,メイン市場,情報・通信業,,False,,2816.0,0.0,False,0.0
2026-09-11,5607,中央可鍛,メイン市場,鉄 鋼,,False,607.0,,8.3,True,5038100.0
2026-09-11,5802,住友電工,プレミア市場,非鉄金属,,False,,2077.5,0.0,False,0.0
2026-09-11,5918,滝上工,メイン市場,金属製品,,False,,8000.0,0.0,False,0.0
2026-09-11,5938,ＬＩＸＩＬ,プレミア市場,金属製品,,False,,1717.0,0.0,False,0.0
2026-09-11,5947,リンナイ,プレミア市場,金属製品,,False,,3432.0,0.0,False,0.0
2026-09-11,5952,アマテイ,メイン市場,金属製品,,False,,189.0,0.0,False,0.0
2026-09-11,5979,カネソウ,メイン市場,金属製品,,False,5350.0,,0.1,True,535000.0
2026-09-11,5984,兼房,メイン市場,金属製品,,False,,767.0,0.0,False,0.0
2026-09-11,5992,中央発条,プレミア市場,金属製品,,False,,3670.0,0.0,False,0.0
2026-09-11,5994,ファインシンター,メイン市場,金属製品,,False,,1005.0,0.0,False,0.0
2026-09-11,6025,日本ＰＣサービス,ネクスト市場,サービス業,,False,696.0,,1.0,True,696000.0
2026-09-11,6036,ＫｅｅＰｅｒ技研,プレミア市場,サービス業,,False,,3520.0,0.0,False,0.0
2026-09-11,6055,Ｊマテリアル,プレミア市場,サービス業,,False,,2088.0,0.0,False,0.0
2026-09-11,6074,ＪＳＳ,メイン市場,サービス業,,False,,519.0,0.0,False,0.0
2026-09-11,6103,オークマ,プレミア市場,機 械,,False,,4330.0,0.0,False,0.0
2026-09-11,6111,旭精機,メイン市場,機 械,,False,2002.0,,1.1,True,2202200.0000000005
2026-09-11,6134,ＦＵＪＩ,プレミア市場,機 械,,False,,6705.0,0.0,False,0.0
2026-09-11,6136,ＯＳＧ,プレミア市場,機 械,,False,,3382.0,0.0,False,0.0
2026-09-11,6142,富士精工,メイン市場,機 械,,False,1773.0,,0.1,True,177300.0
2026-09-11,6203,豊和工,プレミア市場,機 械,,False,,2844.0,0.0,False,0.0
2026-09-11,6225,エコム,メイン市場,機 械,,False,2150.0,,0.2,True,430000.0
2026-09-11,6267,ゼネパッカー,メイン市場,機 械,,False,,4030.0,0.0,False,0.0
2026-09-11,6325,タカキタ,プレミア市場,機 械,,False,,418.0,0.0,False,0.0
2026-09-11,6339,新東工,プレミア市場,機 械,,False,,1155.0,0.0,False,0.0
2026-09-11,6340,渋谷工,プレミア市場,機 械,,False,,5180.0,0.0,False,0.0
2026-09-11,6342,太平製,メイン市場,機 械,,False,,2872.0,0.0,False,0.0
2026-09-11,6345,アイチ,プレミア市場,機 械,,False,,1432.0,0.0,False,0.0
2026-09-11,6346,キクカワ,メイン市場,機 械,,False,,5660.0,0.0,False,0.0
2026-09-11,6396,宇野沢鉄,メイン市場,機 械,,False,,4565.0,0.0,False,0.0
2026-09-11,6407,ＣＫＤ,プレミア市場,機 械,,False,,5060.0,0.0,False,0.0
2026-09-11,6430,ダイコク電,プレミア市場,機 械,,False,,2427.0,0.0,False,0.0
2026-09-11,6439,中日鋳工,メイン市場,機 械,,False,402.0,,2.4,True,964800.0
2026-09-11,6448,ブラザー,プレミア市場,電気機器,,False,,4363.0,0.0,False,0.0
2026-09-11,6465,ホシザキ,プレミア市場,機 械,,False,,5305.0,0.0,False,0.0
2026-09-11,6470,大豊工業,プレミア市場,機 械,,False,,1052.0,0.0,False,0.0
2026-09-11,6473,ジェイテクト,プレミア市場,機 械,,False,,2013.5,0.0,False,0.0
2026-09-11,6501,日立,プレミア市場,電気機器,,False,,5199.0,0.0,False,0.0
2026-09-11,6504,富士電機,プレミア市場,電気機器,,False,,12650.0,0.0,False,0.0
2026-09-11,6508,明電舎,プレミア市場,電気機器,,False,,10320.0,0.0,False,0.0
2026-09-11,6547,グリーンズ,プレミア市場,サービス業,,False,,2082.0,0.0,False,0.0
2026-09-11,6564,ミダックＨＤ,プレミア市場,サービス業,,False,,2005.0,0.0,False,0.0
2026-09-11,6565,ＡＢホテル,メイン市場,サービス業,,False,1290.0,,1.2,True,1548000.0
2026-09-11,6586,マキタ,プレミア市場,機 械,,False,,5256.0,0.0,False,0.0
2026-09-11,6615,ＵＭＣエレ,メイン市場,電気機器,,False,,243.0,0.0,False,0.0
2026-09-11,6623,愛知電,プレミア市場,電気機器,,False,8860.0,,4.4,True,38984000.0
2026-09-11,6651,日東工,プレミア市場,電気機器,,False,,4345.0,0.0,False,0.0
2026-09-11,6655,洋電機,メイン市場,電気機器,,False,780.0,,0.5,True,390000.0
2026-09-11,6676,ＢＵＦＦＡＬＯ,プレミア市場,電気機器,,False,,3030.0,0.0,False,0.0
2026-09-11,6702,富士通,プレミア市場,電気機器,,False,,3749.0,0.0,False,0.0
2026-09-11,6718,アイホン,プレミア市場,電気機器,,False,,2795.0,0.0,False,0.0
2026-09-11,6797,名古屋電,メイン市場,電気機器,,False,,1214.0,0.0,False,0.0
2026-09-11,6846,中央製,メイン市場,電気機器,,False,1390.0,,0.1,True,139000.0
2026-09-11,6902,デンソー,プレミア市場,輸送用機器,,False,,1921.0,0.0,False,0.0
2026-09-11,6995,東海理電,プレミア市場,輸送用機器,,False,,3130.0,0.0,False,0.0
2026-09-11,6999,ＫＯＡ,プレミア市場,電気機器,,False,,2107.0,0.0,False,0.0
2026-09-11,7011,三菱重,プレミア市場,機 械,,False,,3705.0,0.0,False,0.0
2026-09-11,7012,川崎重,プレミア市場,輸送用機器,,False,,2319.0,0.0,False,0.0
2026-09-11,7059,コプロＨＤ,プレミア市場,サービス業,,False,,898.0,0.0,False,0.0
2026-09-11,7073,ジェイック,メイン市場,サービス業,,False,,2302.0,0.0,False,0.0
2026-09-11,7075,ＱＬＳＨＤ,ネクスト市場,サービス業,,False,,948.0,0.0,False,0.0
2026-09-11,7076,名南Ｍ＆Ａ,メイン市場,サービス業,,False,1040.0,,7.0,True,7280000.0
2026-09-11,7102,日車輌,プレミア市場,輸送用機器,,False,,3510.0,0.0,False,0.0
2026-09-11,7118,伸和ホールディングス,ネクスト市場,小売業,,False,4460.0,,0.5,True,2230000.0
2026-09-11,7129,ミアヘルサＨＤ,メイン市場,小売業,,False,,1199.0,0.0,False,0.0
2026-09-11,7135,ジャパンクラフトＨＤ,プレミア市場,小売業,,False,,180.0,0.0,False,0.0
2026-09-11,7203,トヨタ自,プレミア市場,輸送用機器,,False,3014.0,3031.0,0.1,True,301400.00000000006
2026-09-11,7213,レシップＨＤ,プレミア市場,輸送用機器,,False,,662.0,0.0,False,0.0
2026-09-11,7220,武蔵精密,プレミア市場,輸送用機器,,False,,2713.0,0.0,False,0.0
2026-09-11,7227,アスカ,メイン市場,輸送用機器,,False,1839.0,,0.1,True,183900.0
2026-09-11,7231,トピー工,プレミア市場,輸送用機器,,False,,3000.0,0.0,False,0.0
2026-09-11,7241,フタバ産,プレミア市場,輸送用機器,,False,,1073.0,0.0,False,0.0
2026-09-11,7245,大同メタル,プレミア市場,輸送用機器,,False,,1109.0,0.0,False,0.0
2026-09-11,7259,アイシン,プレミア市場,輸送用機器,,False,,2230.5,0.0,False,0.0
2026-09-11,7266,今仙電機,プレミア市場,輸送用機器,,False,,962.0,0.0,False,0.0
2026-09-11,7282,豊田合,プレミア市場,輸送用機器,,False,,5149.0,0.0,False,0.0
2026-09-11,7283,愛三工,プレミア市場,輸送用機器,,False,,2117.0,0.0,False,0.0
2026-09-11,7322,３３ＦＧ,プレミア市場,銀行業,,False,,2033.0,0.0,False,0.0
2026-09-11,7362,Ｔ．Ｓ．Ｉ,メイン市場,サービス業,,False,,865.0,0.0,False,0.0
2026-09-11,7369,メイホーＨＤ,ネクスト市場,サービス業,,False,,376.0,0.0,False,0.0
2026-09-11,7380,十六ＦＧ,プレミア市場,銀行業,,False,,2633.0,0.0,False,0.0
2026-09-11,7389,あいちＦＧ,プレミア市場,銀行業,,False,,1979.0,0.0,False,0.0
2026-09-11,7412,アトム,メイン市場,小売業,,False,,362.0,0.0,False,0.0
2026-09-11,7485,岡谷鋼機,プレミア市場,卸売業,,False,5040.0,,15.0,True,75600000.0
2026-09-11,7488,ヤガミ,メイン市場,卸売業,,False,4970.0,,0.6,True,2982000.0
2026-09-11,7514,ヒマラヤ,プレミア市場,小売業,,False,,850.0,0.0,False,0.0
2026-09-11,7593,ＶＴＨＤ,プレミア市場,小売業,,False,,514.0,0.0,False,0.0
2026-09-11,7607,進和,プレミア市場,卸売業,,False,,2965.0,0.0,False,0.0
2026-09-11,7630,壱番屋,プレミア市場,小売業,,False,,1090.0,0.0,False,0.0
2026-09-11,7649,スギＨＤ,プレミア市場,小売業,,False,,1264.0,0.0,False,0.0
2026-09-11,7675,セントラルフォレスト,メイン市場,卸売業,,False,2763.0,,0.1,True,276300.0
2026-09-11,7682,浜木綿,メイン市場,小売業,,False,,3950.0,0.0,False,0.0
2026-09-11,7723,愛知時,プレミア市場,精密機器,,False,,2831.0,0.0,False,0.0
2026-09-11,7747,アサヒインテック,プレミア市場,精密機器,,False,,3190.0,0.0,False,0.0
2026-09-11,7751,キヤノン,プレミア市場,電気機器,,False,,4380.0,0.0,False,0.0
2026-09-11,7780,メニコン,プレミア市場,精密機器,,False,,1668.0,0.0,False,0.0
2026-09-11,7790,バルコス,ネクスト市場,その他製品,,False,,1097.0,0.0,False,0.0
2026-09-11,7805,プリントネット,メイン市場,その他製品,,False,,713.0,0.0,False,0.0
2026-09-11,7870,福島印,メイン市場,その他製品,,False,363.0,,2.3,True,834900.0
2026-09-11,7871,フクビ化工,メイン市場,化 学,,False,,1003.0,0.0,False,0.0
2026-09-11,7875,竹田ｉＰ,メイン市場,その他製品,,False,,805.0,0.0,False,0.0
2026-09-11,7878,光・彩,メイン市場,その他製品,,False,,1510.0,0.0,False,0.0
2026-09-11,7896,セブン工,メイン市場,その他製品,,False,,505.0,0.0,False,0.0
2026-09-11,7928,旭化学,メイン市場,化 学,,False,,611.0,0.0,False,0.0
2026-09-11,7931,未来工業,プレミア市場,化 学,,False,,3660.0,0.0,False,0.0
2026-09-11,7943,ニチハ,プレミア市場,ガラス・土石製品,,False,,2938.0,0.0,False,0.0
2026-09-11,7946,光陽社,メイン市場,その他製品,,False,372.0,373.0,0.2,True,74400.0
2026-09-11,7950,デコラックス,メイン市場,化 学,,False,9300.0,,0.2,True,1860000.0
2026-09-11,7953,菊水化,メイン市場,その他製品,,False,,398.0,0.0,False,0.0
2026-09-11,7975,リヒトラブ,メイン市場,その他製品,,False,,1168.0,0.0,False,0.0
2026-09-11,8015,豊田通商,プレミア市場,卸売業,,False,,7553.0,0.0,False,0.0
2026-09-11,8031,三井物産,プレミア市場,卸売業,,False,,5060.0,0.0,False,0.0
2026-09-11,8071,東海エレ,メイン市場,卸売業,,False,,3010.0,0.0,False,0.0
2026-09-11,8076,カノークス,メイン市場,卸売業,,False,,2119.0,0.0,False,0.0
2026-09-11,8130,サンゲツ,プレミア市場,卸売業,,False,,3175.0,0.0,False,0.0
2026-09-11,8145,中部水,メイン市場,卸売業,,False,3270.0,,0.2,True,654000.0
2026-09-11,8160,木曽路,プレミア市場,小売業,,False,,2449.0,0.0,False,0.0
2026-09-11,8190,ヤマナカ,メイン市場,小売業,,False,520.0,,4.2,True,2184000.0
2026-09-11,8225,タカチホ,メイン市場,卸売業,,False,,3610.0,0.0,False,0.0
2026-09-11,8228,マルイチ産商,メイン市場,卸売業,,False,1064.0,,25.8,True,27451200.0
2026-09-11,8285,三谷産業,プレミア市場,卸売業,,False,,796.0,0.0,False,0.0
2026-09-11,8306,三菱ＵＦＪ,プレミア市場,銀行業,,False,,3661.0,0.0,False,0.0
2026-09-11,8309,三井住友トラストＧ,プレミア市場,銀行業,,False,,1767.0,0.0,False,0.0
2026-09-11,8316,三井住友,プレミア市場,銀行業,,False,,6911.0,0.0,False,0.0
2026-09-11,8361,大垣銀,プレミア市場,銀行業,,False,,8180.0,0.0,False,0.0
2026-09-11,8368,百五銀,プレミア市場,銀行業,,False,,2399.0,0.0,False,0.0
2026-09-11,8522,名古屋銀,プレミア市場,銀行業,,False,,7150.0,0.0,False,0.0
2026-09-11,8601,大和証Ｇ,プレミア市場,証券、商品先物取引業,,False,,1842.0,0.0,False,0.0
2026-09-11,8604,野村,プレミア市場,証券、商品先物取引業,,False,,1664.5,0.0,False,0.0
2026-09-11,8609,岡三,プレミア市場,証券、商品先物取引業,,False,,1221.0,0.0,False,0.0
2026-09-11,8616,東海東京,プレミア市場,証券、商品先物取引業,,False,,889.0,0.0,False,0.0
2026-09-11,8725,ＭＳ＆ＡＤ,プレミア市場,保険業,,False,,5091.0,0.0,False,0.0
2026-09-11,8803,平和不,プレミア市場,不動産業,,False,,2318.0,0.0,False,0.0
2026-09-11,8891,ＡＭＧＨＤ,メイン市場,不動産業,,False,,1984.0,0.0,False,0.0
2026-09-11,8904,ＡＶＡＮＴＩＡ,プレミア市場,不動産業,,False,,816.0,0.0,False,0.0
2026-09-11,8920,東祥,プレミア市場,サービス業,,False,,679.0,0.0,False,0.0
2026-09-11,8995,誠建設,メイン市場,不動産業,,False,,2548.0,0.0,False,0.0
2026-09-11,9022,ＪＲ東海,プレミア市場,陸運業,,False,,3797.0,0.0,False,0.0
2026-09-11,9040,大宝運,メイン市場,陸運業,,False,4240.0,,0.7,True,2968000.0
2026-09-11,9048,名鉄,プレミア市場,陸運業,,False,,1861.5,0.0,False,0.0
2026-09-11,9073,京極運輸,メイン市場,陸運業,,False,,1231.0,0.0,False,0.0
2026-09-11,9076,セイノーＨＤ,プレミア市場,陸運業,,False,,2690.0,0.0,False,0.0
2026-09-11,9170,成友興業,メイン市場,サービス業,,False,1436.0,,0.2,True,287200.0
2026-09-11,9221,フルハシＥＰＯ,メイン市場,サービス業,,False,,1157.0,0.0,False,0.0
2026-09-11,9223,ＡＳＮＯＶＡ,ネクスト市場,サービス業,,False,,421.0,0.0,False,0.0
2026-09-11,9249,日本エコシステム,メイン市場,サービス業,,False,,1632.0,0.0,False,0.0
2026-09-11,9306,東陽倉,プレミア市場,倉庫・運輸関連業,,False,,1992.0,0.0,False,0.0
2026-09-11,9310,トランスシティ,プレミア市場,倉庫・運輸関連業,,False,,1364.0,0.0,False,0.0
2026-09-11,9330,揚羽,ネクスト市場,サービス業,,False,,886.0,0.0,False,0.0
2026-09-11,9357,名港海,メイン市場,倉庫・運輸関連業,,False,2441.0,,2.3,True,5614299.999999999
2026-09-11,9359,伊勢湾海,メイン市場,倉庫・運輸関連業,,False,934.0,,2.1,True,1961400.0
2026-09-11,9368,キムラユニティー,プレミア市場,倉庫・運輸関連業,,False,,952.0,0.0,False,0.0
2026-09-11,9402,中日放送,プレミア市場,情報・通信業,,False,1254.0,,26.9,True,33732600.0
2026-09-11,9428,クロップス,プレミア市場,情報・通信業,,False,,1500.0,0.0,False,0.0
2026-09-11,9471,文渓堂,メイン市場,情報・通信業,,False,1145.0,,0.2,True,229000.0
2026-09-11,9476,中央経済社ＨＤ,メイン市場,情報・通信業,,False,,979.0,0.0,False,0.0
2026-09-11,9502,中部電力,プレミア市場,電気・ガス業,,False,,2992.0,0.0,False,0.0
2026-09-11,9531,東瓦斯,プレミア市場,電気・ガス業,,False,,6275.0,0.0,False,0.0
2026-09-11,9533,東邦瓦斯,プレミア市場,電気・ガス業,,False,,1300.0,0.0,False,0.0
2026-09-11,9643,中日興,メイン市場,サービス業,,False,11090.0,,0.3,True,3327000.0
2026-09-11,9664,御園座,メイン市場,サービス業,,False,1500.0,,0.5,True,750000.0
2026-09-11,9793,ダイセキ,プレミア市場,サービス業,,False,,3655.0,0.0,False,0.0
2026-09-11,9900,サガミＨＤ,プレミア市場,小売業,,False,,1136.0,0.0,False,0.0
2026-09-11,9913,日邦産業,メイン市場,卸売業,,False,,3625.0,0.0,False,0.0
2026-09-11,9914,植松商会,メイン市場,卸売業,,False,736.0,,0.4,True,294400.00000000006
2026-09-11,9956,バローＨＤ,プレミア市場,小売業,,False,,3245.0,0.0,False,0.0
2026-09-11,9969,ショクブン,メイン市場,小売業,,False,,236.0,0.0,False,0.0
2026-09-11,9982,タキヒヨー,プレミア市場,卸売業,,False,,2715.0,0.0,False,0.0
2026-09-11,9987,スズケン,プレミア市場,卸売業,,False,,5173.0,0.0,False,0.0
2026-09-14,138A,光フードサービス,ネクスト市場,小売業,,False,,3090.0,0.0,False,0.0
2026-09-14,1438,岐阜造園,メイン市場,建設業,,False,,2265.0,0.0,False,0.0
2026-09-14,1444,ニッソウ,ネクスト市場,建設業,,False,,2666.0,0.0,False,0.0
2026-09-14,1738,ＮＩＴＴＯＨ,メイン市場,建設業,,False,570.0,,1.4,True,798000.0
2026-09-14,1766,東建コーポ,プレミア市場,建設業,,False,,13070.0,0.0,False,0.0
2026-09-14,1777,川崎設備,メイン市場,建設業,,False,2324.0,,1.5,True,3486000.0
2026-09-14,1780,ヤマウラ,プレミア市場,建設業,,False,,1487.0,0.0,False,0.0
2026-09-14,1801,大成建,プレミア市場,建設業,,False,,12425.0,0.0,False,0.0
2026-09-14,1803,清水建,プレミア市場,建設業,,False,,2378.0,0.0,False,0.0
2026-09-14,1811,銭高組,メイン市場,建設業,,False,,7490.0,0.0,False,0.0
2026-09-14,1812,鹿島,プレミア市場,建設業,,False,,4943.0,0.0,False,0.0
2026-09-14,1869,名工建,メイン市場,建設業,,False,1848.0,,10.6,True,19588800.0
2026-09-14,1870,矢作建,プレミア市場,建設業,,False,,2134.0,0.0,False,0.0
2026-09-14,1878,大東建,プレミア市場,不動産業,,False,,3352.0,0.0,False,0.0
2026-09-14,1892,徳倉建,メイン市場,建設業,,False,,7810.0,0.0,False,0.0
2026-09-14,1893,五洋建,プレミア市場,建設業,,False,,1517.5,0.0,False,0.0
2026-09-14,1928,積水ハウス,プレミア市場,建設業,,False,,3366.0,0.0,False,0.0
2026-09-14,1946,トーエネック,プレミア市場,建設業,,False,,2166.0,0.0,False,0.0
2026-09-14,2053,中部飼料,プレミア市場,食料品,,False,,2057.0,0.0,False,0.0
2026-09-14,212A,フィットイージー,プレミア市場,サービス業,,False,,2769.0,0.0,False,0.0
2026-09-14,2139,中広,プレミア市場,サービス業,,False,,517.0,0.0,False,0.0
2026-09-14,2169,ＣＤＳ,プレミア市場,サービス業,,False,,1729.0,0.0,False,0.0
2026-09-14,2185,シイエム・シイ,プレミア市場,サービス業,,False,,1980.0,0.0,False,0.0
2026-09-14,2207,ｍｅｉｔｏ,プレミア市場,食料品,,False,,3415.0,0.0,False,0.0
2026-09-14,2209,井村屋Ｇ,プレミア市場,食料品,,False,,2366.0,0.0,False,0.0
2026-09-14,2224,コモ,メイン市場,食料品,,False,,3710.0,0.0,False,0.0
2026-09-14,2327,ＮＳＳＯＬ,メイン市場,情報・通信業,,False,,3964.0,0.0,False,0.0
2026-09-14,2329,東北新社,メイン市場,情報・通信業,,False,,497.0,0.0,False,0.0
2026-09-14,2351,ＡＳＪ,メイン市場,情報・通信業,,False,,337.0,0.0,False,0.0
2026-09-14,2376,サイネックス,メイン市場,サービス業,,False,,790.0,0.0,False,0.0
2026-09-14,2424,ブラス,プレミア市場,サービス業,,False,,598.0,0.0,False,0.0
2026-09-14,2435,シダー,メイン市場,サービス業,,False,,208.0,0.0,False,0.0
2026-09-14,2467,ＶＬＣセキュリティ,ネクスト市場,サービス業,,False,171.0,,17.4,True,2975399.9999999995
2026-09-14,246A,アスア,メイン市場,サービス業,,False,,927.0,0.0,False,0.0
2026-09-14,2479,ジェイテック,メイン市場,サービス業,,False,,268.0,0.0,False,0.0
2026-09-14,2480,シスロケ,メイン市場,情報・通信業,,False,,1779.0,0.0,False,0.0
2026-09-14,2485,ティア,プレミア市場,サービス業,,False,,449.0,0.0,False,0.0
2026-09-14,2551,マルサンアイ,メイン市場,食料品,,False,3610.0,,1.1,True,3971000.000000001
2026-09-14,259A,ケイ・ウノ,ネクスト市場,小売業,,False,1828.0,,1.2,True,2193600.0
2026-09-14,2722,ＩＫホールディングス,プレミア市場,小売業,,False,,363.0,0.0,False,0.0
2026-09-14,2734,サーラ,プレミア市場,小売業,,False,,1242.0,0.0,False,0.0
2026-09-14,2753,あみやき,プレミア市場,小売業,,False,,1401.0,0.0,False,0.0
2026-09-14,275A,ハンワホームズ,ネクスト市場,建設業,,False,,366.0,0.0,False,0.0
2026-09-14,2778,パレモ・ＨＤ,メイン市場,小売業,,False,,116.0,0.0,False,0.0
2026-09-14,2780,コメ兵ＨＤ,メイン市場,小売業,,False,,4395.0,0.0,False,0.0
2026-09-14,2806,ユタカフーズ,メイン市場,食料品,,False,,1923.0,0.0,False,0.0
2026-09-14,2811,カゴメ,プレミア市場,食料品,,False,,2763.0,0.0,False,0.0
2026-09-14,2902,太陽化,メイン市場,食料品,,False,2730.0,,1.0,True,2730000.0
2026-09-14,2983,アールプランナー,メイン市場,不動産業,,False,,1685.0,0.0,False,0.0
2026-09-14,2986,ＬＡＨＤ,プレミア市場,不動産業,,False,,2828.0,0.0,False,0.0
2026-09-14,3028,アルペン,プレミア市場,小売業,,False,,2315.0,0.0,False,0.0
2026-09-14,3032,ゴルフ・ドゥ,ネクスト市場,小売業,,False,236.0,,21.1,True,4979600.0
2026-09-14,3035,ケイティケイ,メイン市場,卸売業,,False,,755.0,0.0,False,0.0
2026-09-14,3066,ＪＢイレブン,メイン市場,小売業,,False,646.0,,4.1,True,2648600.0
2026-09-14,3086,Ｊフロント,プレミア市場,小売業,,False,,2582.5,0.0,False,0.0
2026-09-14,3091,ブロンコＢ,プレミア市場,小売業,,False,,2807.0,0.0,False,0.0
2026-09-14,3116,トヨタ紡織,プレミア市場,輸送用機器,,False,,2238.5,0.0,False,0.0
2026-09-14,3138,富士山マガジン,メイン市場,小売業,,False,,1119.0,0.0,False,0.0
2026-09-14,3184,ＩＣＤＡ,メイン市場,小売業,,False,,4155.0,0.0,False,0.0
2026-09-14,3186,ネクステージ,プレミア市場,小売業,,False,,2931.0,0.0,False,0.0
2026-09-14,3202,ダイトウボウ,プレミア市場,繊維製品,,False,,130.0,0.0,False,0.0
2026-09-14,3205,ダイドー,プレミア市場,繊維製品,,False,,732.0,0.0,False,0.0
2026-09-14,3221,ヨシックスＨＤ,プレミア市場,小売業,,False,,3215.0,0.0,False,0.0
2026-09-14,3232,三重交通ＧＨＤ,プレミア市場,不動産業,,False,,598.0,0.0,False,0.0
2026-09-14,3260,エスポア,,サービス業,監理,True,465.0,,7.1,True,3301500.0
2026-09-14,3320,クロスプラス,メイン市場,卸売業,,False,,1306.0,0.0,False,0.0
2026-09-14,3321,ミタチ,プレミア市場,卸売業,,False,,1674.0,0.0,False,0.0
2026-09-14,3346,ヒロタグループＨＤ,ネクスト市場,小売業,,False,79.0,,15.6,True,1232399.9999999998
2026-09-14,3384,アークコア,ネクスト市場,卸売業,,False,762.0,,0.7,True,533400.0
2026-09-14,3419,アートグリーン,ネクスト市場,卸売業,,False,1952.0,,1.3,True,2537600.0
2026-09-14,3422,Ｊ－ＭＡＸ,メイン市場,金属製品,,False,,599.0,0.0,False,0.0
2026-09-14,3439,三ツ知,メイン市場,金属製品,,False,,686.0,0.0,False,0.0
2026-09-14,3441,山王,メイン市場,金属製品,,False,,2695.0,0.0,False,0.0
2026-09-14,3442,ＭＩＥコーポ,メイン市場,金属製品,,False,1827.0,,0.5,True,913500.0
2026-09-14,3447,信和,プレミア市場,金属製品,,False,,1009.0,0.0,False,0.0
2026-09-14,3461,パルマ,メイン市場,不動産業,,False,,616.0,0.0,False,0.0
2026-09-14,3469,デュアルタップ,メイン市場,不動産業,,False,,890.0,0.0,False,0.0
2026-09-14,3494,マリオン,メイン市場,不動産業,,False,,457.0,0.0,False,0.0
2026-09-14,3504,丸八ホールディングス,メイン市場,繊維製品,,False,1361.0,,3.1,True,4219100.0
2026-09-14,3524,日東網,プレミア市場,繊維製品,,False,,1483.0,0.0,False,0.0
2026-09-14,3543,コメダ,プレミア市場,卸売業,,False,,2882.0,0.0,False,0.0
2026-09-14,3549,クスリのアオキＨＤ,メイン市場,小売業,,False,,4083.0,0.0,False,0.0
2026-09-14,3556,リネットジャパン,メイン市場,小売業,,False,,781.0,0.0,False,0.0
2026-09-14,3559,ピーバンドットコム,メイン市場,卸売業,,False,,450.0,0.0,False,0.0
2026-09-14,3571,ソトー,プレミア市場,繊維製品,,False,,722.0,0.0,False,0.0
2026-09-14,3577,東海染工,プレミア市場,繊維製品,,False,,921.0,0.0,False,0.0
2026-09-14,3670,協立情報通信,メイン市場,情報・通信業,,False,,1697.0,0.0,False,0.0
2026-09-14,3739,コムシード,ネクスト市場,情報・通信業,,False,120.0,,1.6,True,192000.0
2026-09-14,3771,システムリサーチ,プレミア市場,情報・通信業,,False,,1938.0,0.0,False,0.0
2026-09-14,3775,ガイアックス,ネクスト市場,情報・通信業,,False,447.0,,1.9,True,849300.0
2026-09-14,377A,エージェントＩＧＨＤ,メイン市場,保険業,,False,1214.0,,3.8,True,4613200.0
2026-09-14,3808,オーケーウェブ,ネクスト市場,情報・通信業,,False,25.0,,31.9,True,797500.0
2026-09-14,3842,ネクストジェン,メイン市場,情報・通信業,,False,,1127.0,0.0,False,0.0
2026-09-14,391A,山忠,メイン市場,不動産業,,False,,2485.0,0.0,False,0.0
2026-09-14,3922,ＰＲＴＩＭＥＳ,プレミア市場,情報・通信業,,False,,2213.0,0.0,False,0.0
2026-09-14,3947,ダイナパック,メイン市場,パルプ・紙,,False,,2450.0,0.0,False,0.0
2026-09-14,3958,笹徳印刷,メイン市場,パルプ・紙,,False,,546.0,0.0,False,0.0
2026-09-14,3974,ＳＣＡＴ,メイン市場,情報・通信業,,False,,671.0,0.0,False,0.0
2026-09-14,4062,イビデン,プレミア市場,電気機器,,False,18900.0,19140.0,0.1,True,1890000.0
2026-09-14,4063,信越化,プレミア市場,化 学,,False,,5750.0,0.0,False,0.0
2026-09-14,4072,電算システムＨＤ,プレミア市場,情報・通信業,,False,,3060.0,0.0,False,0.0
2026-09-14,4124,大阪油化工業,メイン市場,化 学,,False,,3005.0,0.0,False,0.0
2026-09-14,4125,三和油化工業,メイン市場,化 学,,False,,3455.0,0.0,False,0.0
2026-09-14,418A,ウリドキ,ネクスト市場,情報・通信業,,False,1268.0,,3.4,True,4311200.0
2026-09-14,4196,ネオマーケ,メイン市場,情報・通信業,,False,,2161.0,0.0,False,0.0
2026-09-14,4206,アイカ工,プレミア市場,化 学,,False,,4162.0,0.0,False,0.0
2026-09-14,4240,クラスターＴ,メイン市場,化 学,,False,,313.0,0.0,False,0.0
2026-09-14,4247,ポバール興業,メイン市場,化 学,,False,,1406.0,0.0,False,0.0
2026-09-14,4361,川口化,メイン市場,化 学,,False,,1563.0,0.0,False,0.0
2026-09-14,4430,東海ソフト,プレミア市場,情報・通信業,,False,,1760.0,0.0,False,0.0
2026-09-14,4439,東名,プレミア市場,情報・通信業,,False,,776.0,0.0,False,0.0
2026-09-14,4445,リビンＴ,メイン市場,情報・通信業,,False,,1946.0,0.0,False,0.0
2026-09-14,4463,日華化学,プレミア市場,化 学,,False,,1914.0,0.0,False,0.0
2026-09-14,4502,武田薬,プレミア市場,医薬品,,False,,5737.0,0.0,False,0.0
2026-09-14,4616,川上塗料,メイン市場,化 学,,False,,2500.0,0.0,False,0.0
2026-09-14,4658,日本空調,プレミア市場,サービス業,,False,,1547.0,0.0,False,0.0
2026-09-14,4667,アイサンテクノロ,メイン市場,情報・通信業,,False,,3365.0,0.0,False,0.0
2026-09-14,4681,リゾートトラ,プレミア市場,サービス業,,False,,1786.0,0.0,False,0.0
2026-09-14,4691,ワシントンホテル,メイン市場,サービス業,,False,,2096.0,0.0,False,0.0
2026-09-14,4707,キタック,メイン市場,サービス業,,False,,339.0,0.0,False,0.0
2026-09-14,4732,ＵＳＳ,プレミア市場,サービス業,,False,,1924.5,0.0,False,0.0
2026-09-14,4760,アルファ,メイン市場,サービス業,,False,,1425.0,0.0,False,0.0
2026-09-14,4920,日本色材,メイン市場,化 学,,False,,1120.0,0.0,False,0.0
2026-09-14,5020,ＥＮＥＯＳ,プレミア市場,石油・石炭製品,,False,,1438.0,0.0,False,0.0
2026-09-14,5075,アップコン,ネクスト市場,建設業,,False,1030.0,,1.4,True,1442000.0
2026-09-14,5204,石塚硝,プレミア市場,ガラス・土石製品,,False,,3040.0,0.0,False,0.0
2026-09-14,523A,セイワＨＤ,ネクスト市場,金属製品,,False,,1754.0,0.0,False,0.0
2026-09-14,5241,日本オーエー研究所,メイン市場,情報・通信業,,False,730.0,,0.7,True,511000.0
2026-09-14,5271,トーヨーアサノ,メイン市場,ガラス・土石製品,,False,,2180.0,0.0,False,0.0
2026-09-14,5287,イトーヨーギョー,メイン市場,ガラス・土石製品,,False,,901.0,0.0,False,0.0
2026-09-14,5331,ノリタケ,プレミア市場,ガラス・土石製品,,False,,3485.0,0.0,False,0.0
2026-09-14,5332,ＴＯＴＯ,プレミア市場,ガラス・土石製品,,False,,5695.0,0.0,False,0.0
2026-09-14,5333,ＮＧＫ,プレミア市場,ガラス・土石製品,,False,,5050.0,0.0,False,0.0
2026-09-14,5334,日特殊陶,プレミア市場,ガラス・土石製品,,False,,7161.0,0.0,False,0.0
2026-09-14,5342,ジャニス工,メイン市場,ガラス・土石製品,,False,383.0,,0.6,True,229800.0
2026-09-14,5343,ニッコー,メイン市場,ガラス・土石製品,,False,184.0,,5.2,True,956800.0
2026-09-14,5344,ＭＡＲＵＷＡ,プレミア市場,ガラス・土石製品,,False,,52990.0,0.0,False,0.0
2026-09-14,5356,美濃窯業,メイン市場,ガラス・土石製品,,False,,1236.0,0.0,False,0.0
2026-09-14,5384,ＦＵＪＩＭＩ,プレミア市場,ガラス・土石製品,,False,,3190.0,0.0,False,0.0
2026-09-14,5386,鶴弥,メイン市場,ガラス・土石製品,,False,382.0,,16.0,True,6112000.0
2026-09-14,5401,日本製鉄,プレミア市場,鉄 鋼,,False,686.4,684.1,1.5,True,1029600.0
2026-09-14,5406,神戸鋼,プレミア市場,鉄 鋼,,False,,2039.0,0.0,False,0.0
2026-09-14,5461,中部鋼鈑,プレミア市場,鉄 鋼,,False,,2170.0,0.0,False,0.0
2026-09-14,546A,ＭＩＲＡＩＮＩ,プレミア市場,卸売業,,False,,2319.0,0.0,False,0.0
2026-09-14,5471,大同特鋼,プレミア市場,鉄 鋼,,False,,2285.5,0.0,False,0.0
2026-09-14,5482,愛知鋼,プレミア市場,鉄 鋼,,False,,3125.0,0.0,False,0.0
2026-09-14,550A,ソフトテックス,メイン市場,情報・通信業,,False,,2170.0,0.0,False,0.0
2026-09-14,5530,日本システムバンク,メイン市場,不動産業,,False,1094.0,,2.1,True,2297400.0
2026-09-14,5589,オートサーバー,メイン市場,情報・通信業,,False,,2899.0,0.0,False,0.0
2026-09-14,5607,中央可鍛,メイン市場,鉄 鋼,,False,607.0,,13.0,True,7891000.0
2026-09-14,5802,住友電工,プレミア市場,非鉄金属,,False,,2007.5,0.0,False,0.0
2026-09-14,5918,滝上工,メイン市場,金属製品,,False,,8000.0,0.0,False,0.0
2026-09-14,5938,ＬＩＸＩＬ,プレミア市場,金属製品,,False,,1734.5,0.0,False,0.0
2026-09-14,5947,リンナイ,プレミア市場,金属製品,,False,,3497.0,0.0,False,0.0
2026-09-14,5952,アマテイ,メイン市場,金属製品,,False,,189.0,0.0,False,0.0
2026-09-14,5979,カネソウ,メイン市場,金属製品,,False,,5350.0,0.0,False,0.0
2026-09-14,5984,兼房,メイン市場,金属製品,,False,,771.0,0.0,False,0.0
2026-09-14,5992,中央発条,プレミア市場,金属製品,,False,,3675.0,0.0,False,0.0
2026-09-14,5994,ファインシンター,メイン市場,金属製品,,False,,1019.0,0.0,False,0.0
2026-09-14,6025,日本ＰＣサービス,ネクスト市場,サービス業,,False,,696.0,0.0,False,0.0
2026-09-14,6036,ＫｅｅＰｅｒ技研,プレミア市場,サービス業,,False,,3600.0,0.0,False,0.0
2026-09-14,6055,Ｊマテリアル,プレミア市場,サービス業,,False,,2044.0,0.0,False,0.0
2026-09-14,6074,ＪＳＳ,メイン市場,サービス業,,False,,517.0,0.0,False,0.0
2026-09-14,6103,オークマ,プレミア市場,機 械,,False,,4360.0,0.0,False,0.0
2026-09-14,6111,旭精機,メイン市場,機 械,,False,2016.0,,3.3,True,6652799.999999999
2026-09-14,6134,ＦＵＪＩ,プレミア市場,機 械,,False,,6694.0,0.0,False,0.0
2026-09-14,6136,ＯＳＧ,プレミア市場,機 械,,False,,3400.0,0.0,False,0.0
2026-09-14,6142,富士精工,メイン市場,機 械,,False,1764.0,,0.3,True,529199.9999999999
2026-09-14,6203,豊和工,プレミア市場,機 械,,False,,2344.0,0.0,False,0.0
2026-09-14,6225,エコム,メイン市場,機 械,,False,2055.0,,1.1,True,2260500.0
2026-09-14,6267,ゼネパッカー,メイン市場,機 械,,False,,4000.0,0.0,False,0.0
2026-09-14,6325,タカキタ,プレミア市場,機 械,,False,,417.0,0.0,False,0.0
2026-09-14,6339,新東工,プレミア市場,機 械,,False,,1160.0,0.0,False,0.0
2026-09-14,6340,渋谷工,プレミア市場,機 械,,False,,5200.0,0.0,False,0.0
2026-09-14,6342,太平製,メイン市場,機 械,,False,,2872.0,0.0,False,0.0
2026-09-14,6345,アイチ,プレミア市場,機 械,,False,,1452.0,0.0,False,0.0
2026-09-14,6346,キクカワ,メイン市場,機 械,,False,,5590.0,0.0,False,0.0
2026-09-14,6396,宇野沢鉄,メイン市場,機 械,,False,,4565.0,0.0,False,0.0
2026-09-14,6407,ＣＫＤ,プレミア市場,機 械,,False,,4955.0,0.0,False,0.0
2026-09-14,6430,ダイコク電,プレミア市場,機 械,,False,,2480.0,0.0,False,0.0
2026-09-14,6439,中日鋳工,メイン市場,機 械,,False,405.0,,0.9,True,364500.0
2026-09-14,6448,ブラザー,プレミア市場,電気機器,,False,,4435.0,0.0,False,0.0
2026-09-14,6465,ホシザキ,プレミア市場,機 械,,False,,5344.0,0.0,False,0.0
2026-09-14,6470,大豊工業,プレミア市場,機 械,,False,,1064.0,0.0,False,0.0
2026-09-14,6473,ジェイテクト,プレミア市場,機 械,,False,,2000.5,0.0,False,0.0
2026-09-14,6501,日立,プレミア市場,電気機器,,False,,5325.0,0.0,False,0.0
2026-09-14,6504,富士電機,プレミア市場,電気機器,,False,,12650.0,0.0,False,0.0
2026-09-14,6508,明電舎,プレミア市場,電気機器,,False,,10430.0,0.0,False,0.0
2026-09-14,6547,グリーンズ,プレミア市場,サービス業,,False,,2131.0,0.0,False,0.0
2026-09-14,6564,ミダックＨＤ,プレミア市場,サービス業,,False,,1993.0,0.0,False,0.0
2026-09-14,6565,ＡＢホテル,メイン市場,サービス業,,False,1285.0,,2.4,True,3084000.0
2026-09-14,6586,マキタ,プレミア市場,機 械,,False,,5248.0,0.0,False,0.0
2026-09-14,6615,ＵＭＣエレ,メイン市場,電気機器,,False,,241.0,0.0,False,0.0
2026-09-14,6623,愛知電,プレミア市場,電気機器,,False,8690.0,,6.3,True,54747000.0
2026-09-14,6651,日東工,プレミア市場,電気機器,,False,,4345.0,0.0,False,0.0
2026-09-14,6655,洋電機,メイン市場,電気機器,,False,782.0,,0.1,True,78200.0
2026-09-14,6676,ＢＵＦＦＡＬＯ,プレミア市場,電気機器,,False,,3155.0,0.0,False,0.0
2026-09-14,6702,富士通,プレミア市場,電気機器,,False,,4026.0,0.0,False,0.0
2026-09-14,6718,アイホン,プレミア市場,電気機器,,False,,2825.0,0.0,False,0.0
2026-09-14,6797,名古屋電,メイン市場,電気機器,,False,,1208.0,0.0,False,0.0
2026-09-14,6846,中央製,メイン市場,電気機器,,False,,1390.0,0.0,False,0.0
2026-09-14,6902,デンソー,プレミア市場,輸送用機器,,False,,1911.0,0.0,False,0.0
2026-09-14,6995,東海理電,プレミア市場,輸送用機器,,False,,3130.0,0.0,False,0.0
2026-09-14,6999,ＫＯＡ,プレミア市場,電気機器,,False,,2112.0,0.0,False,0.0
2026-09-14,7011,三菱重,プレミア市場,機 械,,False,,3761.0,0.0,False,0.0
2026-09-14,7012,川崎重,プレミア市場,輸送用機器,,False,,2351.0,0.0,False,0.0
2026-09-14,7059,コプロＨＤ,プレミア市場,サービス業,,False,,920.0,0.0,False,0.0
2026-09-14,7073,ジェイック,メイン市場,サービス業,,False,,2383.0,0.0,False,0.0
2026-09-14,7075,ＱＬＳＨＤ,ネクスト市場,サービス業,,False,,999.0,0.0,False,0.0
2026-09-14,7076,名南Ｍ＆Ａ,メイン市場,サービス業,,False,1050.0,,4.2,True,4410000.0
2026-09-14,7102,日車輌,プレミア市場,輸送用機器,,False,,3530.0,0.0,False,0.0
2026-09-14,7118,伸和ホールディングス,ネクスト市場,小売業,,False,4555.0,,0.7,True,3188500.0
2026-09-14,7129,ミアヘルサＨＤ,メイン市場,小売業,,False,,1185.0,0.0,False,0.0
2026-09-14,7135,ジャパンクラフトＨＤ,プレミア市場,小売業,,False,,180.0,0.0,False,0.0
2026-09-14,7203,トヨタ自,プレミア市場,輸送用機器,,False,,3025.0,0.0,False,0.0
2026-09-14,7213,レシップＨＤ,プレミア市場,輸送用機器,,False,,678.0,0.0,False,0.0
2026-09-14,7220,武蔵精密,プレミア市場,輸送用機器,,False,,2700.0,0.0,False,0.0
2026-09-14,7227,アスカ,メイン市場,輸送用機器,,False,1839.0,,0.2,True,367800.0
2026-09-14,7231,トピー工,プレミア市場,輸送用機器,,False,,3020.0,0.0,False,0.0
2026-09-14,7241,フタバ産,プレミア市場,輸送用機器,,False,,1087.0,0.0,False,0.0
2026-09-14,7245,大同メタル,プレミア市場,輸送用機器,,False,,1087.0,0.0,False,0.0
2026-09-14,7259,アイシン,プレミア市場,輸送用機器,,False,,2236.5,0.0,False,0.0
2026-09-14,7266,今仙電機,プレミア市場,輸送用機器,,False,,960.0,0.0,False,0.0
2026-09-14,7282,豊田合,プレミア市場,輸送用機器,,False,,5120.0,0.0,False,0.0
2026-09-14,7283,愛三工,プレミア市場,輸送用機器,,False,,2107.0,0.0,False,0.0
2026-09-14,7322,３３ＦＧ,プレミア市場,銀行業,,False,,2046.0,0.0,False,0.0
2026-09-14,7362,Ｔ．Ｓ．Ｉ,メイン市場,サービス業,,False,,870.0,0.0,False,0.0
2026-09-14,7369,メイホーＨＤ,ネクスト市場,サービス業,,False,,372.0,0.0,False,0.0
2026-09-14,7380,十六ＦＧ,プレミア市場,銀行業,,False,,2664.0,0.0,False,0.0
2026-09-14,7389,あいちＦＧ,プレミア市場,銀行業,,False,,1951.0,0.0,False,0.0
2026-09-14,7412,アトム,メイン市場,小売業,,False,,361.0,0.0,False,0.0
2026-09-14,7485,岡谷鋼機,プレミア市場,卸売業,,False,5040.0,,0.8,True,4032000.0
2026-09-14,7488,ヤガミ,メイン市場,卸売業,,False,4980.0,,0.5,True,2490000.0
2026-09-14,7514,ヒマラヤ,プレミア市場,小売業,,False,,850.0,0.0,False,0.0
2026-09-14,7593,ＶＴＨＤ,プレミア市場,小売業,,False,,518.0,0.0,False,0.0
2026-09-14,7607,進和,プレミア市場,卸売業,,False,,3000.0,0.0,False,0.0
2026-09-14,7630,壱番屋,プレミア市場,小売業,,False,,1079.0,0.0,False,0.0
2026-09-14,7649,スギＨＤ,プレミア市場,小売業,,False,,1297.5,0.0,False,0.0
2026-09-14,7675,セントラルフォレスト,メイン市場,卸売業,,False,2763.0,,0.6,True,1657800.0
2026-09-14,7682,浜木綿,メイン市場,小売業,,False,,3920.0,0.0,False,0.0
2026-09-14,7723,愛知時,プレミア市場,精密機器,,False,,2862.0,0.0,False,0.0
2026-09-14,7747,アサヒインテック,プレミア市場,精密機器,,False,,3251.0,0.0,False,0.0
2026-09-14,7751,キヤノン,プレミア市場,電気機器,,False,,4450.0,0.0,False,0.0
2026-09-14,7780,メニコン,プレミア市場,精密機器,,False,,1708.0,0.0,False,0.0
2026-09-14,7790,バルコス,ネクスト市場,その他製品,,False,1092.0,,0.1,True,109200.0
2026-09-14,7805,プリントネット,メイン市場,その他製品,,False,,712.0,0.0,False,0.0
2026-09-14,7870,福島印,メイン市場,その他製品,,False,361.0,,2.1,True,758100.0
2026-09-14,7871,フクビ化工,メイン市場,化 学,,False,,1000.0,0.0,False,0.0
2026-09-14,7875,竹田ｉＰ,メイン市場,その他製品,,False,,797.0,0.0,False,0.0
2026-09-14,7878,光・彩,メイン市場,その他製品,,False,,1266.0,0.0,False,0.0
2026-09-14,7896,セブン工,メイン市場,その他製品,,False,,505.0,0.0,False,0.0
2026-09-14,7928,旭化学,メイン市場,化 学,,False,,613.0,0.0,False,0.0
2026-09-14,7931,未来工業,プレミア市場,化 学,,False,,3725.0,0.0,False,0.0
2026-09-14,7943,ニチハ,プレミア市場,ガラス・土石製品,,False,,2987.0,0.0,False,0.0
2026-09-14,7946,光陽社,メイン市場,その他製品,,False,372.0,370.0,0.1,True,37200.0
2026-09-14,7950,デコラックス,メイン市場,化 学,,False,,9300.0,0.0,False,0.0
2026-09-14,7953,菊水化,メイン市場,その他製品,,False,,399.0,0.0,False,0.0
2026-09-14,7975,リヒトラブ,メイン市場,その他製品,,False,,1140.0,0.0,False,0.0
2026-09-14,8015,豊田通商,プレミア市場,卸売業,,False,,7507.0,0.0,False,0.0
2026-09-14,8031,三井物産,プレミア市場,卸売業,,False,,5164.0,0.0,False,0.0
2026-09-14,8071,東海エレ,メイン市場,卸売業,,False,3000.0,,0.1,True,300000.0
2026-09-14,8076,カノークス,メイン市場,卸売業,,False,,2128.0,0.0,False,0.0
2026-09-14,8130,サンゲツ,プレミア市場,卸売業,,False,,3205.0,0.0,False,0.0
2026-09-14,8145,中部水,メイン市場,卸売業,,False,3270.0,,0.2,True,654000.0
2026-09-14,8160,木曽路,プレミア市場,小売業,,False,,2466.0,0.0,False,0.0
2026-09-14,8190,ヤマナカ,メイン市場,小売業,,False,519.0,,3.0,True,1557000.0
2026-09-14,8225,タカチホ,メイン市場,卸売業,,False,,3645.0,0.0,False,0.0
2026-09-14,8228,マルイチ産商,メイン市場,卸売業,,False,1063.0,,30.3,True,32208900.0
2026-09-14,8285,三谷産業,プレミア市場,卸売業,,False,,797.0,0.0,False,0.0
2026-09-14,8306,三菱ＵＦＪ,プレミア市場,銀行業,,False,,3720.0,0.0,False,0.0
2026-09-14,8309,三井住友トラストＧ,プレミア市場,銀行業,,False,,1798.5,0.0,False,0.0
2026-09-14,8316,三井住友,プレミア市場,銀行業,,False,,7030.0,0.0,False,0.0
2026-09-14,8361,大垣銀,プレミア市場,銀行業,,False,,8200.0,0.0,False,0.0
2026-09-14,8368,百五銀,プレミア市場,銀行業,,False,,2439.0,0.0,False,0.0
2026-09-14,8522,名古屋銀,プレミア市場,銀行業,,False,,7170.0,0.0,False,0.0
2026-09-14,8601,大和証Ｇ,プレミア市場,証券、商品先物取引業,,False,,1873.0,0.0,False,0.0
2026-09-14,8604,野村,プレミア市場,証券、商品先物取引業,,False,,1675.0,0.0,False,0.0
2026-09-14,8609,岡三,プレミア市場,証券、商品先物取引業,,False,,1225.0,0.0,False,0.0
2026-09-14,8616,東海東京,プレミア市場,証券、商品先物取引業,,False,,895.0,0.0,False,0.0
2026-09-14,8725,ＭＳ＆ＡＤ,プレミア市場,保険業,,False,,5207.0,0.0,False,0.0
2026-09-14,8803,平和不,プレミア市場,不動産業,,False,,2344.0,0.0,False,0.0
2026-09-14,8891,ＡＭＧＨＤ,メイン市場,不動産業,,False,,2015.0,0.0,False,0.0
2026-09-14,8904,ＡＶＡＮＴＩＡ,プレミア市場,不動産業,,False,,817.0,0.0,False,0.0
2026-09-14,8920,東祥,プレミア市場,サービス業,,False,,695.0,0.0,False,0.0
2026-09-14,8995,誠建設,メイン市場,不動産業,,False,,2048.0,0.0,False,0.0
2026-09-14,9022,ＪＲ東海,プレミア市場,陸運業,,False,,3867.0,0.0,False,0.0
2026-09-14,9040,大宝運,メイン市場,陸運業,,False,4225.0,,0.6,True,2535000.0
2026-09-14,9048,名鉄,プレミア市場,陸運業,,False,,1895.5,0.0,False,0.0
2026-09-14,9073,京極運輸,メイン市場,陸運業,,False,,1256.0,0.0,False,0.0
2026-09-14,9076,セイノーＨＤ,プレミア市場,陸運業,,False,,2727.5,0.0,False,0.0
2026-09-14,9170,成友興業,メイン市場,サービス業,,False,1435.0,,3.5,True,5022500.0
2026-09-14,9221,フルハシＥＰＯ,メイン市場,サービス業,,False,,1189.0,0.0,False,0.0
2026-09-14,9223,ＡＳＮＯＶＡ,ネクスト市場,サービス業,,False,,426.0,0.0,False,0.0
2026-09-14,9249,日本エコシステム,メイン市場,サービス業,,False,,1629.0,0.0,False,0.0
2026-09-14,9306,東陽倉,プレミア市場,倉庫・運輸関連業,,False,,1993.0,0.0,False,0.0
2026-09-14,9310,トランスシティ,プレミア市場,倉庫・運輸関連業,,False,,1382.0,0.0,False,0.0
2026-09-14,9330,揚羽,ネクスト市場,サービス業,,False,,889.0,0.0,False,0.0
2026-09-14,9357,名港海,メイン市場,倉庫・運輸関連業,,False,2489.0,,3.7,True,9209300.000000002
2026-09-14,9359,伊勢湾海,メイン市場,倉庫・運輸関連業,,False,936.0,,7.3,True,6832800.0
2026-09-14,9368,キムラユニティー,プレミア市場,倉庫・運輸関連業,,False,,955.0,0.0,False,0.0
2026-09-14,9402,中日放送,プレミア市場,情報・通信業,,False,1268.0,,5.3,True,6720400.0
2026-09-14,9428,クロップス,プレミア市場,情報・通信業,,False,,1513.0,0.0,False,0.0
2026-09-14,9471,文渓堂,メイン市場,情報・通信業,,False,1140.0,,0.3,True,342000.0
2026-09-14,9476,中央経済社ＨＤ,メイン市場,情報・通信業,,False,,986.0,0.0,False,0.0
2026-09-14,9502,中部電力,プレミア市場,電気・ガス業,,False,,2885.0,0.0,False,0.0
2026-09-14,9531,東瓦斯,プレミア市場,電気・ガス業,,False,,6386.0,0.0,False,0.0
2026-09-14,9533,東邦瓦斯,プレミア市場,電気・ガス業,,False,,1325.0,0.0,False,0.0
2026-09-14,9643,中日興,メイン市場,サービス業,,False,11100.0,,0.1,True,1110000.0
2026-09-14,9664,御園座,メイン市場,サービス業,,False,1495.0,,1.5,True,2242500.0
2026-09-14,9793,ダイセキ,プレミア市場,サービス業,,False,,3735.0,0.0,False,0.0
2026-09-14,9900,サガミＨＤ,プレミア市場,小売業,,False,,1175.0,0.0,False,0.0
2026-09-14,9913,日邦産業,メイン市場,卸売業,,False,,3645.0,0.0,False,0.0
2026-09-14,9914,植松商会,メイン市場,卸売業,,False,730.0,728.0,0.3,True,219000.0
2026-09-14,9956,バローＨＤ,プレミア市場,小売業,,False,,3345.0,0.0,False,0.0
2026-09-14,9969,ショクブン,メイン市場,小売業,,False,,236.0,0.0,False,0.0
2026-09-14,9982,タキヒヨー,プレミア市場,卸売業,,False,,2709.0,0.0,False,0.0
2026-09-14,9987,スズケン,プレミア市場,卸売業,,False,,5256.0,0.0,False,0.0
2026-09-15,138A,光フードサービス,ネクスト市場,小売業,,False,,3075.0,0.0,False,0.0
2026-09-15,1438,岐阜造園,メイン市場,建設業,,False,,2245.0,0.0,False,0.0
2026-09-15,1444,ニッソウ,ネクスト市場,建設業,,False,,2708.0,0.0,False,0.0
2026-09-15,1738,ＮＩＴＴＯＨ,メイン市場,建設業,,False,568.0,,0.8,True,454400.00000000006
2026-09-15,1766,東建コーポ,プレミア市場,建設業,,False,,13180.0,0.0,False,0.0
2026-09-15,1777,川崎設備,メイン市場,建設業,,False,2315.0,,0.5,True,1157500.0
2026-09-15,1780,ヤマウラ,プレミア市場,建設業,,False,,1486.0,0.0,False,0.0
2026-09-15,1801,大成建,プレミア市場,建設業,,False,,12260.0,0.0,False,0.0
2026-09-15,1803,清水建,プレミア市場,建設業,,False,,2317.5,0.0,False,0.0
2026-09-15,1811,銭高組,メイン市場,建設業,,False,,7450.0,0.0,False,0.0
2026-09-15,1812,鹿島,プレミア市場,建設業,,False,,4870.0,0.0,False,0.0
2026-09-15,1869,名工建,メイン市場,建設業,,False,1837.0,,17.3,True,31780100.000000004
2026-09-15,1870,矢作建,プレミア市場,建設業,,False,,2132.0,0.0,False,0.0
2026-09-15,1878,大東建,プレミア市場,不動産業,,False,,3323.0,0.0,False,0.0
2026-09-15,1892,徳倉建,メイン市場,建設業,,False,7830.0,,0.1,True,783000.0
2026-09-15,1893,五洋建,プレミア市場,建設業,,False,,1554.0,0.0,False,0.0
2026-09-15,1928,積水ハウス,プレミア市場,建設業,,False,,3342.0,0.0,False,0.0
2026-09-15,1946,トーエネック,プレミア市場,建設業,,False,,2162.0,0.0,False,0.0
2026-09-15,2053,中部飼料,プレミア市場,食料品,,False,,2051.0,0.0,False,0.0
2026-09-15,212A,フィットイージー,プレミア市場,サービス業,,False,,2658.0,0.0,False,0.0
2026-09-15,2139,中広,プレミア市場,サービス業,,False,,519.0,0.0,False,0.0
2026-09-15,2169,ＣＤＳ,プレミア市場,サービス業,,False,,1725.0,0.0,False,0.0
2026-09-15,2185,シイエム・シイ,プレミア市場,サービス業,,False,,1995.0,0.0,False,0.0
2026-09-15,2207,ｍｅｉｔｏ,プレミア市場,食料品,,False,,3495.0,0.0,False,0.0
2026-09-15,2209,井村屋Ｇ,プレミア市場,食料品,,False,,2365.0,0.0,False,0.0
2026-09-15,2224,コモ,メイン市場,食料品,,False,,3715.0,0.0,False,0.0
2026-09-15,2327,ＮＳＳＯＬ,メイン市場,情報・通信業,,False,,3922.0,0.0,False,0.0
2026-09-15,2329,東北新社,メイン市場,情報・通信業,,False,,500.0,0.0,False,0.0
2026-09-15,2351,ＡＳＪ,メイン市場,情報・通信業,,False,,334.0,0.0,False,0.0
2026-09-15,2376,サイネックス,メイン市場,サービス業,,False,,800.0,0.0,False,0.0
2026-09-15,2424,ブラス,プレミア市場,サービス業,,False,,657.0,0.0,False,0.0
2026-09-15,2435,シダー,メイン市場,サービス業,,False,,208.0,0.0,False,0.0
2026-09-15,2467,ＶＬＣセキュリティ,ネクスト市場,サービス業,,False,171.0,,17.9,True,3060899.9999999995
2026-09-15,246A,アスア,メイン市場,サービス業,,False,,1077.0,0.0,False,0.0
2026-09-15,2479,ジェイテック,メイン市場,サービス業,,False,,267.0,0.0,False,0.0
2026-09-15,2480,シスロケ,メイン市場,情報・通信業,,False,,1900.0,0.0,False,0.0
2026-09-15,2485,ティア,プレミア市場,サービス業,,False,,448.0,0.0,False,0.0
2026-09-15,2551,マルサンアイ,メイン市場,食料品,,False,3620.0,,1.8,True,6516000.0
2026-09-15,259A,ケイ・ウノ,ネクスト市場,小売業,,False,1850.0,,1.5,True,2775000.0
2026-09-15,2722,ＩＫホールディングス,プレミア市場,小売業,,False,,362.0,0.0,False,0.0
2026-09-15,2734,サーラ,プレミア市場,小売業,,False,,1238.0,0.0,False,0.0
2026-09-15,2753,あみやき,プレミア市場,小売業,,False,,1396.0,0.0,False,0.0
2026-09-15,275A,ハンワホームズ,ネクスト市場,建設業,,False,,366.0,0.0,False,0.0
2026-09-15,2778,パレモ・ＨＤ,メイン市場,小売業,,False,,116.0,0.0,False,0.0
2026-09-15,2780,コメ兵ＨＤ,メイン市場,小売業,,False,,4515.0,0.0,False,0.0
2026-09-15,2806,ユタカフーズ,メイン市場,食料品,,False,,1911.0,0.0,False,0.0
2026-09-15,2811,カゴメ,プレミア市場,食料品,,False,,2736.5,0.0,False,0.0
2026-09-15,2902,太陽化,メイン市場,食料品,,False,2740.0,,3.7,True,10138000.0
2026-09-15,2983,アールプランナー,メイン市場,不動産業,,False,,1664.0,0.0,False,0.0
2026-09-15,2986,ＬＡＨＤ,プレミア市場,不動産業,,False,,2821.0,0.0,False,0.0
2026-09-15,3028,アルペン,プレミア市場,小売業,,False,,2325.0,0.0,False,0.0
2026-09-15,3032,ゴルフ・ドゥ,ネクスト市場,小売業,,False,236.0,,12.4,True,2926400.0
2026-09-15,3035,ケイティケイ,メイン市場,卸売業,,False,,756.0,0.0,False,0.0
2026-09-15,3066,ＪＢイレブン,メイン市場,小売業,,False,647.0,,2.2,True,1423400.0
2026-09-15,3086,Ｊフロント,プレミア市場,小売業,,False,,2635.0,0.0,False,0.0
2026-09-15,3091,ブロンコＢ,プレミア市場,小売業,,False,,2821.0,0.0,False,0.0
2026-09-15,3116,トヨタ紡織,プレミア市場,輸送用機器,,False,,2224.0,0.0,False,0.0
2026-09-15,3138,富士山マガジン,メイン市場,小売業,,False,,1158.0,0.0,False,0.0
2026-09-15,3184,ＩＣＤＡ,メイン市場,小売業,,False,,4155.0,0.0,False,0.0
2026-09-15,3186,ネクステージ,プレミア市場,小売業,,False,,2955.0,0.0,False,0.0
2026-09-15,3202,ダイトウボウ,プレミア市場,繊維製品,,False,,130.0,0.0,False,0.0
2026-09-15,3205,ダイドー,プレミア市場,繊維製品,,False,,734.0,0.0,False,0.0
2026-09-15,3221,ヨシックスＨＤ,プレミア市場,小売業,,False,,3235.0,0.0,False,0.0
2026-09-15,3232,三重交通ＧＨＤ,プレミア市場,不動産業,,False,,603.0,0.0,False,0.0
2026-09-15,3260,エスポア,,サービス業,監理,True,471.0,,8.5,True,4003500.0
2026-09-15,3320,クロスプラス,メイン市場,卸売業,,False,,1301.0,0.0,False,0.0
2026-09-15,3321,ミタチ,プレミア市場,卸売業,,False,,1670.0,0.0,False,0.0
2026-09-15,3346,ヒロタグループＨＤ,ネクスト市場,小売業,,False,79.0,,4.3,True,339700.0
2026-09-15,3384,アークコア,ネクスト市場,卸売業,,False,763.0,,1.0,True,763000.0
2026-09-15,3419,アートグリーン,ネクスト市場,卸売業,,False,1990.0,,0.8,True,1592000.0
2026-09-15,3422,Ｊ－ＭＡＸ,メイン市場,金属製品,,False,,602.0,0.0,False,0.0
2026-09-15,3439,三ツ知,メイン市場,金属製品,,False,,686.0,0.0,False,0.0
2026-09-15,3441,山王,メイン市場,金属製品,,False,,2195.0,0.0,False,0.0
2026-09-15,3442,ＭＩＥコーポ,メイン市場,金属製品,,False,,1827.0,0.0,False,0.0
2026-09-15,3447,信和,プレミア市場,金属製品,,False,,1015.0,0.0,False,0.0
2026-09-15,3461,パルマ,メイン市場,不動産業,,False,,620.0,0.0,False,0.0
2026-09-15,3469,デュアルタップ,メイン市場,不動産業,,False,,870.0,0.0,False,0.0
2026-09-15,3494,マリオン,メイン市場,不動産業,,False,,456.0,0.0,False,0.0
2026-09-15,3504,丸八ホールディングス,メイン市場,繊維製品,,False,1369.0,,2.6,True,3559400.0
2026-09-15,3524,日東網,プレミア市場,繊維製品,,False,,1481.0,0.0,False,0.0
2026-09-15,3543,コメダ,プレミア市場,卸売業,,False,,2888.0,0.0,False,0.0
2026-09-15,3549,クスリのアオキＨＤ,メイン市場,小売業,,False,,4057.0,0.0,False,0.0
2026-09-15,3556,リネットジャパン,メイン市場,小売業,,False,,790.0,0.0,False,0.0
2026-09-15,3559,ピーバンドットコム,メイン市場,卸売業,,False,,466.0,0.0,False,0.0
2026-09-15,3571,ソトー,プレミア市場,繊維製品,,False,,721.0,0.0,False,0.0
2026-09-15,3577,東海染工,プレミア市場,繊維製品,,False,,921.0,0.0,False,0.0
2026-09-15,3670,協立情報通信,メイン市場,情報・通信業,,False,1718.0,,0.4,True,687200.0
2026-09-15,3739,コムシード,ネクスト市場,情報・通信業,,False,120.0,,1.6,True,192000.0
2026-09-15,3771,システムリサーチ,プレミア市場,情報・通信業,,False,,1892.0,0.0,False,0.0
2026-09-15,3775,ガイアックス,ネクスト市場,情報・通信業,,False,450.0,,6.1,True,2745000.0
2026-09-15,377A,エージェントＩＧＨＤ,メイン市場,保険業,,False,1199.0,,0.7,True,839300.0
2026-09-15,3808,オーケーウェブ,ネクスト市場,情報・通信業,,False,24.0,,41.8,True,1003200.0
2026-09-15,3842,ネクストジェン,メイン市場,情報・通信業,,False,,1163.0,0.0,False,0.0
2026-09-15,391A,山忠,メイン市場,不動産業,,False,2499.0,,0.7,True,1749300.0
2026-09-15,3922,ＰＲＴＩＭＥＳ,プレミア市場,情報・通信業,,False,,2230.0,0.0,False,0.0
2026-09-15,3947,ダイナパック,メイン市場,パルプ・紙,,False,,2452.0,0.0,False,0.0
2026-09-15,3958,笹徳印刷,メイン市場,パルプ・紙,,False,,548.0,0.0,False,0.0
2026-09-15,3974,ＳＣＡＴ,メイン市場,情報・通信業,,False,,667.0,0.0,False,0.0
2026-09-15,4062,イビデン,プレミア市場,電気機器,,False,,19115.0,0.0,False,0.0
2026-09-15,4063,信越化,プレミア市場,化 学,,False,,5693.0,0.0,False,0.0
2026-09-15,4072,電算システムＨＤ,プレミア市場,情報・通信業,,False,,3130.0,0.0,False,0.0
2026-09-15,4124,大阪油化工業,メイン市場,化 学,,False,,2975.0,0.0,False,0.0
2026-09-15,4125,三和油化工業,メイン市場,化 学,,False,,3535.0,0.0,False,0.0
2026-09-15,418A,ウリドキ,ネクスト市場,情報・通信業,,False,1271.0,,1.3,True,1652300.0
2026-09-15,4196,ネオマーケ,メイン市場,情報・通信業,,False,,2140.0,0.0,False,0.0
2026-09-15,4206,アイカ工,プレミア市場,化 学,,False,,4151.0,0.0,False,0.0
2026-09-15,4240,クラスターＴ,メイン市場,化 学,,False,,316.0,0.0,False,0.0
2026-09-15,4247,ポバール興業,メイン市場,化 学,,False,,1406.0,0.0,False,0.0
2026-09-15,4361,川口化,メイン市場,化 学,,False,,1581.0,0.0,False,0.0
2026-09-15,4430,東海ソフト,プレミア市場,情報・通信業,,False,,1760.0,0.0,False,0.0
2026-09-15,4439,東名,プレミア市場,情報・通信業,,False,,801.0,0.0,False,0.0
2026-09-15,4445,リビンＴ,メイン市場,情報・通信業,,False,,1972.0,0.0,False,0.0
2026-09-15,4463,日華化学,プレミア市場,化 学,,False,,1970.0,0.0,False,0.0
2026-09-15,4502,武田薬,プレミア市場,医薬品,,False,,5847.0,0.0,False,0.0
2026-09-15,4616,川上塗料,メイン市場,化 学,,False,,2505.0,0.0,False,0.0
2026-09-15,4658,日本空調,プレミア市場,サービス業,,False,,1568.0,0.0,False,0.0
2026-09-15,4667,アイサンテクノロ,メイン市場,情報・通信業,,False,,3145.0,0.0,False,0.0
2026-09-15,4681,リゾートトラ,プレミア市場,サービス業,,False,,1781.5,0.0,False,0.0
2026-09-15,4691,ワシントンホテル,メイン市場,サービス業,,False,,2065.0,0.0,False,0.0
2026-09-15,4707,キタック,メイン市場,サービス業,,False,,341.0,0.0,False,0.0
2026-09-15,4732,ＵＳＳ,プレミア市場,サービス業,,False,,1907.5,0.0,False,0.0
2026-09-15,4760,アルファ,メイン市場,サービス業,,False,,1403.0,0.0,False,0.0
2026-09-15,4920,日本色材,メイン市場,化 学,,False,,1130.0,0.0,False,0.0
2026-09-15,5020,ＥＮＥＯＳ,プレミア市場,石油・石炭製品,,False,,1404.0,0.0,False,0.0
2026-09-15,5075,アップコン,ネクスト市場,建設業,,False,1021.0,,6.5,True,6636500.0
2026-09-15,5204,石塚硝,プレミア市場,ガラス・土石製品,,False,,3035.0,0.0,False,0.0
2026-09-15,523A,セイワＨＤ,ネクスト市場,金属製品,,False,,1785.0,0.0,False,0.0
2026-09-15,5241,日本オーエー研究所,メイン市場,情報・通信業,,False,730.0,,0.1,True,73000.0
2026-09-15,5271,トーヨーアサノ,メイン市場,ガラス・土石製品,,False,,2195.0,0.0,False,0.0
2026-09-15,5287,イトーヨーギョー,メイン市場,ガラス・土石製品,,False,,907.0,0.0,False,0.0
2026-09-15,5331,ノリタケ,プレミア市場,ガラス・土石製品,,False,,3505.0,0.0,False,0.0
2026-09-15,5332,ＴＯＴＯ,プレミア市場,ガラス・土石製品,,False,,5656.0,0.0,False,0.0
2026-09-15,5333,ＮＧＫ,プレミア市場,ガラス・土石製品,,False,,5070.0,0.0,False,0.0
2026-09-15,5334,日特殊陶,プレミア市場,ガラス・土石製品,,False,,7262.0,0.0,False,0.0
2026-09-15,5342,ジャニス工,メイン市場,ガラス・土石製品,,False,400.0,,2.1,True,840000.0
2026-09-15,5343,ニッコー,メイン市場,ガラス・土石製品,,False,184.0,,8.6,True,1582399.9999999998
2026-09-15,5344,ＭＡＲＵＷＡ,プレミア市場,ガラス・土石製品,,False,,53750.0,0.0,False,0.0
2026-09-15,5356,美濃窯業,メイン市場,ガラス・土石製品,,False,,1243.0,0.0,False,0.0
2026-09-15,5384,ＦＵＪＩＭＩ,プレミア市場,ガラス・土石製品,,False,,3225.0,0.0,False,0.0
2026-09-15,5386,鶴弥,メイン市場,ガラス・土石製品,,False,,382.0,0.0,False,0.0
2026-09-15,5401,日本製鉄,プレミア市場,鉄 鋼,,False,,678.0,0.0,False,0.0
2026-09-15,5406,神戸鋼,プレミア市場,鉄 鋼,,False,,2020.0,0.0,False,0.0
2026-09-15,5461,中部鋼鈑,プレミア市場,鉄 鋼,,False,,2176.0,0.0,False,0.0
2026-09-15,546A,ＭＩＲＡＩＮＩ,プレミア市場,卸売業,,False,,2370.0,0.0,False,0.0
2026-09-15,5471,大同特鋼,プレミア市場,鉄 鋼,,False,,2331.5,0.0,False,0.0
2026-09-15,5482,愛知鋼,プレミア市場,鉄 鋼,,False,,3150.0,0.0,False,0.0
2026-09-15,550A,ソフトテックス,メイン市場,情報・通信業,,False,,2170.0,0.0,False,0.0
2026-09-15,5530,日本システムバンク,メイン市場,不動産業,,False,1095.0,,0.5,True,547500.0
2026-09-15,5589,オートサーバー,メイン市場,情報・通信業,,False,,2885.0,0.0,False,0.0
2026-09-15,5607,中央可鍛,メイン市場,鉄 鋼,,False,613.0,,5.8,True,3555400.0
2026-09-15,5802,住友電工,プレミア市場,非鉄金属,,False,,1995.0,0.0,False,0.0
2026-09-15,5918,滝上工,メイン市場,金属製品,,False,,8000.0,0.0,False,0.0
2026-09-15,5938,ＬＩＸＩＬ,プレミア市場,金属製品,,False,,1737.0,0.0,False,0.0
2026-09-15,5947,リンナイ,プレミア市場,金属製品,,False,,3461.0,0.0,False,0.0
2026-09-15,5952,アマテイ,メイン市場,金属製品,,False,,192.0,0.0,False,0.0
2026-09-15,5979,カネソウ,メイン市場,金属製品,,False,5950.0,,1.0,True,5950000.0
2026-09-15,5984,兼房,メイン市場,金属製品,,False,,771.0,0.0,False,0.0
2026-09-15,5992,中央発条,プレミア市場,金属製品,,False,,3695.0,0.0,False,0.0
2026-09-15,5994,ファインシンター,メイン市場,金属製品,,False,,1011.0,0.0,False,0.0
2026-09-15,6025,日本ＰＣサービス,ネクスト市場,サービス業,,False,680.0,,3.8,True,2584000.0
2026-09-15,6036,ＫｅｅＰｅｒ技研,プレミア市場,サービス業,,False,,3590.0,0.0,False,0.0
2026-09-15,6055,Ｊマテリアル,プレミア市場,サービス業,,False,,2117.0,0.0,False,0.0
2026-09-15,6074,ＪＳＳ,メイン市場,サービス業,,False,,515.0,0.0,False,0.0
2026-09-15,6103,オークマ,プレミア市場,機 械,,False,,4320.0,0.0,False,0.0
2026-09-15,6111,旭精機,メイン市場,機 械,,False,2034.0,,1.7,True,3457799.9999999995
2026-09-15,6134,ＦＵＪＩ,プレミア市場,機 械,,False,,6766.0,0.0,False,0.0
2026-09-15,6136,ＯＳＧ,プレミア市場,機 械,,False,,3433.0,0.0,False,0.0
2026-09-15,6142,富士精工,メイン市場,機 械,,False,1770.0,,1.9,True,3363000.0
2026-09-15,6203,豊和工,プレミア市場,機 械,,False,,2476.0,0.0,False,0.0
2026-09-15,6225,エコム,メイン市場,機 械,,False,2050.0,,1.1,True,2255000.0
2026-09-15,6267,ゼネパッカー,メイン市場,機 械,,False,,4000.0,0.0,False,0.0
2026-09-15,6325,タカキタ,プレミア市場,機 械,,False,,417.0,0.0,False,0.0
2026-09-15,6339,新東工,プレミア市場,機 械,,False,,1173.0,0.0,False,0.0
2026-09-15,6340,渋谷工,プレミア市場,機 械,,False,,5150.0,0.0,False,0.0
2026-09-15,6342,太平製,メイン市場,機 械,,False,,2922.0,0.0,False,0.0
2026-09-15,6345,アイチ,プレミア市場,機 械,,False,,1443.0,0.0,False,0.0
2026-09-15,6346,キクカワ,メイン市場,機 械,,False,,5630.0,0.0,False,0.0
2026-09-15,6396,宇野沢鉄,メイン市場,機 械,,False,,4565.0,0.0,False,0.0
2026-09-15,6407,ＣＫＤ,プレミア市場,機 械,,False,,4975.0,0.0,False,0.0
2026-09-15,6430,ダイコク電,プレミア市場,機 械,,False,,2499.0,0.0,False,0.0
2026-09-15,6439,中日鋳工,メイン市場,機 械,,False,405.0,,2.3,True,931500.0
2026-09-15,6448,ブラザー,プレミア市場,電気機器,,False,,4471.0,0.0,False,0.0
2026-09-15,6465,ホシザキ,プレミア市場,機 械,,False,,5297.0,0.0,False,0.0
2026-09-15,6470,大豊工業,プレミア市場,機 械,,False,,1070.0,0.0,False,0.0
2026-09-15,6473,ジェイテクト,プレミア市場,機 械,,False,,2008.5,0.0,False,0.0
2026-09-15,6501,日立,プレミア市場,電気機器,,False,,5221.0,0.0,False,0.0
2026-09-15,6504,富士電機,プレミア市場,電気機器,,False,,12475.0,0.0,False,0.0
2026-09-15,6508,明電舎,プレミア市場,電気機器,,False,,10400.0,0.0,False,0.0
2026-09-15,6547,グリーンズ,プレミア市場,サービス業,,False,,2143.0,0.0,False,0.0
2026-09-15,6564,ミダックＨＤ,プレミア市場,サービス業,,False,,1993.0,0.0,False,0.0
2026-09-15,6565,ＡＢホテル,メイン市場,サービス業,,False,1289.0,,1.2,True,1546800.0
2026-09-15,6586,マキタ,プレミア市場,機 械,,False,,5252.0,0.0,False,0.0
2026-09-15,6615,ＵＭＣエレ,メイン市場,電気機器,,False,,240.0,0.0,False,0.0
2026-09-15,6623,愛知電,プレミア市場,電気機器,,False,8540.0,,27.3,True,233142000.0
2026-09-15,6651,日東工,プレミア市場,電気機器,,False,,4320.0,0.0,False,0.0
2026-09-15,6655,洋電機,メイン市場,電気機器,,False,796.0,,1.2,True,955200.0
2026-09-15,6676,ＢＵＦＦＡＬＯ,プレミア市場,電気機器,,False,,3140.0,0.0,False,0.0
2026-09-15,6702,富士通,プレミア市場,電気機器,,False,,3945.0,0.0,False,0.0
2026-09-15,6718,アイホン,プレミア市場,電気機器,,False,,2832.0,0.0,False,0.0
2026-09-15,6797,名古屋電,メイン市場,電気機器,,False,,1207.0,0.0,False,0.0
2026-09-15,6846,中央製,メイン市場,電気機器,,False,,1390.0,0.0,False,0.0
2026-09-15,6902,デンソー,プレミア市場,輸送用機器,,False,,1910.5,0.0,False,0.0
2026-09-15,6995,東海理電,プレミア市場,輸送用機器,,False,,3130.0,0.0,False,0.0
2026-09-15,6999,ＫＯＡ,プレミア市場,電気機器,,False,,2144.0,0.0,False,0.0
2026-09-15,7011,三菱重,プレミア市場,機 械,,False,,3701.0,0.0,False,0.0
2026-09-15,7012,川崎重,プレミア市場,輸送用機器,,False,,2372.0,0.0,False,0.0
2026-09-15,7059,コプロＨＤ,プレミア市場,サービス業,,False,,927.0,0.0,False,0.0
2026-09-15,7073,ジェイック,メイン市場,サービス業,,False,,2331.0,0.0,False,0.0
2026-09-15,7075,ＱＬＳＨＤ,ネクスト市場,サービス業,,False,,1008.0,0.0,False,0.0
2026-09-15,7076,名南Ｍ＆Ａ,メイン市場,サービス業,,False,1058.0,,4.2,True,4443600.0
2026-09-15,7102,日車輌,プレミア市場,輸送用機器,,False,,3540.0,0.0,False,0.0
2026-09-15,7118,伸和ホールディングス,ネクスト市場,小売業,,False,4850.0,,0.3,True,1455000.0
2026-09-15,7129,ミアヘルサＨＤ,メイン市場,小売業,,False,,1183.0,0.0,False,0.0
2026-09-15,7135,ジャパンクラフトＨＤ,プレミア市場,小売業,,False,,181.0,0.0,False,0.0
2026-09-15,7203,トヨタ自,プレミア市場,輸送用機器,,False,3026.0,3021.0,0.1,True,302600.0
2026-09-15,7213,レシップＨＤ,プレミア市場,輸送用機器,,False,,687.0,0.0,False,0.0
2026-09-15,7220,武蔵精密,プレミア市場,輸送用機器,,False,,2724.0,0.0,False,0.0
2026-09-15,7227,アスカ,メイン市場,輸送用機器,,False,,1839.0,0.0,False,0.0
2026-09-15,7231,トピー工,プレミア市場,輸送用機器,,False,,3110.0,0.0,False,0.0
2026-09-15,7241,フタバ産,プレミア市場,輸送用機器,,False,,1096.0,0.0,False,0.0
2026-09-15,7245,大同メタル,プレミア市場,輸送用機器,,False,,1101.0,0.0,False,0.0
2026-09-15,7259,アイシン,プレミア市場,輸送用機器,,False,,2221.0,0.0,False,0.0
2026-09-15,7266,今仙電機,プレミア市場,輸送用機器,,False,,979.0,0.0,False,0.0
2026-09-15,7282,豊田合,プレミア市場,輸送用機器,,False,,5138.0,0.0,False,0.0
2026-09-15,7283,愛三工,プレミア市場,輸送用機器,,False,,2110.0,0.0,False,0.0
2026-09-15,7322,３３ＦＧ,プレミア市場,銀行業,,False,,2022.0,0.0,False,0.0
2026-09-15,7362,Ｔ．Ｓ．Ｉ,メイン市場,サービス業,,False,,878.0,0.0,False,0.0
2026-09-15,7369,メイホーＨＤ,ネクスト市場,サービス業,,False,,370.0,0.0,False,0.0
2026-09-15,7380,十六ＦＧ,プレミア市場,銀行業,,False,,2617.0,0.0,False,0.0
2026-09-15,7389,あいちＦＧ,プレミア市場,銀行業,,False,,1968.0,0.0,False,0.0
2026-09-15,7412,アトム,メイン市場,小売業,,False,,361.0,0.0,False,0.0
2026-09-15,7485,岡谷鋼機,プレミア市場,卸売業,,False,5010.0,,1.4,True,7014000.0
2026-09-15,7488,ヤガミ,メイン市場,卸売業,,False,5040.0,,0.8,True,4032000.0
2026-09-15,7514,ヒマラヤ,プレミア市場,小売業,,False,,852.0,0.0,False,0.0
2026-09-15,7593,ＶＴＨＤ,プレミア市場,小売業,,False,,522.0,0.0,False,0.0
2026-09-15,7607,進和,プレミア市場,卸売業,,False,,3025.0,0.0,False,0.0
2026-09-15,7630,壱番屋,プレミア市場,小売業,,False,,1082.0,0.0,False,0.0
2026-09-15,7649,スギＨＤ,プレミア市場,小売業,,False,,1289.0,0.0,False,0.0
2026-09-15,7675,セントラルフォレスト,メイン市場,卸売業,,False,2763.0,,1.2,True,3315600.0
2026-09-15,7682,浜木綿,メイン市場,小売業,,False,,3950.0,0.0,False,0.0
2026-09-15,7723,愛知時,プレミア市場,精密機器,,False,,2864.0,0.0,False,0.0
2026-09-15,7747,アサヒインテック,プレミア市場,精密機器,,False,,3253.0,0.0,False,0.0
2026-09-15,7751,キヤノン,プレミア市場,電気機器,,False,,4425.0,0.0,False,0.0
2026-09-15,7780,メニコン,プレミア市場,精密機器,,False,,1727.0,0.0,False,0.0
2026-09-15,7790,バルコス,ネクスト市場,その他製品,,False,,1092.0,0.0,False,0.0
2026-09-15,7805,プリントネット,メイン市場,その他製品,,False,,714.0,0.0,False,0.0
2026-09-15,7870,福島印,メイン市場,その他製品,,False,367.0,,1.9,True,697300.0
2026-09-15,7871,フクビ化工,メイン市場,化 学,,False,,999.0,0.0,False,0.0
2026-09-15,7875,竹田ｉＰ,メイン市場,その他製品,,False,,810.0,0.0,False,0.0
2026-09-15,7878,光・彩,メイン市場,その他製品,,False,,1168.0,0.0,False,0.0
2026-09-15,7896,セブン工,メイン市場,その他製品,,False,,505.0,0.0,False,0.0
2026-09-15,7928,旭化学,メイン市場,化 学,,False,,614.0,0.0,False,0.0
2026-09-15,7931,未来工業,プレミア市場,化 学,,False,,3670.0,0.0,False,0.0
2026-09-15,7943,ニチハ,プレミア市場,ガラス・土石製品,,False,,3010.0,0.0,False,0.0
2026-09-15,7946,光陽社,メイン市場,その他製品,,False,,374.0,0.0,False,0.0
2026-09-15,7950,デコラックス,メイン市場,化 学,,False,,9300.0,0.0,False,0.0
2026-09-15,7953,菊水化,メイン市場,その他製品,,False,,399.0,0.0,False,0.0
2026-09-15,7975,リヒトラブ,メイン市場,その他製品,,False,,1150.0,0.0,False,0.0
2026-09-15,8015,豊田通商,プレミア市場,卸売業,,False,,7329.0,0.0,False,0.0
2026-09-15,8031,三井物産,プレミア市場,卸売業,,False,,5069.0,0.0,False,0.0
2026-09-15,8071,東海エレ,メイン市場,卸売業,,False,2953.0,,0.6,True,1771800.0
2026-09-15,8076,カノークス,メイン市場,卸売業,,False,,2106.0,0.0,False,0.0
2026-09-15,8130,サンゲツ,プレミア市場,卸売業,,False,,3185.0,0.0,False,0.0
2026-09-15,8145,中部水,メイン市場,卸売業,,False,3270.0,,0.1,True,327000.0
2026-09-15,8160,木曽路,プレミア市場,小売業,,False,,2458.0,0.0,False,0.0
2026-09-15,8190,ヤマナカ,メイン市場,小売業,,False,519.0,,4.5,True,2335500.0
2026-09-15,8225,タカチホ,メイン市場,卸売業,,False,,3690.0,0.0,False,0.0
2026-09-15,8228,マルイチ産商,メイン市場,卸売業,,False,1054.0,,20.1,True,21185400.0
2026-09-15,8285,三谷産業,プレミア市場,卸売業,,False,,804.0,0.0,False,0.0
2026-09-15,8306,三菱ＵＦＪ,プレミア市場,銀行業,,False,,3668.0,0.0,False,0.0
2026-09-15,8309,三井住友トラストＧ,プレミア市場,銀行業,,False,,1773.0,0.0,False,0.0
2026-09-15,8316,三井住友,プレミア市場,銀行業,,False,,6842.0,0.0,False,0.0
2026-09-15,8361,大垣銀,プレミア市場,銀行業,,False,,8230.0,0.0,False,0.0
2026-09-15,8368,百五銀,プレミア市場,銀行業,,False,,2425.0,0.0,False,0.0
2026-09-15,8522,名古屋銀,プレミア市場,銀行業,,False,,7050.0,0.0,False,0.0
2026-09-15,8601,大和証Ｇ,プレミア市場,証券、商品先物取引業,,False,,1836.5,0.0,False,0.0
2026-09-15,8604,野村,プレミア市場,証券、商品先物取引業,,False,,1644.5,0.0,False,0.0
2026-09-15,8609,岡三,プレミア市場,証券、商品先物取引業,,False,,1224.0,0.0,False,0.0
2026-09-15,8616,東海東京,プレミア市場,証券、商品先物取引業,,False,,890.0,0.0,False,0.0
2026-09-15,8725,ＭＳ＆ＡＤ,プレミア市場,保険業,,False,,5158.0,0.0,False,0.0
2026-09-15,8803,平和不,プレミア市場,不動産業,,False,,2344.0,0.0,False,0.0
2026-09-15,8891,ＡＭＧＨＤ,メイン市場,不動産業,,False,,2006.0,0.0,False,0.0
2026-09-15,8904,ＡＶＡＮＴＩＡ,プレミア市場,不動産業,,False,,822.0,0.0,False,0.0
2026-09-15,8920,東祥,プレミア市場,サービス業,,False,,699.0,0.0,False,0.0
2026-09-15,8995,誠建設,メイン市場,不動産業,,False,,1900.0,0.0,False,0.0
2026-09-15,9022,ＪＲ東海,プレミア市場,陸運業,,False,,3842.0,0.0,False,0.0
2026-09-15,9040,大宝運,メイン市場,陸運業,,False,4225.0,,0.9,True,3802500.0
2026-09-15,9048,名鉄,プレミア市場,陸運業,,False,,1897.5,0.0,False,0.0
2026-09-15,9073,京極運輸,メイン市場,陸運業,,False,,1242.0,0.0,False,0.0
2026-09-15,9076,セイノーＨＤ,プレミア市場,陸運業,,False,,2709.5,0.0,False,0.0
2026-09-15,9170,成友興業,メイン市場,サービス業,,False,1454.0,,0.3,True,436200.0
2026-09-15,9221,フルハシＥＰＯ,メイン市場,サービス業,,False,,1191.0,0.0,False,0.0
2026-09-15,9223,ＡＳＮＯＶＡ,ネクスト市場,サービス業,,False,,361.0,0.0,False,0.0
2026-09-15,9249,日本エコシステム,メイン市場,サービス業,,False,,1617.0,0.0,False,0.0
2026-09-15,9306,東陽倉,プレミア市場,倉庫・運輸関連業,,False,,1997.0,0.0,False,0.0
2026-09-15,9310,トランスシティ,プレミア市場,倉庫・運輸関連業,,False,,1388.0,0.0,False,0.0
2026-09-15,9330,揚羽,ネクスト市場,サービス業,,False,,890.0,0.0,False,0.0
2026-09-15,9357,名港海,メイン市場,倉庫・運輸関連業,,False,2520.0,,3.8,True,9576000.0
2026-09-15,9359,伊勢湾海,メイン市場,倉庫・運輸関連業,,False,948.0,,7.2,True,6825600.0
2026-09-15,9368,キムラユニティー,プレミア市場,倉庫・運輸関連業,,False,,962.0,0.0,False,0.0
2026-09-15,9402,中日放送,プレミア市場,情報・通信業,,False,1271.0,,6.0,True,7626000.0
2026-09-15,9428,クロップス,プレミア市場,情報・通信業,,False,,1498.0,0.0,False,0.0
2026-09-15,9471,文渓堂,メイン市場,情報・通信業,,False,1136.0,,1.8,True,2044800.0
2026-09-15,9476,中央経済社ＨＤ,メイン市場,情報・通信業,,False,,1010.0,0.0,False,0.0
2026-09-15,9502,中部電力,プレミア市場,電気・ガス業,,False,,2889.0,0.0,False,0.0
2026-09-15,9531,東瓦斯,プレミア市場,電気・ガス業,,False,,6335.0,0.0,False,0.0
2026-09-15,9533,東邦瓦斯,プレミア市場,電気・ガス業,,False,,1308.5,0.0,False,0.0
2026-09-15,9643,中日興,メイン市場,サービス業,,False,11100.0,,0.5,True,5550000.0
2026-09-15,9664,御園座,メイン市場,サービス業,,False,1492.0,,0.8,True,1193600.0000000002
2026-09-15,9793,ダイセキ,プレミア市場,サービス業,,False,,3710.0,0.0,False,0.0
2026-09-15,9900,サガミＨＤ,プレミア市場,小売業,,False,,1137.0,0.0,False,0.0
2026-09-15,9913,日邦産業,メイン市場,卸売業,,False,,3610.0,0.0,False,0.0
2026-09-15,9914,植松商会,メイン市場,卸売業,,False,738.0,726.0,1.3,True,959400.0
2026-09-15,9956,バローＨＤ,プレミア市場,小売業,,False,,3405.0,0.0,False,0.0
2026-09-15,9969,ショクブン,メイン市場,小売業,,False,,236.0,0.0,False,0.0
2026-09-15,9982,タキヒヨー,プレミア市場,卸売業,,False,,2700.0,0.0,False,0.0
2026-09-15,9987,スズケン,プレミア市場,卸売業,,False,,5214.0,0.0,False,0.0
2026-09-16,138A,光フードサービス,ネクスト市場,小売業,,False,,3065.0,0.0,False,0.0
2026-09-16,1438,岐阜造園,メイン市場,建設業,,False,,2304.0,0.0,False,0.0
2026-09-16,1444,ニッソウ,ネクスト市場,建設業,,False,,2721.0,0.0,False,0.0
2026-09-16,1738,ＮＩＴＴＯＨ,メイン市場,建設業,,False,572.0,,0.2,True,114400.0
2026-09-16,1766,東建コーポ,プレミア市場,建設業,,False,,13330.0,0.0,False,0.0
2026-09-16,1777,川崎設備,メイン市場,建設業,,False,2320.0,,1.8,True,4176000.0
2026-09-16,1780,ヤマウラ,プレミア市場,建設業,,False,,1489.0,0.0,False,0.0
2026-09-16,1801,大成建,プレミア市場,建設業,,False,,12560.0,0.0,False,0.0
2026-09-16,1803,清水建,プレミア市場,建設業,,False,,2371.5,0.0,False,0.0
2026-09-16,1811,銭高組,メイン市場,建設業,,False,,7560.0,0.0,False,0.0
2026-09-16,1812,鹿島,プレミア市場,建設業,,False,,4950.0,0.0,False,0.0
2026-09-16,1869,名工建,メイン市場,建設業,,False,1846.0,,4.4,True,8122400.000000001
2026-09-16,1870,矢作建,プレミア市場,建設業,,False,,2162.0,0.0,False,0.0
2026-09-16,1878,大東建,プレミア市場,不動産業,,False,,3346.0,0.0,False,0.0
2026-09-16,1892,徳倉建,メイン市場,建設業,,False,7900.0,,0.1,True,790000.0
2026-09-16,1893,五洋建,プレミア市場,建設業,,False,,1582.0,0.0,False,0.0
2026-09-16,1928,積水ハウス,プレミア市場,建設業,,False,,3346.0,0.0,False,0.0
2026-09-16,1946,トーエネック,プレミア市場,建設業,,False,,2205.0,0.0,False,0.0
2026-09-16,2053,中部飼料,プレミア市場,食料品,,False,,2064.0,0.0,False,0.0
2026-09-16,212A,フィットイージー,プレミア市場,サービス業,,False,,2603.0,0.0,False,0.0
2026-09-16,2139,中広,プレミア市場,サービス業,,False,,520.0,0.0,False,0.0
2026-09-16,2169,ＣＤＳ,プレミア市場,サービス業,,False,,1731.0,0.0,False,0.0
2026-09-16,2185,シイエム・シイ,プレミア市場,サービス業,,False,,1998.0,0.0,False,0.0
2026-09-16,2207,ｍｅｉｔｏ,プレミア市場,食料品,,False,,3465.0,0.0,False,0.0
2026-09-16,2209,井村屋Ｇ,プレミア市場,食料品,,False,,2366.0,0.0,False,0.0
2026-09-16,2224,コモ,メイン市場,食料品,,False,,3710.0,0.0,False,0.0
2026-09-16,2327,ＮＳＳＯＬ,メイン市場,情報・通信業,,False,,3858.0,0.0,False,0.0
2026-09-16,2329,東北新社,メイン市場,情報・通信業,,False,,500.0,0.0,False,0.0
2026-09-16,2351,ＡＳＪ,メイン市場,情報・通信業,,False,,335.0,0.0,False,0.0
2026-09-16,2376,サイネックス,メイン市場,サービス業,,False,,800.0,0.0,False,0.0
2026-09-16,2424,ブラス,プレミア市場,サービス業,,False,,631.0,0.0,False,0.0
2026-09-16,2435,シダー,メイン市場,サービス業,,False,,207.0,0.0,False,0.0
2026-09-16,2467,ＶＬＣセキュリティ,ネクスト市場,サービス業,,False,171.0,,9.4,True,1607400.0
2026-09-16,246A,アスア,メイン市場,サービス業,,False,,1070.0,0.0,False,0.0
2026-09-16,2479,ジェイテック,メイン市場,サービス業,,False,,264.0,0.0,False,0.0
2026-09-16,2480,シスロケ,メイン市場,情報・通信業,,False,,1838.0,0.0,False,0.0
2026-09-16,2485,ティア,プレミア市場,サービス業,,False,,449.0,0.0,False,0.0
2026-09-16,2551,マルサンアイ,メイン市場,食料品,,False,3620.0,,4.3,True,15566000.0
2026-09-16,259A,ケイ・ウノ,ネクスト市場,小売業,,False,1852.0,,1.0,True,1852000.0
2026-09-16,2722,ＩＫホールディングス,プレミア市場,小売業,,False,,360.0,0.0,False,0.0
2026-09-16,2734,サーラ,プレミア市場,小売業,,False,,1247.0,0.0,False,0.0
2026-09-16,2753,あみやき,プレミア市場,小売業,,False,,1394.0,0.0,False,0.0
2026-09-16,275A,ハンワホームズ,ネクスト市場,建設業,,False,,366.0,0.0,False,0.0
2026-09-16,2778,パレモ・ＨＤ,メイン市場,小売業,,False,,113.0,0.0,False,0.0
2026-09-16,2780,コメ兵ＨＤ,メイン市場,小売業,,False,,4485.0,0.0,False,0.0
2026-09-16,2806,ユタカフーズ,メイン市場,食料品,,False,,1918.0,0.0,False,0.0
2026-09-16,2811,カゴメ,プレミア市場,食料品,,False,,2708.0,0.0,False,0.0
2026-09-16,2902,太陽化,メイン市場,食料品,,False,2740.0,,3.9,True,10686000.0
2026-09-16,2983,アールプランナー,メイン市場,不動産業,,False,,1706.0,0.0,False,0.0
2026-09-16,2986,ＬＡＨＤ,プレミア市場,不動産業,,False,,2912.0,0.0,False,0.0
2026-09-16,3028,アルペン,プレミア市場,小売業,,False,,2301.0,0.0,False,0.0
2026-09-16,3032,ゴルフ・ドゥ,ネクスト市場,小売業,,False,232.0,,1.8,True,417600.0
2026-09-16,3035,ケイティケイ,メイン市場,卸売業,,False,,758.0,0.0,False,0.0
2026-09-16,3066,ＪＢイレブン,メイン市場,小売業,,False,653.0,,5.8,True,3787400.0
2026-09-16,3086,Ｊフロント,プレミア市場,小売業,,False,,2671.0,0.0,False,0.0
2026-09-16,3091,ブロンコＢ,プレミア市場,小売業,,False,,2791.0,0.0,False,0.0
2026-09-16,3116,トヨタ紡織,プレミア市場,輸送用機器,,False,,2228.0,0.0,False,0.0
2026-09-16,3138,富士山マガジン,メイン市場,小売業,,False,,1141.0,0.0,False,0.0
2026-09-16,3184,ＩＣＤＡ,メイン市場,小売業,,False,,4155.0,0.0,False,0.0
2026-09-16,3186,ネクステージ,プレミア市場,小売業,,False,,2890.0,0.0,False,0.0
2026-09-16,3202,ダイトウボウ,プレミア市場,繊維製品,,False,,129.0,0.0,False,0.0
2026-09-16,3205,ダイドー,プレミア市場,繊維製品,,False,,733.0,0.0,False,0.0
2026-09-16,3221,ヨシックスＨＤ,プレミア市場,小売業,,False,,3230.0,0.0,False,0.0
2026-09-16,3232,三重交通ＧＨＤ,プレミア市場,不動産業,,False,,599.0,0.0,False,0.0
2026-09-16,3260,エスポア,,サービス業,監理,True,391.0,,0.4,True,156400.0
2026-09-16,3320,クロスプラス,メイン市場,卸売業,,False,,1311.0,0.0,False,0.0
2026-09-16,3321,ミタチ,プレミア市場,卸売業,,False,,1684.0,0.0,False,0.0
2026-09-16,3346,ヒロタグループＨＤ,ネクスト市場,小売業,,False,80.0,,42.6,True,3408000.0
2026-09-16,3384,アークコア,ネクスト市場,卸売業,,False,765.0,,0.5,True,382500.0
2026-09-16,3419,アートグリーン,ネクスト市場,卸売業,,False,1977.0,,0.4,True,790800.0000000001
2026-09-16,3422,Ｊ－ＭＡＸ,メイン市場,金属製品,,False,,598.0,0.0,False,0.0
2026-09-16,3439,三ツ知,メイン市場,金属製品,,False,,686.0,0.0,False,0.0
2026-09-16,3441,山王,メイン市場,金属製品,,False,,1890.0,0.0,False,0.0
2026-09-16,3442,ＭＩＥコーポ,メイン市場,金属製品,,False,1820.0,,0.2,True,364000.0
2026-09-16,3447,信和,プレミア市場,金属製品,,False,,1013.0,0.0,False,0.0
2026-09-16,3461,パルマ,メイン市場,不動産業,,False,,628.0,0.0,False,0.0
2026-09-16,3469,デュアルタップ,メイン市場,不動産業,,False,,882.0,0.0,False,0.0
2026-09-16,3494,マリオン,メイン市場,不動産業,,False,,451.0,0.0,False,0.0
2026-09-16,3504,丸八ホールディングス,メイン市場,繊維製品,,False,1373.0,,1.9,True,2608700.0
2026-09-16,3524,日東網,プレミア市場,繊維製品,,False,,1480.0,0.0,False,0.0
2026-09-16,3543,コメダ,プレミア市場,卸売業,,False,,2870.0,0.0,False,0.0
2026-09-16,3549,クスリのアオキＨＤ,メイン市場,小売業,,False,,3993.0,0.0,False,0.0
2026-09-16,3556,リネットジャパン,メイン市場,小売業,,False,,791.0,0.0,False,0.0
2026-09-16,3559,ピーバンドットコム,メイン市場,卸売業,,False,,463.0,0.0,False,0.0
2026-09-16,3571,ソトー,プレミア市場,繊維製品,,False,,721.0,0.0,False,0.0
2026-09-16,3577,東海染工,プレミア市場,繊維製品,,False,,922.0,0.0,False,0.0
2026-09-16,3670,協立情報通信,メイン市場,情報・通信業,,False,1719.0,1678.0,0.3,True,515700.0
2026-09-16,3739,コムシード,ネクスト市場,情報・通信業,,False,122.0,,6.1,True,744199.9999999999
2026-09-16,3771,システムリサーチ,プレミア市場,情報・通信業,,False,1932.0,1920.0,0.1,True,193200.00000000003
2026-09-16,3775,ガイアックス,ネクスト市場,情報・通信業,,False,445.0,,13.6,True,6052000.0
2026-09-16,377A,エージェントＩＧＨＤ,メイン市場,保険業,,False,1088.0,,0.9,True,979200.0
2026-09-16,3808,オーケーウェブ,ネクスト市場,情報・通信業,,False,24.0,,41.2,True,988800.0
2026-09-16,3842,ネクストジェン,メイン市場,情報・通信業,,False,,1207.0,0.0,False,0.0
2026-09-16,391A,山忠,メイン市場,不動産業,,False,2455.0,,0.7,True,1718500.0
2026-09-16,3922,ＰＲＴＩＭＥＳ,プレミア市場,情報・通信業,,False,,2224.0,0.0,False,0.0
2026-09-16,3947,ダイナパック,メイン市場,パルプ・紙,,False,,2474.0,0.0,False,0.0
2026-09-16,3958,笹徳印刷,メイン市場,パルプ・紙,,False,,549.0,0.0,False,0.0
2026-09-16,3974,ＳＣＡＴ,メイン市場,情報・通信業,,False,,660.0,0.0,False,0.0
2026-09-16,4062,イビデン,プレミア市場,電気機器,,False,,18950.0,0.0,False,0.0
2026-09-16,4063,信越化,プレミア市場,化 学,,False,,5820.0,0.0,False,0.0
2026-09-16,4072,電算システムＨＤ,プレミア市場,情報・通信業,,False,,3145.0,0.0,False,0.0
2026-09-16,4124,大阪油化工業,メイン市場,化 学,,False,,3020.0,0.0,False,0.0
2026-09-16,4125,三和油化工業,メイン市場,化 学,,False,,3580.0,0.0,False,0.0
2026-09-16,418A,ウリドキ,ネクスト市場,情報・通信業,,False,1279.0,,0.3,True,383700.0
2026-09-16,4196,ネオマーケ,メイン市場,情報・通信業,,False,,1972.0,0.0,False,0.0
2026-09-16,4206,アイカ工,プレミア市場,化 学,,False,,4234.0,0.0,False,0.0
2026-09-16,4240,クラスターＴ,メイン市場,化 学,,False,,309.0,0.0,False,0.0
2026-09-16,4247,ポバール興業,メイン市場,化 学,,False,,1389.0,0.0,False,0.0
2026-09-16,4361,川口化,メイン市場,化 学,,False,,1597.0,0.0,False,0.0
2026-09-16,4430,東海ソフト,プレミア市場,情報・通信業,,False,,1741.0,0.0,False,0.0
2026-09-16,4439,東名,プレミア市場,情報・通信業,,False,,797.0,0.0,False,0.0
2026-09-16,4445,リビンＴ,メイン市場,情報・通信業,,False,,1946.0,0.0,False,0.0
2026-09-16,4463,日華化学,プレミア市場,化 学,,False,,1991.0,0.0,False,0.0
2026-09-16,4502,武田薬,プレミア市場,医薬品,,False,,5847.0,0.0,False,0.0
2026-09-16,4616,川上塗料,メイン市場,化 学,,False,,2501.0,0.0,False,0.0
2026-09-16,4658,日本空調,プレミア市場,サービス業,,False,1608.0,1575.0,0.1,True,160800.0
2026-09-16,4667,アイサンテクノロ,メイン市場,情報・通信業,,False,,3310.0,0.0,False,0.0
2026-09-16,4681,リゾートトラ,プレミア市場,サービス業,,False,,1771.0,0.0,False,0.0
2026-09-16,4691,ワシントンホテル,メイン市場,サービス業,,False,,2050.0,0.0,False,0.0
2026-09-16,4707,キタック,メイン市場,サービス業,,False,,343.0,0.0,False,0.0
2026-09-16,4732,ＵＳＳ,プレミア市場,サービス業,,False,,1910.0,0.0,False,0.0
2026-09-16,4760,アルファ,メイン市場,サービス業,,False,,1403.0,0.0,False,0.0
2026-09-16,4920,日本色材,メイン市場,化 学,,False,,1145.0,0.0,False,0.0
2026-09-16,5020,ＥＮＥＯＳ,プレミア市場,石油・石炭製品,,False,,1474.0,0.0,False,0.0
2026-09-16,5075,アップコン,ネクスト市場,建設業,,False,992.0,,2.0,True,1984000.0
2026-09-16,5204,石塚硝,プレミア市場,ガラス・土石製品,,False,,3040.0,0.0,False,0.0
2026-09-16,523A,セイワＨＤ,ネクスト市場,金属製品,,False,,1776.0,0.0,False,0.0
2026-09-16,5241,日本オーエー研究所,メイン市場,情報・通信業,,False,735.0,,0.7,True,514500.0
2026-09-16,5271,トーヨーアサノ,メイン市場,ガラス・土石製品,,False,,2191.0,0.0,False,0.0
2026-09-16,5287,イトーヨーギョー,メイン市場,ガラス・土石製品,,False,,906.0,0.0,False,0.0
2026-09-16,5331,ノリタケ,プレミア市場,ガラス・土石製品,,False,,3590.0,0.0,False,0.0
2026-09-16,5332,ＴＯＴＯ,プレミア市場,ガラス・土石製品,,False,,5696.0,0.0,False,0.0
2026-09-16,5333,ＮＧＫ,プレミア市場,ガラス・土石製品,,False,,5188.0,0.0,False,0.0
2026-09-16,5334,日特殊陶,プレミア市場,ガラス・土石製品,,False,,7245.0,0.0,False,0.0
2026-09-16,5342,ジャニス工,メイン市場,ガラス・土石製品,,False,400.0,,0.4,True,160000.0
2026-09-16,5343,ニッコー,メイン市場,ガラス・土石製品,,False,184.0,,14.0,True,2576000.0
2026-09-16,5344,ＭＡＲＵＷＡ,プレミア市場,ガラス・土石製品,,False,,54530.0,0.0,False,0.0
2026-09-16,5356,美濃窯業,メイン市場,ガラス・土石製品,,False,,1263.0,0.0,False,0.0
2026-09-16,5384,ＦＵＪＩＭＩ,プレミア市場,ガラス・土石製品,,False,,3290.0,0.0,False,0.0
2026-09-16,5386,鶴弥,メイン市場,ガラス・土石製品,,False,386.0,,1.8,True,694800.0000000001
2026-09-16,5401,日本製鉄,プレミア市場,鉄 鋼,,False,,682.7,0.0,False,0.0
2026-09-16,5406,神戸鋼,プレミア市場,鉄 鋼,,False,,2046.5,0.0,False,0.0
2026-09-16,5461,中部鋼鈑,プレミア市場,鉄 鋼,,False,,2191.0,0.0,False,0.0
2026-09-16,546A,ＭＩＲＡＩＮＩ,プレミア市場,卸売業,,False,,2401.0,0.0,False,0.0
2026-09-16,5471,大同特鋼,プレミア市場,鉄 鋼,,False,,2415.0,0.0,False,0.0
2026-09-16,5482,愛知鋼,プレミア市場,鉄 鋼,,False,,3190.0,0.0,False,0.0
2026-09-16,550A,ソフトテックス,メイン市場,情報・通信業,,False,,2149.0,0.0,False,0.0
2026-09-16,5530,日本システムバンク,メイン市場,不動産業,,False,1085.0,,5.0,True,5425000.0
2026-09-16,5589,オートサーバー,メイン市場,情報・通信業,,False,,2869.0,0.0,False,0.0
2026-09-16,5607,中央可鍛,メイン市場,鉄 鋼,,False,611.0,,6.3,True,3849300.0
2026-09-16,5802,住友電工,プレミア市場,非鉄金属,,False,,2046.5,0.0,False,0.0
2026-09-16,5918,滝上工,メイン市場,金属製品,,False,,8000.0,0.0,False,0.0
2026-09-16,5938,ＬＩＸＩＬ,プレミア市場,金属製品,,False,,1740.0,0.0,False,0.0
2026-09-16,5947,リンナイ,プレミア市場,金属製品,,False,,3456.0,0.0,False,0.0
2026-09-16,5952,アマテイ,メイン市場,金属製品,,False,,191.0,0.0,False,0.0
2026-09-16,5979,カネソウ,メイン市場,金属製品,,False,5700.0,,0.2,True,1140000.0
2026-09-16,5984,兼房,メイン市場,金属製品,,False,,778.0,0.0,False,0.0
2026-09-16,5992,中央発条,プレミア市場,金属製品,,False,,3715.0,0.0,False,0.0
2026-09-16,5994,ファインシンター,メイン市場,金属製品,,False,,1000.0,0.0,False,0.0
2026-09-16,6025,日本ＰＣサービス,ネクスト市場,サービス業,,False,,680.0,0.0,False,0.0
2026-09-16,6036,ＫｅｅＰｅｒ技研,プレミア市場,サービス業,,False,,3670.0,0.0,False,0.0
2026-09-16,6055,Ｊマテリアル,プレミア市場,サービス業,,False,,2148.0,0.0,False,0.0
2026-09-16,6074,ＪＳＳ,メイン市場,サービス業,,False,,515.0,0.0,False,0.0
2026-09-16,6103,オークマ,プレミア市場,機 械,,False,,4445.0,0.0,False,0.0
2026-09-16,6111,旭精機,メイン市場,機 械,,False,2017.0,,0.7,True,1411899.9999999998
2026-09-16,6134,ＦＵＪＩ,プレミア市場,機 械,,False,,6903.0,0.0,False,0.0
2026-09-16,6136,ＯＳＧ,プレミア市場,機 械,,False,,3497.0,0.0,False,0.0
2026-09-16,6142,富士精工,メイン市場,機 械,,False,1762.0,,4.4,True,7752800.0
2026-09-16,6203,豊和工,プレミア市場,機 械,,False,,2135.0,0.0,False,0.0
2026-09-16,6225,エコム,メイン市場,機 械,,False,2030.0,,1.2,True,2436000.0
2026-09-16,6267,ゼネパッカー,メイン市場,機 械,,False,,4100.0,0.0,False,0.0
2026-09-16,6325,タカキタ,プレミア市場,機 械,,False,,420.0,0.0,False,0.0
2026-09-16,6339,新東工,プレミア市場,機 械,,False,,1200.0,0.0,False,0.0
2026-09-16,6340,渋谷工,プレミア市場,機 械,,False,,5470.0,0.0,False,0.0
2026-09-16,6342,太平製,メイン市場,機 械,,False,,2910.0,0.0,False,0.0
2026-09-16,6345,アイチ,プレミア市場,機 械,,False,,1451.0,0.0,False,0.0
2026-09-16,6346,キクカワ,メイン市場,機 械,,False,,5630.0,0.0,False,0.0
2026-09-16,6396,宇野沢鉄,メイン市場,機 械,,False,,4600.0,0.0,False,0.0
2026-09-16,6407,ＣＫＤ,プレミア市場,機 械,,False,,5060.0,0.0,False,0.0
2026-09-16,6430,ダイコク電,プレミア市場,機 械,,False,,2489.0,0.0,False,0.0
2026-09-16,6439,中日鋳工,メイン市場,機 械,,False,401.0,,2.7,True,1082700.0
2026-09-16,6448,ブラザー,プレミア市場,電気機器,,False,,4602.0,0.0,False,0.0
2026-09-16,6465,ホシザキ,プレミア市場,機 械,,False,,5301.0,0.0,False,0.0
2026-09-16,6470,大豊工業,プレミア市場,機 械,,False,,1083.0,0.0,False,0.0
2026-09-16,6473,ジェイテクト,プレミア市場,機 械,,False,,2051.0,0.0,False,0.0
2026-09-16,6501,日立,プレミア市場,電気機器,,False,,5372.0,0.0,False,0.0
2026-09-16,6504,富士電機,プレミア市場,電気機器,,False,,12815.0,0.0,False,0.0
2026-09-16,6508,明電舎,プレミア市場,電気機器,,False,,10540.0,0.0,False,0.0
2026-09-16,6547,グリーンズ,プレミア市場,サービス業,,False,,2127.0,0.0,False,0.0
2026-09-16,6564,ミダックＨＤ,プレミア市場,サービス業,,False,,2003.0,0.0,False,0.0
2026-09-16,6565,ＡＢホテル,メイン市場,サービス業,,False,1297.0,,2.9,True,3761300.0
2026-09-16,6586,マキタ,プレミア市場,機 械,,False,,5300.0,0.0,False,0.0
2026-09-16,6615,ＵＭＣエレ,メイン市場,電気機器,,False,,240.0,0.0,False,0.0
2026-09-16,6623,愛知電,プレミア市場,電気機器,,False,8570.0,,2.2,True,18854000.0
2026-09-16,6651,日東工,プレミア市場,電気機器,,False,,4405.0,0.0,False,0.0
2026-09-16,6655,洋電機,メイン市場,電気機器,,False,802.0,,1.1,True,882200.0
2026-09-16,6676,ＢＵＦＦＡＬＯ,プレミア市場,電気機器,,False,,3195.0,0.0,False,0.0
2026-09-16,6702,富士通,プレミア市場,電気機器,,False,,3934.0,0.0,False,0.0
2026-09-16,6718,アイホン,プレミア市場,電気機器,,False,,2850.0,0.0,False,0.0
2026-09-16,6797,名古屋電,メイン市場,電気機器,,False,,1205.0,0.0,False,0.0
2026-09-16,6846,中央製,メイン市場,電気機器,,False,1360.0,,0.5,True,680000.0
2026-09-16,6902,デンソー,プレミア市場,輸送用機器,,False,,1913.0,0.0,False,0.0
2026-09-16,6995,東海理電,プレミア市場,輸送用機器,,False,,3180.0,0.0,False,0.0
2026-09-16,6999,ＫＯＡ,プレミア市場,電気機器,,False,,2224.0,0.0,False,0.0
2026-09-16,7011,三菱重,プレミア市場,機 械,,False,3734.0,3737.0,0.1,True,373400.00000000006
2026-09-16,7012,川崎重,プレミア市場,輸送用機器,,False,,2388.5,0.0,False,0.0
2026-09-16,7059,コプロＨＤ,プレミア市場,サービス業,,False,,956.0,0.0,False,0.0
2026-09-16,7073,ジェイック,メイン市場,サービス業,,False,,2312.0,0.0,False,0.0
2026-09-16,7075,ＱＬＳＨＤ,ネクスト市場,サービス業,,False,,1030.0,0.0,False,0.0
2026-09-16,7076,名南Ｍ＆Ａ,メイン市場,サービス業,,False,1040.0,,6.4,True,6656000.0
2026-09-16,7102,日車輌,プレミア市場,輸送用機器,,False,,3550.0,0.0,False,0.0
2026-09-16,7118,伸和ホールディングス,ネクスト市場,小売業,,False,,4850.0,0.0,False,0.0
2026-09-16,7129,ミアヘルサＨＤ,メイン市場,小売業,,False,,1198.0,0.0,False,0.0
2026-09-16,7135,ジャパンクラフトＨＤ,プレミア市場,小売業,,False,,180.0,0.0,False,0.0
2026-09-16,7203,トヨタ自,プレミア市場,輸送用機器,,False,,3016.0,0.0,False,0.0
2026-09-16,7213,レシップＨＤ,プレミア市場,輸送用機器,,False,,679.0,0.0,False,0.0
2026-09-16,7220,武蔵精密,プレミア市場,輸送用機器,,False,,2721.0,0.0,False,0.0
2026-09-16,7227,アスカ,メイン市場,輸送用機器,,False,1839.0,,0.3,True,551699.9999999999
2026-09-16,7231,トピー工,プレミア市場,輸送用機器,,False,,3135.0,0.0,False,0.0
2026-09-16,7241,フタバ産,プレミア市場,輸送用機器,,False,,1096.0,0.0,False,0.0
2026-09-16,7245,大同メタル,プレミア市場,輸送用機器,,False,,1116.0,0.0,False,0.0
2026-09-16,7259,アイシン,プレミア市場,輸送用機器,,False,,2233.0,0.0,False,0.0
2026-09-16,7266,今仙電機,プレミア市場,輸送用機器,,False,,978.0,0.0,False,0.0
2026-09-16,7282,豊田合,プレミア市場,輸送用機器,,False,,5182.0,0.0,False,0.0
2026-09-16,7283,愛三工,プレミア市場,輸送用機器,,False,,2127.0,0.0,False,0.0
2026-09-16,7322,３３ＦＧ,プレミア市場,銀行業,,False,,2062.0,0.0,False,0.0
2026-09-16,7362,Ｔ．Ｓ．Ｉ,メイン市場,サービス業,,False,,878.0,0.0,False,0.0
2026-09-16,7369,メイホーＨＤ,ネクスト市場,サービス業,,False,,375.0,0.0,False,0.0
2026-09-16,7380,十六ＦＧ,プレミア市場,銀行業,,False,,2654.0,0.0,False,0.0
2026-09-16,7389,あいちＦＧ,プレミア市場,銀行業,,False,,1981.0,0.0,False,0.0
2026-09-16,7412,アトム,メイン市場,小売業,,False,,360.0,0.0,False,0.0
2026-09-16,7485,岡谷鋼機,プレミア市場,卸売業,,False,5020.0,,3.8,True,19076000.0
2026-09-16,7488,ヤガミ,メイン市場,卸売業,,False,5000.0,,0.4,True,2000000.0
2026-09-16,7514,ヒマラヤ,プレミア市場,小売業,,False,,850.0,0.0,False,0.0
2026-09-16,7593,ＶＴＨＤ,プレミア市場,小売業,,False,,523.0,0.0,False,0.0
2026-09-16,7607,進和,プレミア市場,卸売業,,False,,3040.0,0.0,False,0.0
2026-09-16,7630,壱番屋,プレミア市場,小売業,,False,,1077.0,0.0,False,0.0
2026-09-16,7649,スギＨＤ,プレミア市場,小売業,,False,,1245.0,0.0,False,0.0
2026-09-16,7675,セントラルフォレスト,メイン市場,卸売業,,False,,2763.0,0.0,False,0.0
2026-09-16,7682,浜木綿,メイン市場,小売業,,False,,3950.0,0.0,False,0.0
2026-09-16,7723,愛知時,プレミア市場,精密機器,,False,,2883.0,0.0,False,0.0
2026-09-16,7747,アサヒインテック,プレミア市場,精密機器,,False,,3271.0,0.0,False,0.0
2026-09-16,7751,キヤノン,プレミア市場,電気機器,,False,,4449.0,0.0,False,0.0
2026-09-16,7780,メニコン,プレミア市場,精密機器,,False,,1730.0,0.0,False,0.0
2026-09-16,7790,バルコス,ネクスト市場,その他製品,,False,,1092.0,0.0,False,0.0
2026-09-16,7805,プリントネット,メイン市場,その他製品,,False,,716.0,0.0,False,0.0
2026-09-16,7870,福島印,メイン市場,その他製品,,False,367.0,,5.0,True,1835000.0
2026-09-16,7871,フクビ化工,メイン市場,化 学,,False,,994.0,0.0,False,0.0
2026-09-16,7875,竹田ｉＰ,メイン市場,その他製品,,False,,801.0,0.0,False,0.0
2026-09-16,7878,光・彩,メイン市場,その他製品,,False,,1150.0,0.0,False,0.0
2026-09-16,7896,セブン工,メイン市場,その他製品,,False,,507.0,0.0,False,0.0
2026-09-16,7928,旭化学,メイン市場,化 学,,False,,614.0,0.0,False,0.0
2026-09-16,7931,未来工業,プレミア市場,化 学,,False,,3705.0,0.0,False,0.0
2026-09-16,7943,ニチハ,プレミア市場,ガラス・土石製品,,False,,3005.0,0.0,False,0.0
2026-09-16,7946,光陽社,メイン市場,その他製品,,False,373.0,,0.1,True,37300.00000000001
2026-09-16,7950,デコラックス,メイン市場,化 学,,False,,9300.0,0.0,False,0.0
2026-09-16,7953,菊水化,メイン市場,その他製品,,False,,399.0,0.0,False,0.0
2026-09-16,7975,リヒトラブ,メイン市場,その他製品,,False,,1153.0,0.0,False,0.0
2026-09-16,8015,豊田通商,プレミア市場,卸売業,,False,,7386.0,0.0,False,0.0
2026-09-16,8031,三井物産,プレミア市場,卸売業,,False,,5174.0,0.0,False,0.0
2026-09-16,8071,東海エレ,メイン市場,卸売業,,False,2933.0,,0.2,True,586600.0
2026-09-16,8076,カノークス,メイン市場,卸売業,,False,,2149.0,0.0,False,0.0
2026-09-16,8130,サンゲツ,プレミア市場,卸売業,,False,,3205.0,0.0,False,0.0
2026-09-16,8145,中部水,メイン市場,卸売業,,False,3270.0,,0.1,True,327000.0
2026-09-16,8160,木曽路,プレミア市場,小売業,,False,,2442.0,0.0,False,0.0
2026-09-16,8190,ヤマナカ,メイン市場,小売業,,False,519.0,,7.9,True,4100100.000000001
2026-09-16,8225,タカチホ,メイン市場,卸売業,,False,,3690.0,0.0,False,0.0
2026-09-16,8228,マルイチ産商,メイン市場,卸売業,,False,1048.0,,46.1,True,48312800.0
2026-09-16,8285,三谷産業,プレミア市場,卸売業,,False,,813.0,0.0,False,0.0
2026-09-16,8306,三菱ＵＦＪ,プレミア市場,銀行業,,False,,3655.0,0.0,False,0.0
2026-09-16,8309,三井住友トラストＧ,プレミア市場,銀行業,,False,,1776.0,0.0,False,0.0
2026-09-16,8316,三井住友,プレミア市場,銀行業,,False,,6842.0,0.0,False,0.0
2026-09-16,8361,大垣銀,プレミア市場,銀行業,,False,,8490.0,0.0,False,0.0
2026-09-16,8368,百五銀,プレミア市場,銀行業,,False,,2465.0,0.0,False,0.0
2026-09-16,8522,名古屋銀,プレミア市場,銀行業,,False,,7230.0,0.0,False,0.0
2026-09-16,8601,大和証Ｇ,プレミア市場,証券、商品先物取引業,,False,,1831.0,0.0,False,0.0
2026-09-16,8604,野村,プレミア市場,証券、商品先物取引業,,False,,1634.5,0.0,False,0.0
2026-09-16,8609,岡三,プレミア市場,証券、商品先物取引業,,False,,1244.0,0.0,False,0.0
2026-09-16,8616,東海東京,プレミア市場,証券、商品先物取引業,,False,,887.0,0.0,False,0.0
2026-09-16,8725,ＭＳ＆ＡＤ,プレミア市場,保険業,,False,,5155.0,0.0,False,0.0
2026-09-16,8803,平和不,プレミア市場,不動産業,,False,,2355.0,0.0,False,0.0
2026-09-16,8891,ＡＭＧＨＤ,メイン市場,不動産業,,False,,2075.0,0.0,False,0.0
2026-09-16,8904,ＡＶＡＮＴＩＡ,プレミア市場,不動産業,,False,,822.0,0.0,False,0.0
2026-09-16,8920,東祥,プレミア市場,サービス業,,False,,695.0,0.0,False,0.0
2026-09-16,8995,誠建設,メイン市場,不動産業,,False,,1720.0,0.0,False,0.0
2026-09-16,9022,ＪＲ東海,プレミア市場,陸運業,,False,,3796.0,0.0,False,0.0
2026-09-16,9040,大宝運,メイン市場,陸運業,,False,4250.0,,2.3,True,9775000.0
2026-09-16,9048,名鉄,プレミア市場,陸運業,,False,,1908.5,0.0,False,0.0
2026-09-16,9073,京極運輸,メイン市場,陸運業,,False,,1265.0,0.0,False,0.0
2026-09-16,9076,セイノーＨＤ,プレミア市場,陸運業,,False,,2739.0,0.0,False,0.0
2026-09-16,9170,成友興業,メイン市場,サービス業,,False,1449.0,,1.5,True,2173500.0
2026-09-16,9221,フルハシＥＰＯ,メイン市場,サービス業,,False,,1188.0,0.0,False,0.0
2026-09-16,9223,ＡＳＮＯＶＡ,ネクスト市場,サービス業,,False,,361.0,0.0,False,0.0
2026-09-16,9249,日本エコシステム,メイン市場,サービス業,,False,,1631.0,0.0,False,0.0
2026-09-16,9306,東陽倉,プレミア市場,倉庫・運輸関連業,,False,,1995.0,0.0,False,0.0
2026-09-16,9310,トランスシティ,プレミア市場,倉庫・運輸関連業,,False,,1403.0,0.0,False,0.0
2026-09-16,9330,揚羽,ネクスト市場,サービス業,,False,,890.0,0.0,False,0.0
2026-09-16,9357,名港海,メイン市場,倉庫・運輸関連業,,False,2510.0,,3.3,True,8283000.0
2026-09-16,9359,伊勢湾海,メイン市場,倉庫・運輸関連業,,False,954.0,,5.2,True,4960800.0
2026-09-16,9368,キムラユニティー,プレミア市場,倉庫・運輸関連業,,False,,957.0,0.0,False,0.0
2026-09-16,9402,中日放送,プレミア市場,情報・通信業,,False,1271.0,,7.1,True,9024100.0
2026-09-16,9428,クロップス,プレミア市場,情報・通信業,,False,,1487.0,0.0,False,0.0
2026-09-16,9471,文渓堂,メイン市場,情報・通信業,,False,1139.0,,0.4,True,455600.0
2026-09-16,9476,中央経済社ＨＤ,メイン市場,情報・通信業,,False,,999.0,0.0,False,0.0
2026-09-16,9502,中部電力,プレミア市場,電気・ガス業,,False,,2931.0,0.0,False,0.0
2026-09-16,9531,東瓦斯,プレミア市場,電気・ガス業,,False,,6424.0,0.0,False,0.0
2026-09-16,9533,東邦瓦斯,プレミア市場,電気・ガス業,,False,,1322.0,0.0,False,0.0
2026-09-16,9643,中日興,メイン市場,サービス業,,False,11020.0,,0.1,True,1102000.0
2026-09-16,9664,御園座,メイン市場,サービス業,,False,1491.0,,2.0,True,2982000.0
2026-09-16,9793,ダイセキ,プレミア市場,サービス業,,False,,3745.0,0.0,False,0.0
2026-09-16,9900,サガミＨＤ,プレミア市場,小売業,,False,,1115.0,0.0,False,0.0
2026-09-16,9913,日邦産業,メイン市場,卸売業,,False,,3655.0,0.0,False,0.0
2026-09-16,9914,植松商会,メイン市場,卸売業,,False,726.0,721.0,0.2,True,145200.00000000003
2026-09-16,9956,バローＨＤ,プレミア市場,小売業,,False,,3375.0,0.0,False,0.0
2026-09-16,9969,ショクブン,メイン市場,小売業,,False,,236.0,0.0,False,0.0
2026-09-16,9982,タキヒヨー,プレミア市場,卸売業,,False,,2603.0,0.0,False,0.0
2026-09-16,9987,スズケン,プレミア市場,卸売業,,False,,5223.0,0.0,False,0.0
2026-09-17,138A,光フードサービス,ネクスト市場,小売業,,False,,3060.0,0.0,False,0.0
2026-09-17,1438,岐阜造園,メイン市場,建設業,,False,,2330.0,0.0,False,0.0
2026-09-17,1444,ニッソウ,ネクスト市場,建設業,,False,,2724.0,0.0,False,0.0
2026-09-17,1738,ＮＩＴＴＯＨ,メイン市場,建設業,,False,584.0,,1.4,True,817599.9999999999
2026-09-17,1766,東建コーポ,プレミア市場,建設業,,False,,13560.0,0.0,False,0.0
2026-09-17,1777,川崎設備,メイン市場,建設業,,False,2332.0,,1.9,True,4430800.0
2026-09-17,1780,ヤマウラ,プレミア市場,建設業,,False,,1496.0,0.0,False,0.0
2026-09-17,1801,大成建,プレミア市場,建設業,,False,,12730.0,0.0,False,0.0
2026-09-17,1803,清水建,プレミア市場,建設業,,False,,2413.0,0.0,False,0.0
2026-09-17,1811,銭高組,メイン市場,建設業,,False,,7630.0,0.0,False,0.0
2026-09-17,1812,鹿島,プレミア市場,建設業,,False,,5069.0,0.0,False,0.0
2026-09-17,1869,名工建,メイン市場,建設業,,False,1890.0,,5.4,True,10206000.0
2026-09-17,1870,矢作建,プレミア市場,建設業,,False,,2193.0,0.0,False,0.0
2026-09-17,1878,大東建,プレミア市場,不動産業,,False,,3392.0,0.0,False,0.0
2026-09-17,1892,徳倉建,メイン市場,建設業,,False,,7900.0,0.0,False,0.0
2026-09-17,1893,五洋建,プレミア市場,建設業,,False,,1583.0,0.0,False,0.0
2026-09-17,1928,積水ハウス,プレミア市場,建設業,,False,,3403.0,0.0,False,0.0
2026-09-17,1946,トーエネック,プレミア市場,建設業,,False,,2244.0,0.0,False,0.0
2026-09-17,2053,中部飼料,プレミア市場,食料品,,False,,2078.0,0.0,False,0.0
2026-09-17,212A,フィットイージー,プレミア市場,サービス業,,False,,2739.0,0.0,False,0.0
2026-09-17,2139,中広,プレミア市場,サービス業,,False,,520.0,0.0,False,0.0
2026-09-17,2169,ＣＤＳ,プレミア市場,サービス業,,False,,1734.0,0.0,False,0.0
2026-09-17,2185,シイエム・シイ,プレミア市場,サービス業,,False,,2002.0,0.0,False,0.0
2026-09-17,2207,ｍｅｉｔｏ,プレミア市場,食料品,,False,,3470.0,0.0,False,0.0
2026-09-17,2209,井村屋Ｇ,プレミア市場,食料品,,False,,2369.0,0.0,False,0.0
2026-09-17,2224,コモ,メイン市場,食料品,,False,,3715.0,0.0,False,0.0
2026-09-17,2327,ＮＳＳＯＬ,メイン市場,情報・通信業,,False,,3925.0,0.0,False,0.0
2026-09-17,2329,東北新社,メイン市場,情報・通信業,,False,,502.0,0.0,False,0.0
2026-09-17,2351,ＡＳＪ,メイン市場,情報・通信業,,False,,337.0,0.0,False,0.0
2026-09-17,2376,サイネックス,メイン市場,サービス業,,False,,793.0,0.0,False,0.0
2026-09-17,2424,ブラス,プレミア市場,サービス業,,False,,622.0,0.0,False,0.0
2026-09-17,2435,シダー,メイン市場,サービス業,,False,,206.0,0.0,False,0.0
2026-09-17,2467,ＶＬＣセキュリティ,ネクスト市場,サービス業,,False,172.0,,14.8,True,2545600.0
2026-09-17,246A,アスア,メイン市場,サービス業,,False,,1058.0,0.0,False,0.0
2026-09-17,2479,ジェイテック,メイン市場,サービス業,,False,,260.0,0.0,False,0.0
2026-09-17,2480,シスロケ,メイン市場,情報・通信業,,False,,1850.0,0.0,False,0.0
2026-09-17,2485,ティア,プレミア市場,サービス業,,False,,451.0,0.0,False,0.0
2026-09-17,2551,マルサンアイ,メイン市場,食料品,,False,3515.0,,7.9,True,27768500.0
2026-09-17,259A,ケイ・ウノ,ネクスト市場,小売業,,False,1877.0,,1.1,True,2064700.0
2026-09-17,2722,ＩＫホールディングス,プレミア市場,小売業,,False,,361.0,0.0,False,0.0
2026-09-17,2734,サーラ,プレミア市場,小売業,,False,,1243.0,0.0,False,0.0
2026-09-17,2753,あみやき,プレミア市場,小売業,,False,,1405.0,0.0,False,0.0
2026-09-17,275A,ハンワホームズ,ネクスト市場,建設業,,False,380.0,,0.4,True,152000.0
2026-09-17,2778,パレモ・ＨＤ,メイン市場,小売業,,False,,113.0,0.0,False,0.0
2026-09-17,2780,コメ兵ＨＤ,メイン市場,小売業,,False,,4520.0,0.0,False,0.0
2026-09-17,2806,ユタカフーズ,メイン市場,食料品,,False,,1925.0,0.0,False,0.0
2026-09-17,2811,カゴメ,プレミア市場,食料品,,False,,2737.0,0.0,False,0.0
2026-09-17,2902,太陽化,メイン市場,食料品,,False,2730.0,,3.1,True,8463000.0
2026-09-17,2983,アールプランナー,メイン市場,不動産業,,False,,1723.0,0.0,False,0.0
2026-09-17,2986,ＬＡＨＤ,プレミア市場,不動産業,,False,,2973.0,0.0,False,0.0
2026-09-17,3028,アルペン,プレミア市場,小売業,,False,,2317.0,0.0,False,0.0
2026-09-17,3032,ゴルフ・ドゥ,ネクスト市場,小売業,,False,232.0,,7.7,True,1786400.0
2026-09-17,3035,ケイティケイ,メイン市場,卸売業,,False,,761.0,0.0,False,0.0
2026-09-17,3066,ＪＢイレブン,メイン市場,小売業,,False,649.0,,6.2,True,4023800.0
2026-09-17,3086,Ｊフロント,プレミア市場,小売業,,False,,2707.0,0.0,False,0.0
2026-09-17,3091,ブロンコＢ,プレミア市場,小売業,,False,,2801.0,0.0,False,0.0
2026-09-17,3116,トヨタ紡織,プレミア市場,輸送用機器,,False,,2268.5,0.0,False,0.0
2026-09-17,3138,富士山マガジン,メイン市場,小売業,,False,,1140.0,0.0,False,0.0
2026-09-17,3184,ＩＣＤＡ,メイン市場,小売業,,False,,4155.0,0.0,False,0.0
2026-09-17,3186,ネクステージ,プレミア市場,小売業,,False,,2918.0,0.0,False,0.0
2026-09-17,3202,ダイトウボウ,プレミア市場,繊維製品,,False,,131.0,0.0,False,0.0
2026-09-17,3205,ダイドー,プレミア市場,繊維製品,,False,,735.0,0.0,False,0.0
2026-09-17,3221,ヨシックスＨＤ,プレミア市場,小売業,,False,,3210.0,0.0,False,0.0
2026-09-17,3232,三重交通ＧＨＤ,プレミア市場,不動産業,,False,,602.0,0.0,False,0.0
2026-09-17,3260,エスポア,,サービス業,整理,True,311.0,,0.9,True,279900.00000000006
2026-09-17,3320,クロスプラス,メイン市場,卸売業,,False,,1314.0,0.0,False,0.0
2026-09-17,3321,ミタチ,プレミア市場,卸売業,,False,,1810.0,0.0,False,0.0
2026-09-17,3346,ヒロタグループＨＤ,ネクスト市場,小売業,,False,82.0,,47.3,True,3878600.0
2026-09-17,3384,アークコア,ネクスト市場,卸売業,,False,762.0,,0.6,True,457200.0
2026-09-17,3419,アートグリーン,ネクスト市場,卸売業,,False,1957.0,,0.3,True,587100.0
2026-09-17,3422,Ｊ－ＭＡＸ,メイン市場,金属製品,,False,,610.0,0.0,False,0.0
2026-09-17,3439,三ツ知,メイン市場,金属製品,,False,,677.0,0.0,False,0.0
2026-09-17,3441,山王,メイン市場,金属製品,,False,,1797.0,0.0,False,0.0
2026-09-17,3442,ＭＩＥコーポ,メイン市場,金属製品,,False,1720.0,,5.7,True,9804000.0
2026-09-17,3447,信和,プレミア市場,金属製品,,False,,1023.0,0.0,False,0.0
2026-09-17,3461,パルマ,メイン市場,不動産業,,False,,630.0,0.0,False,0.0
2026-09-17,3469,デュアルタップ,メイン市場,不動産業,,False,,882.0,0.0,False,0.0
2026-09-17,3494,マリオン,メイン市場,不動産業,,False,,453.0,0.0,False,0.0
2026-09-17,3504,丸八ホールディングス,メイン市場,繊維製品,,False,1369.0,,0.2,True,273800.0
2026-09-17,3524,日東網,プレミア市場,繊維製品,,False,,1480.0,0.0,False,0.0
2026-09-17,3543,コメダ,プレミア市場,卸売業,,False,,2884.0,0.0,False,0.0
2026-09-17,3549,クスリのアオキＨＤ,メイン市場,小売業,,False,,4100.0,0.0,False,0.0
2026-09-17,3556,リネットジャパン,メイン市場,小売業,,False,,793.0,0.0,False,0.0
2026-09-17,3559,ピーバンドットコム,メイン市場,卸売業,,False,,461.0,0.0,False,0.0
2026-09-17,3571,ソトー,プレミア市場,繊維製品,,False,,722.0,0.0,False,0.0
2026-09-17,3577,東海染工,プレミア市場,繊維製品,,False,,928.0,0.0,False,0.0
2026-09-17,3670,協立情報通信,メイン市場,情報・通信業,,False,1730.0,1718.0,0.2,True,346000.0
2026-09-17,3739,コムシード,ネクスト市場,情報・通信業,,False,121.0,,3.2,True,387200.00000000006
2026-09-17,3771,システムリサーチ,プレミア市場,情報・通信業,,False,,1929.0,0.0,False,0.0
2026-09-17,3775,ガイアックス,ネクスト市場,情報・通信業,,False,442.0,,8.3,True,3668600.000000001
2026-09-17,377A,エージェントＩＧＨＤ,メイン市場,保険業,,False,1139.0,,0.2,True,227800.0
2026-09-17,3808,オーケーウェブ,ネクスト市場,情報・通信業,,False,25.0,,13.8,True,345000.0
2026-09-17,3842,ネクストジェン,メイン市場,情報・通信業,,False,,1229.0,0.0,False,0.0
2026-09-17,391A,山忠,メイン市場,不動産業,,False,2459.0,,0.4,True,983600.0
2026-09-17,3922,ＰＲＴＩＭＥＳ,プレミア市場,情報・通信業,,False,,2226.0,0.0,False,0.0
2026-09-17,3947,ダイナパック,メイン市場,パルプ・紙,,False,,2465.0,0.0,False,0.0
2026-09-17,3958,笹徳印刷,メイン市場,パルプ・紙,,False,,548.0,0.0,False,0.0
2026-09-17,3974,ＳＣＡＴ,メイン市場,情報・通信業,,False,,660.0,0.0,False,0.0
2026-09-17,4062,イビデン,プレミア市場,電気機器,,False,,18475.0,0.0,False,0.0
2026-09-17,4063,信越化,プレミア市場,化 学,,False,,5762.0,0.0,False,0.0
2026-09-17,4072,電算システムＨＤ,プレミア市場,情報・通信業,,False,,3210.0,0.0,False,0.0
2026-09-17,4124,大阪油化工業,メイン市場,化 学,,False,,3020.0,0.0,False,0.0
2026-09-17,4125,三和油化工業,メイン市場,化 学,,False,,3625.0,0.0,False,0.0
2026-09-17,418A,ウリドキ,ネクスト市場,情報・通信業,,False,1243.0,,4.7,True,5842100.0
2026-09-17,4196,ネオマーケ,メイン市場,情報・通信業,,False,,1572.0,0.0,False,0.0
2026-09-17,4206,アイカ工,プレミア市場,化 学,,False,,4258.0,0.0,False,0.0
2026-09-17,4240,クラスターＴ,メイン市場,化 学,,False,,310.0,0.0,False,0.0
2026-09-17,4247,ポバール興業,メイン市場,化 学,,False,,1389.0,0.0,False,0.0
2026-09-17,4361,川口化,メイン市場,化 学,,False,,1615.0,0.0,False,0.0
2026-09-17,4430,東海ソフト,プレミア市場,情報・通信業,,False,,1761.0,0.0,False,0.0
2026-09-17,4439,東名,プレミア市場,情報・通信業,,False,,798.0,0.0,False,0.0
2026-09-17,4445,リビンＴ,メイン市場,情報・通信業,,False,,1975.0,0.0,False,0.0
2026-09-17,4463,日華化学,プレミア市場,化 学,,False,,1998.0,0.0,False,0.0
2026-09-17,4502,武田薬,プレミア市場,医薬品,,False,,5946.0,0.0,False,0.0
2026-09-17,4616,川上塗料,メイン市場,化 学,,False,,2510.0,0.0,False,0.0
2026-09-17,4658,日本空調,プレミア市場,サービス業,,False,,1675.0,0.0,False,0.0
2026-09-17,4667,アイサンテクノロ,メイン市場,情報・通信業,,False,,3195.0,0.0,False,0.0
2026-09-17,4681,リゾートトラ,プレミア市場,サービス業,,False,,1793.0,0.0,False,0.0
2026-09-17,4691,ワシントンホテル,メイン市場,サービス業,,False,,2042.0,0.0,False,0.0
2026-09-17,4707,キタック,メイン市場,サービス業,,False,,345.0,0.0,False,0.0
2026-09-17,4732,ＵＳＳ,プレミア市場,サービス業,,False,,1929.5,0.0,False,0.0
2026-09-17,4760,アルファ,メイン市場,サービス業,,False,1215.0,1212.0,3.5,True,4252500.0
2026-09-17,4920,日本色材,メイン市場,化 学,,False,,1140.0,0.0,False,0.0
2026-09-17,5020,ＥＮＥＯＳ,プレミア市場,石油・石炭製品,,False,1444.0,1459.5,0.1,True,144400.0
2026-09-17,5075,アップコン,ネクスト市場,建設業,,False,990.0,,1.4,True,1386000.0
2026-09-17,5204,石塚硝,プレミア市場,ガラス・土石製品,,False,,3055.0,0.0,False,0.0
2026-09-17,523A,セイワＨＤ,ネクスト市場,金属製品,,False,,1818.0,0.0,False,0.0
2026-09-17,5241,日本オーエー研究所,メイン市場,情報・通信業,,False,720.0,,1.0,True,720000.0
2026-09-17,5271,トーヨーアサノ,メイン市場,ガラス・土石製品,,False,,2199.0,0.0,False,0.0
2026-09-17,5287,イトーヨーギョー,メイン市場,ガラス・土石製品,,False,,904.0,0.0,False,0.0
2026-09-17,5331,ノリタケ,プレミア市場,ガラス・土石製品,,False,,3600.0,0.0,False,0.0
2026-09-17,5332,ＴＯＴＯ,プレミア市場,ガラス・土石製品,,False,,5718.0,0.0,False,0.0
2026-09-17,5333,ＮＧＫ,プレミア市場,ガラス・土石製品,,False,,5176.0,0.0,False,0.0
2026-09-17,5334,日特殊陶,プレミア市場,ガラス・土石製品,,False,,7218.0,0.0,False,0.0
2026-09-17,5342,ジャニス工,メイン市場,ガラス・土石製品,,False,,400.0,0.0,False,0.0
2026-09-17,5343,ニッコー,メイン市場,ガラス・土石製品,,False,184.0,,7.9,True,1453600.0000000002
2026-09-17,5344,ＭＡＲＵＷＡ,プレミア市場,ガラス・土石製品,,False,,54330.0,0.0,False,0.0
2026-09-17,5356,美濃窯業,メイン市場,ガラス・土石製品,,False,,1256.0,0.0,False,0.0
2026-09-17,5384,ＦＵＪＩＭＩ,プレミア市場,ガラス・土石製品,,False,,3230.0,0.0,False,0.0
2026-09-17,5386,鶴弥,メイン市場,ガラス・土石製品,,False,389.0,,1.7,True,661300.0
2026-09-17,5401,日本製鉄,プレミア市場,鉄 鋼,,False,,702.6,0.0,False,0.0
2026-09-17,5406,神戸鋼,プレミア市場,鉄 鋼,,False,,2085.0,0.0,False,0.0
2026-09-17,5461,中部鋼鈑,プレミア市場,鉄 鋼,,False,,2217.0,0.0,False,0.0
2026-09-17,546A,ＭＩＲＡＩＮＩ,プレミア市場,卸売業,,False,,2460.0,0.0,False,0.0
2026-09-17,5471,大同特鋼,プレミア市場,鉄 鋼,,False,,2432.0,0.0,False,0.0
2026-09-17,5482,愛知鋼,プレミア市場,鉄 鋼,,False,,3275.0,0.0,False,0.0
2026-09-17,550A,ソフトテックス,メイン市場,情報・通信業,,False,,2163.0,0.0,False,0.0
2026-09-17,5530,日本システムバンク,メイン市場,不動産業,,False,1095.0,,0.4,True,438000.0
2026-09-17,5589,オートサーバー,メイン市場,情報・通信業,,False,,2866.0,0.0,False,0.0
2026-09-17,5607,中央可鍛,メイン市場,鉄 鋼,,False,613.0,,2.7,True,1655100.0000000002
2026-09-17,5802,住友電工,プレミア市場,非鉄金属,,False,,2052.5,0.0,False,0.0
2026-09-17,5918,滝上工,メイン市場,金属製品,,False,,7940.0,0.0,False,0.0
2026-09-17,5938,ＬＩＸＩＬ,プレミア市場,金属製品,,False,,1757.0,0.0,False,0.0
2026-09-17,5947,リンナイ,プレミア市場,金属製品,,False,,3500.0,0.0,False,0.0
2026-09-17,5952,アマテイ,メイン市場,金属製品,,False,,191.0,0.0,False,0.0
2026-09-17,5979,カネソウ,メイン市場,金属製品,,False,5410.0,,0.6,True,3246000.0
2026-09-17,5984,兼房,メイン市場,金属製品,,False,,784.0,0.0,False,0.0
2026-09-17,5992,中央発条,プレミア市場,金属製品,,False,,3735.0,0.0,False,0.0
2026-09-17,5994,ファインシンター,メイン市場,金属製品,,False,,1000.0,0.0,False,0.0
2026-09-17,6025,日本ＰＣサービス,ネクスト市場,サービス業,,False,670.0,,0.1,True,67000.0
2026-09-17,6029,アトラＧ,メイン市場,サービス業,,False,,192.0,0.0,False,0.0
2026-09-17,6036,ＫｅｅＰｅｒ技研,プレミア市場,サービス業,,False,,3635.0,0.0,False,0.0
2026-09-17,6055,Ｊマテリアル,プレミア市場,サービス業,,False,,2118.0,0.0,False,0.0
2026-09-17,6074,ＪＳＳ,メイン市場,サービス業,,False,,514.0,0.0,False,0.0
2026-09-17,6103,オークマ,プレミア市場,機 械,,False,,4480.0,0.0,False,0.0
2026-09-17,6111,旭精機,メイン市場,機 械,,False,2010.0,,2.8,True,5628000.0
2026-09-17,6134,ＦＵＪＩ,プレミア市場,機 械,,False,,6867.0,0.0,False,0.0
2026-09-17,6136,ＯＳＧ,プレミア市場,機 械,,False,,3458.0,0.0,False,0.0
2026-09-17,6142,富士精工,メイン市場,機 械,,False,1793.0,,0.5,True,896500.0
2026-09-17,6203,豊和工,プレミア市場,機 械,,False,,2409.0,0.0,False,0.0
2026-09-17,6225,エコム,メイン市場,機 械,,False,1992.0,,3.1,True,6175200.0
2026-09-17,6267,ゼネパッカー,メイン市場,機 械,,False,,4085.0,0.0,False,0.0
2026-09-17,6325,タカキタ,プレミア市場,機 械,,False,,418.0,0.0,False,0.0
2026-09-17,6339,新東工,プレミア市場,機 械,,False,,1215.0,0.0,False,0.0
2026-09-17,6340,渋谷工,プレミア市場,機 械,,False,,5450.0,0.0,False,0.0
2026-09-17,6342,太平製,メイン市場,機 械,,False,,2910.0,0.0,False,0.0
2026-09-17,6345,アイチ,プレミア市場,機 械,,False,,1469.0,0.0,False,0.0
2026-09-17,6346,キクカワ,メイン市場,機 械,,False,,5630.0,0.0,False,0.0
2026-09-17,6396,宇野沢鉄,メイン市場,機 械,,False,,4600.0,0.0,False,0.0
2026-09-17,6407,ＣＫＤ,プレミア市場,機 械,,False,,4925.0,0.0,False,0.0
2026-09-17,6430,ダイコク電,プレミア市場,機 械,,False,,2501.0,0.0,False,0.0
2026-09-17,6439,中日鋳工,メイン市場,機 械,,False,403.0,,0.9,True,362700.0
2026-09-17,6448,ブラザー,プレミア市場,電気機器,,False,,4615.0,0.0,False,0.0
2026-09-17,6465,ホシザキ,プレミア市場,機 械,,False,,5366.0,0.0,False,0.0
2026-09-17,6470,大豊工業,プレミア市場,機 械,,False,,1102.0,0.0,False,0.0
2026-09-17,6473,ジェイテクト,プレミア市場,機 械,,False,,2082.0,0.0,False,0.0
2026-09-17,6501,日立,プレミア市場,電気機器,,False,,5475.0,0.0,False,0.0
2026-09-17,6504,富士電機,プレミア市場,電気機器,,False,,12880.0,0.0,False,0.0
2026-09-17,6508,明電舎,プレミア市場,電気機器,,False,,10740.0,0.0,False,0.0
2026-09-17,6547,グリーンズ,プレミア市場,サービス業,,False,,2165.0,0.0,False,0.0
2026-09-17,6564,ミダックＨＤ,プレミア市場,サービス業,,False,,2041.0,0.0,False,0.0
2026-09-17,6565,ＡＢホテル,メイン市場,サービス業,,False,1295.0,,2.3,True,2978499.9999999995
2026-09-17,6586,マキタ,プレミア市場,機 械,,False,,5350.0,0.0,False,0.0
2026-09-17,6615,ＵＭＣエレ,メイン市場,電気機器,,False,,243.0,0.0,False,0.0
2026-09-17,6623,愛知電,プレミア市場,電気機器,,False,8750.0,,2.2,True,19250000.0
2026-09-17,6651,日東工,プレミア市場,電気機器,,False,,4475.0,0.0,False,0.0
2026-09-17,6655,洋電機,メイン市場,電気機器,,False,802.0,,0.1,True,80200.0
2026-09-17,6676,ＢＵＦＦＡＬＯ,プレミア市場,電気機器,,False,,3450.0,0.0,False,0.0
2026-09-17,6702,富士通,プレミア市場,電気機器,,False,,4008.0,0.0,False,0.0
2026-09-17,6718,アイホン,プレミア市場,電気機器,,False,,2875.0,0.0,False,0.0
2026-09-17,6797,名古屋電,メイン市場,電気機器,,False,,1210.0,0.0,False,0.0
2026-09-17,6846,中央製,メイン市場,電気機器,,False,1360.0,,0.6,True,816000.0
2026-09-17,6902,デンソー,プレミア市場,輸送用機器,,False,,1940.5,0.0,False,0.0
2026-09-17,6995,東海理電,プレミア市場,輸送用機器,,False,,3230.0,0.0,False,0.0
2026-09-17,6999,ＫＯＡ,プレミア市場,電気機器,,False,,2197.0,0.0,False,0.0
2026-09-17,7011,三菱重,プレミア市場,機 械,,False,,3887.0,0.0,False,0.0
2026-09-17,7012,川崎重,プレミア市場,輸送用機器,,False,,2421.0,0.0,False,0.0
2026-09-17,7059,コプロＨＤ,プレミア市場,サービス業,,False,,972.0,0.0,False,0.0
2026-09-17,7073,ジェイック,メイン市場,サービス業,,False,,2286.0,0.0,False,0.0
2026-09-17,7075,ＱＬＳＨＤ,ネクスト市場,サービス業,,False,,1013.0,0.0,False,0.0
2026-09-17,7076,名南Ｍ＆Ａ,メイン市場,サービス業,,False,1021.0,,16.2,True,16540200.0
2026-09-17,7102,日車輌,プレミア市場,輸送用機器,,False,,3625.0,0.0,False,0.0
2026-09-17,7118,伸和ホールディングス,ネクスト市場,小売業,,False,4850.0,,0.6,True,2910000.0
2026-09-17,7129,ミアヘルサＨＤ,メイン市場,小売業,,False,,1182.0,0.0,False,0.0
2026-09-17,7135,ジャパンクラフトＨＤ,プレミア市場,小売業,,False,,175.0,0.0,False,0.0
2026-09-17,7203,トヨタ自,プレミア市場,輸送用機器,,False,,3034.0,0.0,False,0.0
2026-09-17,7213,レシップＨＤ,プレミア市場,輸送用機器,,False,,670.0,0.0,False,0.0
2026-09-17,7220,武蔵精密,プレミア市場,輸送用機器,,False,,2752.0,0.0,False,0.0
2026-09-17,7227,アスカ,メイン市場,輸送用機器,,False,1839.0,,0.1,True,183900.0
2026-09-17,7231,トピー工,プレミア市場,輸送用機器,,False,,3190.0,0.0,False,0.0
2026-09-17,7241,フタバ産,プレミア市場,輸送用機器,,False,,1114.0,0.0,False,0.0
2026-09-17,7245,大同メタル,プレミア市場,輸送用機器,,False,,1129.0,0.0,False,0.0
2026-09-17,7259,アイシン,プレミア市場,輸送用機器,,False,,2283.5,0.0,False,0.0
2026-09-17,7266,今仙電機,プレミア市場,輸送用機器,,False,,994.0,0.0,False,0.0
2026-09-17,7282,豊田合,プレミア市場,輸送用機器,,False,,5287.0,0.0,False,0.0
2026-09-17,7283,愛三工,プレミア市場,輸送用機器,,False,,2152.0,0.0,False,0.0
2026-09-17,7322,３３ＦＧ,プレミア市場,銀行業,,False,,2065.0,0.0,False,0.0
2026-09-17,7362,Ｔ．Ｓ．Ｉ,メイン市場,サービス業,,False,,881.0,0.0,False,0.0
2026-09-17,7369,メイホーＨＤ,ネクスト市場,サービス業,,False,,376.0,0.0,False,0.0
2026-09-17,7380,十六ＦＧ,プレミア市場,銀行業,,False,,2639.0,0.0,False,0.0
2026-09-17,7389,あいちＦＧ,プレミア市場,銀行業,,False,,1986.0,0.0,False,0.0
2026-09-17,7412,アトム,メイン市場,小売業,,False,,351.0,0.0,False,0.0
2026-09-17,7485,岡谷鋼機,プレミア市場,卸売業,,False,5050.0,,2.5,True,12625000.0
2026-09-17,7488,ヤガミ,メイン市場,卸売業,,False,,5000.0,0.0,False,0.0
2026-09-17,7514,ヒマラヤ,プレミア市場,小売業,,False,,852.0,0.0,False,0.0
2026-09-17,7593,ＶＴＨＤ,プレミア市場,小売業,,False,,527.0,0.0,False,0.0
2026-09-17,7607,進和,プレミア市場,卸売業,,False,,3050.0,0.0,False,0.0
2026-09-17,7630,壱番屋,プレミア市場,小売業,,False,,1082.0,0.0,False,0.0
2026-09-17,7649,スギＨＤ,プレミア市場,小売業,,False,,1270.5,0.0,False,0.0
2026-09-17,7675,セントラルフォレスト,メイン市場,卸売業,,False,2786.0,,0.2,True,557200.0
2026-09-17,7682,浜木綿,メイン市場,小売業,,False,,3915.0,0.0,False,0.0
2026-09-17,7723,愛知時,プレミア市場,精密機器,,False,,2910.0,0.0,False,0.0
2026-09-17,7747,アサヒインテック,プレミア市場,精密機器,,False,,3282.0,0.0,False,0.0
2026-09-17,7751,キヤノン,プレミア市場,電気機器,,False,,4534.0,0.0,False,0.0
2026-09-17,7780,メニコン,プレミア市場,精密機器,,False,,1780.0,0.0,False,0.0
2026-09-17,7790,バルコス,ネクスト市場,その他製品,,False,,1092.0,0.0,False,0.0
2026-09-17,7805,プリントネット,メイン市場,その他製品,,False,,714.0,0.0,False,0.0
2026-09-17,7870,福島印,メイン市場,その他製品,,False,363.0,,1.1,True,399300.0
2026-09-17,7871,フクビ化工,メイン市場,化 学,,False,,1003.0,0.0,False,0.0
2026-09-17,7875,竹田ｉＰ,メイン市場,その他製品,,False,,829.0,0.0,False,0.0
2026-09-17,7878,光・彩,メイン市場,その他製品,,False,,1170.0,0.0,False,0.0
2026-09-17,7896,セブン工,メイン市場,その他製品,,False,,504.0,0.0,False,0.0
2026-09-17,7928,旭化学,メイン市場,化 学,,False,,616.0,0.0,False,0.0
2026-09-17,7931,未来工業,プレミア市場,化 学,,False,,3645.0,0.0,False,0.0
2026-09-17,7943,ニチハ,プレミア市場,ガラス・土石製品,,False,,3070.0,0.0,False,0.0
2026-09-17,7946,光陽社,メイン市場,その他製品,,False,358.0,363.0,3.7,True,1324600.0000000002
2026-09-17,7950,デコラックス,メイン市場,化 学,,False,,9300.0,0.0,False,0.0
2026-09-17,7953,菊水化,メイン市場,その他製品,,False,,401.0,0.0,False,0.0
2026-09-17,7975,リヒトラブ,メイン市場,その他製品,,False,,1153.0,0.0,False,0.0
2026-09-17,8015,豊田通商,プレミア市場,卸売業,,False,,7535.0,0.0,False,0.0
2026-09-17,8031,三井物産,プレミア市場,卸売業,,False,,5224.0,0.0,False,0.0
2026-09-17,8071,東海エレ,メイン市場,卸売業,,False,,2933.0,0.0,False,0.0
2026-09-17,8076,カノークス,メイン市場,卸売業,,False,,2127.0,0.0,False,0.0
2026-09-17,8130,サンゲツ,プレミア市場,卸売業,,False,,3230.0,0.0,False,0.0
2026-09-17,8145,中部水,メイン市場,卸売業,,False,3270.0,,1.1,True,3597000.0000000005
2026-09-17,8160,木曽路,プレミア市場,小売業,,False,,2424.0,0.0,False,0.0
2026-09-17,8190,ヤマナカ,メイン市場,小売業,,False,517.0,,8.7,True,4497900.0
2026-09-17,8225,タカチホ,メイン市場,卸売業,,False,,3690.0,0.0,False,0.0
2026-09-17,8228,マルイチ産商,メイン市場,卸売業,,False,1053.0,,12.6,True,13267800.0
2026-09-17,8285,三谷産業,プレミア市場,卸売業,,False,,830.0,0.0,False,0.0
2026-09-17,8306,三菱ＵＦＪ,プレミア市場,銀行業,,False,3725.0,3652.0,0.2,True,745000.0
2026-09-17,8309,三井住友トラストＧ,プレミア市場,銀行業,,False,,1789.5,0.0,False,0.0
2026-09-17,8316,三井住友,プレミア市場,銀行業,,False,,6878.0,0.0,False,0.0
2026-09-17,8361,大垣銀,プレミア市場,銀行業,,False,,8400.0,0.0,False,0.0
2026-09-17,8368,百五銀,プレミア市場,銀行業,,False,,2484.0,0.0,False,0.0
2026-09-17,8522,名古屋銀,プレミア市場,銀行業,,False,,7190.0,0.0,False,0.0
2026-09-17,8601,大和証Ｇ,プレミア市場,証券、商品先物取引業,,False,,1830.0,0.0,False,0.0
2026-09-17,8604,野村,プレミア市場,証券、商品先物取引業,,False,,1590.5,0.0,False,0.0
2026-09-17,8609,岡三,プレミア市場,証券、商品先物取引業,,False,,1265.0,0.0,False,0.0
2026-09-17,8616,東海東京,プレミア市場,証券、商品先物取引業,,False,,895.0,0.0,False,0.0
2026-09-17,8725,ＭＳ＆ＡＤ,プレミア市場,保険業,,False,,5260.0,0.0,False,0.0
2026-09-17,8803,平和不,プレミア市場,不動産業,,False,,2388.0,0.0,False,0.0
2026-09-17,8891,ＡＭＧＨＤ,メイン市場,不動産業,,False,,2068.0,0.0,False,0.0
2026-09-17,8904,ＡＶＡＮＴＩＡ,プレミア市場,不動産業,,False,,825.0,0.0,False,0.0
2026-09-17,8920,東祥,プレミア市場,サービス業,,False,,696.0,0.0,False,0.0
2026-09-17,8995,誠建設,メイン市場,不動産業,,False,,1995.0,0.0,False,0.0
2026-09-17,9022,ＪＲ東海,プレミア市場,陸運業,,False,,3842.0,0.0,False,0.0
2026-09-17,9040,大宝運,メイン市場,陸運業,,False,4045.0,,5.7,True,23056500.0
2026-09-17,9048,名鉄,プレミア市場,陸運業,,False,,1921.5,0.0,False,0.0
2026-09-17,9073,京極運輸,メイン市場,陸運業,,False,,1265.0,0.0,False,0.0
2026-09-17,9076,セイノーＨＤ,プレミア市場,陸運業,,False,,2768.5,0.0,False,0.0
2026-09-17,9170,成友興業,メイン市場,サービス業,,False,1459.0,,0.9,True,1313100.0000000002
2026-09-17,9221,フルハシＥＰＯ,メイン市場,サービス業,,False,,1189.0,0.0,False,0.0
2026-09-17,9223,ＡＳＮＯＶＡ,ネクスト市場,サービス業,,False,,356.0,0.0,False,0.0
2026-09-17,9249,日本エコシステム,メイン市場,サービス業,,False,,1659.0,0.0,False,0.0
2026-09-17,9306,東陽倉,プレミア市場,倉庫・運輸関連業,,False,,2015.0,0.0,False,0.0
2026-09-17,9310,トランスシティ,プレミア市場,倉庫・運輸関連業,,False,,1430.0,0.0,False,0.0
2026-09-17,9330,揚羽,ネクスト市場,サービス業,,False,,900.0,0.0,False,0.0
2026-09-17,9357,名港海,メイン市場,倉庫・運輸関連業,,False,2527.0,,4.6,True,11624199.999999998
2026-09-17,9359,伊勢湾海,メイン市場,倉庫・運輸関連業,,False,954.0,,9.4,True,8967600.0
2026-09-17,9368,キムラユニティー,プレミア市場,倉庫・運輸関連業,,False,,963.0,0.0,False,0.0
2026-09-17,9402,中日放送,プレミア市場,情報・通信業,,False,1260.0,,31.0,True,39060000.0
2026-09-17,9428,クロップス,プレミア市場,情報・通信業,,False,,1487.0,0.0,False,0.0
2026-09-17,9471,文渓堂,メイン市場,情報・通信業,,False,1139.0,,0.9,True,1025100.0
2026-09-17,9476,中央経済社ＨＤ,メイン市場,情報・通信業,,False,,1014.0,0.0,False,0.0
2026-09-17,9502,中部電力,プレミア市場,電気・ガス業,,False,,2965.5,0.0,False,0.0
2026-09-17,9531,東瓦斯,プレミア市場,電気・ガス業,,False,,6450.0,0.0,False,0.0
2026-09-17,9533,東邦瓦斯,プレミア市場,電気・ガス業,,False,,1327.5,0.0,False,0.0
2026-09-17,9643,中日興,メイン市場,サービス業,,False,,11020.0,0.0,False,0.0
2026-09-17,9664,御園座,メイン市場,サービス業,,False,1503.0,,1.4,True,2104200.0
2026-09-17,9793,ダイセキ,プレミア市場,サービス業,,False,,3770.0,0.0,False,0.0
2026-09-17,9900,サガミＨＤ,プレミア市場,小売業,,False,,1114.0,0.0,False,0.0
2026-09-17,9913,日邦産業,メイン市場,卸売業,,False,,3625.0,0.0,False,0.0
2026-09-17,9914,植松商会,メイン市場,卸売業,,False,715.0,720.0,0.9,True,643500.0
2026-09-17,9956,バローＨＤ,プレミア市場,小売業,,False,,3455.0,0.0,False,0.0
2026-09-17,9969,ショクブン,メイン市場,小売業,,False,,236.0,0.0,False,0.0
2026-09-17,9982,タキヒヨー,プレミア市場,卸売業,,False,,2647.0,0.0,False,0.0
2026-09-17,9987,スズケン,プレミア市場,卸売業,,False,,5346.0,0.0,False,0.0
2026-09-18,138A,光フードサービス,ネクスト市場,小売業,,False,,3070.0,0.0,False,0.0
2026-09-18,1438,岐阜造園,メイン市場,建設業,,False,,2330.0,0.0,False,0.0
2026-09-18,1444,ニッソウ,ネクスト市場,建設業,,False,,2731.0,0.0,False,0.0
2026-09-18,1738,ＮＩＴＴＯＨ,メイン市場,建設業,,False,585.0,,0.9,True,526500.0
2026-09-18,1766,東建コーポ,プレミア市場,建設業,,False,,13300.0,0.0,False,0.0
2026-09-18,1777,川崎設備,メイン市場,建設業,,False,2340.0,,1.6,True,3744000.0
2026-09-18,1780,ヤマウラ,プレミア市場,建設業,,False,,1495.0,0.0,False,0.0
2026-09-18,1801,大成建,プレミア市場,建設業,,False,,12620.0,0.0,False,0.0
2026-09-18,1803,清水建,プレミア市場,建設業,,False,,2358.0,0.0,False,0.0
2026-09-18,1811,銭高組,メイン市場,建設業,,False,,7570.0,0.0,False,0.0
2026-09-18,1812,鹿島,プレミア市場,建設業,,False,,4979.0,0.0,False,0.0
2026-09-18,1869,名工建,メイン市場,建設業,,False,1866.0,,7.2,True,13435200.0
2026-09-18,1870,矢作建,プレミア市場,建設業,,False,,2193.0,0.0,False,0.0
2026-09-18,1878,大東建,プレミア市場,不動産業,,False,,3352.0,0.0,False,0.0
2026-09-18,1892,徳倉建,メイン市場,建設業,,False,8050.0,,0.1,True,805000.0
2026-09-18,1893,五洋建,プレミア市場,建設業,,False,,1582.0,0.0,False,0.0
2026-09-18,1928,積水ハウス,プレミア市場,建設業,,False,,3350.0,0.0,False,0.0
2026-09-18,1946,トーエネック,プレミア市場,建設業,,False,,2252.0,0.0,False,0.0
2026-09-18,2053,中部飼料,プレミア市場,食料品,,False,,2058.0,0.0,False,0.0
2026-09-18,212A,フィットイージー,プレミア市場,サービス業,,False,,2788.0,0.0,False,0.0
2026-09-18,2139,中広,プレミア市場,サービス業,,False,,519.0,0.0,False,0.0
2026-09-18,2169,ＣＤＳ,プレミア市場,サービス業,,False,,1740.0,0.0,False,0.0
2026-09-18,2185,シイエム・シイ,プレミア市場,サービス業,,False,,2009.0,0.0,False,0.0
2026-09-18,2207,ｍｅｉｔｏ,プレミア市場,食料品,,False,,3450.0,0.0,False,0.0
2026-09-18,2209,井村屋Ｇ,プレミア市場,食料品,,False,,2359.0,0.0,False,0.0
2026-09-18,2224,コモ,メイン市場,食料品,,False,,3720.0,0.0,False,0.0
2026-09-18,2327,ＮＳＳＯＬ,メイン市場,情報・通信業,,False,,3757.0,0.0,False,0.0
2026-09-18,2329,東北新社,メイン市場,情報・通信業,,False,,504.0,0.0,False,0.0
2026-09-18,2351,ＡＳＪ,メイン市場,情報・通信業,,False,,331.0,0.0,False,0.0
2026-09-18,2376,サイネックス,メイン市場,サービス業,,False,,798.0,0.0,False,0.0
2026-09-18,2424,ブラス,プレミア市場,サービス業,,False,,614.0,0.0,False,0.0
2026-09-18,2435,シダー,メイン市場,サービス業,,False,,206.0,0.0,False,0.0
2026-09-18,2467,ＶＬＣセキュリティ,ネクスト市場,サービス業,,False,174.0,,19.9,True,3462600.0
2026-09-18,246A,アスア,メイン市場,サービス業,,False,,1067.0,0.0,False,0.0
2026-09-18,2479,ジェイテック,メイン市場,サービス業,,False,,268.0,0.0,False,0.0
2026-09-18,2480,シスロケ,メイン市場,情報・通信業,,False,,1879.0,0.0,False,0.0
2026-09-18,2485,ティア,プレミア市場,サービス業,,False,,451.0,0.0,False,0.0
2026-09-18,2551,マルサンアイ,メイン市場,食料品,,False,3515.0,,2.2,True,7733000.000000001
2026-09-18,259A,ケイ・ウノ,ネクスト市場,小売業,,False,1879.0,,0.5,True,939500.0
2026-09-18,2722,ＩＫホールディングス,プレミア市場,小売業,,False,,360.0,0.0,False,0.0
2026-09-18,2734,サーラ,プレミア市場,小売業,,False,,1241.0,0.0,False,0.0
2026-09-18,2753,あみやき,プレミア市場,小売業,,False,,1403.0,0.0,False,0.0
2026-09-18,275A,ハンワホームズ,ネクスト市場,建設業,,False,370.0,,0.2,True,74000.0
2026-09-18,2778,パレモ・ＨＤ,メイン市場,小売業,,False,,113.0,0.0,False,0.0
2026-09-18,2780,コメ兵ＨＤ,メイン市場,小売業,,False,,4465.0,0.0,False,0.0
2026-09-18,2806,ユタカフーズ,メイン市場,食料品,,False,,1917.0,0.0,False,0.0
2026-09-18,2811,カゴメ,プレミア市場,食料品,,False,,2692.0,0.0,False,0.0
2026-09-18,2902,太陽化,メイン市場,食料品,,False,2741.0,,3.8,True,10415800.0
2026-09-18,2983,アールプランナー,メイン市場,不動産業,,False,,1711.0,0.0,False,0.0
2026-09-18,2986,ＬＡＨＤ,プレミア市場,不動産業,,False,,2955.0,0.0,False,0.0
2026-09-18,3028,アルペン,プレミア市場,小売業,,False,,2312.0,0.0,False,0.0
2026-09-18,3032,ゴルフ・ドゥ,ネクスト市場,小売業,,False,233.0,,6.8,True,1584399.9999999998
2026-09-18,3035,ケイティケイ,メイン市場,卸売業,,False,,766.0,0.0,False,0.0
2026-09-18,3066,ＪＢイレブン,メイン市場,小売業,,False,649.0,,5.9,True,3829100.000000001
2026-09-18,3086,Ｊフロント,プレミア市場,小売業,,False,,2667.0,0.0,False,0.0
2026-09-18,3091,ブロンコＢ,プレミア市場,小売業,,False,,2796.0,0.0,False,0.0
2026-09-18,3116,トヨタ紡織,プレミア市場,輸送用機器,,False,,2236.5,0.0,False,0.0
2026-09-18,3138,富士山マガジン,メイン市場,小売業,,False,,1140.0,0.0,False,0.0
2026-09-18,3184,ＩＣＤＡ,メイン市場,小売業,,False,,4155.0,0.0,False,0.0
2026-09-18,3186,ネクステージ,プレミア市場,小売業,,False,,2909.0,0.0,False,0.0
2026-09-18,3202,ダイトウボウ,プレミア市場,繊維製品,,False,,131.0,0.0,False,0.0
2026-09-18,3205,ダイドー,プレミア市場,繊維製品,,False,,736.0,0.0,False,0.0
2026-09-18,3221,ヨシックスＨＤ,プレミア市場,小売業,,False,,3210.0,0.0,False,0.0
2026-09-18,3232,三重交通ＧＨＤ,プレミア市場,不動産業,,False,,610.0,0.0,False,0.0
2026-09-18,3260,エスポア,,サービス業,整理,True,70.0,,2190.5,True,153335000.0
2026-09-18,3320,クロスプラス,メイン市場,卸売業,,False,,1300.0,0.0,False,0.0
2026-09-18,3321,ミタチ,プレミア市場,卸売業,,False,,1824.0,0.0,False,0.0
2026-09-18,3346,ヒロタグループＨＤ,ネクスト市場,小売業,,False,82.0,,26.6,True,2181200.0000000005
2026-09-18,3384,アークコア,ネクスト市場,卸売業,,False,761.0,,0.2,True,152200.00000000003
2026-09-18,3419,アートグリーン,ネクスト市場,卸売業,,False,1978.0,,0.2,True,395600.0
2026-09-18,3422,Ｊ－ＭＡＸ,メイン市場,金属製品,,False,,606.0,0.0,False,0.0
2026-09-18,3439,三ツ知,メイン市場,金属製品,,False,,677.0,0.0,False,0.0
2026-09-18,3441,山王,メイン市場,金属製品,,False,,1800.0,0.0,False,0.0
2026-09-18,3442,ＭＩＥコーポ,メイン市場,金属製品,,False,1745.0,,0.4,True,698000.0
2026-09-18,3447,信和,プレミア市場,金属製品,,False,,1020.0,0.0,False,0.0
2026-09-18,3461,パルマ,メイン市場,不動産業,,False,,627.0,0.0,False,0.0
2026-09-18,3469,デュアルタップ,メイン市場,不動産業,,False,,884.0,0.0,False,0.0
2026-09-18,3494,マリオン,メイン市場,不動産業,,False,,451.0,0.0,False,0.0
2026-09-18,3504,丸八ホールディングス,メイン市場,繊維製品,,False,1370.0,,1.3,True,1781000.0
2026-09-18,3524,日東網,プレミア市場,繊維製品,,False,,1480.0,0.0,False,0.0
2026-09-18,3543,コメダ,プレミア市場,卸売業,,False,,2882.0,0.0,False,0.0
2026-09-18,3549,クスリのアオキＨＤ,メイン市場,小売業,,False,,4000.0,0.0,False,0.0
2026-09-18,3556,リネットジャパン,メイン市場,小売業,,False,,809.0,0.0,False,0.0
2026-09-18,3559,ピーバンドットコム,メイン市場,卸売業,,False,,455.0,0.0,False,0.0
2026-09-18,3571,ソトー,プレミア市場,繊維製品,,False,,723.0,0.0,False,0.0
2026-09-18,3577,東海染工,プレミア市場,繊維製品,,False,,925.0,0.0,False,0.0
2026-09-18,3670,協立情報通信,メイン市場,情報・通信業,,False,1700.0,1718.0,0.8,True,1360000.0
2026-09-18,3739,コムシード,ネクスト市場,情報・通信業,,False,119.0,,2.0,True,238000.0
2026-09-18,3771,システムリサーチ,プレミア市場,情報・通信業,,False,,1935.0,0.0,False,0.0
2026-09-18,3775,ガイアックス,ネクスト市場,情報・通信業,,False,437.0,,0.6,True,262200.0
2026-09-18,377A,エージェントＩＧＨＤ,メイン市場,保険業,,False,1089.0,,5.7,True,6207300.0
2026-09-18,3808,オーケーウェブ,ネクスト市場,情報・通信業,,False,24.0,,8.1,True,194400.0
2026-09-18,3842,ネクストジェン,メイン市場,情報・通信業,,False,,1275.0,0.0,False,0.0
2026-09-18,391A,山忠,メイン市場,不動産業,,False,2459.0,,0.9,True,2213100.0
2026-09-18,3922,ＰＲＴＩＭＥＳ,プレミア市場,情報・通信業,,False,,2211.0,0.0,False,0.0
2026-09-18,3947,ダイナパック,メイン市場,パルプ・紙,,False,,2475.0,0.0,False,0.0
2026-09-18,3958,笹徳印刷,メイン市場,パルプ・紙,,False,,544.0,0.0,False,0.0
2026-09-18,3974,ＳＣＡＴ,メイン市場,情報・通信業,,False,,657.0,0.0,False,0.0
2026-09-18,4062,イビデン,プレミア市場,電気機器,,False,,19555.0,0.0,False,0.0
2026-09-18,4063,信越化,プレミア市場,化 学,,False,,5844.0,0.0,False,0.0
2026-09-18,4072,電算システムＨＤ,プレミア市場,情報・通信業,,False,,3240.0,0.0,False,0.0
2026-09-18,4124,大阪油化工業,メイン市場,化 学,,False,,2960.0,0.0,False,0.0
2026-09-18,4125,三和油化工業,メイン市場,化 学,,False,,3625.0,0.0,False,0.0
2026-09-18,418A,ウリドキ,ネクスト市場,情報・通信業,,False,1282.0,,3.1,True,3974200.000000001
2026-09-18,4196,ネオマーケ,メイン市場,情報・通信業,,False,,1336.0,0.0,False,0.0
2026-09-18,4206,アイカ工,プレミア市場,化 学,,False,,4245.0,0.0,False,0.0
2026-09-18,4240,クラスターＴ,メイン市場,化 学,,False,,310.0,0.0,False,0.0
2026-09-18,4247,ポバール興業,メイン市場,化 学,,False,,1389.0,0.0,False,0.0
2026-09-18,4361,川口化,メイン市場,化 学,,False,,1623.0,0.0,False,0.0
2026-09-18,4430,東海ソフト,プレミア市場,情報・通信業,,False,,1746.0,0.0,False,0.0
2026-09-18,4439,東名,プレミア市場,情報・通信業,,False,,805.0,0.0,False,0.0
2026-09-18,4445,リビンＴ,メイン市場,情報・通信業,,False,,1940.0,0.0,False,0.0
2026-09-18,4463,日華化学,プレミア市場,化 学,,False,,1984.0,0.0,False,0.0
2026-09-18,4502,武田薬,プレミア市場,医薬品,,False,,5968.0,0.0,False,0.0
2026-09-18,4616,川上塗料,メイン市場,化 学,,False,,2471.0,0.0,False,0.0
2026-09-18,4658,日本空調,プレミア市場,サービス業,,False,,1652.0,0.0,False,0.0
2026-09-18,4667,アイサンテクノロ,メイン市場,情報・通信業,,False,,3410.0,0.0,False,0.0
2026-09-18,4681,リゾートトラ,プレミア市場,サービス業,,False,,1788.0,0.0,False,0.0
2026-09-18,4691,ワシントンホテル,メイン市場,サービス業,,False,,2060.0,0.0,False,0.0
2026-09-18,4707,キタック,メイン市場,サービス業,,False,,346.0,0.0,False,0.0
2026-09-18,4732,ＵＳＳ,プレミア市場,サービス業,,False,,1907.0,0.0,False,0.0
2026-09-18,4760,アルファ,メイン市場,サービス業,,False,1201.0,1210.0,0.4,True,480400.00000000006
2026-09-18,4920,日本色材,メイン市場,化 学,,False,,1138.0,0.0,False,0.0
2026-09-18,5020,ＥＮＥＯＳ,プレミア市場,石油・石炭製品,,False,,1431.5,0.0,False,0.0
2026-09-18,5075,アップコン,ネクスト市場,建設業,,False,1005.0,,0.1,True,100500.0
2026-09-18,5204,石塚硝,プレミア市場,ガラス・土石製品,,False,,3070.0,0.0,False,0.0
2026-09-18,523A,セイワＨＤ,ネクスト市場,金属製品,,False,,1906.0,0.0,False,0.0
2026-09-18,5241,日本オーエー研究所,メイン市場,情報・通信業,,False,,720.0,0.0,False,0.0
2026-09-18,5271,トーヨーアサノ,メイン市場,ガラス・土石製品,,False,,2227.0,0.0,False,0.0
2026-09-18,5287,イトーヨーギョー,メイン市場,ガラス・土石製品,,False,,944.0,0.0,False,0.0
2026-09-18,5331,ノリタケ,プレミア市場,ガラス・土石製品,,False,,3665.0,0.0,False,0.0
2026-09-18,5332,ＴＯＴＯ,プレミア市場,ガラス・土石製品,,False,,5718.0,0.0,False,0.0
2026-09-18,5333,ＮＧＫ,プレミア市場,ガラス・土石製品,,False,,5251.0,0.0,False,0.0
2026-09-18,5334,日特殊陶,プレミア市場,ガラス・土石製品,,False,,7218.0,0.0,False,0.0
2026-09-18,5342,ジャニス工,メイン市場,ガラス・土石製品,,False,377.0,,0.4,True,150800.0
2026-09-18,5343,ニッコー,メイン市場,ガラス・土石製品,,False,183.0,,15.2,True,2781600.0
2026-09-18,5344,ＭＡＲＵＷＡ,プレミア市場,ガラス・土石製品,,False,,55670.0,0.0,False,0.0
2026-09-18,5356,美濃窯業,メイン市場,ガラス・土石製品,,False,,1265.0,0.0,False,0.0
2026-09-18,5384,ＦＵＪＩＭＩ,プレミア市場,ガラス・土石製品,,False,,3375.0,0.0,False,0.0
2026-09-18,5386,鶴弥,メイン市場,ガラス・土石製品,,False,390.0,,9.8,True,3822000.000000001
2026-09-18,5401,日本製鉄,プレミア市場,鉄 鋼,,False,,695.0,0.0,False,0.0
2026-09-18,5406,神戸鋼,プレミア市場,鉄 鋼,,False,,2069.0,0.0,False,0.0
2026-09-18,5461,中部鋼鈑,プレミア市場,鉄 鋼,,False,,2138.0,0.0,False,0.0
2026-09-18,546A,ＭＩＲＡＩＮＩ,プレミア市場,卸売業,,False,,2441.0,0.0,False,0.0
2026-09-18,5471,大同特鋼,プレミア市場,鉄 鋼,,False,,2434.5,0.0,False,0.0
2026-09-18,5482,愛知鋼,プレミア市場,鉄 鋼,,False,,3230.0,0.0,False,0.0
2026-09-18,550A,ソフトテックス,メイン市場,情報・通信業,,False,,2165.0,0.0,False,0.0
2026-09-18,5530,日本システムバンク,メイン市場,不動産業,,False,1090.0,,0.8,True,872000.0
2026-09-18,5589,オートサーバー,メイン市場,情報・通信業,,False,,2899.0,0.0,False,0.0
2026-09-18,5607,中央可鍛,メイン市場,鉄 鋼,,False,611.0,,11.4,True,6965400.000000001
2026-09-18,5802,住友電工,プレミア市場,非鉄金属,,False,,2080.5,0.0,False,0.0
2026-09-18,5918,滝上工,メイン市場,金属製品,,False,,7900.0,0.0,False,0.0
2026-09-18,5938,ＬＩＸＩＬ,プレミア市場,金属製品,,False,,1730.0,0.0,False,0.0
2026-09-18,5947,リンナイ,プレミア市場,金属製品,,False,,3377.0,0.0,False,0.0
2026-09-18,5952,アマテイ,メイン市場,金属製品,,False,,190.0,0.0,False,0.0
2026-09-18,5979,カネソウ,メイン市場,金属製品,,False,5400.0,,0.2,True,1080000.0
2026-09-18,5984,兼房,メイン市場,金属製品,,False,,782.0,0.0,False,0.0
2026-09-18,5992,中央発条,プレミア市場,金属製品,,False,,3735.0,0.0,False,0.0
2026-09-18,5994,ファインシンター,メイン市場,金属製品,,False,,1000.0,0.0,False,0.0
2026-09-18,6025,日本ＰＣサービス,ネクスト市場,サービス業,,False,,670.0,0.0,False,0.0
2026-09-18,6029,アトラＧ,メイン市場,サービス業,,False,,189.0,0.0,False,0.0
2026-09-18,6036,ＫｅｅＰｅｒ技研,プレミア市場,サービス業,,False,,3570.0,0.0,False,0.0
2026-09-18,6055,Ｊマテリアル,プレミア市場,サービス業,,False,,2195.0,0.0,False,0.0
2026-09-18,6074,ＪＳＳ,メイン市場,サービス業,,False,,514.0,0.0,False,0.0
2026-09-18,6103,オークマ,プレミア市場,機 械,,False,,4475.0,0.0,False,0.0
2026-09-18,6111,旭精機,メイン市場,機 械,,False,2010.0,,0.4,True,804000.0
2026-09-18,6134,ＦＵＪＩ,プレミア市場,機 械,,False,,7179.0,0.0,False,0.0
2026-09-18,6136,ＯＳＧ,プレミア市場,機 械,,False,,3488.0,0.0,False,0.0
2026-09-18,6142,富士精工,メイン市場,機 械,,False,1804.0,,0.2,True,360800.0
2026-09-18,6203,豊和工,プレミア市場,機 械,,False,,2538.0,0.0,False,0.0
2026-09-18,6225,エコム,メイン市場,機 械,,False,2000.0,,2.5,True,5000000.0
2026-09-18,624A,かがやきＨＤ,ネクスト市場,サービス業,,False,1010.0,,523.4,True,528634000.0
2026-09-18,6267,ゼネパッカー,メイン市場,機 械,,False,,4100.0,0.0,False,0.0
2026-09-18,6325,タカキタ,プレミア市場,機 械,,False,,417.0,0.0,False,0.0
2026-09-18,6339,新東工,プレミア市場,機 械,,False,,1201.0,0.0,False,0.0
2026-09-18,6340,渋谷工,プレミア市場,機 械,,False,,5460.0,0.0,False,0.0
2026-09-18,6342,太平製,メイン市場,機 械,,False,,2910.0,0.0,False,0.0
2026-09-18,6345,アイチ,プレミア市場,機 械,,False,,1461.0,0.0,False,0.0
2026-09-18,6346,キクカワ,メイン市場,機 械,,False,,5580.0,0.0,False,0.0
2026-09-18,6396,宇野沢鉄,メイン市場,機 械,,False,,4600.0,0.0,False,0.0
2026-09-18,6407,ＣＫＤ,プレミア市場,機 械,,False,,5100.0,0.0,False,0.0
2026-09-18,6430,ダイコク電,プレミア市場,機 械,,False,,2468.0,0.0,False,0.0
2026-09-18,6439,中日鋳工,メイン市場,機 械,,False,403.0,,2.5,True,1007500.0
2026-09-18,6448,ブラザー,プレミア市場,電気機器,,False,,4631.0,0.0,False,0.0
2026-09-18,6465,ホシザキ,プレミア市場,機 械,,False,,5328.0,0.0,False,0.0
2026-09-18,6470,大豊工業,プレミア市場,機 械,,False,,1118.0,0.0,False,0.0
2026-09-18,6473,ジェイテクト,プレミア市場,機 械,,False,,2083.0,0.0,False,0.0
2026-09-18,6501,日立,プレミア市場,電気機器,,False,,5524.0,0.0,False,0.0
2026-09-18,6504,富士電機,プレミア市場,電気機器,,False,,13075.0,0.0,False,0.0
2026-09-18,6508,明電舎,プレミア市場,電気機器,,False,,10930.0,0.0,False,0.0
2026-09-18,6547,グリーンズ,プレミア市場,サービス業,,False,,2144.0,0.0,False,0.0
2026-09-18,6564,ミダックＨＤ,プレミア市場,サービス業,,False,,2000.0,0.0,False,0.0
2026-09-18,6565,ＡＢホテル,メイン市場,サービス業,,False,1300.0,,0.8,True,1040000.0
2026-09-18,6586,マキタ,プレミア市場,機 械,,False,,5284.0,0.0,False,0.0
2026-09-18,6615,ＵＭＣエレ,メイン市場,電気機器,,False,,240.0,0.0,False,0.0
2026-09-18,6623,愛知電,プレミア市場,電気機器,,False,8750.0,,1.4,True,12250000.0
2026-09-18,6651,日東工,プレミア市場,電気機器,,False,,4475.0,0.0,False,0.0
2026-09-18,6655,洋電機,メイン市場,電気機器,,False,,802.0,0.0,False,0.0
2026-09-18,6676,ＢＵＦＦＡＬＯ,プレミア市場,電気機器,,False,,3475.0,0.0,False,0.0
2026-09-18,6702,富士通,プレミア市場,電気機器,,False,,3979.0,0.0,False,0.0
2026-09-18,6718,アイホン,プレミア市場,電気機器,,False,,2852.0,0.0,False,0.0
2026-09-18,6797,名古屋電,メイン市場,電気機器,,False,,1205.0,0.0,False,0.0
2026-09-18,6846,中央製,メイン市場,電気機器,,False,1420.0,,0.1,True,142000.0
2026-09-18,6902,デンソー,プレミア市場,輸送用機器,,False,1950.0,1915.0,0.1,True,195000.0
2026-09-18,6995,東海理電,プレミア市場,輸送用機器,,False,,3205.0,0.0,False,0.0
2026-09-18,6999,ＫＯＡ,プレミア市場,電気機器,,False,,2271.0,0.0,False,0.0
2026-09-18,7011,三菱重,プレミア市場,機 械,,False,,3879.0,0.0,False,0.0
2026-09-18,7012,川崎重,プレミア市場,輸送用機器,,False,,2404.5,0.0,False,0.0
2026-09-18,7059,コプロＨＤ,プレミア市場,サービス業,,False,,971.0,0.0,False,0.0
2026-09-18,7073,ジェイック,メイン市場,サービス業,,False,,2282.0,0.0,False,0.0
2026-09-18,7075,ＱＬＳＨＤ,ネクスト市場,サービス業,,False,,993.0,0.0,False,0.0
2026-09-18,7076,名南Ｍ＆Ａ,メイン市場,サービス業,,False,1005.0,,7.7,True,7738500.0
2026-09-18,7102,日車輌,プレミア市場,輸送用機器,,False,,3630.0,0.0,False,0.0
2026-09-18,7118,伸和ホールディングス,ネクスト市場,小売業,,False,,4850.0,0.0,False,0.0
2026-09-18,7129,ミアヘルサＨＤ,メイン市場,小売業,,False,,1170.0,0.0,False,0.0
2026-09-18,7135,ジャパンクラフトＨＤ,プレミア市場,小売業,,False,,172.0,0.0,False,0.0
2026-09-18,7203,トヨタ自,プレミア市場,輸送用機器,,False,,3025.0,0.0,False,0.0
2026-09-18,7213,レシップＨＤ,プレミア市場,輸送用機器,,False,,666.0,0.0,False,0.0
2026-09-18,7220,武蔵精密,プレミア市場,輸送用機器,,False,,2802.0,0.0,False,0.0
2026-09-18,7227,アスカ,メイン市場,輸送用機器,,False,1839.0,,1.7,True,3126299.9999999995
2026-09-18,7231,トピー工,プレミア市場,輸送用機器,,False,,3155.0,0.0,False,0.0
2026-09-18,7241,フタバ産,プレミア市場,輸送用機器,,False,,1108.0,0.0,False,0.0
2026-09-18,7245,大同メタル,プレミア市場,輸送用機器,,False,,1129.0,0.0,False,0.0
2026-09-18,7259,アイシン,プレミア市場,輸送用機器,,False,,2233.5,0.0,False,0.0
2026-09-18,7266,今仙電機,プレミア市場,輸送用機器,,False,,990.0,0.0,False,0.0
2026-09-18,7282,豊田合,プレミア市場,輸送用機器,,False,,5223.0,0.0,False,0.0
2026-09-18,7283,愛三工,プレミア市場,輸送用機器,,False,,2159.0,0.0,False,0.0
2026-09-18,7322,３３ＦＧ,プレミア市場,銀行業,,False,,2087.0,0.0,False,0.0
2026-09-18,7362,Ｔ．Ｓ．Ｉ,メイン市場,サービス業,,False,,890.0,0.0,False,0.0
2026-09-18,7369,メイホーＨＤ,ネクスト市場,サービス業,,False,,374.0,0.0,False,0.0
2026-09-18,7380,十六ＦＧ,プレミア市場,銀行業,,False,,2723.0,0.0,False,0.0
2026-09-18,7389,あいちＦＧ,プレミア市場,銀行業,,False,,1977.0,0.0,False,0.0
2026-09-18,7412,アトム,メイン市場,小売業,,False,,348.0,0.0,False,0.0
2026-09-18,7485,岡谷鋼機,プレミア市場,卸売業,,False,5030.0,,2.2,True,11066000.0
2026-09-18,7488,ヤガミ,メイン市場,卸売業,,False,4980.0,,1.3,True,6474000.0
2026-09-18,7514,ヒマラヤ,プレミア市場,小売業,,False,,852.0,0.0,False,0.0
2026-09-18,7593,ＶＴＨＤ,プレミア市場,小売業,,False,,528.0,0.0,False,0.0
2026-09-18,7607,進和,プレミア市場,卸売業,,False,,3050.0,0.0,False,0.0
2026-09-18,7630,壱番屋,プレミア市場,小売業,,False,,1085.0,0.0,False,0.0
2026-09-18,7649,スギＨＤ,プレミア市場,小売業,,False,,1235.5,0.0,False,0.0
2026-09-18,7675,セントラルフォレスト,メイン市場,卸売業,,False,2785.0,,0.2,True,557000.0
2026-09-18,7682,浜木綿,メイン市場,小売業,,False,,3900.0,0.0,False,0.0
2026-09-18,7723,愛知時,プレミア市場,精密機器,,False,,2885.0,0.0,False,0.0
2026-09-18,7747,アサヒインテック,プレミア市場,精密機器,,False,,3275.0,0.0,False,0.0
2026-09-18,7751,キヤノン,プレミア市場,電気機器,,False,,4503.0,0.0,False,0.0
2026-09-18,7780,メニコン,プレミア市場,精密機器,,False,,1762.0,0.0,False,0.0
2026-09-18,7790,バルコス,ネクスト市場,その他製品,,False,,1092.0,0.0,False,0.0
2026-09-18,7805,プリントネット,メイン市場,その他製品,,False,,717.0,0.0,False,0.0
2026-09-18,7870,福島印,メイン市場,その他製品,,False,365.0,,1.9,True,693500.0
2026-09-18,7871,フクビ化工,メイン市場,化 学,,False,,1012.0,0.0,False,0.0
2026-09-18,7875,竹田ｉＰ,メイン市場,その他製品,,False,,859.0,0.0,False,0.0
2026-09-18,7878,光・彩,メイン市場,その他製品,,False,,1143.0,0.0,False,0.0
2026-09-18,7896,セブン工,メイン市場,その他製品,,False,,503.0,0.0,False,0.0
2026-09-18,7928,旭化学,メイン市場,化 学,,False,,615.0,0.0,False,0.0
2026-09-18,7931,未来工業,プレミア市場,化 学,,False,,3675.0,0.0,False,0.0
2026-09-18,7943,ニチハ,プレミア市場,ガラス・土石製品,,False,,3060.0,0.0,False,0.0
2026-09-18,7946,光陽社,メイン市場,その他製品,,False,370.0,367.0,2.2,True,814000.0000000001
2026-09-18,7950,デコラックス,メイン市場,化 学,,False,,9500.0,0.0,False,0.0
2026-09-18,7953,菊水化,メイン市場,その他製品,,False,,405.0,0.0,False,0.0
2026-09-18,7975,リヒトラブ,メイン市場,その他製品,,False,,1169.0,0.0,False,0.0
2026-09-18,8015,豊田通商,プレミア市場,卸売業,,False,,7463.0,0.0,False,0.0
2026-09-18,8031,三井物産,プレミア市場,卸売業,,False,,5161.0,0.0,False,0.0
2026-09-18,8071,東海エレ,メイン市場,卸売業,,False,,2933.0,0.0,False,0.0
2026-09-18,8076,カノークス,メイン市場,卸売業,,False,,2139.0,0.0,False,0.0
2026-09-18,8130,サンゲツ,プレミア市場,卸売業,,False,,3215.0,0.0,False,0.0
2026-09-18,8145,中部水,メイン市場,卸売業,,False,,3270.0,0.0,False,0.0
2026-09-18,8160,木曽路,プレミア市場,小売業,,False,,2412.0,0.0,False,0.0
2026-09-18,8190,ヤマナカ,メイン市場,小売業,,False,518.0,,51.5,True,26677000.0
2026-09-18,8225,タカチホ,メイン市場,卸売業,,False,,3650.0,0.0,False,0.0
2026-09-18,8228,マルイチ産商,メイン市場,卸売業,,False,1049.0,,6.1,True,6398900.0
2026-09-18,8285,三谷産業,プレミア市場,卸売業,,False,,838.0,0.0,False,0.0
2026-09-18,8306,三菱ＵＦＪ,プレミア市場,銀行業,,False,,3620.0,0.0,False,0.0
2026-09-18,8309,三井住友トラストＧ,プレミア市場,銀行業,,False,,1768.5,0.0,False,0.0
2026-09-18,8316,三井住友,プレミア市場,銀行業,,False,,6830.0,0.0,False,0.0
2026-09-18,8361,大垣銀,プレミア市場,銀行業,,False,,8440.0,0.0,False,0.0
2026-09-18,8368,百五銀,プレミア市場,銀行業,,False,,2481.0,0.0,False,0.0
2026-09-18,8522,名古屋銀,プレミア市場,銀行業,,False,,7220.0,0.0,False,0.0
2026-09-18,8601,大和証Ｇ,プレミア市場,証券、商品先物取引業,,False,,1845.5,0.0,False,0.0
2026-09-18,8604,野村,プレミア市場,証券、商品先物取引業,,False,,1581.0,0.0,False,0.0
2026-09-18,8609,岡三,プレミア市場,証券、商品先物取引業,,False,,1261.0,0.0,False,0.0
2026-09-18,8616,東海東京,プレミア市場,証券、商品先物取引業,,False,,898.0,0.0,False,0.0
2026-09-18,8725,ＭＳ＆ＡＤ,プレミア市場,保険業,,False,,5217.0,0.0,False,0.0
2026-09-18,8803,平和不,プレミア市場,不動産業,,False,,2380.0,0.0,False,0.0
2026-09-18,8891,ＡＭＧＨＤ,メイン市場,不動産業,,False,,2104.0,0.0,False,0.0
2026-09-18,8904,ＡＶＡＮＴＩＡ,プレミア市場,不動産業,,False,,823.0,0.0,False,0.0
2026-09-18,8920,東祥,プレミア市場,サービス業,,False,,695.0,0.0,False,0.0
2026-09-18,8995,誠建設,メイン市場,不動産業,,False,,1939.0,0.0,False,0.0
2026-09-18,9022,ＪＲ東海,プレミア市場,陸運業,,False,,3815.0,0.0,False,0.0
2026-09-18,9040,大宝運,メイン市場,陸運業,,False,4040.0,,1.4,True,5656000.0
2026-09-18,9048,名鉄,プレミア市場,陸運業,,False,,1905.0,0.0,False,0.0
2026-09-18,9073,京極運輸,メイン市場,陸運業,,False,,1260.0,0.0,False,0.0
2026-09-18,9076,セイノーＨＤ,プレミア市場,陸運業,,False,,2732.5,0.0,False,0.0
2026-09-18,9170,成友興業,メイン市場,サービス業,,False,1452.0,,0.8,True,1161600.0000000002
2026-09-18,9221,フルハシＥＰＯ,メイン市場,サービス業,,False,,1182.0,0.0,False,0.0
2026-09-18,9223,ＡＳＮＯＶＡ,ネクスト市場,サービス業,,False,,356.0,0.0,False,0.0
2026-09-18,9249,日本エコシステム,メイン市場,サービス業,,False,,1667.0,0.0,False,0.0
2026-09-18,9306,東陽倉,プレミア市場,倉庫・運輸関連業,,False,,2029.0,0.0,False,0.0
2026-09-18,9310,トランスシティ,プレミア市場,倉庫・運輸関連業,,False,,1423.0,0.0,False,0.0
2026-09-18,9330,揚羽,ネクスト市場,サービス業,,False,,901.0,0.0,False,0.0
2026-09-18,9357,名港海,メイン市場,倉庫・運輸関連業,,False,2522.0,,5.4,True,13618800.000000002
2026-09-18,9359,伊勢湾海,メイン市場,倉庫・運輸関連業,,False,956.0,,0.8,True,764800.0000000001
2026-09-18,9368,キムラユニティー,プレミア市場,倉庫・運輸関連業,,False,,959.0,0.0,False,0.0
2026-09-18,9402,中日放送,プレミア市場,情報・通信業,,False,1261.0,,6.8,True,8574800.0
2026-09-18,9428,クロップス,プレミア市場,情報・通信業,,False,,1472.0,0.0,False,0.0
2026-09-18,9471,文渓堂,メイン市場,情報・通信業,,False,1150.0,,3.2,True,3680000.0
2026-09-18,9476,中央経済社ＨＤ,メイン市場,情報・通信業,,False,,1000.0,0.0,False,0.0
2026-09-18,9502,中部電力,プレミア市場,電気・ガス業,,False,,2913.0,0.0,False,0.0
2026-09-18,9531,東瓦斯,プレミア市場,電気・ガス業,,False,,6309.0,0.0,False,0.0
2026-09-18,9533,東邦瓦斯,プレミア市場,電気・ガス業,,False,,1300.5,0.0,False,0.0
2026-09-18,9643,中日興,メイン市場,サービス業,,False,,11020.0,0.0,False,0.0
2026-09-18,9664,御園座,メイン市場,サービス業,,False,1507.0,,2.1,True,3164700.0000000005
2026-09-18,9793,ダイセキ,プレミア市場,サービス業,,False,,3715.0,0.0,False,0.0
2026-09-18,9900,サガミＨＤ,プレミア市場,小売業,,False,,1109.0,0.0,False,0.0
2026-09-18,9913,日邦産業,メイン市場,卸売業,,False,,3650.0,0.0,False,0.0
2026-09-18,9914,植松商会,メイン市場,卸売業,,False,730.0,736.0,0.6,True,438000.0
2026-09-18,9956,バローＨＤ,プレミア市場,小売業,,False,,3385.0,0.0,False,0.0
2026-09-18,9969,ショクブン,メイン市場,小売業,,False,,236.0,0.0,False,0.0
2026-09-18,9982,タキヒヨー,プレミア市場,卸売業,,False,,2710.0,0.0,False,0.0
2026-09-18,9987,スズケン,プレミア市場,卸売業,,False,,5268.0,0.0,False,0.0
2026-09-25,138A,光フードサービス,ネクスト市場,小売業,,False,,3125.0,0.0,False,0.0
2026-09-25,1438,岐阜造園,メイン市場,建設業,,False,,2298.0,0.0,False,0.0
2026-09-25,1444,ニッソウ,ネクスト市場,建設業,,False,,2796.0,0.0,False,0.0
2026-09-25,1738,ＮＩＴＴＯＨ,メイン市場,建設業,,False,574.0,,2.1,True,1205400.0
2026-09-25,1766,東建コーポ,プレミア市場,建設業,,False,,13280.0,0.0,False,0.0
2026-09-25,1777,川崎設備,メイン市場,建設業,,False,2373.0,,3.9,True,9254699.999999998
2026-09-25,1780,ヤマウラ,プレミア市場,建設業,,False,,1477.0,0.0,False,0.0
2026-09-25,1801,大成建,プレミア市場,建設業,,False,,12435.0,0.0,False,0.0
2026-09-25,1803,清水建,プレミア市場,建設業,,False,,2210.0,0.0,False,0.0
2026-09-25,1811,銭高組,メイン市場,建設業,,False,,7510.0,0.0,False,0.0
2026-09-25,1812,鹿島,プレミア市場,建設業,,False,,4909.0,0.0,False,0.0
2026-09-25,1869,名工建,メイン市場,建設業,,False,1893.0,,4.4,True,8329200.000000001
2026-09-25,1870,矢作建,プレミア市場,建設業,,False,,2188.0,0.0,False,0.0
2026-09-25,1878,大東建,プレミア市場,不動産業,,False,,3300.0,0.0,False,0.0
2026-09-25,1892,徳倉建,メイン市場,建設業,,False,8200.0,,0.3,True,2460000.0
2026-09-25,1893,五洋建,プレミア市場,建設業,,False,,1518.5,0.0,False,0.0
2026-09-25,1928,積水ハウス,プレミア市場,建設業,,False,,3369.0,0.0,False,0.0
2026-09-25,1946,トーエネック,プレミア市場,建設業,,False,,2247.0,0.0,False,0.0
2026-09-25,2053,中部飼料,プレミア市場,食料品,,False,,2059.0,0.0,False,0.0
2026-09-25,212A,フィットイージー,プレミア市場,サービス業,,False,,2781.0,0.0,False,0.0
2026-09-25,2139,中広,プレミア市場,サービス業,,False,,521.0,0.0,False,0.0
2026-09-25,2169,ＣＤＳ,プレミア市場,サービス業,,False,,1754.0,0.0,False,0.0
2026-09-25,2185,シイエム・シイ,プレミア市場,サービス業,,False,,2005.0,0.0,False,0.0
2026-09-25,2207,ｍｅｉｔｏ,プレミア市場,食料品,,False,,3475.0,0.0,False,0.0
2026-09-25,2209,井村屋Ｇ,プレミア市場,食料品,,False,,2356.0,0.0,False,0.0
2026-09-25,2224,コモ,メイン市場,食料品,,False,,3770.0,0.0,False,0.0
2026-09-25,2327,ＮＳＳＯＬ,メイン市場,情報・通信業,,False,,3885.0,0.0,False,0.0
2026-09-25,2329,東北新社,メイン市場,情報・通信業,,False,,498.0,0.0,False,0.0
2026-09-25,2351,ＡＳＪ,メイン市場,情報・通信業,,False,,337.0,0.0,False,0.0
2026-09-25,2376,サイネックス,メイン市場,サービス業,,False,,791.0,0.0,False,0.0
2026-09-25,2424,ブラス,プレミア市場,サービス業,,False,,617.0,0.0,False,0.0
2026-09-25,2435,シダー,メイン市場,サービス業,,False,,205.0,0.0,False,0.0
2026-09-25,2467,ＶＬＣセキュリティ,ネクスト市場,サービス業,,False,182.0,,41.2,True,7498400.000000001
2026-09-25,246A,アスア,メイン市場,サービス業,,False,,1102.0,0.0,False,0.0
2026-09-25,2479,ジェイテック,メイン市場,サービス業,,False,,264.0,0.0,False,0.0
2026-09-25,2480,シスロケ,メイン市場,情報・通信業,,False,,1867.0,0.0,False,0.0
2026-09-25,2485,ティア,プレミア市場,サービス業,,False,,452.0,0.0,False,0.0
2026-09-25,2551,マルサンアイ,メイン市場,食料品,,False,3515.0,,0.4,True,1406000.0
2026-09-25,259A,ケイ・ウノ,ネクスト市場,小売業,,False,1940.0,,2.1,True,4074000.0
2026-09-25,2722,ＩＫホールディングス,プレミア市場,小売業,,False,,361.0,0.0,False,0.0
2026-09-25,2734,サーラ,プレミア市場,小売業,,False,,1243.0,0.0,False,0.0
2026-09-25,2753,あみやき,プレミア市場,小売業,,False,,1377.0,0.0,False,0.0
2026-09-25,275A,ハンワホームズ,ネクスト市場,建設業,,False,371.0,,0.1,True,37100.0
2026-09-25,2778,パレモ・ＨＤ,メイン市場,小売業,,False,,121.0,0.0,False,0.0
2026-09-25,2780,コメ兵ＨＤ,メイン市場,小売業,,False,,4490.0,0.0,False,0.0
2026-09-25,2806,ユタカフーズ,メイン市場,食料品,,False,,1917.0,0.0,False,0.0
2026-09-25,2811,カゴメ,プレミア市場,食料品,,False,,2725.5,0.0,False,0.0
2026-09-25,2902,太陽化,メイン市場,食料品,,False,2785.0,,2.7,True,7519500.000000001
2026-09-25,2983,アールプランナー,メイン市場,不動産業,,False,,1644.0,0.0,False,0.0
2026-09-25,2986,ＬＡＨＤ,プレミア市場,不動産業,,False,,2937.0,0.0,False,0.0
2026-09-25,3028,アルペン,プレミア市場,小売業,,False,,2336.0,0.0,False,0.0
2026-09-25,3032,ゴルフ・ドゥ,ネクスト市場,小売業,,False,230.0,,25.3,True,5819000.0
2026-09-25,3035,ケイティケイ,メイン市場,卸売業,,False,,779.0,0.0,False,0.0
2026-09-25,3066,ＪＢイレブン,メイン市場,小売業,,False,655.0,,13.1,True,8580500.0
2026-09-25,3086,Ｊフロント,プレミア市場,小売業,,False,,2708.5,0.0,False,0.0
2026-09-25,3091,ブロンコＢ,プレミア市場,小売業,,False,,2799.0,0.0,False,0.0
2026-09-25,3116,トヨタ紡織,プレミア市場,輸送用機器,,False,,2238.0,0.0,False,0.0
2026-09-25,3138,富士山マガジン,メイン市場,小売業,,False,,1161.0,0.0,False,0.0
2026-09-25,3184,ＩＣＤＡ,メイン市場,小売業,,False,,4140.0,0.0,False,0.0
2026-09-25,3186,ネクステージ,プレミア市場,小売業,,False,,2903.0,0.0,False,0.0
2026-09-25,3202,ダイトウボウ,プレミア市場,繊維製品,,False,,129.0,0.0,False,0.0
2026-09-25,3205,ダイドー,プレミア市場,繊維製品,,False,,747.0,0.0,False,0.0
2026-09-25,3221,ヨシックスＨＤ,プレミア市場,小売業,,False,,3130.0,0.0,False,0.0
2026-09-25,3232,三重交通ＧＨＤ,プレミア市場,不動産業,,False,,600.0,0.0,False,0.0
2026-09-25,3260,エスポア,,サービス業,整理,True,55.0,,614.0,True,33770000.0
2026-09-25,3320,クロスプラス,メイン市場,卸売業,,False,,1308.0,0.0,False,0.0
2026-09-25,3321,ミタチ,プレミア市場,卸売業,,False,,1855.0,0.0,False,0.0
2026-09-25,3346,ヒロタグループＨＤ,ネクスト市場,小売業,,False,78.0,,42.1,True,3283800.0
2026-09-25,3384,アークコア,ネクスト市場,卸売業,,False,755.0,,1.9,True,1434500.0
2026-09-25,3419,アートグリーン,ネクスト市場,卸売業,,False,1978.0,,0.4,True,791200.0
2026-09-25,3422,Ｊ－ＭＡＸ,メイン市場,金属製品,,False,,628.0,0.0,False,0.0
2026-09-25,3439,三ツ知,メイン市場,金属製品,,False,,677.0,0.0,False,0.0
2026-09-25,3441,山王,メイン市場,金属製品,,False,,1802.0,0.0,False,0.0
2026-09-25,3442,ＭＩＥコーポ,メイン市場,金属製品,,False,1780.0,,0.1,True,178000.0
2026-09-25,3447,信和,プレミア市場,金属製品,,False,,1014.0,0.0,False,0.0
2026-09-25,3461,パルマ,メイン市場,不動産業,,False,,634.0,0.0,False,0.0
2026-09-25,3469,デュアルタップ,メイン市場,不動産業,,False,,889.0,0.0,False,0.0
2026-09-25,3494,マリオン,メイン市場,不動産業,,False,,455.0,0.0,False,0.0
2026-09-25,3504,丸八ホールディングス,メイン市場,繊維製品,,False,1382.0,,3.7,True,5113400.000000001
2026-09-25,3524,日東網,プレミア市場,繊維製品,,False,,1482.0,0.0,False,0.0
2026-09-25,3543,コメダ,プレミア市場,卸売業,,False,,2843.0,0.0,False,0.0
2026-09-25,3549,クスリのアオキＨＤ,メイン市場,小売業,,False,,3948.0,0.0,False,0.0
2026-09-25,3556,リネットジャパン,メイン市場,小売業,,False,,811.0,0.0,False,0.0
2026-09-25,3559,ピーバンドットコム,メイン市場,卸売業,,False,,454.0,0.0,False,0.0
2026-09-25,3571,ソトー,プレミア市場,繊維製品,,False,,723.0,0.0,False,0.0
2026-09-25,3577,東海染工,プレミア市場,繊維製品,,False,,921.0,0.0,False,0.0
2026-09-25,3670,協立情報通信,メイン市場,情報・通信業,,False,1700.0,1684.0,0.8,True,1360000.0
2026-09-25,3739,コムシード,ネクスト市場,情報・通信業,,False,120.0,,6.8,True,816000.0
2026-09-25,3771,システムリサーチ,プレミア市場,情報・通信業,,False,,1948.0,0.0,False,0.0
2026-09-25,3775,ガイアックス,ネクスト市場,情報・通信業,,False,440.0,,0.7,True,308000.0
2026-09-25,377A,エージェントＩＧＨＤ,メイン市場,保険業,,False,1092.0,,0.1,True,109200.0
2026-09-25,3808,オーケーウェブ,ネクスト市場,情報・通信業,,False,24.0,,32.8,True,787199.9999999999
2026-09-25,3842,ネクストジェン,メイン市場,情報・通信業,,False,,1256.0,0.0,False,0.0
2026-09-25,391A,山忠,メイン市場,不動産業,,False,2490.0,,0.2,True,498000.0
2026-09-25,3922,ＰＲＴＩＭＥＳ,プレミア市場,情報・通信業,,False,,2185.0,0.0,False,0.0
2026-09-25,3947,ダイナパック,メイン市場,パルプ・紙,,False,,2465.0,0.0,False,0.0
2026-09-25,3958,笹徳印刷,メイン市場,パルプ・紙,,False,,531.0,0.0,False,0.0
2026-09-25,3974,ＳＣＡＴ,メイン市場,情報・通信業,,False,,658.0,0.0,False,0.0
2026-09-25,4062,イビデン,プレミア市場,電気機器,,False,,23345.0,0.0,False,0.0
2026-09-25,4063,信越化,プレミア市場,化 学,,False,,5889.0,0.0,False,0.0
2026-09-25,4072,電算システムＨＤ,プレミア市場,情報・通信業,,False,,3260.0,0.0,False,0.0
2026-09-25,4124,大阪油化工業,メイン市場,化 学,,False,,3050.0,0.0,False,0.0
2026-09-25,4125,三和油化工業,メイン市場,化 学,,False,,3625.0,0.0,False,0.0
2026-09-25,418A,ウリドキ,ネクスト市場,情報・通信業,,False,1300.0,,2.7,True,3510000.0000000005
2026-09-25,4196,ネオマーケ,メイン市場,情報・通信業,,False,,1341.0,0.0,False,0.0
2026-09-25,4206,アイカ工,プレミア市場,化 学,,False,,4367.0,0.0,False,0.0
2026-09-25,4240,クラスターＴ,メイン市場,化 学,,False,,305.0,0.0,False,0.0
2026-09-25,4247,ポバール興業,メイン市場,化 学,,False,,1399.0,0.0,False,0.0
2026-09-25,4361,川口化,メイン市場,化 学,,False,,1617.0,0.0,False,0.0
2026-09-25,4430,東海ソフト,プレミア市場,情報・通信業,,False,,1741.0,0.0,False,0.0
2026-09-25,4439,東名,プレミア市場,情報・通信業,,False,,829.0,0.0,False,0.0
2026-09-25,4445,リビンＴ,メイン市場,情報・通信業,,False,,1960.0,0.0,False,0.0
2026-09-25,4463,日華化学,プレミア市場,化 学,,False,,2005.0,0.0,False,0.0
2026-09-25,4502,武田薬,プレミア市場,医薬品,,False,,5969.0,0.0,False,0.0
2026-09-25,4616,川上塗料,メイン市場,化 学,,False,,2544.0,0.0,False,0.0
2026-09-25,4658,日本空調,プレミア市場,サービス業,,False,,1651.0,0.0,False,0.0
2026-09-25,4667,アイサンテクノロ,メイン市場,情報・通信業,,False,,3310.0,0.0,False,0.0
2026-09-25,4681,リゾートトラ,プレミア市場,サービス業,,False,,1787.5,0.0,False,0.0
2026-09-25,4691,ワシントンホテル,メイン市場,サービス業,,False,,2015.0,0.0,False,0.0
2026-09-25,4707,キタック,メイン市場,サービス業,,False,,354.0,0.0,False,0.0
2026-09-25,4732,ＵＳＳ,プレミア市場,サービス業,,False,,1875.0,0.0,False,0.0
2026-09-25,4760,アルファ,メイン市場,サービス業,,False,1215.0,1203.0,0.9,True,1093500.0
2026-09-25,4920,日本色材,メイン市場,化 学,,False,,1145.0,0.0,False,0.0
2026-09-25,5020,ＥＮＥＯＳ,プレミア市場,石油・石炭製品,,False,,1436.0,0.0,False,0.0
2026-09-25,5075,アップコン,ネクスト市場,建設業,,False,1018.0,,1.9,True,1934199.9999999998
2026-09-25,5204,石塚硝,プレミア市場,ガラス・土石製品,,False,,3080.0,0.0,False,0.0
2026-09-25,523A,セイワＨＤ,ネクスト市場,金属製品,,False,,1824.0,0.0,False,0.0
2026-09-25,5241,日本オーエー研究所,メイン市場,情報・通信業,,False,728.0,,0.1,True,72800.0
2026-09-25,5271,トーヨーアサノ,メイン市場,ガラス・土石製品,,False,,2214.0,0.0,False,0.0
2026-09-25,5287,イトーヨーギョー,メイン市場,ガラス・土石製品,,False,,909.0,0.0,False,0.0
2026-09-25,5331,ノリタケ,プレミア市場,ガラス・土石製品,,False,,3710.0,0.0,False,0.0
2026-09-25,5332,ＴＯＴＯ,プレミア市場,ガラス・土石製品,,False,,5916.0,0.0,False,0.0
2026-09-25,5333,ＮＧＫ,プレミア市場,ガラス・土石製品,,False,,5415.0,0.0,False,0.0
2026-09-25,5334,日特殊陶,プレミア市場,ガラス・土石製品,,False,,7621.0,0.0,False,0.0
2026-09-25,5342,ジャニス工,メイン市場,ガラス・土石製品,,False,,397.0,0.0,False,0.0
2026-09-25,5343,ニッコー,メイン市場,ガラス・土石製品,,False,184.0,,12.3,True,2263200.0000000005
2026-09-25,5344,ＭＡＲＵＷＡ,プレミア市場,ガラス・土石製品,,False,,55630.0,0.0,False,0.0
2026-09-25,5356,美濃窯業,メイン市場,ガラス・土石製品,,False,,1274.0,0.0,False,0.0
2026-09-25,5384,ＦＵＪＩＭＩ,プレミア市場,ガラス・土石製品,,False,,3465.0,0.0,False,0.0
2026-09-25,5386,鶴弥,メイン市場,ガラス・土石製品,,False,390.0,,1.4,True,546000.0
2026-09-25,5401,日本製鉄,プレミア市場,鉄 鋼,,False,691.0,685.5,0.5,True,345500.0
2026-09-25,5406,神戸鋼,プレミア市場,鉄 鋼,,False,,2080.0,0.0,False,0.0
2026-09-25,5461,中部鋼鈑,プレミア市場,鉄 鋼,,False,,2117.0,0.0,False,0.0
2026-09-25,546A,ＭＩＲＡＩＮＩ,プレミア市場,卸売業,,False,,2642.0,0.0,False,0.0
2026-09-25,5471,大同特鋼,プレミア市場,鉄 鋼,,False,,2479.5,0.0,False,0.0
2026-09-25,5482,愛知鋼,プレミア市場,鉄 鋼,,False,,3225.0,0.0,False,0.0
2026-09-25,550A,ソフトテックス,メイン市場,情報・通信業,,False,,2171.0,0.0,False,0.0
2026-09-25,5530,日本システムバンク,メイン市場,不動産業,,False,1096.0,,0.9,True,986400.0
2026-09-25,5589,オートサーバー,メイン市場,情報・通信業,,False,,2929.0,0.0,False,0.0
2026-09-25,5607,中央可鍛,メイン市場,鉄 鋼,,False,620.0,,15.0,True,9300000.0
2026-09-25,5802,住友電工,プレミア市場,非鉄金属,,False,,2211.0,0.0,False,0.0
2026-09-25,5918,滝上工,メイン市場,金属製品,,False,,7840.0,0.0,False,0.0
2026-09-25,5938,ＬＩＸＩＬ,プレミア市場,金属製品,,False,,1728.0,0.0,False,0.0
2026-09-25,5947,リンナイ,プレミア市場,金属製品,,False,,3450.0,0.0,False,0.0
2026-09-25,5952,アマテイ,メイン市場,金属製品,,False,,190.0,0.0,False,0.0
2026-09-25,5979,カネソウ,メイン市場,金属製品,,False,5480.0,,2.0,True,10960000.0
2026-09-25,5984,兼房,メイン市場,金属製品,,False,,787.0,0.0,False,0.0
2026-09-25,5992,中央発条,プレミア市場,金属製品,,False,,3720.0,0.0,False,0.0
2026-09-25,5994,ファインシンター,メイン市場,金属製品,,False,,995.0,0.0,False,0.0
2026-09-25,6025,日本ＰＣサービス,ネクスト市場,サービス業,,False,670.0,,0.4,True,268000.0
2026-09-25,6029,アトラＧ,メイン市場,サービス業,,False,,191.0,0.0,False,0.0
2026-09-25,6036,ＫｅｅＰｅｒ技研,プレミア市場,サービス業,,False,,3515.0,0.0,False,0.0
2026-09-25,6055,Ｊマテリアル,プレミア市場,サービス業,,False,,2309.0,0.0,False,0.0
2026-09-25,6074,ＪＳＳ,メイン市場,サービス業,,False,,517.0,0.0,False,0.0
2026-09-25,6103,オークマ,プレミア市場,機 械,,False,,4665.0,0.0,False,0.0
2026-09-25,6111,旭精機,メイン市場,機 械,,False,2020.0,,0.4,True,808000.0
2026-09-25,6134,ＦＵＪＩ,プレミア市場,機 械,,False,,7454.0,0.0,False,0.0
2026-09-25,6136,ＯＳＧ,プレミア市場,機 械,,False,,3564.0,0.0,False,0.0
2026-09-25,6142,富士精工,メイン市場,機 械,,False,1780.0,,1.1,True,1958000.0000000002
2026-09-25,6203,豊和工,プレミア市場,機 械,,False,,2318.0,0.0,False,0.0
2026-09-25,6225,エコム,メイン市場,機 械,,False,1981.0,,17.1,True,33875100.00000001
2026-09-25,624A,かがやきＨＤ,ネクスト市場,サービス業,,False,970.0,,35.9,True,34823000.0
2026-09-25,6267,ゼネパッカー,メイン市場,機 械,,False,,4100.0,0.0,False,0.0
2026-09-25,6325,タカキタ,プレミア市場,機 械,,False,,418.0,0.0,False,0.0
2026-09-25,6339,新東工,プレミア市場,機 械,,False,,1216.0,0.0,False,0.0
2026-09-25,6340,渋谷工,プレミア市場,機 械,,False,,5560.0,0.0,False,0.0
2026-09-25,6342,太平製,メイン市場,機 械,,False,,2881.0,0.0,False,0.0
2026-09-25,6345,アイチ,プレミア市場,機 械,,False,,1487.0,0.0,False,0.0
2026-09-25,6346,キクカワ,メイン市場,機 械,,False,,5590.0,0.0,False,0.0
2026-09-25,6396,宇野沢鉄,メイン市場,機 械,,False,,4600.0,0.0,False,0.0
2026-09-25,6407,ＣＫＤ,プレミア市場,機 械,,False,,5240.0,0.0,False,0.0
2026-09-25,6430,ダイコク電,プレミア市場,機 械,,False,,2490.0,0.0,False,0.0
2026-09-25,6439,中日鋳工,メイン市場,機 械,,False,408.0,,0.5,True,204000.0
2026-09-25,6448,ブラザー,プレミア市場,電気機器,,False,,4732.0,0.0,False,0.0
2026-09-25,6465,ホシザキ,プレミア市場,機 械,,False,,5347.0,0.0,False,0.0
2026-09-25,6470,大豊工業,プレミア市場,機 械,,False,,1152.0,0.0,False,0.0
2026-09-25,6473,ジェイテクト,プレミア市場,機 械,,False,,2125.5,0.0,False,0.0
2026-09-25,6501,日立,プレミア市場,電気機器,,False,,5536.0,0.0,False,0.0
2026-09-25,6504,富士電機,プレミア市場,電気機器,,False,,13615.0,0.0,False,0.0
2026-09-25,6508,明電舎,プレミア市場,電気機器,,False,,11460.0,0.0,False,0.0
2026-09-25,6547,グリーンズ,プレミア市場,サービス業,,False,,2103.0,0.0,False,0.0
2026-09-25,6564,ミダックＨＤ,プレミア市場,サービス業,,False,,2009.0,0.0,False,0.0
2026-09-25,6565,ＡＢホテル,メイン市場,サービス業,,False,1314.0,,33.0,True,43362000.0
2026-09-25,6586,マキタ,プレミア市場,機 械,,False,,5396.0,0.0,False,0.0
2026-09-25,6615,ＵＭＣエレ,メイン市場,電気機器,,False,,239.0,0.0,False,0.0
2026-09-25,6623,愛知電,プレミア市場,電気機器,,False,8980.0,,3.4,True,30532000.0
2026-09-25,6651,日東工,プレミア市場,電気機器,,False,,4420.0,0.0,False,0.0
2026-09-25,6655,洋電機,メイン市場,電気機器,,False,798.0,,0.3,True,239399.99999999997
2026-09-25,6676,ＢＵＦＦＡＬＯ,プレミア市場,電気機器,,False,,3535.0,0.0,False,0.0
2026-09-25,6702,富士通,プレミア市場,電気機器,,False,,4028.0,0.0,False,0.0
2026-09-25,6718,アイホン,プレミア市場,電気機器,,False,,2850.0,0.0,False,0.0
2026-09-25,6797,名古屋電,メイン市場,電気機器,,False,,1198.0,0.0,False,0.0
2026-09-25,6846,中央製,メイン市場,電気機器,,False,1425.0,,0.2,True,285000.0
2026-09-25,6902,デンソー,プレミア市場,輸送用機器,,False,,1924.0,0.0,False,0.0
2026-09-25,6995,東海理電,プレミア市場,輸送用機器,,False,,3180.0,0.0,False,0.0
2026-09-25,6999,ＫＯＡ,プレミア市場,電気機器,,False,,2283.0,0.0,False,0.0
2026-09-25,7011,三菱重,プレミア市場,機 械,,False,,3897.0,0.0,False,0.0
2026-09-25,7012,川崎重,プレミア市場,輸送用機器,,False,2408.0,,0.1,True,240800.0
2026-09-25,7059,コプロＨＤ,プレミア市場,サービス業,,False,,971.0,0.0,False,0.0
2026-09-25,7073,ジェイック,メイン市場,サービス業,,False,,2386.0,0.0,False,0.0
2026-09-25,7075,ＱＬＳＨＤ,ネクスト市場,サービス業,,False,,995.0,0.0,False,0.0
2026-09-25,7076,名南Ｍ＆Ａ,メイン市場,サービス業,,False,1003.0,,28.3,True,28384900.0
2026-09-25,7102,日車輌,プレミア市場,輸送用機器,,False,,3695.0,0.0,False,0.0
2026-09-25,7118,伸和ホールディングス,ネクスト市場,小売業,,False,4930.0,,0.2,True,986000.0
2026-09-25,7129,ミアヘルサＨＤ,メイン市場,小売業,,False,,1160.0,0.0,False,0.0
2026-09-25,7135,ジャパンクラフトＨＤ,プレミア市場,小売業,,False,,171.0,0.0,False,0.0
2026-09-25,7203,トヨタ自,プレミア市場,輸送用機器,,False,,2989.5,0.0,False,0.0
2026-09-25,7213,レシップＨＤ,プレミア市場,輸送用機器,,False,,668.0,0.0,False,0.0
2026-09-25,7220,武蔵精密,プレミア市場,輸送用機器,,False,,2973.0,0.0,False,0.0
2026-09-25,7227,アスカ,メイン市場,輸送用機器,,False,1835.0,,2.8,True,5138000.0
2026-09-25,7231,トピー工,プレミア市場,輸送用機器,,False,,3160.0,0.0,False,0.0
2026-09-25,7241,フタバ産,プレミア市場,輸送用機器,,False,,1119.0,0.0,False,0.0
2026-09-25,7245,大同メタル,プレミア市場,輸送用機器,,False,,1163.0,0.0,False,0.0
2026-09-25,7259,アイシン,プレミア市場,輸送用機器,,False,,2237.0,0.0,False,0.0
2026-09-25,7266,今仙電機,プレミア市場,輸送用機器,,False,,992.0,0.0,False,0.0
2026-09-25,7282,豊田合,プレミア市場,輸送用機器,,False,,5310.0,0.0,False,0.0
2026-09-25,7283,愛三工,プレミア市場,輸送用機器,,False,,2224.0,0.0,False,0.0
2026-09-25,7322,３３ＦＧ,プレミア市場,銀行業,,False,,2238.0,0.0,False,0.0
2026-09-25,7362,Ｔ．Ｓ．Ｉ,メイン市場,サービス業,,False,,880.0,0.0,False,0.0
2026-09-25,7369,メイホーＨＤ,ネクスト市場,サービス業,,False,,389.0,0.0,False,0.0
2026-09-25,7380,十六ＦＧ,プレミア市場,銀行業,,False,,2849.0,0.0,False,0.0
2026-09-25,7389,あいちＦＧ,プレミア市場,銀行業,,False,,2066.0,0.0,False,0.0
2026-09-25,7412,アトム,メイン市場,小売業,,False,,345.0,0.0,False,0.0
2026-09-25,7485,岡谷鋼機,プレミア市場,卸売業,,False,5040.0,,3.8,True,19152000.0
2026-09-25,7488,ヤガミ,メイン市場,卸売業,,False,5030.0,,1.3,True,6539000.0
2026-09-25,7514,ヒマラヤ,プレミア市場,小売業,,False,,852.0,0.0,False,0.0
2026-09-25,7593,ＶＴＨＤ,プレミア市場,小売業,,False,,529.0,0.0,False,0.0
2026-09-25,7607,進和,プレミア市場,卸売業,,False,,3065.0,0.0,False,0.0
2026-09-25,7630,壱番屋,プレミア市場,小売業,,False,1094.0,1095.0,0.1,True,109400.0
2026-09-25,7649,スギＨＤ,プレミア市場,小売業,,False,,1259.0,0.0,False,0.0
2026-09-25,7675,セントラルフォレスト,メイン市場,卸売業,,False,2741.0,,0.1,True,274100.0
2026-09-25,7682,浜木綿,メイン市場,小売業,,False,,3725.0,0.0,False,0.0
2026-09-25,7723,愛知時,プレミア市場,精密機器,,False,,2909.0,0.0,False,0.0
2026-09-25,7747,アサヒインテック,プレミア市場,精密機器,,False,,3367.0,0.0,False,0.0
2026-09-25,7751,キヤノン,プレミア市場,電気機器,,False,,4613.0,0.0,False,0.0
2026-09-25,7780,メニコン,プレミア市場,精密機器,,False,,1764.0,0.0,False,0.0
2026-09-25,7790,バルコス,ネクスト市場,その他製品,,False,,1092.0,0.0,False,0.0
2026-09-25,7805,プリントネット,メイン市場,その他製品,,False,,706.0,0.0,False,0.0
2026-09-25,7870,福島印,メイン市場,その他製品,,False,363.0,,1.8,True,653400.0
2026-09-25,7871,フクビ化工,メイン市場,化 学,,False,,1028.0,0.0,False,0.0
2026-09-25,7875,竹田ｉＰ,メイン市場,その他製品,,False,,858.0,0.0,False,0.0
2026-09-25,7878,光・彩,メイン市場,その他製品,,False,,1176.0,0.0,False,0.0
2026-09-25,7896,セブン工,メイン市場,その他製品,,False,,503.0,0.0,False,0.0
2026-09-25,7928,旭化学,メイン市場,化 学,,False,,615.0,0.0,False,0.0
2026-09-25,7931,未来工業,プレミア市場,化 学,,False,,3700.0,0.0,False,0.0
2026-09-25,7943,ニチハ,プレミア市場,ガラス・土石製品,,False,,3040.0,0.0,False,0.0
2026-09-25,7946,光陽社,メイン市場,その他製品,,False,347.0,351.0,1.1,True,381700.00000000006
2026-09-25,7950,デコラックス,メイン市場,化 学,,False,9990.0,,0.1,True,999000.0
2026-09-25,7953,菊水化,メイン市場,その他製品,,False,,406.0,0.0,False,0.0
2026-09-25,7975,リヒトラブ,メイン市場,その他製品,,False,,1163.0,0.0,False,0.0
2026-09-25,8015,豊田通商,プレミア市場,卸売業,,False,,7449.0,0.0,False,0.0
2026-09-25,8031,三井物産,プレミア市場,卸売業,,False,,5071.0,0.0,False,0.0
2026-09-25,8071,東海エレ,メイン市場,卸売業,,False,2990.0,,0.1,True,299000.0
2026-09-25,8076,カノークス,メイン市場,卸売業,,False,,2150.0,0.0,False,0.0
2026-09-25,8130,サンゲツ,プレミア市場,卸売業,,False,,3235.0,0.0,False,0.0
2026-09-25,8145,中部水,メイン市場,卸売業,,False,3330.0,,0.1,True,333000.0
2026-09-25,8160,木曽路,プレミア市場,小売業,,False,,2378.0,0.0,False,0.0
2026-09-25,8190,ヤマナカ,メイン市場,小売業,,False,517.0,,36.6,True,18922200.0
2026-09-25,8225,タカチホ,メイン市場,卸売業,,False,,3695.0,0.0,False,0.0
2026-09-25,8228,マルイチ産商,メイン市場,卸売業,,False,1052.0,,6.1,True,6417200.0
2026-09-25,8285,三谷産業,プレミア市場,卸売業,,False,,822.0,0.0,False,0.0
2026-09-25,8306,三菱ＵＦＪ,プレミア市場,銀行業,,False,,3714.0,0.0,False,0.0
2026-09-25,8309,三井住友トラストＧ,プレミア市場,銀行業,,False,,1801.5,0.0,False,0.0
2026-09-25,8316,三井住友,プレミア市場,銀行業,,False,,6919.0,0.0,False,0.0
2026-09-25,8361,大垣銀,プレミア市場,銀行業,,False,,8850.0,0.0,False,0.0
2026-09-25,8368,百五銀,プレミア市場,銀行業,,False,,2606.0,0.0,False,0.0
2026-09-25,8522,名古屋銀,プレミア市場,銀行業,,False,,7470.0,0.0,False,0.0
2026-09-25,8601,大和証Ｇ,プレミア市場,証券、商品先物取引業,,False,,1845.5,0.0,False,0.0
2026-09-25,8604,野村,プレミア市場,証券、商品先物取引業,,False,,1586.0,0.0,False,0.0
2026-09-25,8609,岡三,プレミア市場,証券、商品先物取引業,,False,,1253.0,0.0,False,0.0
2026-09-25,8616,東海東京,プレミア市場,証券、商品先物取引業,,False,,906.0,0.0,False,0.0
2026-09-25,8725,ＭＳ＆ＡＤ,プレミア市場,保険業,,False,,5030.0,0.0,False,0.0
2026-09-25,8803,平和不,プレミア市場,不動産業,,False,,2373.0,0.0,False,0.0
2026-09-25,8891,ＡＭＧＨＤ,メイン市場,不動産業,,False,,2123.0,0.0,False,0.0
2026-09-25,8904,ＡＶＡＮＴＩＡ,プレミア市場,不動産業,,False,,822.0,0.0,False,0.0
2026-09-25,8920,東祥,プレミア市場,サービス業,,False,,690.0,0.0,False,0.0
2026-09-25,8995,誠建設,メイン市場,不動産業,,False,,1951.0,0.0,False,0.0
2026-09-25,9022,ＪＲ東海,プレミア市場,陸運業,,False,,3778.0,0.0,False,0.0
2026-09-25,9040,大宝運,メイン市場,陸運業,,False,4045.0,,1.1,True,4449500.0
2026-09-25,9048,名鉄,プレミア市場,陸運業,,False,,1872.5,0.0,False,0.0
2026-09-25,9073,京極運輸,メイン市場,陸運業,,False,,1277.0,0.0,False,0.0
2026-09-25,9076,セイノーＨＤ,プレミア市場,陸運業,,False,,2725.0,0.0,False,0.0
2026-09-25,9170,成友興業,メイン市場,サービス業,,False,1440.0,,0.3,True,432000.0
2026-09-25,9221,フルハシＥＰＯ,メイン市場,サービス業,,False,,1222.0,0.0,False,0.0
2026-09-25,9223,ＡＳＮＯＶＡ,ネクスト市場,サービス業,,False,,355.0,0.0,False,0.0
2026-09-25,9249,日本エコシステム,メイン市場,サービス業,,False,,1651.0,0.0,False,0.0
2026-09-25,9306,東陽倉,プレミア市場,倉庫・運輸関連業,,False,,2033.0,0.0,False,0.0
2026-09-25,9310,トランスシティ,プレミア市場,倉庫・運輸関連業,,False,,1462.0,0.0,False,0.0
2026-09-25,9330,揚羽,ネクスト市場,サービス業,,False,,907.0,0.0,False,0.0
2026-09-25,9357,名港海,メイン市場,倉庫・運輸関連業,,False,2505.0,,4.5,True,11272500.0
2026-09-25,9359,伊勢湾海,メイン市場,倉庫・運輸関連業,,False,958.0,,6.2,True,5939600.0
2026-09-25,9368,キムラユニティー,プレミア市場,倉庫・運輸関連業,,False,,963.0,0.0,False,0.0
2026-09-25,9402,中日放送,プレミア市場,情報・通信業,,False,1282.0,,10.6,True,13589199.999999998
2026-09-25,9428,クロップス,プレミア市場,情報・通信業,,False,,1473.0,0.0,False,0.0
2026-09-25,9471,文渓堂,メイン市場,情報・通信業,,False,1136.0,,0.2,True,227200.00000000003
2026-09-25,9476,中央経済社ＨＤ,メイン市場,情報・通信業,,False,,1032.0,0.0,False,0.0
2026-09-25,9502,中部電力,プレミア市場,電気・ガス業,,False,2869.0,2839.0,2.1,True,6024900.000000001
2026-09-25,9531,東瓦斯,プレミア市場,電気・ガス業,,False,,6226.0,0.0,False,0.0
2026-09-25,9533,東邦瓦斯,プレミア市場,電気・ガス業,,False,,1263.0,0.0,False,0.0
2026-09-25,9643,中日興,メイン市場,サービス業,,False,11160.0,,0.5,True,5580000.0
2026-09-25,9664,御園座,メイン市場,サービス業,,False,1499.0,,2.3,True,3447700.0
2026-09-25,9793,ダイセキ,プレミア市場,サービス業,,False,,3675.0,0.0,False,0.0
2026-09-25,9900,サガミＨＤ,プレミア市場,小売業,,False,,1108.0,0.0,False,0.0
2026-09-25,9913,日邦産業,メイン市場,卸売業,,False,,3685.0,0.0,False,0.0
2026-09-25,9914,植松商会,メイン市場,卸売業,,False,719.0,,1.0,True,719000.0
2026-09-25,9956,バローＨＤ,プレミア市場,小売業,,False,,3370.0,0.0,False,0.0
2026-09-25,9969,ショクブン,メイン市場,小売業,,False,,238.0,0.0,False,0.0
2026-09-25,9982,タキヒヨー,プレミア市場,卸売業,,False,,2650.0,0.0,False,0.0
2026-09-25,9987,スズケン,プレミア市場,卸売業,,False,,5386.0,0.0,False,0.0
