sec_code,ticker,price,shares,market_cap,status,updated_at,shares_updated_at
6546,6546.T,1165.0,5285649.0,6157781085.0,SUCCESS,2026-10-09,2026-09-10
7115,7115.T,1395.0,9826788.0,13708369260.0,SUCCESS,2026-10-09,2026-09-10
3486,3486.T,1970.0,15973896.0,31468575120.0,SUCCESS,2026-08-17,2026-08-11
7081,7081.T,1295.0,11221958.0,14532435610.0,SUCCESS,2026-10-09,2026-09-10
7435,7435.T,1325.0,7862114.0,10417301050.0,SUCCESS,2026-10-09,2026-09-10
7180,7180.T,1541.0,422959668.0,651780848388.0,SUCCESS,2026-08-17,2026-08-11
436A,436A.T,1158.0,15825450.0,18325871100.0,SUCCESS,2026-08-17,2026-08-11
4382,4382.T,1100.0,17789313.0,19568244300.0,SUCCESS,2026-10-09,2026-09-10
3444,3444.T,1084.0,12079416.0,13094086944.0,SUCCESS,2026-10-09,2026-09-10
3962,3962.T,971.0,69578947.0,67561157537.0,SUCCESS,2026-08-17,2026-08-11
2332,2332.T,1781.0,5127027.0,9131235087.0,SUCCESS,2026-10-09,2026-09-10
8725,8725.T,4925.0,1433828614.0,7061605923950.0,SUCCESS,2026-08-17,2026-08-11
5471,5471.T,2446.0,199853804.0,488842404584.0,SUCCESS,2026-10-09,2026-09-10
9818,9818.T,1543.0,7674612.0,11841926316.0,SUCCESS,2026-10-09,2026-09-10
7565,7565.T,7190.0,1623694.0,11674359860.0,SUCCESS,2026-10-09,2026-09-10
3156,3156.T,6500.0,28117729.0,182765238500.0,SUCCESS,2026-10-09,2026-09-10
9423,9423.T,104.0,24241772.0,2521144288.0,SUCCESS,2026-10-09,2026-09-10
6356,6356.T,1306.0,14236923.0,18593421438.0,SUCCESS,2026-10-09,2026-09-10
4008,4008.T,1519.0,64081125.0,97339228875.0,SUCCESS,2026-10-09,2026-09-10
5356,5356.T,1212.0,10262324.0,12437936688.0,SUCCESS,2026-10-09,2026-09-10
6996,6996.T,2643.0,67158643.0,177500293449.0,SUCCESS,2026-10-09,2026-09-10
485A,485A.T,1856.0,114246750.0,212041968000.0,SUCCESS,2026-08-11,2026-08-11
7317,7317.T,,,,NO_PRICE,2026-09-08,nan
8766,8766.T,7481.0,1899768809.0,14212170460129.0,SUCCESS,2026-08-17,2026-08-11
7953,7953.T,395.0,12538336.0,4952642720.0,SUCCESS,2026-10-09,2026-09-10
3909,3909.T,389.0,8572700.0,3334780300.0,SUCCESS,2026-10-09,2026-09-10
9380,9380.T,437.0,27821117.0,12157828129.0,SUCCESS,2026-08-17,2026-08-11
4521,4521.T,3705.0,37868315.0,140302107075.0,SUCCESS,2026-10-09,2026-09-10
6317,6317.T,2510.0,9444701.0,23706199510.0,SUCCESS,2026-10-09,2026-09-10
9928,9928.T,2216.0,29943906.0,66355695696.0,SUCCESS,2026-10-09,2026-09-10
6457,6457.T,4870.0,53077693.0,258488364910.0,SUCCESS,2026-08-17,2026-08-11
6771,6771.T,696.0,6702293.0,4664795928.0,SUCCESS,2026-10-09,2026-09-10
5922,5922.T,19990.0,1166202.0,23312377980.0,SUCCESS,2026-10-09,2026-09-10
6718,6718.T,2706.0,16366833.0,44288650098.0,SUCCESS,2026-10-09,2026-09-10
6125,6125.T,5010.0,6609821.0,33115203210.0,SUCCESS,2026-10-09,2026-09-10
5603,5603.T,1260.0,3282296.0,4135692960.0,SUCCESS,2026-10-09,2026-09-10
2329,2329.T,473.0,118560778.0,56079247994.0,SUCCESS,2026-10-09,2026-09-10
4316,4316.T,42.0,3560292.0,149532264.0,NO_PRICE,2026-10-09,2026-09-10
7735,7735.T,16545.0,189087830.0,3128458147350.0,SUCCESS,2026-10-09,2026-09-10
3106,3106.T,2543.0,15760057.0,40077824951.0,SUCCESS,2026-10-09,2026-09-10
3315,3315.T,102.0,291022839.0,29684329578.0,SUCCESS,2026-08-17,2026-08-11
7885,7885.T,1040.0,15221580.0,15830443200.0,SUCCESS,2026-10-09,2026-09-10
8086,8086.T,1583.0,163095782.0,258180622906.0,SUCCESS,2026-08-17,2026-08-11
7414,7414.T,1354.0,24432503.0,33081609062.0,SUCCESS,2026-10-09,2026-09-10
4719,4719.T,3180.0,14038644.0,44642887920.0,SUCCESS,2026-10-09,2026-09-10
9359,9359.T,,,,NO_PRICE,2026-09-08,nan
6391,6391.T,5090.0,1654164.0,8419694760.0,SUCCESS,2026-10-09,2026-09-10
6371,6371.T,2616.0,101334348.0,265090654368.0,SUCCESS,2026-10-09,2026-09-10
6998,6998.T,4005.0,4857093.0,19452657465.0,SUCCESS,2026-10-09,2026-09-10
6617,6617.T,7560.0,15590648.0,117865298880.0,SUCCESS,2026-10-09,2026-09-10
9687,9687.T,1549.0,6063420.0,9392237580.0,SUCCESS,2026-10-09,2026-09-10
5852,5852.T,678.0,24940307.0,16909528146.0,SUCCESS,2026-08-17,2026-08-11
9633,9633.T,1743.0,6774197.0,11807425371.0,SUCCESS,2026-08-17,2026-08-11
9433,9433.T,2833.5,3697049438.0,10475589582573.0,SUCCESS,2026-08-17,2026-08-11
6525,6525.T,10090.0,233383846.0,2354843006140.0,SUCCESS,2026-10-09,2026-09-10
5939,5939.T,4640.0,779059.0,3614833760.0,SUCCESS,2026-10-09,2026-09-10
6513,6513.T,1260.0,5131370.0,6465526200.0,SUCCESS,2026-10-09,2026-09-10
5974,5974.T,841.0,3264254.0,2745237614.0,SUCCESS,2026-08-17,2026-08-11
7955,7955.T,887.0,35264724.0,31279810188.0,SUCCESS,2026-10-09,2026-09-10
5357,5357.T,1673.0,18441497.0,30852624481.0,SUCCESS,2026-10-09,2026-09-10
3435,3435.T,1510.0,7914369.0,11950697190.0,SUCCESS,2026-10-09,2026-09-10
5355,5355.T,659.0,6645345.0,4379282355.0,SUCCESS,2026-10-09,2026-09-10
5801,5801.T,4298.0,703496452.0,3023627750696.0,SUCCESS,2026-08-17,2026-08-11
5958,5958.T,4405.0,2803962.0,12351452610.0,SUCCESS,2026-10-09,2026-09-10
8802,8802.T,3675.0,1203128946.0,4421498876550.0,SUCCESS,2026-08-17,2026-08-11
3598,3598.T,155.0,14176887.0,2197417485.0,SUCCESS,2026-10-09,2026-09-10
8023,8023.T,1046.0,12514743.0,13090421178.0,SUCCESS,2026-10-09,2026-09-10
6349,6349.T,1987.0,53062716.0,105435616692.0,SUCCESS,2026-10-09,2026-09-10
4966,4966.T,21210.0,15964452.0,338606026920.0,SUCCESS,2026-10-09,2026-09-10
5609,5609.T,920.0,4821139.0,4435447880.0,SUCCESS,2026-08-17,2026-08-11
6918,6918.T,4420.0,5833403.0,25783641260.0,SUCCESS,2026-10-09,2026-09-10
4558,4558.T,200.0,10675477.0,2135095400.0,SUCCESS,2026-10-09,2026-09-10
3023,3023.T,1988.0,10540067.0,20953653196.0,SUCCESS,2026-10-09,2026-09-10
4894,4894.T,6310.0,8258680.0,52112270800.0,SUCCESS,2026-10-09,2026-09-10
9362,9362.T,3730.0,1199843.0,4475414390.0,SUCCESS,2026-08-17,2026-08-11
6436,6436.T,3813.0,69260743.0,264091213059.0,SUCCESS,2026-10-09,2026-09-10
9780,9780.T,1124.0,8914629.0,10020042996.0,SUCCESS,2026-10-09,2026-09-10
9799,9799.T,938.0,15252624.0,14306961312.0,SUCCESS,2026-10-09,2026-09-10
9605,9605.T,5810.0,62486932.0,363049074920.0,SUCCESS,2026-10-09,2026-09-10
8801,8801.T,1449.0,2692184027.0,3900974655123.0,SUCCESS,2026-08-17,2026-08-11
4386,4386.T,961.0,5726280.0,5502955080.0,SUCCESS,2026-10-09,2026-09-10
5258,5258.T,448.0,29675200.0,13294489600.0,SUCCESS,2026-08-17,2026-08-11
8084,8084.T,2482.0,21531736.0,53441768752.0,SUCCESS,2026-10-09,2026-09-10
4975,4975.T,6250.0,24619723.0,153873268750.0,SUCCESS,2026-10-09,2026-09-10
6875,6875.T,11790.0,14083143.0,166040255970.0,SUCCESS,2026-08-17,2026-08-11
475A,475A.T,657.0,5235200.0,3439526400.0,SUCCESS,2026-10-09,2026-09-10
9753,9753.T,1428.0,9570442.0,13666591176.0,SUCCESS,2026-10-09,2026-09-10
2317,2317.T,433.0,357455827.0,154778373091.0,SUCCESS,2026-10-09,2026-09-10
7226,7226.T,2126.0,38507221.0,81866351846.0,SUCCESS,2026-10-09,2026-09-10
4684,4684.T,5298.0,430554149.0,2281075881402.0,SUCCESS,2026-10-09,2026-09-10
8085,8085.T,4375.0,5004103.0,21892950625.0,SUCCESS,2026-10-09,2026-09-10
9934,9934.T,3072.0,112294152.0,344967634944.0,SUCCESS,2026-10-09,2026-09-10
9533,9533.T,1185.0,355906283.0,421748945355.0,SUCCESS,2026-08-17,2026-08-11
8892,8892.T,1108.0,95889133.0,106245159364.0,SUCCESS,2026-08-17,2026-08-11
6859,6859.T,4540.0,20900224.0,94887016960.0,SUCCESS,2026-10-09,2026-09-10
4237,4237.T,331.0,28574839.0,9458271709.0,SUCCESS,2026-10-09,2026-09-10
4389,4389.T,1027.0,10351497.0,10630987419.0,SUCCESS,2026-10-09,2026-09-10
7504,7504.T,4600.0,19553496.0,89946081600.0,SUCCESS,2026-10-09,2026-09-10
9820,9820.T,3735.0,1076266.0,4019853510.0,SUCCESS,2026-10-09,2026-09-10
4736,4736.T,614.0,5282979.0,3243749106.0,SUCCESS,2026-10-09,2026-09-10
6088,6088.T,602.0,80506353.0,48464824506.0,SUCCESS,2026-10-09,2026-09-10
6809,6809.T,1722.0,34695866.0,59746281252.0,SUCCESS,2026-10-09,2026-09-10
3839,3839.T,645.0,8194187.0,5285250615.0,SUCCESS,2026-10-09,2026-09-10
2454,2454.T,325.0,14089693.0,4579150225.0,SUCCESS,2026-10-09,2026-09-10
7912,7912.T,2930.0,427862341.0,1253636659130.0,SUCCESS,2026-10-09,2026-09-10
6158,6158.T,1002.0,6522351.0,6535395702.0,SUCCESS,2026-10-09,2026-09-10
7844,7844.T,517.0,55942459.0,28922251303.0,SUCCESS,2026-10-09,2026-09-10
4685,4685.T,2854.0,12754612.0,36401662648.0,SUCCESS,2026-10-09,2026-09-10
9625,9625.T,918.0,5481772.0,5032266696.0,SUCCESS,2026-10-09,2026-09-10
3622,3622.T,492.0,6998887.0,3443452404.0,SUCCESS,2026-10-09,2026-09-10
9405,9405.T,782.0,41570795.0,32508361690.0,SUCCESS,2026-10-09,2026-09-10
8081,8081.T,2578.0,22295661.0,57478214058.0,SUCCESS,2026-10-09,2026-09-10
8056,8056.T,4462.0,96615835.0,431099855770.0,SUCCESS,2026-08-17,2026-08-11
6632,6632.T,985.7999877929688,141348417.0,139341267753.15546,SUCCESS,2026-10-09,2026-09-10
4658,4658.T,1576.0,34660252.0,54624557152.0,SUCCESS,2026-10-09,2026-09-10
5333,5333.T,5630.0,281483262.0,1584750765060.0,SUCCESS,2026-10-09,2026-09-10
9322,9322.T,2481.0,7685247.0,19067097807.0,SUCCESS,2026-08-17,2026-08-11
4388,4388.T,353.0,6010707.0,2121779571.0,SUCCESS,2026-10-09,2026-09-10
3766,3766.T,1497.0,3418486.0,5117473542.0,SUCCESS,2026-10-09,2026-09-10
7723,7723.T,2859.0,15341653.0,43861785927.0,SUCCESS,2026-10-09,2026-09-10
7013,7013.T,3011.0,1060161928.0,3192147565208.0,SUCCESS,2026-08-17,2026-08-11
6430,6430.T,2298.0,14617492.0,33590996616.0,SUCCESS,2026-10-09,2026-09-10
5351,5351.T,1955.0,45633120.0,89212749600.0,SUCCESS,2026-10-09,2026-09-10
9025,9025.T,2775.0,53099618.0,147351439950.0,SUCCESS,2026-10-09,2026-09-10
4783,4783.T,2407.0,8022616.0,19310436712.0,SUCCESS,2026-10-09,2026-09-10
7896,7896.T,500.0,4463435.0,2231717500.0,SUCCESS,2026-10-09,2026-09-10
9639,9639.T,2303.0,22225053.0,51184297059.0,SUCCESS,2026-10-09,2026-09-10
7389,7389.T,1862.0,243733475.0,453831730450.0,SUCCESS,2026-08-17,2026-08-11
8157,8157.T,4270.0,18216575.0,77784775250.0,SUCCESS,2026-10-09,2026-09-10
8046,8046.T,921.0,17242250.0,15880112250.0,SUCCESS,2026-10-09,2026-09-10
8230,8230.T,312.0,18190387.0,5675400744.0,SUCCESS,2026-08-17,2026-08-11
4310,4310.T,2512.0,8738700.0,21951614400.0,SUCCESS,2026-10-09,2026-09-10
7350,7350.T,7990.0,21346641.0,170559661590.0,SUCCESS,2026-08-17,2026-08-11
9535,9535.T,411.0,68735573.0,28250320503.0,SUCCESS,2026-08-17,2026-08-11
8713,8713.T,2705.0,17955940.0,48570817700.0,SUCCESS,2026-08-17,2026-08-11
6848,6848.T,842.0,19503230.0,16421719660.0,SUCCESS,2026-10-09,2026-09-10
5953,5953.T,,,,NO_PRICE,2026-08-17,2026-08-11
9247,9247.T,2013.0,47024347.0,94660010511.0,SUCCESS,2026-08-17,2026-08-11
3835,3835.T,435.0,43943738.0,19115526030.0,SUCCESS,2026-10-09,2026-09-10
7189,7189.T,4844.0,139282463.0,674684250772.0,SUCCESS,2026-08-17,2026-08-11
9715,9715.T,3420.0,37472708.0,128156661360.0,SUCCESS,2026-10-09,2026-09-10
7208,7208.T,1216.0,5113182.0,6217629312.0,SUCCESS,2026-10-09,2026-09-10
7322,7322.T,2078.0,104061452.0,216239697256.0,SUCCESS,2026-08-17,2026-08-11
3800,3800.T,1958.0,7100348.0,13902481384.0,SUCCESS,2026-10-09,2026-09-10
4208,4208.T,3653.0,97144637.0,354869358961.0,SUCCESS,2026-08-17,2026-08-11
5805,5805.T,2847.0,29628293.0,84351750171.0,SUCCESS,2026-10-09,2026-09-10
4246,4246.T,1066.0,64153956.0,68388117096.0,SUCCESS,2026-10-09,2026-09-10
7384,7384.T,4765.0,28315189.0,134921875585.0,SUCCESS,2026-08-17,2026-08-11
8418,8418.T,3183.0,201531702.0,641475407466.0,SUCCESS,2026-08-17,2026-08-11
4674,4674.T,1977.0,39626598.0,78341784246.0,SUCCESS,2026-10-09,2026-09-10
6841,6841.T,4621.0,248981906.0,1150545387626.0,SUCCESS,2026-10-09,2026-09-10
7161,7161.T,578.0,26703442.0,15434589476.0,SUCCESS,2026-08-17,2026-08-11
5406,5406.T,2002.0,395453033.0,791696972066.0,SUCCESS,2026-08-17,2026-08-11
5208,5208.T,2880.0,32776284.0,94395697920.0,SUCCESS,2026-10-09,2026-09-10
1738,1738.T,,,,NO_PRICE,2026-09-08,nan
2488,2488.T,1448.0,5378668.0,7788311264.0,SUCCESS,2026-10-09,2026-09-10
417A,417A.T,1786.0,203584770.0,363602399220.0,SUCCESS,2026-08-17,2026-08-11
9368,9368.T,915.0,41126078.0,37630361370.0,SUCCESS,2026-10-09,2026-09-10
8630,8630.T,6714.0,888769516.0,5967198530424.0,SUCCESS,2026-08-17,2026-08-11
5938,5938.T,1746.0,287593061.0,502137484506.0,SUCCESS,2026-08-17,2026-08-11
4216,4216.T,7400.0,18783892.0,139000800800.0,SUCCESS,2026-10-09,2026-09-10
5576,5576.T,3065.0,2325831.0,7128672015.0,SUCCESS,2026-10-09,2026-09-10
5830,5830.T,4005.0,287098628.0,1149830005140.0,SUCCESS,2026-08-17,2026-08-11
9902,9902.T,3225.0,29128028.0,93937890300.0,SUCCESS,2026-10-09,2026-09-10
8130,8130.T,3150.0,58791486.0,185193180900.0,SUCCESS,2026-10-09,2026-09-10
9640,9640.T,1930.0,16199377.0,31264797610.0,SUCCESS,2026-10-09,2026-09-10
8377,8377.T,8577.0,119402038.0,1024111279926.0,SUCCESS,2026-08-17,2026-08-11
4299,4299.T,1172.0,10422952.0,12215699744.0,SUCCESS,2026-10-09,2026-09-10
9857,9857.T,2583.0,6328599.0,16346771217.0,SUCCESS,2026-10-09,2026-09-10
8088,8088.T,2244.0,230175259.0,516513281196.0,SUCCESS,2026-08-17,2026-08-11
5367,5367.T,1468.0,11955254.0,17550312872.0,SUCCESS,2026-10-09,2026-09-10
8860,8860.T,766.0,35864453.0,27472170998.0,SUCCESS,2026-08-17,2026-08-11
9663,9663.T,4795.0,15498622.0,74315892490.0,SUCCESS,2026-10-09,2026-09-10
5832,5832.T,3530.0,177766230.0,627514791900.0,SUCCESS,2026-08-17,2026-08-11
5136,5136.T,1896.0,5937491.0,11257482936.0,SUCCESS,2026-08-17,2026-08-11
7173,7173.T,1798.0,286255176.0,514686806448.0,SUCCESS,2026-08-17,2026-08-11
462A,462A.T,248.0,23880101.0,5922265048.0,SUCCESS,2026-10-09,2026-09-10
7857,7857.T,1272.0,4165443.0,5298443496.0,SUCCESS,2026-10-09,2026-09-10
7327,7327.T,2519.0,262445800.0,661100970200.0,SUCCESS,2026-08-17,2026-08-11
7167,7167.T,1671.0,938552477.0,1568321189067.0,SUCCESS,2026-08-17,2026-08-11
4743,4743.T,1618.0,26463156.0,42817386408.0,SUCCESS,2026-10-09,2026-09-10
8917,8917.T,1064.0,13913583.0,14804052312.0,SUCCESS,2026-10-09,2026-09-10
9436,9436.T,3715.0,91674479.0,340570689485.0,SUCCESS,2026-10-09,2026-09-10
9326,9326.T,500.0,10133907.0,5066953500.0,SUCCESS,2026-08-17,2026-08-11
5025,5025.T,570.0,2669399.0,1521557430.0,SUCCESS,2026-10-09,2026-09-10
7811,7811.T,2260.0,8848685.0,19998028100.0,SUCCESS,2026-10-09,2026-09-10
4434,4434.T,2560.0,7415594.0,18983920640.0,SUCCESS,2026-10-09,2026-09-10
7066,7066.T,436.0,9004443.0,3925937148.0,SUCCESS,2026-10-09,2026-09-10
7072,7072.T,1096.0,3141729.0,3443334984.0,SUCCESS,2026-10-09,2026-09-10
3939,3939.T,500.0,47457294.0,23728647000.0,SUCCESS,2026-10-09,2026-09-10
2974,2974.T,,,,NO_PRICE,2026-08-17,2026-08-11
7356,7356.T,112.0,14955953.0,1675066736.0,SUCCESS,2026-10-09,2026-09-10
3687,3687.T,2213.0,32303258.0,71487109954.0,SUCCESS,2026-10-09,2026-09-10
5532,5532.T,3610.0,6497730.0,23456805300.0,SUCCESS,2026-08-17,2026-08-11
2983,2983.T,1689.0,10672422.0,18025720758.0,SUCCESS,2026-08-17,2026-08-11
9636,9636.T,4180.0,2787966.0,11653697880.0,SUCCESS,2026-08-17,2026-08-11
6619,6619.T,162.0,60324882.0,9772630884.0,SUCCESS,2026-08-17,2026-08-11
145A,145A.T,855.0,5147665.0,4401253575.0,SUCCESS,2026-10-09,2026-09-10
3045,3045.T,1500.0,2132740.0,3199110000.0,SUCCESS,2026-08-17,2026-08-11
2927,2927.T,891.0,14559605.0,12972608055.0,SUCCESS,2026-08-17,2026-08-11
3498,3498.T,7960.0,24538772.0,195328625120.0,SUCCESS,2026-10-09,2026-09-10
276A,276A.T,4175.0,5058023.0,21117246025.0,SUCCESS,2026-10-09,2026-09-10
472A,472A.T,572.0,16984150.0,9714933800.0,SUCCESS,2026-10-09,2026-09-10
5588,5588.T,695.0,11087925.0,7706107875.0,SUCCESS,2026-10-09,2026-09-10
4811,4811.T,913.0,11617985.0,10607220305.0,SUCCESS,2026-10-09,2026-09-10
7870,7870.T,,,,NO_PRICE,2026-09-08,nan
6376,6376.T,3720.0,65264477.0,242783854440.0,SUCCESS,2026-08-17,2026-08-11
148A,148A.T,1759.0,1920600.0,3378335400.0,SUCCESS,2026-10-09,2026-09-10
4722,4722.T,2427.0,88675961.0,215216557347.0,SUCCESS,2026-10-09,2026-09-10
5590,5590.T,683.0,16890743.0,11536377469.0,SUCCESS,2026-08-17,2026-08-11
4493,4493.T,3700.0,10052387.0,37193831900.0,SUCCESS,2026-10-09,2026-09-10
6627,6627.T,12000.0,9096989.0,109163868000.0,SUCCESS,2026-08-13,2026-08-11
3040,3040.T,3085.0,18541390.0,57200188150.0,SUCCESS,2026-10-09,2026-09-10
9731,9731.T,3435.0,3750649.0,12883479315.0,SUCCESS,2026-08-17,2026-08-11
4178,4178.T,985.0,3743600.0,3687446000.0,SUCCESS,2026-10-09,2026-09-10
3902,3902.T,,,,NO_PRICE,2026-09-08,nan
3457,3457.T,922.0,19968606.0,18411054732.0,SUCCESS,2026-08-17,2026-08-11
5885,5885.T,3070.0,5497892.0,16878528440.0,SUCCESS,2026-10-09,2026-09-10
8887,8887.T,388.0,37606254.0,14591226552.0,SUCCESS,2026-08-17,2026-08-11
402A,402A.T,279.0,66682400.0,18604389600.0,SUCCESS,2026-10-09,2026-09-10
4885,4885.T,906.0,4025074.0,3646717044.0,SUCCESS,2026-10-09,2026-09-10
3824,3824.T,,,,NO_PRICE,2026-09-08,2026-08-11
202A,202A.T,,,,NO_PRICE,2026-09-08,nan
5856,5856.T,,,,NO_PRICE,2026-09-08,nan
5595,5595.T,,,,NO_PRICE,2026-09-08,nan
7425,7425.T,1115.0,6599946.0,7358939790.0,SUCCESS,2026-10-09,2026-09-10
9441,9441.T,2988.0,12240712.0,36575247456.0,SUCCESS,2026-10-09,2026-09-10
5542,5542.T,1266.0,6656032.0,8426536512.0,SUCCESS,2026-10-09,2026-09-10
2429,2429.T,2766.0,17899931.0,49511209146.0,SUCCESS,2026-08-17,2026-08-11
4985,4985.T,4700.0,21919185.0,103020169500.0,SUCCESS,2026-10-09,2026-09-10
3261,3261.T,450.0,4100037.0,1845016650.0,SUCCESS,2026-10-09,2026-09-10
5139,5139.T,910.0,20767835.0,18898729850.0,SUCCESS,2026-10-09,2026-09-10
4631,4631.T,5567.0,94713104.0,527267849968.0,SUCCESS,2026-08-17,2026-08-11
6031,6031.T,259.0,20410640.0,5286355760.0,SUCCESS,2026-08-17,2026-08-11
2788,2788.T,400.0,12923124.0,5169249600.0,SUCCESS,2026-10-09,2026-09-10
4979,4979.T,2865.0,10106517.0,28955171205.0,SUCCESS,2026-10-09,2026-09-10
2752,2752.T,1107.0,51267463.0,56753081541.0,SUCCESS,2026-08-17,2026-08-11
6266,6266.T,4755.0,14492936.0,68913910680.0,SUCCESS,2026-10-09,2026-09-10
4582,4582.T,73.0,72147741.0,5266785093.0,SUCCESS,2026-08-17,2026-08-11
9416,9416.T,1024.0,47730113.0,48875635712.0,SUCCESS,2026-10-09,2026-09-10
3054,3054.T,384.0,9668192.0,3712585728.0,SUCCESS,2026-10-09,2026-09-10
5589,5589.T,3000.0,7268575.0,21805725000.0,SUCCESS,2026-10-09,2026-09-10
2986,2986.T,2832.0,22924269.0,64921529808.0,SUCCESS,2026-08-17,2026-08-11
3277,3277.T,786.0,16264846.0,12784168956.0,SUCCESS,2026-10-09,2026-09-10
7128,7128.T,2906.0,23945582.0,69585861292.0,SUCCESS,2026-10-09,2026-09-10
6537,6537.T,299.0,6925367.0,2070684733.0,SUCCESS,2026-08-17,2026-08-11
9337,9337.T,1402.0,3302776.0,4630491952.0,SUCCESS,2026-08-17,2026-08-11
1449,1449.T,,,,NO_PRICE,2026-09-08,2026-08-11
7080,7080.T,889.0,7337044.0,6522632116.0,SUCCESS,2026-10-09,2026-09-10
130A,130A.T,426.0,6487114.0,2763510564.0,SUCCESS,2026-10-09,2026-09-10
3566,3566.T,689.0,10112400.0,6967443600.0,SUCCESS,2026-10-09,2026-09-10
1718,1718.T,2300.0,1074369.0,2471048700.0,SUCCESS,2026-10-09,2026-09-10
4772,4772.T,75.0,115894871.0,8692115325.0,SUCCESS,2026-10-09,2026-09-10
4375,4375.T,670.0,55813169.0,37394823230.0,SUCCESS,2026-10-09,2026-09-10
3912,3912.T,1041.0,6493838.0,6760085358.0,SUCCESS,2026-10-09,2026-09-10
7944,7944.T,3670.0,26408301.0,96918464670.0,SUCCESS,2026-10-09,2026-09-10
9245,9245.T,2076.0,5341166.0,11088260616.0,SUCCESS,2026-10-09,2026-09-10
2700,2700.T,1755.0,8186082.0,14366573910.0,SUCCESS,2026-10-09,2026-09-10
3299,3299.T,1601.0,23578389.0,37749000789.0,SUCCESS,2026-10-09,2026-09-10
3744,3744.T,470.0,8669062.0,4074459140.0,SUCCESS,2026-08-17,2026-08-11
5867,5867.T,1339.0,3164741.0,4237588199.0,SUCCESS,2026-10-09,2026-09-10
6250,6250.T,4340.0,40928279.0,177628730860.0,SUCCESS,2026-10-09,2026-09-10
4588,4588.T,5970.0,29440757.0,175761319290.0,SUCCESS,2026-10-09,2026-09-10
6400,6400.T,292.0,8094660.0,2363640720.0,SUCCESS,2026-08-17,2026-08-11
7314,7314.T,1352.0,3186142.0,4307663984.0,SUCCESS,2026-10-09,2026-09-10
4633,4633.T,2627.0,48751138.0,128069239526.0,SUCCESS,2026-10-09,2026-09-10
8804,8804.T,3360.0,207139048.0,695987201280.0,SUCCESS,2026-08-17,2026-08-11
6029,6029.T,192.0,10466734.0,2009612928.0,SUCCESS,2026-10-09,2026-09-10
6383,6383.T,5773.0,371839156.0,2146627447588.0,SUCCESS,2026-10-09,2026-09-10
8929,8929.T,1297.0,24065238.0,31212613686.0,SUCCESS,2026-10-09,2026-09-10
2932,2932.T,1108.0,17778303.0,19698359724.0,SUCCESS,2026-08-17,2026-08-11
4344,4344.T,107.0,138314976.0,14799702432.0,SUCCESS,2026-10-09,2026-09-10
4933,4933.T,2303.0,17791029.0,40972739787.0,SUCCESS,2026-10-09,2026-09-10
7531,7531.T,1311.0,3933391.0,5156675601.0,SUCCESS,2026-10-09,2026-09-10
6612,6612.T,576.0,8512314.0,4903092864.0,SUCCESS,2026-10-09,2026-09-10
3064,3064.T,2250.0,491772534.0,1106488201500.0,SUCCESS,2026-10-09,2026-09-10
9339,9339.T,1484.0,2384276.0,3538265584.0,SUCCESS,2026-10-09,2026-09-10
5950,5950.T,144.0,13777474.0,1983956256.0,SUCCESS,2026-10-09,2026-09-10
431A,431A.T,2636.0,8267469.0,21793048284.0,SUCCESS,2026-10-09,2026-09-10
334A,334A.T,1160.0,3323800.0,3855608000.0,SUCCESS,2026-10-09,2026-09-10
2931,2931.T,353.0,139252138.0,49156004714.0,SUCCESS,2026-08-17,2026-08-11
5597,5597.T,1340.0,4032201.0,5403149340.0,SUCCESS,2026-08-17,2026-08-11
3276,3276.T,2250.0,16738754.0,37662196500.0,SUCCESS,2026-10-09,2026-09-10
4351,4351.T,845.0,4259566.0,3599333270.0,SUCCESS,2026-10-09,2026-09-10
7043,7043.T,940.0,2554247.0,2400992180.0,SUCCESS,2026-10-09,2026-09-10
2491,2491.T,451.0,21738086.0,9803876786.0,SUCCESS,2026-10-09,2026-09-10
4012,4012.T,1723.0,4296547.0,7402950481.0,SUCCESS,2026-10-09,2026-09-10
2533,2533.T,475.0,55697075.0,26456110625.0,SUCCESS,2026-08-17,2026-08-11
2982,2982.T,428.0,49369984.0,21130353152.0,SUCCESS,2026-08-17,2026-08-11
1899,1899.T,4675.0,16138337.0,75446725475.0,SUCCESS,2026-10-09,2026-09-10
3914,3914.T,2650.0,6579663.0,17436106950.0,SUCCESS,2026-10-09,2026-09-10
2268,2268.T,4050.0,9635837.0,39025139850.0,SUCCESS,2026-10-09,2026-09-10
7036,7036.T,662.0,3867546.0,2560315452.0,SUCCESS,2026-10-09,2026-09-10
6099,6099.T,706.0,60485953.0,42703082818.0,SUCCESS,2026-10-09,2026-09-10
7133,7133.T,1318.0,7131872.0,9399807296.0,SUCCESS,2026-08-17,2026-08-11
391A,391A.T,,,,NO_PRICE,2026-08-17,nan
2678,2678.T,1242.0,89533572.0,111200696424.0,SUCCESS,2026-08-17,2026-08-11
4934,4934.T,584.0,8720379.0,5092701336.0,SUCCESS,2026-10-09,2026-09-10
4552,4552.T,498.0,122016830.0,60764381340.0,SUCCESS,2026-08-17,2026-08-11
186A,186A.T,1317.0,138392400.0,182262790800.0,SUCCESS,2026-08-17,2026-08-11
3903,3903.T,194.0,53897034.0,10456024596.0,SUCCESS,2026-10-09,2026-09-10
7050,7050.T,1411.0,8958200.0,12640020200.0,SUCCESS,2026-10-09,2026-09-10
184A,184A.T,333.0,3413500.0,1136695500.0,SUCCESS,2026-10-09,2026-09-10
7604,7604.T,897.0,8884940.0,7969791180.0,SUCCESS,2026-08-17,2026-08-11
3070,3070.T,40.0,80689811.0,3227592440.0,SUCCESS,2026-10-09,2026-09-10
8282,8282.T,1657.0,154510458.0,256023828906.0,SUCCESS,2026-10-09,2026-09-10
215A,215A.T,1437.0,99735797.0,143320340289.0,SUCCESS,2026-10-09,2026-09-10
5032,5032.T,3085.0,59950898.0,184948520330.0,SUCCESS,2026-10-09,2026-09-10
500A,500A.T,3425.0,3516400.0,12043670000.0,SUCCESS,2026-10-09,2026-09-10
9024,9024.T,3278.0,254177788.0,833194789064.0,SUCCESS,2026-08-17,2026-08-11
6822,6822.T,5030.0,1169169.0,5880920070.0,SUCCESS,2026-10-09,2026-09-10
3134,3134.T,296.0,16001001.0,4736296296.0,SUCCESS,2026-10-09,2026-09-10
1766,1766.T,12530.0,11100930.0,139094652900.0,SUCCESS,2026-10-09,2026-09-10
3180,3180.T,1674.0,12545211.0,21000683214.0,SUCCESS,2026-10-09,2026-09-10
2334,2334.T,587.0,42651470.0,25036412890.0,SUCCESS,2026-10-09,2026-09-10
1436,1436.T,1714.0,12367095.0,21197200830.0,SUCCESS,2026-10-09,2026-09-10
6418,6418.T,1257.0,27125037.0,34096171509.0,SUCCESS,2026-10-09,2026-09-10
3524,3524.T,1507.0,2593164.0,3907898148.0,SUCCESS,2026-08-17,2026-08-11
441A,441A.T,262.0,33063892.0,8662739704.0,SUCCESS,2026-10-09,2026-09-10
9204,9204.T,409.0,60157170.0,24604282530.0,SUCCESS,2026-08-17,2026-08-11
7777,7777.T,407.0,127981235.0,52088362645.0,SUCCESS,2026-10-09,2026-09-10
556A,556A.T,2897.0,2739500.0,7936331500.0,SUCCESS,2026-10-09,2026-09-10
2593,2593.T,3136.0,115230321.0,361362286656.0,SUCCESS,2026-10-09,2026-09-10
6656,6656.T,908.0,4013008.0,3643811264.0,SUCCESS,2026-08-17,2026-08-11
469A,469A.T,1595.0,1066090.0,1700413550.0,SUCCESS,2026-08-17,2026-08-11
1982,1982.T,3255.0,41265040.0,134317705200.0,SUCCESS,2026-10-09,2026-09-10
7083,7083.T,1059.0,2066025.0,2187920475.0,SUCCESS,2026-08-17,2026-08-11
4673,4673.T,4910.0,875066.0,4296574060.0,SUCCESS,2026-10-09,2026-09-10
3077,3077.T,1458.0,6929561.0,10103299938.0,SUCCESS,2026-10-09,2026-09-10
3139,3139.T,3425.0,10010608.0,34286332400.0,SUCCESS,2026-10-09,2026-09-10
6558,6558.T,678.0,2787987.0,1890255186.0,SUCCESS,2026-08-17,2026-08-11
418A,418A.T,,,,NO_PRICE,2026-09-08,nan
4616,4616.T,3010.0,995435.0,2996259350.0,SUCCESS,2026-10-09,2026-09-10
3266,3266.T,79.0,37632270.0,2972949330.0,SUCCESS,2026-10-09,2026-09-10
4197,4197.T,2441.0,1158437.0,2827744717.0,SUCCESS,2026-10-09,2026-09-10
280A,280A.T,1061.0,3734800.0,3962622800.0,SUCCESS,2026-10-09,2026-09-10
5341,5341.T,123.0,9162188.0,1126949124.0,SUCCESS,2026-10-09,2026-09-10
3547,3547.T,1842.0,10843117.0,19973021514.0,SUCCESS,2026-08-17,2026-08-11
2493,2493.T,938.0,4424458.0,4150141604.0,SUCCESS,2026-10-09,2026-09-10
3168,3168.T,1232.0,14153884.0,17437585088.0,SUCCESS,2026-10-09,2026-09-10
9972,9972.T,271.0,13769369.0,3731498999.0,SUCCESS,2026-10-09,2026-09-10
3377,3377.T,414.0,14319199.0,5928148386.0,SUCCESS,2026-10-09,2026-09-10
4250,4250.T,,,,NO_PRICE,2026-09-08,2026-08-11
3267,3267.T,622.0,5372176.0,3341493472.0,SUCCESS,2026-10-09,2026-09-10
138A,138A.T,3155.0,992000.0,3129760000.0,SUCCESS,2026-10-09,2026-09-10
5246,5246.T,1065.0,27225514.0,28995172410.0,SUCCESS,2026-10-09,2026-09-10
9215,9215.T,1005.0,1872899.0,1882263495.0,SUCCESS,2026-10-09,2026-09-10
7227,7227.T,,,,NO_PRICE,2026-08-17,nan
3454,3454.T,1261.0,14024290.0,17684629690.0,SUCCESS,2026-08-17,2026-08-11
4361,4361.T,1770.0,1217361.0,2154728970.0,SUCCESS,2026-10-09,2026-09-10
1882,1882.T,1550.0,46207588.0,71621761400.0,SUCCESS,2026-10-09,2026-09-10
6664,6664.T,251.0,15000000.0,3765000000.0,SUCCESS,2026-10-09,2026-09-10
3192,3192.T,299.0,6655962.0,1990132638.0,SUCCESS,2026-08-17,2026-08-11
9647,9647.T,6700.0,584744.0,3917784800.0,SUCCESS,2026-10-09,2026-09-10
4995,4995.T,,,,NO_PRICE,2026-09-08,2026-08-11
7991,7991.T,1047.0,10327795.0,10813201365.0,SUCCESS,2026-10-09,2026-09-10
9558,9558.T,1997.0,3936499.0,7861188503.0,SUCCESS,2026-10-09,2026-09-10
8015,8015.T,7121.0,937680488.0,6677222755048.0,SUCCESS,2026-10-09,2026-09-10
3186,3186.T,3625.0,78392038.0,284171137750.0,SUCCESS,2026-08-17,2026-08-11
4568,4568.T,2660.0,1819653230.0,4840277591800.0,SUCCESS,2026-08-17,2026-08-11
6380,6380.T,3625.0,1774217.0,6431536625.0,SUCCESS,2026-08-17,2026-08-11
5253,5253.T,1570.0,63770316.0,100119396120.0,SUCCESS,2026-10-09,2026-09-10
7042,7042.T,657.0,3455810.0,2270467170.0,SUCCESS,2026-10-09,2026-09-10
6574,6574.T,111.0,498635900.0,55348584900.0,SUCCESS,2026-08-17,2026-08-11
7985,7985.T,704.0,957496.0,674077184.0,NO_PRICE,2026-10-09,2026-09-10
3925,3925.T,1361.0,13515846.0,18395066406.0,SUCCESS,2026-10-09,2026-09-10
2321,2321.T,136.0,51987302.0,7070273072.0,SUCCESS,2026-10-09,2026-09-10
5721,5721.T,48.0,177719500.0,8530536000.0,SUCCESS,2026-10-09,2026-09-10
7363,7363.T,1361.0,890752.0,1212313472.0,SUCCESS,2026-10-09,2026-09-10
6840,6840.T,787.0,9184580.0,7228264460.0,SUCCESS,2026-08-17,2026-08-11
554A,554A.T,1375.0,4622300.0,6355662500.0,SUCCESS,2026-10-09,2026-09-10
7886,7886.T,713.0,1648357.0,1175278541.0,SUCCESS,2026-08-17,2026-08-11
6069,6069.T,658.0,7759536.0,5105774688.0,SUCCESS,2026-10-09,2026-09-10
4882,4882.T,153.0,18429410.0,2819699730.0,SUCCESS,2026-10-09,2026-09-10
7138,7138.T,132.0,15984393.0,2109939876.0,SUCCESS,2026-10-09,2026-09-10
8154,8154.T,5370.0,47659032.0,255929001840.0,SUCCESS,2026-10-09,2026-09-10
6579,6579.T,338.0,3803000.0,1285414000.0,SUCCESS,2026-10-09,2026-09-10
8136,8136.T,1237.0,1212430166.0,1499776115342.0,SUCCESS,2026-10-09,2026-09-10
6195,6195.T,202.0,13521456.0,2731334112.0,SUCCESS,2026-10-09,2026-09-10
7980,7980.T,868.0,7111364.0,6172663952.0,SUCCESS,2026-08-17,2026-08-11
7426,7426.T,670.0,1110839.0,744262130.0,SUCCESS,2026-08-17,2026-08-11
3059,3059.T,710.0,4867407.0,3455858970.0,SUCCESS,2026-10-09,2026-09-10
7872,7872.T,616.0,10477570.0,6454183120.0,SUCCESS,2026-10-09,2026-09-10
2656,2656.T,143.0,31861700.0,4556223100.0,SUCCESS,2026-10-09,2026-09-10
9904,9904.T,227.0,27134232.0,6159470664.0,SUCCESS,2026-10-09,2026-09-10
3205,3205.T,736.0,27393867.0,20161886112.0,SUCCESS,2026-08-17,2026-08-11
7538,7538.T,388.0,12187247.0,4728651836.0,SUCCESS,2026-10-09,2026-09-10
7721,7721.T,6770.0,16432986.0,111251315220.0,SUCCESS,2026-10-09,2026-09-10
3179,3179.T,1137.0,21219008.0,24126012096.0,SUCCESS,2026-10-09,2026-09-10
7522,7522.T,845.0,40104432.0,33888245040.0,SUCCESS,2026-10-09,2026-09-10
7836,7836.T,72.0,35129566.0,2529328752.0,SUCCESS,2026-10-09,2026-09-10
8105,8105.T,63.0,64454391.0,4060626633.0,SUCCESS,2026-10-09,2026-09-10
8141,8141.T,1569.0,28549899.0,44794791531.0,SUCCESS,2026-10-09,2026-09-10
6298,6298.T,1303.0,17549601.0,22867130103.0,SUCCESS,2026-10-09,2026-09-10
7187,7187.T,1390.0,17830576.0,24784500640.0,SUCCESS,2026-08-17,2026-08-11
8518,8518.T,142.0,27486383.0,3903066386.0,SUCCESS,2026-08-17,2026-08-11
4584,4584.T,169.0,49630825.0,8387609425.0,SUCCESS,2026-08-17,2026-08-11
6104,6104.T,4925.0,23647012.0,116461534100.0,SUCCESS,2026-10-09,2026-09-10
2894,2894.T,350.0,16646719.0,5826351650.0,SUCCESS,2026-08-17,2026-08-11
3641,3641.T,1000.0,7750163.0,7750163000.0,SUCCESS,2026-10-09,2026-09-10
6439,6439.T,,,,NO_PRICE,2026-08-17,nan
8135,8135.T,420.0,19574747.0,8221393740.0,SUCCESS,2026-10-09,2026-09-10
7771,7771.T,308.0,23970255.0,7382838540.0,SUCCESS,2026-08-17,2026-08-11
8012,8012.T,1210.5,408324973.0,494277379816.5,SUCCESS,2026-10-09,2026-09-10
9035,9035.T,,,,NO_PRICE,2026-08-17,2026-08-11
7868,7868.T,538.0,147882240.0,79560645120.0,SUCCESS,2026-10-09,2026-09-10
7114,7114.T,776.0,4461907.0,3462439832.0,SUCCESS,2026-10-09,2026-09-10
3750,3750.T,792.0,8928099.0,7071054408.0,SUCCESS,2026-08-17,2026-08-11
7413,7413.T,3000.0,699673.0,2099019000.0,SUCCESS,2026-10-09,2026-09-10
7062,7062.T,686.0,2608535.0,1789455010.0,SUCCESS,2026-10-09,2026-09-10
7746,7746.T,768.0,29091602.0,22342350336.0,SUCCESS,2026-08-17,2026-08-11
6070,6070.T,2520.0,11876642.0,29929137840.0,SUCCESS,2026-10-09,2026-09-10
8835,8835.T,788.0,7779275.0,6130068700.0,SUCCESS,2026-08-17,2026-08-11
6857,6857.T,41610.0,722281552.0,30054135378720.0,SUCCESS,2026-10-09,2026-09-10
5985,5985.T,2580.0,30291278.0,78151497240.0,SUCCESS,2026-10-09,2026-09-10
6138,6138.T,1906.0,2971435.0,5663555110.0,SUCCESS,2026-10-09,2026-09-10
9723,9723.T,636.0,12065158.0,7673440488.0,SUCCESS,2026-08-17,2026-08-11
6218,6218.T,649.0,6304127.0,4091378423.0,SUCCESS,2026-08-17,2026-08-11
6580,6580.T,813.0,4970616.0,4041110808.0,SUCCESS,2026-10-09,2026-09-10
9849,9849.T,4470.0,675959.0,3021536730.0,SUCCESS,2026-10-09,2026-09-10
6545,6545.T,771.0,5345901.0,4121689671.0,SUCCESS,2026-10-09,2026-09-10
6637,6637.T,4260.0,12264553.0,52246995780.0,SUCCESS,2026-10-09,2026-09-10
1892,1892.T,,,,NO_PRICE,2026-09-08,nan
5280,5280.T,2150.0,6957233.0,14958050950.0,SUCCESS,2026-10-09,2026-09-10
477A,477A.T,689.0,4131000.0,2846259000.0,SUCCESS,2026-08-17,2026-08-11
6522,6522.T,1084.0,8038720.0,8713972480.0,SUCCESS,2026-10-09,2026-09-10
7067,7067.T,1070.0,1575715.0,1686015050.0,SUCCESS,2026-10-09,2026-09-10
7046,7046.T,1294.0,2093158.0,2708546452.0,SUCCESS,2026-10-09,2026-09-10
5802,5802.T,2360.5,3119679500.0,7364003459750.0,SUCCESS,2026-10-09,2026-09-10
2764,2764.T,165.0,70647411.0,11656822815.0,SUCCESS,2026-10-09,2026-09-10
4571,4571.T,79.0,83504429.0,6596849891.0,SUCCESS,2026-10-09,2026-09-10
7273,7273.T,599.0,29261220.0,17527470780.0,SUCCESS,2026-08-17,2026-08-11
7946,7946.T,322.0,2500825.0,805265650.0,NO_PRICE,2026-10-09,2026-09-10
330A,330A.T,534.0,5553500.0,2965569000.0,SUCCESS,2026-10-09,2026-09-10
2286,2286.T,888.0,8166231.0,7251613128.0,SUCCESS,2026-10-09,2026-09-10
8137,8137.T,4830.0,15628099.0,75483718170.0,SUCCESS,2026-10-09,2026-09-10
1380,1380.T,1000.0,4169122.0,4169122000.0,SUCCESS,2026-08-17,2026-08-11
5962,5962.T,2235.0,960586.0,2146909710.0,SUCCESS,2026-10-09,2026-09-10
6417,6417.T,2061.5,197513729.0,407174552333.5,SUCCESS,2026-10-09,2026-09-10
7990,7990.T,2370.0,21207926.0,50262784620.0,SUCCESS,2026-10-09,2026-09-10
8152,8152.T,7330.0,1937786.0,14203971380.0,SUCCESS,2026-10-09,2026-09-10
8091,8091.T,2261.0,8401549.0,18995902289.0,SUCCESS,2026-10-09,2026-09-10
7464,7464.T,1500.0,1756132.0,2634198000.0,SUCCESS,2026-10-09,2026-09-10
7822,7822.T,259.0,44195382.0,11446603938.0,SUCCESS,2026-08-17,2026-08-11
4629,4629.T,2279.0,4575177.0,10426828383.0,SUCCESS,2026-10-09,2026-09-10
5261,5261.T,7670.0,5557069.0,42622719230.0,SUCCESS,2026-08-17,2026-08-11
2055,2055.T,344.0,18111793.0,6230456792.0,SUCCESS,2026-10-09,2026-09-10
5915,5915.T,2194.0,4582060.0,10053039640.0,SUCCESS,2026-10-09,2026-09-10
3375,3375.T,1738.0,1258433.0,2187156554.0,SUCCESS,2026-10-09,2026-09-10
6989,6989.T,2265.0,7845093.0,17769135645.0,SUCCESS,2026-10-09,2026-09-10
7192,7192.T,669.0,14701975.0,9835621275.0,SUCCESS,2026-10-09,2026-09-10
8147,8147.T,1435.0,5187118.0,7443514330.0,SUCCESS,2026-10-09,2026-09-10
6648,6648.T,1598.0,16015485.0,25592745030.0,SUCCESS,2026-10-09,2026-09-10
2440,2440.T,112.0,56374138.0,6313903456.0,SUCCESS,2026-10-09,2026-09-10
1853,1853.T,320.0,32749698.0,10479903360.0,SUCCESS,2026-10-09,2026-09-10
4234,4234.T,1000.0,9631907.0,9631907000.0,SUCCESS,2026-10-09,2026-09-10
4720,4720.T,244.0,8031441.0,1959671604.0,SUCCESS,2026-08-17,2026-08-11
4387,4387.T,551.0,4749636.0,2617049436.0,SUCCESS,2026-10-09,2026-09-10
3936,3936.T,127.0,36562189.0,4643398003.0,SUCCESS,2026-10-09,2026-09-10
5142,5142.T,1966.0,13665593.0,26866555838.0,SUCCESS,2026-10-09,2026-09-10
9254,9254.T,1103.0,1602175.0,1767199025.0,SUCCESS,2026-08-17,2026-08-11
366A,366A.T,1207.0,12463400.0,15043323800.0,SUCCESS,2026-10-09,2026-09-10
4347,4347.T,1825.0,7127169.0,13007083425.0,SUCCESS,2026-10-09,2026-09-10
6023,6023.T,3295.0,25431475.0,83796710125.0,SUCCESS,2026-10-09,2026-09-10
6647,6647.T,3430.0,1323400.0,4539262000.0,SUCCESS,2026-10-09,2026-09-10
2737,2737.T,32550.0,6800843.0,221367439650.0,SUCCESS,2026-08-17,2026-08-11
4664,4664.T,1125.0,3008699.0,3384786375.0,SUCCESS,2026-10-09,2026-09-10
7060,7060.T,591.0,10159509.0,6004269819.0,SUCCESS,2026-10-09,2026-09-10
9171,9171.T,1555.0,11883040.0,18478127200.0,SUCCESS,2026-08-17,2026-08-11
6750,6750.T,1978.0,80538614.0,159305378492.0,SUCCESS,2026-10-09,2026-09-10
6846,6846.T,,,,NO_PRICE,2026-09-08,nan
6836,6836.T,961.0,4745910.0,4560819510.0,SUCCESS,2026-10-09,2026-09-10
1491,1491.T,685.0,14369676.0,9843228060.0,SUCCESS,2026-10-09,2026-09-10
9867,9867.T,10300.0,863857.0,8897727100.0,SUCCESS,2026-10-09,2026-09-10
6655,6655.T,,,,NO_PRICE,2026-09-08,nan
3945,3945.T,2180.0,1485149.0,3237624820.0,SUCCESS,2026-10-09,2026-09-10
7018,7018.T,12140.0,1694755.0,20574325700.0,SUCCESS,2026-08-17,2026-08-11
1861,1861.T,1196.0,169939127.0,203247195892.0,SUCCESS,2026-10-09,2026-09-10
7722,7722.T,749.0,13474166.0,10092150334.0,SUCCESS,2026-10-09,2026-09-10
1879,1879.T,2130.0,58489508.0,124582652040.0,SUCCESS,2026-10-09,2026-09-10
3863,3863.T,1338.0,115308503.0,154282777014.0,SUCCESS,2026-08-17,2026-08-11
7118,7118.T,,,,NO_PRICE,2026-09-08,nan
5071,5071.T,1375.0,8434927.0,11598024625.0,SUCCESS,2026-10-09,2026-09-10
3388,3388.T,2108.0,12601218.0,26563367544.0,SUCCESS,2026-10-09,2026-09-10
7443,7443.T,674.0,6257351.0,4217454574.0,SUCCESS,2026-10-09,2026-09-10
4651,4651.T,270.0,47803815.0,12907030050.0,SUCCESS,2026-08-17,2026-08-11
7726,7726.T,1356.0,5593136.0,7584292416.0,SUCCESS,2026-08-17,2026-08-11
1814,1814.T,3370.0,10295215.0,34694874550.0,SUCCESS,2026-10-09,2026-09-10
8119,8119.T,780.0,9505360.0,7414180800.0,SUCCESS,2026-10-09,2026-09-10
6969,6969.T,1249.0,3833931.0,4788579819.0,SUCCESS,2026-10-09,2026-09-10
6775,6775.T,134.0,14829086.0,1987097524.0,SUCCESS,2026-10-09,2026-09-10
9158,9158.T,757.0,29315309.0,22191688913.0,SUCCESS,2026-08-17,2026-08-11
2594,2594.T,1973.0,21423453.0,42268472769.0,SUCCESS,2026-10-09,2026-09-10
6907,6907.T,811.0,7910276.0,6415233836.0,SUCCESS,2026-10-09,2026-09-10
5612,5612.T,1631.0,3213010.0,5240419310.0,SUCCESS,2026-08-17,2026-08-11
8139,8139.T,2271.0,15335043.0,34825882653.0,SUCCESS,2026-10-09,2026-09-10
7974,7974.T,8146.0,1152873205.0,9391305127930.0,SUCCESS,2026-10-09,2026-09-10
4594,4594.T,45.0,138891219.0,6250104855.0,SUCCESS,2026-10-09,2026-09-10
9517,9517.T,851.0,78182728.0,66533501528.0,SUCCESS,2026-08-17,2026-08-11
4179,4179.T,361.0,5426466.0,1958954226.0,SUCCESS,2026-08-17,2026-08-11
2586,2586.T,54.0,113264553.0,6116285862.0,SUCCESS,2026-10-09,2026-09-10
7550,7550.T,11360.0,156462209.0,1777410694240.0,SUCCESS,2026-08-17,2026-08-11
8039,8039.T,3620.0,2223496.0,8049055520.0,SUCCESS,2026-08-17,2026-08-11
332A,332A.T,1148.0,11483200.0,13182713600.0,SUCCESS,2026-10-09,2026-09-10
9956,9956.T,3210.0,57368171.0,184151828910.0,SUCCESS,2026-08-17,2026-08-11
5491,5491.T,951.0,6455936.0,6139595136.0,SUCCESS,2026-08-17,2026-08-11
2138,2138.T,459.0,9567720.0,4391583480.0,SUCCESS,2026-08-17,2026-08-11
7162,7162.T,296.0,13084400.0,3872982400.0,SUCCESS,2026-10-09,2026-09-10
4093,4093.T,425.0,34795930.0,14788270250.0,SUCCESS,2026-10-09,2026-09-10
5660,5660.T,1900.0,5909669.0,11228371100.0,NO_PRICE,2026-09-08,2026-08-11
5621,5621.T,1673.0,9593157.0,16049351661.0,SUCCESS,2026-10-09,2026-09-10
2326,2326.T,5830.0,13424529.0,78265004070.0,SUCCESS,2026-10-09,2026-09-10
2139,2139.T,488.0,6800024.0,3318411712.0,SUCCESS,2026-10-09,2026-09-10
9130,9130.T,1616.0,7647663.0,12358623408.0,SUCCESS,2026-08-17,2026-08-11
9229,9229.T,112.0,32432508.0,3632440896.0,SUCCESS,2026-08-17,2026-08-11
4488,4488.T,2103.0,3954063.0,8315394489.0,SUCCESS,2026-10-09,2026-09-10
3864,3864.T,1151.0,43808179.0,50423214029.0,SUCCESS,2026-08-17,2026-08-11
3910,3910.T,304.0,5427494.0,1649958176.0,SUCCESS,2026-10-09,2026-09-10
6364,6364.T,2432.0,26654056.0,64822664192.0,SUCCESS,2026-10-09,2026-09-10
2976,2976.T,,,,NO_PRICE,2026-08-17,2026-08-11
6997,6997.T,3150.0,27379371.0,86245018650.0,SUCCESS,2026-08-17,2026-08-11
4960,4960.T,541.0,16113011.0,8717138951.0,SUCCESS,2026-08-17,2026-08-11
5858,5858.T,1155.0,2125476.0,2454924780.0,SUCCESS,2026-08-17,2026-08-11
3880,3880.T,953.0,154223423.0,146974922119.0,SUCCESS,2026-08-17,2026-08-11
9272,9272.T,1513.0,9746150.0,14745924950.0,SUCCESS,2026-10-09,2026-09-10
7621,7621.T,3225.0,5615497.0,18109977825.0,SUCCESS,2026-10-09,2026-09-10
7075,7075.T,999.0,7485880.0,7478394120.0,SUCCESS,2026-10-09,2026-09-10
7297,7297.T,851.0,7053998.0,6002952298.0,SUCCESS,2026-10-09,2026-09-10
3079,3079.T,930.0,10500956.0,9765889080.0,NO_PRICE,2026-09-08,2026-08-11
2928,2928.T,,,,NO_PRICE,2026-08-17,2026-08-11
7087,7087.T,1368.0,6326927.0,8655236136.0,SUCCESS,2026-10-09,2026-09-10
331A,331A.T,476.0,7322800.0,3485652800.0,SUCCESS,2026-10-09,2026-09-10
1832,1832.T,,,,NO_PRICE,2026-09-08,2026-08-11
8995,8995.T,1705.0,2011726.0,3429992830.0,SUCCESS,2026-10-09,2026-09-10
1888,1888.T,3545.0,12745954.0,45184406930.0,SUCCESS,2026-10-09,2026-09-10
4491,4491.T,2962.0,2037710.0,6035697020.0,SUCCESS,2026-10-09,2026-09-10
1826,1826.T,1063.0,12045182.0,12804028466.0,SUCCESS,2026-10-09,2026-09-10
5480,5480.T,5490.0,13853753.0,76057103970.0,SUCCESS,2026-08-17,2026-08-11
7345,7345.T,940.0,3298360.0,3100458400.0,SUCCESS,2026-10-09,2026-09-10
1793,1793.T,2013.0,25434086.0,51198815118.0,SUCCESS,2026-10-09,2026-09-10
7521,7521.T,2650.0,6814255.0,18057775750.0,SUCCESS,2026-10-09,2026-09-10
3537,3537.T,1692.0,3424373.0,5794039116.0,SUCCESS,2026-10-09,2026-09-10
9385,9385.T,738.0,7727264.0,5702720832.0,SUCCESS,2026-10-09,2026-09-10
2425,2425.T,677.0,3793193.0,2567991661.0,SUCCESS,2026-10-09,2026-09-10
6844,6844.T,3020.0,10180867.0,30746218340.0,SUCCESS,2026-10-09,2026-09-10
5729,5729.T,1721.0,9802968.0,16870907928.0,SUCCESS,2026-10-09,2026-09-10
2984,2984.T,766.0,8672012.0,6642761192.0,SUCCESS,2026-08-17,2026-08-11
4409,4409.T,775.0,21027985.0,16296688375.0,SUCCESS,2026-08-17,2026-08-11
6390,6390.T,1258.0,11196403.0,14085074974.0,SUCCESS,2026-10-09,2026-09-10
1812,1812.T,4981.0,460951595.0,2295999894695.0,SUCCESS,2026-08-17,2026-08-11
6727,6727.T,861.0,132760631.0,114306903291.0,SUCCESS,2026-10-09,2026-09-10
7140,7140.T,796.0,2217717.0,1765302732.0,SUCCESS,2026-10-09,2026-09-10
3143,3143.T,696.0,9020013.0,6277929048.0,SUCCESS,2026-08-17,2026-08-11
7094,7094.T,1847.0,9768350.0,18042142450.0,SUCCESS,2026-10-09,2026-09-10
8115,8115.T,1296.0,4507167.0,5841288432.0,SUCCESS,2026-10-09,2026-09-10
6849,6849.T,1643.0,159972406.0,262834663058.0,SUCCESS,2026-10-09,2026-09-10
8163,8163.T,1465.0,41354126.0,60583794590.0,SUCCESS,2026-08-17,2026-08-11
1802,1802.T,3034.0,687421514.0,2085636873476.0,SUCCESS,2026-08-17,2026-08-11
6334,6334.T,484.0,10768706.0,5212053704.0,SUCCESS,2026-10-09,2026-09-10
8207,8207.T,295.0,40033085.0,11809760075.0,SUCCESS,2026-08-17,2026-08-11
7867,7867.T,4320.0,85984201.0,371451748320.0,SUCCESS,2026-10-09,2026-09-10
5189,5189.T,3380.0,1934642.0,6539089960.0,SUCCESS,2026-10-09,2026-09-10
8897,8897.T,459.0,133618692.0,61330979628.0,SUCCESS,2026-08-17,2026-08-11
5870,5870.T,903.0,5332100.0,4814886300.0,SUCCESS,2026-08-17,2026-08-11
7122,7122.T,2291.0,6880081.0,15762265571.0,SUCCESS,2026-10-09,2026-09-10
2415,2415.T,1599.0,10377962.0,16594361238.0,SUCCESS,2026-10-09,2026-09-10
3845,3845.T,352.0,22239641.0,7828353632.0,SUCCESS,2026-10-09,2026-09-10
8071,8071.T,,,,NO_PRICE,2026-09-08,nan
4098,4098.T,1029.0,2976436.0,3062752644.0,SUCCESS,2026-08-17,2026-08-11
1827,1827.T,1358.0,34363895.0,46666169410.0,SUCCESS,2026-10-09,2026-09-10
7694,7694.T,517.0,5944887.0,3073506579.0,SUCCESS,2026-08-17,2026-08-11
6666,6666.T,834.0,8229966.0,6863791644.0,SUCCESS,2026-10-09,2026-09-10
9256,9256.T,953.0,3581200.0,3412883600.0,SUCCESS,2026-10-09,2026-09-10
3407,3407.T,1707.0,1346237384.0,2298027214488.0,SUCCESS,2026-08-17,2026-08-11
7717,7717.T,6930.0,9456541.0,65533829130.0,SUCCESS,2026-10-09,2026-09-10
7231,7231.T,2954.0,21615040.0,63850828160.0,SUCCESS,2026-10-09,2026-09-10
1946,1946.T,2167.0,93465373.0,202539463291.0,SUCCESS,2026-08-17,2026-08-11
2264,2264.T,1192.0,322795236.0,384771921312.0,SUCCESS,2026-08-17,2026-08-11
1867,1867.T,2682.0,6575169.0,17634603258.0,SUCCESS,2026-10-09,2026-09-10
1811,1811.T,8110.0,7161528.0,58079992080.0,SUCCESS,2026-08-17,2026-08-11
7874,7874.T,948.0,32410648.0,30725294304.0,SUCCESS,2026-10-09,2026-09-10
5342,5342.T,,,,NO_PRICE,2026-08-17,nan
6772,6772.T,996.0,6760625.0,6733582500.0,SUCCESS,2026-10-09,2026-09-10
6926,6926.T,192.0,22383761.0,4297682112.0,SUCCESS,2026-10-09,2026-09-10
1934,1934.T,2468.0,68686811.0,169519049548.0,SUCCESS,2026-10-09,2026-09-10
8043,8043.T,1514.0,56540199.0,85601861286.0,SUCCESS,2026-10-09,2026-09-10
6695,6695.T,,,,NO_PRICE,2026-10-09,
9997,9997.T,1027.0,96174600.0,98771314200.0,SUCCESS,2026-08-17,2026-08-11
3489,3489.T,733.0,29597874.0,21695241642.0,SUCCESS,2026-10-09,2026-09-10
3979,3979.T,484.0,27417064.0,13269858976.0,SUCCESS,2026-10-09,2026-09-10
8999,8999.T,557.0,28995865.0,16150696805.0,SUCCESS,2026-10-09,2026-09-10
5956,5956.T,596.0,8837226.0,5266986696.0,SUCCESS,2026-10-09,2026-09-10
2148,2148.T,1130.0,19485347.0,22018442110.0,SUCCESS,2026-10-09,2026-09-10
3542,3542.T,1523.0,10632173.0,16192799479.0,SUCCESS,2026-10-09,2026-09-10
6707,6707.T,8423.0,19990739.0,168381994597.0,SUCCESS,2026-08-17,2026-08-11
5033,5033.T,1291.0,6354421.0,8203557511.0,SUCCESS,2026-10-09,2026-09-10
5021,5021.T,4146.0,158789515.0,658341329190.0,SUCCESS,2026-08-17,2026-08-11
4598,4598.T,106.0,14224802.0,1507829012.0,SUCCESS,2026-08-17,2026-08-11
4416,4416.T,405.0,4841200.0,1960686000.0,SUCCESS,2026-10-09,2026-09-10
3825,3825.T,254.0,146609800.0,37238889200.0,SUCCESS,2026-10-09,2026-09-10
6659,6659.T,36.0,78663644.0,2831891184.0,SUCCESS,2026-10-09,2026-09-10
6794,6794.T,3575.0,22467807.0,80322410025.0,SUCCESS,2026-10-09,2026-09-10
7318,7318.T,1545.0,18174476.0,28079565420.0,SUCCESS,2026-08-17,2026-08-11
2137,2137.T,,,,NO_PRICE,2026-09-08,2026-08-11
6549,6549.T,1091.0,5521328.0,6023768848.0,SUCCESS,2026-08-17,2026-08-11
7537,7537.T,1971.0,26242942.0,51724838682.0,SUCCESS,2026-10-09,2026-09-10
1938,1938.T,2486.0,24780549.0,61604444814.0,SUCCESS,2026-10-09,2026-09-10
6804,6804.T,2390.0,49232672.0,117666086080.0,SUCCESS,2026-10-09,2026-09-10
2877,2877.T,740.0,12097845.0,8952405300.0,SUCCESS,2026-08-17,2026-08-11
4686,4686.T,4870.0,64223780.0,312769808600.0,SUCCESS,2026-10-09,2026-09-10
5029,5029.T,923.0,4377804.0,4040713092.0,SUCCESS,2026-10-09,2026-09-10
4028,4028.T,2814.0,38264854.0,107677299156.0,SUCCESS,2026-10-09,2026-09-10
520A,520A.T,405.0,17984645.0,7283781225.0,SUCCESS,2026-10-09,2026-09-10
4040,4040.T,4125.0,1998171.0,8242455375.0,SUCCESS,2026-10-09,2026-09-10
2980,2980.T,2384.0,16112956.0,38413287104.0,SUCCESS,2026-10-09,2026-09-10
6343,6343.T,150.0,45001087.0,6750163050.0,SUCCESS,2026-08-17,2026-08-11
3190,3190.T,584.0,7055500.0,4120412000.0,SUCCESS,2026-08-17,2026-08-11
1980,1980.T,3045.0,129378062.0,393956198790.0,SUCCESS,2026-10-09,2026-09-10
9193,9193.T,847.0,9953175.0,8430339225.0,SUCCESS,2026-10-09,2026-09-10
7261,7261.T,1177.5,630970230.0,742967445825.0,SUCCESS,2026-08-17,2026-08-11
7952,7952.T,3265.0,8602419.0,28086898035.0,SUCCESS,2026-10-09,2026-09-10
7481,7481.T,2487.0,8300604.0,20643602148.0,SUCCESS,2026-10-09,2026-09-10
2445,2445.T,418.0,45845395.0,19163375110.0,SUCCESS,2026-08-17,2026-08-11
5726,5726.T,2277.0,36798391.0,83789936307.0,SUCCESS,2026-10-09,2026-09-10
5282,5282.T,375.0,30634899.0,11488087125.0,SUCCESS,2026-10-09,2026-09-10
6570,6570.T,3035.0,5980787.0,18151688545.0,SUCCESS,2026-08-17,2026-08-11
6197,6197.T,,,,NO_PRICE,2026-08-17,2026-08-11
8101,8101.T,2458.0,12061509.0,29647189122.0,SUCCESS,2026-10-09,2026-09-10
4968,4968.T,2481.0,19838729.0,49219886649.0,SUCCESS,2026-08-17,2026-08-11
3963,3963.T,373.0,28042588.0,10459885324.0,SUCCESS,2026-08-17,2026-08-11
5986,5986.T,282.0,22404271.0,6318004422.0,SUCCESS,2026-10-09,2026-09-10
7456,7456.T,6670.0,25841906.0,172365513020.0,SUCCESS,2026-10-09,2026-09-10
1815,1815.T,4455.0,13930927.0,62062279785.0,SUCCESS,2026-08-17,2026-08-11
7897,7897.T,105.0,28352098.0,2976970290.0,SUCCESS,2026-08-17,2026-08-11
8159,8159.T,4440.0,21976781.0,97576907640.0,SUCCESS,2026-10-09,2026-09-10
7510,7510.T,2925.0,16026990.0,46878945750.0,SUCCESS,2026-10-09,2026-09-10
2282,2282.T,6306.0,92850359.0,585514363854.0,SUCCESS,2026-08-17,2026-08-11
5199,5199.T,2000.0,1267421.0,2534842000.0,SUCCESS,2026-08-17,2026-08-11
3423,3423.T,266.0,30208072.0,8035347152.0,SUCCESS,2026-10-09,2026-09-10
6678,6678.T,1997.0,6666428.0,13312856716.0,SUCCESS,2026-10-09,2026-09-10
4918,4918.T,325.0,6283323.0,2042079975.0,SUCCESS,2026-10-09,2026-09-10
4827,4827.T,,,,NO_PRICE,2026-08-17,2026-08-11
5458,5458.T,1314.0,3002139.0,3944810646.0,SUCCESS,2026-10-09,2026-09-10
7291,7291.T,448.0,18801440.0,8423045120.0,SUCCESS,2026-10-09,2026-09-10
7615,7615.T,93.0,20699514.0,1925054802.0,SUCCESS,2026-10-09,2026-09-10
2222,2222.T,2565.5,154433036.0,396197953858.0,SUCCESS,2026-10-09,2026-09-10
352A,352A.T,551.0,12920871.0,7119399921.0,SUCCESS,2026-08-17,2026-08-11
8877,8877.T,4935.0,15429326.0,76143723810.0,SUCCESS,2026-10-09,2026-09-10
8173,8173.T,4080.0,25879676.0,105589078080.0,SUCCESS,2026-08-17,2026-08-11
9468,9468.T,3677.0,146965684.0,540392820068.0,SUCCESS,2026-10-09,2026-09-10
4635,4635.T,1949.0,12494412.0,24351608988.0,SUCCESS,2026-10-09,2026-09-10
7242,7242.T,1562.0,40230655.0,62840283110.0,SUCCESS,2026-10-09,2026-09-10
8059,8059.T,3485.0,31765730.0,110703569050.0,SUCCESS,2026-10-09,2026-09-10
5803,5803.T,5413.0,1655700561.0,8962307136693.0,SUCCESS,2026-10-09,2026-09-10
5697,5697.T,802.0,6044430.0,4847632860.0,SUCCESS,2026-10-09,2026-09-10
1828,1828.T,2342.0,10498350.0,24587135700.0,SUCCESS,2026-10-09,2026-09-10
2708,2708.T,1866.0,4626276.0,8632631016.0,SUCCESS,2026-10-09,2026-09-10
5599,5599.T,1595.0,5571204.0,8886070380.0,SUCCESS,2026-10-09,2026-09-10
9119,9119.T,1645.0,105802797.0,174045601065.0,SUCCESS,2026-08-17,2026-08-11
4218,4218.T,1860.0,20180909.0,37536490740.0,SUCCESS,2026-10-09,2026-09-10
6742,6742.T,1195.0,61722372.0,73758234540.0,SUCCESS,2026-10-09,2026-09-10
143A,143A.T,698.0,1932700.0,1349024600.0,SUCCESS,2026-10-09,2026-09-10
6016,6016.T,12470.0,8383617.0,104543703990.0,SUCCESS,2026-10-09,2026-09-10
7460,7460.T,1725.0,24364452.0,42028679700.0,SUCCESS,2026-10-09,2026-09-10
1870,1870.T,2046.0,43181694.0,88349745924.0,SUCCESS,2026-10-09,2026-09-10
1420,1420.T,629.0,12401689.0,7800662381.0,SUCCESS,2026-10-09,2026-09-10
1332,1332.T,1292.0,303271829.0,391827203068.0,SUCCESS,2026-08-17,2026-08-11
1959,1959.T,7808.0,70734825.0,552297513600.0,SUCCESS,2026-10-09,2026-09-10
7433,7433.T,1904.0,18826390.0,35845446560.0,SUCCESS,2026-10-09,2026-09-10
4406,4406.T,229.0,37282224.0,8537629296.0,SUCCESS,2026-10-09,2026-09-10
8772,8772.T,910.0,32976000.0,30008160000.0,SUCCESS,2026-10-09,2026-09-10
4538,4538.T,2113.0,8536322.0,18037248386.0,SUCCESS,2026-10-09,2026-09-10
9104,9104.T,6629.0,343620164.0,2277858067156.0,SUCCESS,2026-08-17,2026-08-11
3934,3934.T,2256.0,5898407.0,13306806192.0,SUCCESS,2026-10-09,2026-09-10
8074,8074.T,5940.0,21057907.0,125083967580.0,SUCCESS,2026-10-09,2026-09-10
291A,291A.T,2047.0,2035600.0,4166873200.0,SUCCESS,2026-10-09,2026-09-10
8614,8614.T,702.0,67916023.0,47677048146.0,SUCCESS,2026-10-09,2026-09-10
7287,7287.T,2568.0,57482420.0,147614854560.0,SUCCESS,2026-10-09,2026-09-10
9629,9629.T,1561.0,20051931.0,31301064291.0,SUCCESS,2026-10-09,2026-09-10
4888,4888.T,394.0,36017993.0,14191089242.0,SUCCESS,2026-10-09,2026-09-10
4498,4498.T,1572.0,16363604.0,25723585488.0,SUCCESS,2026-10-09,2026-09-10
1822,1822.T,783.0,84281225.0,65992199175.0,SUCCESS,2026-10-09,2026-09-10
4681,4681.T,1814.0,212349693.0,385202343102.0,SUCCESS,2026-08-17,2026-08-11
3927,3927.T,952.0,5344393.0,5087862136.0,SUCCESS,2026-08-17,2026-08-11
3231,3231.T,915.2999877929688,854209307.0,781857768269.7402,SUCCESS,2026-08-17,2026-08-11
7096,7096.T,746.0,10070188.0,7512360248.0,SUCCESS,2026-10-09,2026-09-10
3238,3238.T,389.0,9613618.0,3739697402.0,SUCCESS,2026-08-17,2026-08-11
4889,4889.T,1032.0,13776890.0,14217750480.0,SUCCESS,2026-10-09,2026-09-10
4177,4177.T,1371.0,3985485.0,5464099935.0,SUCCESS,2026-10-09,2026-09-10
7637,7637.T,3530.0,11341669.0,40036091570.0,SUCCESS,2026-10-09,2026-09-10
6045,6045.T,2044.0,7856132.0,16057933808.0,SUCCESS,2026-10-09,2026-09-10
3374,3374.T,5440.0,3498571.0,19032226240.0,SUCCESS,2026-10-09,2026-09-10
8138,8138.T,4145.0,900122.0,3731005690.0,SUCCESS,2026-10-09,2026-09-10
3634,3634.T,615.0,2442815.0,1502331225.0,SUCCESS,2026-10-09,2026-09-10
4977,4977.T,1167.0,18213086.0,21254671362.0,SUCCESS,2026-10-09,2026-09-10
7525,7525.T,3475.0,8105941.0,28168144975.0,SUCCESS,2026-10-09,2026-09-10
9360,9360.T,2767.0,2844942.0,7871954514.0,SUCCESS,2026-08-17,2026-08-11
1929,1929.T,1146.0,41769118.0,47867409228.0,SUCCESS,2026-10-09,2026-09-10
4914,4914.T,1285.0,97496050.0,125282424250.0,SUCCESS,2026-10-09,2026-09-10
7238,7238.T,111.0,271430085.0,30128739435.0,SUCCESS,2026-08-17,2026-08-11
8111,8111.T,2167.0,136809128.0,296465380376.0,SUCCESS,2026-10-09,2026-09-10
6096,6096.T,,,,NO_PRICE,2026-08-17,nan
9110,9110.T,10510.0,23565487.0,247673268370.0,SUCCESS,2026-10-09,2026-09-10
3101,3101.T,1660.0,88244768.0,146486314880.0,SUCCESS,2026-08-17,2026-08-11
7619,7619.T,1000.0,8145275.0,8145275000.0,SUCCESS,2026-10-09,2026-09-10
1768,1768.T,1030.0,7305368.0,7524529040.0,SUCCESS,2026-10-09,2026-09-10
4752,4752.T,1579.0,4281147.0,6759931113.0,SUCCESS,2026-10-09,2026-09-10
3131,3131.T,8880.0,1885119.0,16739856720.0,SUCCESS,2026-10-09,2026-09-10
8158,8158.T,1359.0,22823660.0,31017353940.0,SUCCESS,2026-10-09,2026-09-10
7079,7079.T,2610.0,2404852.0,6276663720.0,SUCCESS,2026-10-09,2026-09-10
5820,5820.T,850.0,4125554.0,3506720900.0,SUCCESS,2026-10-09,2026-09-10
7670,7670.T,1201.0,10060322.0,12082446722.0,SUCCESS,2026-10-09,2026-09-10
8591,8591.T,6353.0,1086195958.0,6900602921174.0,SUCCESS,2026-08-17,2026-08-11
3895,3895.T,418.0,7835664.0,3275307552.0,SUCCESS,2026-10-09,2026-09-10
6638,6638.T,2433.0,28962385.0,70465482705.0,SUCCESS,2026-10-09,2026-09-10
6396,6396.T,4630.0,1104390.0,5113325700.0,SUCCESS,2026-10-09,2026-09-10
1301,1301.T,4455.0,11879877.0,52924852035.0,SUCCESS,2026-10-09,2026-09-10
1777,1777.T,,,,NO_PRICE,2026-09-08,nan
7480,7480.T,3985.0,12680465.0,50531653025.0,SUCCESS,2026-10-09,2026-09-10
7270,7270.T,2539.5,704683813.0,1789544543113.5,SUCCESS,2026-10-09,2026-09-10
2053,2053.T,1941.0,28696273.0,55699465893.0,SUCCESS,2026-10-09,2026-09-10
1848,1848.T,862.0,17664842.0,15227093804.0,SUCCESS,2026-10-09,2026-09-10
6798,6798.T,3350.0,6328479.0,21200404650.0,SUCCESS,2026-10-09,2026-09-10
4414,4414.T,1120.0,5393049.0,6040214880.0,SUCCESS,2026-10-09,2026-09-10
4484,4484.T,290.0,15910291.0,4613984390.0,SUCCESS,2026-10-09,2026-09-10
9987,9987.T,2600.0,67637845.0,175858397000.0,SUCCESS,2026-10-09,2026-09-10
7702,7702.T,445.0,24530493.0,10916069385.0,SUCCESS,2026-10-09,2026-09-10
4553,4553.T,3715.0,49227867.0,182881525905.0,SUCCESS,2026-08-17,2026-08-11
4932,4932.T,762.0,9253215.0,7050949830.0,SUCCESS,2026-10-09,2026-09-10
3739,3739.T,,,,NO_PRICE,2026-09-08,nan
4679,4679.T,262.0,7437054.0,1948508148.0,SUCCESS,2026-08-17,2026-08-11
1972,1972.T,1251.0,19277535.0,24116196285.0,SUCCESS,2026-10-09,2026-09-10
6779,6779.T,3185.0,22927570.0,73024310450.0,SUCCESS,2026-08-17,2026-08-11
6230,6230.T,2140.0,4577848.0,9796594720.0,SUCCESS,2026-10-09,2026-09-10
1942,1942.T,5352.0,199013954.0,1065122681808.0,SUCCESS,2026-10-09,2026-09-10
7938,7938.T,2078.0,2988046.0,6209159588.0,SUCCESS,2026-10-09,2026-09-10
8934,8934.T,2130.0,57184006.0,121801932780.0,SUCCESS,2026-10-09,2026-09-10
8032,8032.T,1237.0,110233136.0,136358389232.0,SUCCESS,2026-08-17,2026-08-11
1803,1803.T,2423.5,679201277.0,1646044294809.5,SUCCESS,2026-08-17,2026-08-11
2750,2750.T,1310.0,7785884.0,10199508040.0,SUCCESS,2026-10-09,2026-09-10
2892,2892.T,4910.0,4751428.0,23329511480.0,SUCCESS,2026-10-09,2026-09-10
8020,8020.T,2248.0,166410767.0,374091404216.0,SUCCESS,2026-10-09,2026-09-10
9929,9929.T,466.0,9251022.0,4310976252.0,SUCCESS,2026-10-09,2026-09-10
1860,1860.T,1501.5,296039793.0,444503749189.5,SUCCESS,2026-08-17,2026-08-11
8891,8891.T,2070.0,2801150.0,5798380500.0,SUCCESS,2026-10-09,2026-09-10
247A,247A.T,952.0,64948876.0,61831329952.0,SUCCESS,2026-10-09,2026-09-10
3372,3372.T,215.0,13698753.0,2945231895.0,SUCCESS,2026-10-09,2026-09-10
3670,3670.T,1654.0,1197804.0,1981167816.0,NO_PRICE,2026-10-09,2026-09-10
4031,4031.T,1032.0,8963077.0,9249895464.0,SUCCESS,2026-10-09,2026-09-10
5753,5753.T,2522.0,2137002.0,5389519044.0,SUCCESS,2026-10-09,2026-09-10
4183,4183.T,2197.0,361537201.0,794297230597.0,SUCCESS,2026-08-17,2026-08-11
8228,8228.T,,,,NO_PRICE,2026-08-17,nan
2805,2805.T,6410.0,24175811.0,154966948510.0,SUCCESS,2026-10-09,2026-09-10
4005,4005.T,528.0,1651872408.0,872188631424.0,SUCCESS,2026-08-17,2026-08-11
3793,3793.T,538.0,28501547.0,15333832286.0,SUCCESS,2026-10-09,2026-09-10
1787,1787.T,5670.0,2452013.0,13902913710.0,SUCCESS,2026-10-09,2026-09-10
9201,9201.T,3029.0,429827709.0,1301948130561.0,SUCCESS,2026-08-17,2026-08-11
5138,5138.T,442.0,4915958.0,2172853436.0,SUCCESS,2026-10-09,2026-09-10
2607,2607.T,4484.0,85982487.0,385545471708.0,SUCCESS,2026-08-17,2026-08-11
6471,6471.T,1068.5,489320981.0,522839468198.5,SUCCESS,2026-10-09,2026-09-10
8919,8919.T,3465.0,78261580.0,271176374700.0,SUCCESS,2026-10-09,2026-09-10
7421,7421.T,1566.0,49352376.0,77285820816.0,SUCCESS,2026-08-17,2026-08-11
8604,8604.T,1559.0,2922592249.0,4556321316191.0,SUCCESS,2026-08-17,2026-08-11
4242,4242.T,1686.0,2798993.0,4719102198.0,SUCCESS,2026-10-09,2026-09-10
3178,3178.T,1177.0,19292905.0,22707749185.0,SUCCESS,2026-08-17,2026-08-11
2749,2749.T,641.0,85638477.0,54894263757.0,SUCCESS,2026-10-09,2026-09-10
9341,9341.T,598.0,17338032.0,10368143136.0,SUCCESS,2026-10-09,2026-09-10
8093,8093.T,1740.0,11883259.0,20676870660.0,SUCCESS,2026-10-09,2026-09-10
4062,4062.T,11515.0,281095651.0,3236816421265.0,SUCCESS,2026-10-09,2026-09-10
341A,341A.T,2013.0,13637560.0,27452408280.0,SUCCESS,2026-10-09,2026-09-10
2613,2613.T,2205.0,33115026.0,73018632330.0,SUCCESS,2026-10-09,2026-09-10
3559,3559.T,473.0,4703098.0,2224565354.0,SUCCESS,2026-10-09,2026-09-10
343A,343A.T,1240.0,4767800.0,5912072000.0,SUCCESS,2026-10-09,2026-09-10
2127,2127.T,622.5,317057300.0,197368169250.0,SUCCESS,2026-10-09,2026-09-10
8876,8876.T,2118.5,151703915.0,321384743927.5,SUCCESS,2026-08-17,2026-08-11
7417,7417.T,1740.0,12057246.0,20979608040.0,SUCCESS,2026-10-09,2026-09-10
4925,4925.T,1680.0,3781480.0,6352886400.0,SUCCESS,2026-10-09,2026-09-10
7606,7606.T,2413.0,26808158.0,64688085254.0,SUCCESS,2026-10-09,2026-09-10
4591,4591.T,71.0,56548816.0,4014965936.0,SUCCESS,2026-10-09,2026-09-10
5845,5845.T,1193.0,26227613.0,31289542309.0,SUCCESS,2026-10-09,2026-09-10
1965,1965.T,2205.0,20503530.0,45210283650.0,SUCCESS,2026-10-09,2026-09-10
8078,8078.T,1857.0,192766064.0,357966580848.0,SUCCESS,2026-10-09,2026-09-10
3004,3004.T,2137.0,3917475.0,8371644075.0,SUCCESS,2026-08-17,2026-08-11
9467,9467.T,1048.0,29061174.0,30456110352.0,SUCCESS,2026-10-09,2026-09-10
1833,1833.T,5210.0,35905223.0,187066211830.0,SUCCESS,2026-10-09,2026-09-10
1820,1820.T,5527.0,39484430.0,218230444610.0,SUCCESS,2026-08-17,2026-08-11
8174,8174.T,2866.0,106538819.0,305340255254.0,SUCCESS,2026-08-17,2026-08-11
7919,7919.T,223.0,16142585.0,3599796455.0,SUCCESS,2026-08-17,2026-08-11
6622,6622.T,3005.0,23606814.0,70938476070.0,SUCCESS,2026-10-09,2026-09-10
8283,8283.T,6630.0,60630924.0,401983026120.0,NO_PRICE,2026-09-08,2026-08-11
9888,9888.T,1172.0,10299377.0,12070869844.0,SUCCESS,2026-10-09,2026-09-10
2733,2733.T,2455.0,33476712.0,82185327960.0,SUCCESS,2026-10-09,2026-09-10
8065,8065.T,2926.0,20709041.0,60594653966.0,SUCCESS,2026-10-09,2026-09-10
1885,1885.T,2018.0,77330628.0,156053207304.0,SUCCESS,2026-10-09,2026-09-10
1720,1720.T,1152.0,106273199.0,122426725248.0,SUCCESS,2026-10-09,2026-09-10
8076,8076.T,2025.0,9805093.0,19855313325.0,SUCCESS,2026-10-09,2026-09-10
1893,1893.T,1464.5,270329637.0,395897753386.5,SUCCESS,2026-08-17,2026-08-11
1898,1898.T,1424.0,36632141.0,52164168784.0,SUCCESS,2026-10-09,2026-09-10
5631,5631.T,6791.0,73610779.0,499890800189.0,SUCCESS,2026-10-09,2026-09-10
7412,7412.T,366.0,193136265.0,70687872990.0,SUCCESS,2026-08-17,2026-08-11
8848,8848.T,622.0,317743014.0,197636154708.0,SUCCESS,2026-08-17,2026-08-11
1450,1450.T,1499.0,8698750.0,13039426250.0,SUCCESS,2026-10-09,2026-09-10
2136,2136.T,1402.0,3805191.0,5334877782.0,SUCCESS,2026-10-09,2026-09-10
173A,173A.T,1820.0,4218501.0,7677671820.0,SUCCESS,2026-10-09,2026-09-10
1963,1963.T,2159.5,242075962.0,522763039939.0,SUCCESS,2026-10-09,2026-09-10
8252,8252.T,2944.5,178710317.0,526212528406.5,SUCCESS,2026-08-17,2026-08-11
2993,2993.T,2254.0,4339068.0,9780259272.0,SUCCESS,2026-08-17,2026-08-11
6807,6807.T,2933.0,67428249.0,197767054317.0,SUCCESS,2026-10-09,2026-09-10
7191,7191.T,1144.0,22373023.0,25594738312.0,SUCCESS,2026-10-09,2026-09-10
8103,8103.T,986.0,37341068.0,36818293048.0,SUCCESS,2026-10-09,2026-09-10
4890,4890.T,260.0,25794300.0,6706518000.0,SUCCESS,2026-10-09,2026-09-10
4461,4461.T,16660.0,10610857.0,176776877620.0,SUCCESS,2026-10-09,2026-09-10
9425,9425.T,263.0,6814780.0,1792287140.0,SUCCESS,2026-10-09,2026-09-10
7198,7198.T,842.0,44452310.0,37428845020.0,SUCCESS,2026-08-17,2026-08-11
5078,5078.T,4630.0,3389200.0,15691996000.0,SUCCESS,2026-10-09,2026-09-10
7175,7175.T,1887.0,5116664.0,9655144968.0,SUCCESS,2026-10-09,2026-09-10
8150,8150.T,3365.0,12242618.0,41196409570.0,SUCCESS,2026-10-09,2026-09-10
9424,9424.T,121.0,167699235.0,20291607435.0,SUCCESS,2026-10-09,2026-09-10
9908,9908.T,2838.0,11353082.0,32220046716.0,SUCCESS,2026-10-09,2026-09-10
9107,9107.T,3369.0,593092993.0,1998130293417.0,SUCCESS,2026-10-09,2026-09-10
3842,3842.T,1298.0,3092646.0,4014254508.0,SUCCESS,2026-10-09,2026-09-10
3024,3024.T,1160.0,3897120.0,4520659200.0,SUCCESS,2026-10-09,2026-09-10
4733,4733.T,8717.0,75176703.0,655315320051.0,SUCCESS,2026-10-09,2026-09-10
1847,1847.T,3310.0,14516864.0,48050819840.0,SUCCESS,2026-10-09,2026-09-10
3682,3682.T,661.0,6662568.0,4403957448.0,SUCCESS,2026-10-09,2026-09-10
8622,8622.T,837.0,60234191.0,50416017867.0,SUCCESS,2026-10-09,2026-09-10
2130,2130.T,698.0,12818043.0,8946994014.0,SUCCESS,2026-10-09,2026-09-10
7687,7687.T,500.0,6614195.0,3307097500.0,SUCCESS,2026-10-09,2026-09-10
1798,1798.T,1104.0,10904700.0,12038788800.0,SUCCESS,2026-10-09,2026-09-10
3173,3173.T,1453.0,6867482.0,9978451346.0,SUCCESS,2026-10-09,2026-09-10
5702,5702.T,1668.0,39572274.0,66006553032.0,SUCCESS,2026-10-09,2026-09-10
9308,9308.T,2147.0,25181468.0,54064611796.0,SUCCESS,2026-08-17,2026-08-11
3969,3969.T,1382.0,7487182.0,10347285524.0,SUCCESS,2026-10-09,2026-09-10
1952,1952.T,3030.0,45550574.0,138018239220.0,SUCCESS,2026-10-09,2026-09-10
1813,1813.T,2709.0,15150694.0,41043230046.0,SUCCESS,2026-10-09,2026-09-10
5741,5741.T,2454.0,181069197.0,444343809438.0,SUCCESS,2026-08-17,2026-08-11
3020,3020.T,4885.0,2702845.0,13203397825.0,SUCCESS,2026-10-09,2026-09-10
6770,6770.T,2218.0,193228900.0,428581700200.0,SUCCESS,2026-10-09,2026-09-10
7472,7472.T,3795.0,3872998.0,14698027410.0,SUCCESS,2026-10-09,2026-09-10
4569,4569.T,1055.0,57446295.0,60605841225.0,SUCCESS,2026-10-09,2026-09-10
9991,9991.T,1733.0,33646255.0,58308959915.0,SUCCESS,2026-10-09,2026-09-10
1852,1852.T,838.0,79437639.0,66568741482.0,SUCCESS,2026-10-09,2026-09-10
3908,3908.T,367.0,4654705.0,1708276735.0,SUCCESS,2026-10-09,2026-09-10
4839,4839.T,929.0,28337561.0,26325594169.0,SUCCESS,2026-10-09,2026-09-10
7466,7466.T,1455.0,20193320.0,29381280600.0,SUCCESS,2026-10-09,2026-09-10
2371,2371.T,3840.0,197836267.0,759691265280.0,SUCCESS,2026-10-09,2026-09-10
5933,5933.T,1067.0,19504292.0,20811079564.0,SUCCESS,2026-10-09,2026-09-10
7552,7552.T,5370.0,43312589.0,232588602930.0,SUCCESS,2026-10-09,2026-09-10
7554,7554.T,1143.0,19111849.0,21844843407.0,SUCCESS,2026-08-17,2026-08-11
5952,5952.T,185.0,11852996.0,2192804260.0,SUCCESS,2026-08-17,2026-08-11
4061,4061.T,3606.0,86199714.0,310836168684.0,SUCCESS,2026-08-17,2026-08-11
8844,8844.T,1164.0,33694975.0,39220950900.0,SUCCESS,2026-10-09,2026-09-10
8595,8595.T,2227.0,52659578.0,117272880206.0,SUCCESS,2026-10-09,2026-09-10
5204,5204.T,3070.0,4170144.0,12802342080.0,SUCCESS,2026-08-17,2026-08-11
2937,2937.T,1722.0,9304954.0,16023130788.0,SUCCESS,2026-10-09,2026-09-10
1925,1925.T,4571.0,619346358.0,2831032202418.0,SUCCESS,2026-08-17,2026-08-11
7837,7837.T,331.0,4139132.0,1370052692.0,SUCCESS,2026-08-17,2026-08-11
1333,1333.T,1282.5,151183299.0,193892580967.5,SUCCESS,2026-08-17,2026-08-11
5632,5632.T,2458.0,15121154.0,37167796532.0,SUCCESS,2026-08-17,2026-08-11
1979,1979.T,3760.0,62851018.0,236319827680.0,SUCCESS,2026-10-09,2026-09-10
3036,3036.T,3235.0,30061058.0,97247522630.0,SUCCESS,2026-10-09,2026-09-10
5019,5019.T,1330.0,1198612375.0,1594154458750.0,SUCCESS,2026-08-17,2026-08-11
8871,8871.T,3305.0,33235057.0,109841863385.0,SUCCESS,2026-08-17,2026-08-11
6294,6294.T,1899.0,8057340.0,15300888660.0,SUCCESS,2026-10-09,2026-09-10
8613,8613.T,1204.0,66310521.0,79837867284.0,SUCCESS,2026-10-09,2026-09-10
9101,9101.T,6490.0,403556142.0,2619079361580.0,SUCCESS,2026-08-17,2026-08-11
2602,2602.T,2009.0,91502775.0,183829074975.0,SUCCESS,2026-10-09,2026-09-10
8572,8572.T,451.1000061035156,1566613908.0,706699543460.6525,SUCCESS,2026-10-09,2026-09-10
8133,8133.T,2139.0,112913854.0,241522733706.0,SUCCESS,2026-08-17,2026-08-11
2060,2060.T,1416.0,38269144.0,54189107904.0,SUCCESS,2026-10-09,2026-09-10
9619,9619.T,2614.0,23677308.0,61892483112.0,SUCCESS,2026-08-17,2026-08-11
9962,9962.T,4022.0,262782673.0,1056911910806.0,SUCCESS,2026-10-09,2026-09-10
9237,9237.T,838.0,3891910.0,3261420580.0,SUCCESS,2026-10-09,2026-09-10
7211,7211.T,354.0,1338352676.0,473776847304.0,SUCCESS,2026-10-09,2026-09-10
9325,9325.T,1097.0,10751340.0,11794219980.0,SUCCESS,2026-08-17,2026-08-11
3393,3393.T,3165.0,9349609.0,29591512485.0,SUCCESS,2026-10-09,2026-09-10
9697,9697.T,4393.0,418308843.0,1837630747299.0,SUCCESS,2026-10-09,2026-09-10
7057,7057.T,940.0,2982951.0,2803973940.0,SUCCESS,2026-10-09,2026-09-10
8098,8098.T,4310.0,53381913.0,230076045030.0,SUCCESS,2026-10-09,2026-09-10
1964,1964.T,3760.0,6981411.0,26250105360.0,SUCCESS,2026-10-09,2026-09-10
4539,4539.T,1575.0,3624756.0,5708990700.0,SUCCESS,2026-08-17,2026-08-11
2883,2883.T,1956.0,5858773.0,11459759988.0,SUCCESS,2026-10-09,2026-09-10
9726,9726.T,2034.0,27319077.0,55567002618.0,SUCCESS,2026-10-09,2026-09-10
8051,8051.T,1929.0,86341076.0,166551935604.0,SUCCESS,2026-10-09,2026-09-10
9010,9010.T,2719.0,53097903.0,144373198257.0,SUCCESS,2026-08-17,2026-08-11
3195,3195.T,440.0,8165449.0,3592797560.0,SUCCESS,2026-10-09,2026-09-10
1850,1850.T,412.0,28027542.0,11547347304.0,SUCCESS,2026-10-09,2026-09-10
3038,3038.T,2957.5,221811141.0,656006449507.5,SUCCESS,2026-10-09,2026-09-10
442A,442A.T,867.0,2070390.0,1795028130.0,SUCCESS,2026-10-09,2026-09-10
1840,1840.T,251.0,25774988.0,6469521988.0,SUCCESS,2026-08-17,2026-08-11
4666,4666.T,1996.0,170731167.0,340779409332.0,SUCCESS,2026-08-17,2026-08-11
5134,5134.T,446.0,3875280.0,1728374880.0,SUCCESS,2026-10-09,2026-09-10
1383,1383.T,3030.0,1600356.0,4849078680.0,SUCCESS,2026-08-17,2026-08-11
8624,8624.T,1561.0,32160433.0,50202435913.0,SUCCESS,2026-10-09,2026-09-10
8001,8001.T,1991.5,6989912686.0,13920411114169.0,SUCCESS,2026-08-17,2026-08-11
7971,7971.T,655.0,56744993.0,37167970415.0,SUCCESS,2026-10-09,2026-09-10
9236,9236.T,1499.0,1478605.0,2216428895.0,SUCCESS,2026-10-09,2026-09-10
8002,8002.T,4917.0,1626915034.0,7999541222178.0,SUCCESS,2026-08-17,2026-08-11
460A,460A.T,1161.0,4512600.0,5239128600.0,SUCCESS,2026-10-09,2026-09-10
7827,7827.T,1776.0,1781669.0,3164244144.0,SUCCESS,2026-10-09,2026-09-10
3475,3475.T,1563.0,28706818.0,44868756534.0,SUCCESS,2026-08-17,2026-08-11
212A,212A.T,2826.0,16694240.0,47177922240.0,SUCCESS,2026-10-09,2026-09-10
2373,2373.T,405.0,13524721.0,5477512005.0,SUCCESS,2026-08-17,2026-08-11
8077,8077.T,216.0,22615925.0,4885039800.0,SUCCESS,2026-08-17,2026-08-11
9565,9565.T,660.0,2775872.0,1832075520.0,SUCCESS,2026-10-09,2026-09-10
4390,4390.T,3410.0,13091928.0,44643474480.0,SUCCESS,2026-10-09,2026-09-10
8079,8079.T,4230.0,16573321.0,70105147830.0,SUCCESS,2026-10-09,2026-09-10
4378,4378.T,457.0,2955811.0,1350805627.0,SUCCESS,2026-10-09,2026-09-10
3419,3419.T,,,,NO_PRICE,2026-09-08,nan
9824,9824.T,8050.0,17037243.0,137149806150.0,SUCCESS,2026-10-09,2026-09-10
7283,7283.T,2201.0,57302099.0,126121919899.0,SUCCESS,2026-10-09,2026-09-10
296A,296A.T,1147.0,37403000.0,42901241000.0,SUCCESS,2026-10-09,2026-09-10
7804,7804.T,2557.0,2330291.0,5958554087.0,SUCCESS,2026-10-09,2026-09-10
7608,7608.T,970.0,16777122.0,16273808340.0,SUCCESS,2026-10-09,2026-09-10
5132,5132.T,1914.0,7788423.0,14907041622.0,SUCCESS,2026-10-09,2026-09-10
3116,3116.T,2138.0,178659697.0,381974432186.0,SUCCESS,2026-10-09,2026-09-10
2768,2768.T,5600.0,208060241.0,1165137349600.0,SUCCESS,2026-08-17,2026-08-11
9127,9127.T,3100.0,1529970.0,4742907000.0,SUCCESS,2026-08-17,2026-08-11
3092,3092.T,1150.0,870570826.0,1001156449900.0,SUCCESS,2026-10-09,2026-09-10
8061,8061.T,3040.0,35589538.0,108192195520.0,SUCCESS,2026-08-17,2026-08-11
3083,3083.T,1127.0,8630938.0,9727067126.0,SUCCESS,2026-10-09,2026-09-10
157A,157A.T,746.0,3314900.0,2472915400.0,SUCCESS,2026-10-09,2026-09-10
3384,3384.T,,,,NO_PRICE,2026-09-08,nan
7357,7357.T,1685.0,2796095.0,4711420075.0,SUCCESS,2026-10-09,2026-09-10
4920,4920.T,1132.0,2093780.0,2370158960.0,SUCCESS,2026-08-17,2026-08-11
8247,8247.T,300.0,5608708.0,1682612400.0,SUCCESS,2026-08-17,2026-08-11
7689,7689.T,316.0,2962876.0,936268816.0,SUCCESS,2026-10-09,2026-09-10
2652,2652.T,411.0,32395530.0,13314562830.0,SUCCESS,2026-10-09,2026-09-10
7610,7610.T,136.0,61913115.0,8420183640.0,SUCCESS,2026-10-09,2026-09-10
3030,3030.T,898.0,12577918.0,11294970364.0,SUCCESS,2026-10-09,2026-09-10
8918,8918.T,10.0,1537882893.0,15378828930.0,SUCCESS,2026-10-09,2026-09-10
3678,3678.T,1189.0,15179026.0,18047861914.0,SUCCESS,2026-10-09,2026-09-10
2936,2936.T,275.0,53394065.0,14683367875.0,SUCCESS,2026-10-09,2026-09-10
3223,3223.T,997.0,1560735.0,1556052795.0,SUCCESS,2026-10-09,2026-09-10
3548,3548.T,635.0,36076130.0,22908342550.0,SUCCESS,2026-10-09,2026-09-10
9168,9168.T,421.0,23948440.0,10082293240.0,SUCCESS,2026-10-09,2026-09-10
6432,6432.T,7280.0,46192915.0,336284421200.0,SUCCESS,2026-10-09,2026-09-10
6578,6578.T,485.0,7348900.0,3564216500.0,SUCCESS,2026-10-09,2026-09-10
7847,7847.T,710.0,6485425.0,4604651750.0,SUCCESS,2026-10-09,2026-09-10
7515,7515.T,4590.0,934814.0,4290796260.0,SUCCESS,2026-08-17,2026-08-11
9835,9835.T,513.0,8109746.0,4160299698.0,SUCCESS,2026-08-17,2026-08-11
4645,4645.T,435.0,8041095.0,3497876325.0,SUCCESS,2026-08-17,2026-08-11
3181,3181.T,1058.0,3660957.0,3873292506.0,SUCCESS,2026-10-09,2026-09-10
9903,9903.T,909.0,7456078.0,6777574902.0,SUCCESS,2026-08-17,2026-08-11
6224,6224.T,1132.0,12919737.0,14625142284.0,SUCCESS,2026-10-09,2026-09-10
274A,274A.T,2223.0,7149960.0,15894361080.0,SUCCESS,2026-10-09,2026-09-10
4429,4429.T,714.0,4500134.0,3213095676.0,SUCCESS,2026-10-09,2026-09-10
7049,7049.T,763.0,8413975.0,6419862925.0,SUCCESS,2026-10-09,2026-09-10
3977,3977.T,,,,NO_PRICE,2026-09-08,2026-08-11
7599,7599.T,1148.0,100407228.0,115267497744.0,SUCCESS,2026-10-09,2026-09-10
3080,3080.T,843.0,12811720.0,10800279960.0,SUCCESS,2026-10-09,2026-09-10
3065,3065.T,1588.0,3094882.0,4914672616.0,SUCCESS,2026-10-09,2026-09-10
7427,7427.T,824.0,6073021.0,5004169304.0,SUCCESS,2026-10-09,2026-09-10
5817,5817.T,1175.0,5625800.0,6610315000.0,SUCCESS,2026-10-09,2026-09-10
5982,5982.T,4015.0,15902294.0,63847710410.0,SUCCESS,2026-10-09,2026-09-10
7485,7485.T,,,,NO_PRICE,2026-09-08,nan
3093,3093.T,1928.0,23441209.0,45194650952.0,SUCCESS,2026-10-09,2026-09-10
8931,8931.T,1280.0,10957520.0,14025625600.0,SUCCESS,2026-10-08,2026-09-10
6469,6469.T,3090.0,10680730.0,33003455700.0,SUCCESS,2026-08-17,2026-08-11
365A,365A.T,802.0,9100000.0,7298200000.0,SUCCESS,2026-08-17,2026-08-11
2698,2698.T,3625.0,16001234.0,58004473250.0,SUCCESS,2026-08-17,2026-08-11
2872,2872.T,2000.0,1403395.0,2806790000.0,SUCCESS,2026-08-17,2026-08-11
323A,323A.T,369.0,3419400.0,1261758600.0,SUCCESS,2026-08-17,2026-08-11
6572,6572.T,262.0,55721930.0,14599145660.0,SUCCESS,2026-10-09,2026-09-10
3935,3935.T,728.0,5665958.0,4124817424.0,SUCCESS,2026-10-09,2026-09-10
6521,6521.T,3380.0,11596377.0,39195754260.0,SUCCESS,2026-08-17,2026-08-11
2683,2683.T,1013.0,2518664.0,2551406632.0,SUCCESS,2026-08-17,2026-08-11
6323,6323.T,5134.0,173431740.0,890398553160.0,SUCCESS,2026-10-09,2026-09-10
4017,4017.T,205.0,6742057.0,1382121685.0,SUCCESS,2026-10-09,2026-09-10
9388,9388.T,,,,NO_PRICE,2026-09-08,nan
3495,3495.T,2160.0,2762215.0,5966384400.0,SUCCESS,2026-10-09,2026-09-10
7894,7894.T,,,,NO_PRICE,2026-09-08,2026-08-11
7539,7539.T,753.0,23231428.0,17493265284.0,SUCCESS,2026-10-09,2026-09-10
3550,3550.T,216.0,13852204.0,2992076064.0,SUCCESS,2026-10-09,2026-09-10
9946,9946.T,1749.0,29007859.0,50734745391.0,SUCCESS,2026-10-09,2026-09-10
275A,275A.T,,,,NO_PRICE,2026-08-17,nan
9253,9253.T,728.0,2493660.0,1815384480.0,SUCCESS,2026-10-09,2026-09-10
7624,7624.T,174.0,54761230.0,9528454020.0,SUCCESS,2026-10-09,2026-09-10
4424,4424.T,298.0,6577296.0,1960034208.0,SUCCESS,2026-10-09,2026-09-10
8166,8166.T,76.0,41664785.0,3166523660.0,SUCCESS,2026-10-09,2026-09-10
9869,9869.T,6610.0,30182113.0,199503766930.0,SUCCESS,2026-10-09,2026-09-10
2917,2917.T,906.0,4965032.0,4498318992.0,SUCCESS,2026-10-09,2026-09-10
5533,5533.T,2052.0,3512800.0,7208265600.0,SUCCESS,2026-10-09,2026-09-10
231A,231A.T,,,,NO_PRICE,2026-09-08,nan
3672,3672.T,26.0,89846006.0,2335996156.0,SUCCESS,2026-10-09,2026-09-10
3245,3245.T,933.0,50329574.0,46957492542.0,SUCCESS,2026-10-09,2026-09-10
9244,9244.T,1033.0,1430999.0,1478221967.0,SUCCESS,2026-10-09,2026-09-10
7494,7494.T,237.0,33786318.0,8007357366.0,SUCCESS,2026-08-17,2026-08-11
253A,253A.T,1015.0,6368902.0,6464435530.0,SUCCESS,2026-10-09,2026-09-10
9212,9212.T,274.0,11359264.0,3112438336.0,SUCCESS,2026-10-09,2026-09-10
7376,7376.T,690.0,4242759.0,2927503710.0,SUCCESS,2026-10-09,2026-09-10
3674,3674.T,330.0,10521684.0,3472155720.0,SUCCESS,2026-10-09,2026-09-10
7800,7800.T,957.0,3218561.0,3080162877.0,SUCCESS,2026-10-09,2026-09-10
7041,7041.T,349.0,5577124.0,1946416276.0,SUCCESS,2026-08-17,2026-08-11
7819,7819.T,962.0,12637374.0,12157153788.0,SUCCESS,2026-10-09,2026-09-10
5724,5724.T,2960.0,5034843.0,14903135280.0,SUCCESS,2026-08-17,2026-08-11
7069,7069.T,490.0,8145804.0,3991443960.0,SUCCESS,2026-10-09,2026-09-10
4931,4931.T,1970.0,21184331.0,41733132070.0,SUCCESS,2026-10-09,2026-09-10
6094,6094.T,500.0,17376512.0,8688256000.0,SUCCESS,2026-10-09,2026-09-10
3067,3067.T,460.0,8927433.0,4106619180.0,SUCCESS,2026-08-17,2026-08-11
4499,4499.T,2300.0,11544405.0,26552131500.0,SUCCESS,2026-10-09,2026-09-10
9554,9554.T,1720.0,6360215.0,10939569800.0,SUCCESS,2026-10-09,2026-09-10
9258,9258.T,303.0,6662259.0,2018664477.0,SUCCESS,2026-10-09,2026-09-10
264A,264A.T,264.0,12276280.0,3240937920.0,SUCCESS,2026-10-09,2026-09-10
6284,6284.T,8390.0,14991058.0,125774976620.0,SUCCESS,2026-10-09,2026-09-10
1771,1771.T,,,,NO_PRICE,2026-09-08,2026-08-11
4346,4346.T,814.0,13007853.0,10588392342.0,SUCCESS,2026-10-09,2026-09-10
9553,9553.T,590.0,26519359.0,15646421810.0,SUCCESS,2026-08-17,2026-08-11
9248,9248.T,1545.0,8891202.0,13736907090.0,SUCCESS,2026-10-09,2026-09-10
2498,2498.T,2996.0,11899340.0,35650422640.0,SUCCESS,2026-10-09,2026-09-10
3965,3965.T,854.0,5757507.0,4916910978.0,SUCCESS,2026-10-09,2026-09-10
4376,4376.T,173.0,60316575.0,10434767475.0,SUCCESS,2026-10-09,2026-09-10
2410,2410.T,2545.0,5286627.0,13454465715.0,SUCCESS,2026-10-09,2026-09-10
9225,9225.T,961.0,2075500.0,1994555500.0,SUCCESS,2026-10-09,2026-09-10
6731,6731.T,89.0,16084902.0,1431556278.0,SUCCESS,2026-10-09,2026-09-10
1783,1783.T,72.0,193308568.0,13918216896.0,SUCCESS,2026-10-09,2026-09-10
6198,6198.T,189.0,8385720.0,1584901080.0,SUCCESS,2026-10-09,2026-09-10
9470,9470.T,1050.0,41624692.0,43705926600.0,SUCCESS,2026-08-17,2026-08-11
4393,4393.T,6750.0,3974243.0,26826140250.0,SUCCESS,2026-10-09,2026-09-10
3359,3359.T,492.0,10610849.0,5220537708.0,SUCCESS,2026-10-09,2026-09-10
3187,3187.T,365.0,17700875.0,6460819375.0,SUCCESS,2026-08-17,2026-08-11
6554,6554.T,1065.0,8977216.0,9560735040.0,SUCCESS,2026-10-09,2026-09-10
4445,4445.T,1703.0,2377084.0,4048174052.0,SUCCESS,2026-10-09,2026-09-10
220A,220A.T,925.0,2746500.0,2540512500.0,SUCCESS,2026-10-09,2026-09-10
3726,3726.T,335.0,13136018.0,4400566030.0,SUCCESS,2026-10-09,2026-09-10
7446,7446.T,4320.0,900908.0,3891922560.0,SUCCESS,2026-10-09,2026-09-10
3723,3723.T,2471.0,9867176.0,24381791896.0,SUCCESS,2026-10-09,2026-09-10
9376,9376.T,766.0,3689974.0,2826520084.0,SUCCESS,2026-10-09,2026-09-10
9564,9564.T,558.0,22073732.0,12317142456.0,SUCCESS,2026-10-09,2026-09-10
6563,6563.T,452.0,5235392.0,2366397184.0,SUCCESS,2026-10-09,2026-09-10
5843,5843.T,2262.0,2869697.0,6491254614.0,SUCCESS,2026-10-09,2026-09-10
4165,4165.T,735.0,41075773.0,30190693155.0,SUCCESS,2026-10-09,2026-09-10
241A,241A.T,446.0,7283170.0,3248293820.0,SUCCESS,2026-10-09,2026-09-10
259A,259A.T,,,,NO_PRICE,2026-08-17,nan
3920,3920.T,1010.0,5557441.0,5613015410.0,SUCCESS,2026-10-09,2026-09-10
3624,3624.T,80.0,65313200.0,5225056000.0,SUCCESS,2026-10-09,2026-09-10
5137,5137.T,285.0,37349352.0,10644565320.0,SUCCESS,2026-08-17,2026-08-11
335A,335A.T,321.0,11021300.0,3537837300.0,SUCCESS,2026-10-09,2026-09-10
242A,242A.T,,,,NO_PRICE,2026-09-08,nan
8944,8944.T,246.0,19846115.0,4882144290.0,SUCCESS,2026-08-17,2026-08-11
1446,1446.T,540.0,9312600.0,5028804000.0,SUCCESS,2026-10-09,2026-09-10
7505,7505.T,1895.0,11668510.0,22111826450.0,SUCCESS,2026-10-09,2026-09-10
423A,423A.T,307.0,33765525.0,10366016175.0,SUCCESS,2026-10-09,2026-09-10
206A,206A.T,139.0,36964000.0,5137996000.0,SUCCESS,2026-10-09,2026-09-10
3985,3985.T,184.0,10700903.0,1968966152.0,SUCCESS,2026-10-09,2026-09-10
4196,4196.T,1326.0,2470146.0,3275413596.0,SUCCESS,2026-10-09,2026-09-10
4059,4059.T,360.0,2986951.0,1075302360.0,SUCCESS,2026-10-09,2026-09-10
2961,2961.T,1422.0,4460244.0,6342466968.0,SUCCESS,2026-10-09,2026-09-10
3698,3698.T,1230.0,5227373.0,6429668790.0,SUCCESS,2026-10-09,2026-09-10
2667,2667.T,100.0,15117362.0,1511736200.0,SUCCESS,2026-10-09,2026-09-10
4554,4554.T,1780.0,26119761.0,46493174580.0,SUCCESS,2026-10-09,2026-09-10
2778,2778.T,111.0,11852085.0,1315581435.0,SUCCESS,2026-08-17,2026-08-11
7545,7545.T,1892.0,59726817.0,113003137764.0,SUCCESS,2026-10-09,2026-09-10
5036,5036.T,1575.0,45058965.0,70967869875.0,SUCCESS,2026-08-17,2026-08-11
166A,166A.T,971.0,61720624.0,59930725904.0,SUCCESS,2026-10-09,2026-09-10
7148,7148.T,1628.0,83736965.0,136323779020.0,SUCCESS,2026-10-09,2026-09-10
6551,6551.T,614.0,8336036.0,5118326104.0,SUCCESS,2026-10-09,2026-09-10
7760,7760.T,1950.0,15937299.0,31077733050.0,SUCCESS,2026-10-09,2026-09-10
3461,3461.T,554.0,6765141.0,3747888114.0,SUCCESS,2026-10-09,2026-09-10
7030,7030.T,978.0,17649165.0,17260883370.0,SUCCESS,2026-08-17,2026-08-11
9446,9446.T,685.0,7551795.0,5172979575.0,SUCCESS,2026-08-17,2026-08-11
6050,6050.T,1644.0,11595845.0,19063569180.0,SUCCESS,2026-10-09,2026-09-10
6046,6046.T,141.0,18770904.0,2646697464.0,SUCCESS,2026-10-09,2026-09-10
3288,3288.T,7475.0,109828023.0,820964471925.0,SUCCESS,2026-10-09,2026-09-10
4884,4884.T,645.0,8078017.0,5210320965.0,SUCCESS,2026-10-09,2026-09-10
1911,1911.T,1175.5,613181820.0,720795229410.0,SUCCESS,2026-10-09,2026-09-10
3496,3496.T,4485.0,12335339.0,55323995415.0,SUCCESS,2026-10-09,2026-09-10
4475,4475.T,1894.0,31172568.0,59040843792.0,SUCCESS,2026-10-09,2026-09-10
2551,2551.T,,,,NO_PRICE,2026-08-17,nan
3399,3399.T,4495.0,19699696.0,88550133520.0,SUCCESS,2026-10-09,2026-09-10
7646,7646.T,1849.0,6903967.0,12765434983.0,SUCCESS,2026-08-17,2026-08-11
4258,4258.T,4795.0,8210604.0,39369846180.0,SUCCESS,2026-08-17,2026-08-11
4479,4479.T,972.0,12748473.0,12391515756.0,SUCCESS,2026-10-09,2026-09-10
338A,338A.T,4755.0,2726000.0,12962130000.0,SUCCESS,2026-10-09,2026-09-10
7064,7064.T,1004.0,2717485.0,2728354940.0,SUCCESS,2026-09-09,2026-08-11
7073,7073.T,2316.0,926106.0,2144861496.0,SUCCESS,2026-09-11,2026-09-10
9166,9166.T,755.0,181883006.0,137321669530.0,SUCCESS,2026-08-17,2026-08-11
4174,4174.T,1093.0,4046562.0,4422892266.0,SUCCESS,2026-10-09,2026-09-10
456A,456A.T,1982.0,91645600.0,181641579200.0,SUCCESS,2026-10-09,2026-09-10
446A,446A.T,2556.0,69000000.0,176364000000.0,SUCCESS,2026-10-09,2026-09-10
3565,3565.T,452.0,42956754.0,19416452808.0,SUCCESS,2026-08-17,2026-08-11
3169,3169.T,699.0,7057064.0,4932887736.0,SUCCESS,2026-10-09,2026-09-10
5888,5888.T,2625.0,2758522.0,7241120250.0,SUCCESS,2026-10-09,2026-09-10
7196,7196.T,743.0,9082148.0,6748035964.0,SUCCESS,2026-09-09,2026-08-11
4380,4380.T,661.0,9780728.0,6465061208.0,SUCCESS,2026-10-09,2026-09-10
5031,5031.T,389.0,17317000.0,6736313000.0,SUCCESS,2026-10-09,2026-09-10
3071,3071.T,102.0,27636500.0,2818923000.0,SUCCESS,2026-10-09,2026-09-10
9743,9743.T,1390.0,47327893.0,65785771270.0,SUCCESS,2026-10-09,2026-09-10
8013,8013.T,376.0,7813976.0,2938054976.0,SUCCESS,2026-10-09,2026-09-10
3415,3415.T,345.0,42618369.0,14703337305.0,SUCCESS,2026-10-09,2026-09-10
7878,7878.T,1035.0,1496404.0,1548778140.0,SUCCESS,2026-10-09,2026-09-10
2163,2163.T,929.0,21199326.0,19694173854.0,SUCCESS,2026-10-09,2026-09-10
2997,2997.T,1334.0,1853500.0,2472569000.0,SUCCESS,2026-08-17,2026-08-11
6081,6081.T,147.0,17464492.0,2567280324.0,SUCCESS,2026-10-09,2026-09-10
4592,4592.T,1019.0,78041343.0,79524128517.0,SUCCESS,2026-10-09,2026-09-10
7082,7082.T,1688400000.0,9754972.0,1.64702947248e+16,SUCCESS,2026-10-02,2026-09-10
7590,7590.T,393.0,16858433.0,6625364169.0,SUCCESS,2026-10-09,2026-09-10
3035,3035.T,726.0,5473202.0,3973544652.0,SUCCESS,2026-10-09,2026-09-10
9418,9418.T,1814.0,180374910.0,327200086740.0,SUCCESS,2026-10-09,2026-09-10
4397,4397.T,424.0,15246685.0,6464594440.0,SUCCESS,2026-08-17,2026-08-11
1407,1407.T,2794.0,39659150.0,110807665100.0,SUCCESS,2026-08-17,2026-08-11
3815,3815.T,428.0,10828856.0,4634750368.0,SUCCESS,2026-10-09,2026-09-10
7513,7513.T,1422.0,77308101.0,109932119622.0,SUCCESS,2026-10-09,2026-09-10
4412,4412.T,1388.0,8112912.0,11260721856.0,SUCCESS,2026-10-09,2026-09-10
3541,3541.T,,,,NO_PRICE,2026-09-08,nan
2484,2484.T,147.0,111373008.0,16371832176.0,SUCCESS,2026-10-09,2026-09-10
5580,5580.T,1593.0,1682900.0,2680859700.0,SUCCESS,2026-10-09,2026-09-10
3991,3991.T,960.0,9507183.0,9126895680.0,SUCCESS,2026-10-09,2026-09-10
156A,156A.T,856.0,9442892.0,8083115552.0,SUCCESS,2026-08-17,2026-08-11
190A,190A.T,57.0,75216400.0,4287334800.0,SUCCESS,2026-10-09,2026-09-10
8904,8904.T,826.0,14503444.0,11979844744.0,SUCCESS,2026-10-09,2026-09-10
4439,4439.T,841.0,29747368.0,25017536488.0,SUCCESS,2026-10-09,2026-09-10
3987,3987.T,614.0,5166953.0,3172509142.0,SUCCESS,2026-10-09,2026-09-10
8254,8254.T,306.0,6939999.0,2123639694.0,SUCCESS,2026-08-17,2026-08-11
325A,325A.T,1977.0,22693323.0,44864699571.0,SUCCESS,2026-10-09,2026-09-10
3189,3189.T,80.0,46191536.0,3695322880.0,SUCCESS,2026-10-09,2026-09-10
8783,8783.T,45.0,45704218.0,2056689810.0,SUCCESS,2026-10-09,2026-09-10
9979,9979.T,1114.0,20985074.0,23377372436.0,SUCCESS,2026-08-17,2026-08-11
245A,245A.T,2474.0,2524660.0,6246008840.0,SUCCESS,2026-08-17,2026-08-11
7035,7035.T,216.0,11261693.0,2432525688.0,SUCCESS,2026-10-09,2026-09-10
5574,5574.T,2856.0,9936142.0,28377621552.0,SUCCESS,2026-10-09,2026-09-10
7453,7453.T,4422.0,530828292.0,2347322707224.0,SUCCESS,2026-10-09,2026-09-10
3048,3048.T,1653.0,171252728.0,283080759384.0,SUCCESS,2026-10-09,2026-09-10
7607,7607.T,2965.0,13414559.0,39774167435.0,SUCCESS,2026-10-09,2026-09-10
5129,5129.T,252.0,14814520.0,3733259040.0,SUCCESS,2026-10-09,2026-09-10
4176,4176.T,273.0,22399910.0,6115175430.0,SUCCESS,2026-10-09,2026-09-10
1434,1434.T,1614.0,6958520.0,11231051280.0,SUCCESS,2026-10-09,2026-09-10
9331,9331.T,691.0,1960420.0,1354650220.0,SUCCESS,2026-10-09,2026-09-10
373A,373A.T,1531.0,2587500.0,3961462500.0,SUCCESS,2026-10-09,2026-09-10
7373,7373.T,845.0,14420140.0,12185018300.0,SUCCESS,2026-10-09,2026-09-10
6264,6264.T,2232.0,28367690.0,63316684080.0,SUCCESS,2026-08-17,2026-08-11
2999,2999.T,523.0,9395400.0,4913794200.0,SUCCESS,2026-10-09,2026-09-10
2735,2735.T,712.0,13274354.0,9451340048.0,SUCCESS,2026-10-09,2026-09-10
7514,7514.T,852.0,12241239.0,10429535628.0,SUCCESS,2026-10-09,2026-09-10
2164,2164.T,153.0,15445958.0,2363231574.0,SUCCESS,2026-08-17,2026-08-11
9270,9270.T,2105.0,13173880.0,27731017400.0,SUCCESS,2026-08-17,2026-08-11
3647,3647.T,112.0,21367428.0,2393151936.0,SUCCESS,2026-10-09,2026-09-10
3246,3246.T,692.0,10156713.0,7028445396.0,SUCCESS,2026-10-09,2026-09-10
9560,9560.T,900.0,11404961.0,10264464900.0,SUCCESS,2026-10-09,2026-09-10
3663,3663.T,1803.0,29631016.0,53424721848.0,SUCCESS,2026-10-09,2026-09-10
4261,4261.T,2993.0,1477493.0,4422136549.0,SUCCESS,2026-10-09,2026-09-10
6721,6721.T,71.0,58849100.0,4178286100.0,SUCCESS,2026-10-09,2026-09-10
153A,153A.T,2651.0,6346400.0,16824306400.0,SUCCESS,2026-10-09,2026-09-10
4168,4168.T,793.0,12869095.0,10205192335.0,SUCCESS,2026-10-09,2026-09-10
4891,4891.T,122.0,46341767.0,5653695574.0,SUCCESS,2026-10-09,2026-09-10
7793,7793.T,1590.0,2452179.0,3898964610.0,SUCCESS,2026-10-09,2026-09-10
3719,3719.T,93.0,29894195.0,2780160135.0,SUCCESS,2026-10-09,2026-09-10
9973,9973.T,20.0,294614299.0,5892285980.0,SUCCESS,2026-08-13,2026-08-11
9213,9213.T,1118.0,1320758.0,1476607444.0,SUCCESS,2026-10-09,2026-09-10
9214,9214.T,1297.0,1304498.0,1691933906.0,SUCCESS,2026-10-09,2026-09-10
9211,9211.T,1506.0,12238769.0,18431586114.0,SUCCESS,2026-08-17,2026-08-11
6977,6977.T,1538.0,1237203.0,1902818214.0,SUCCESS,2026-08-17,2026-08-11
5616,5616.T,626.0,2420450.0,1515201700.0,SUCCESS,2026-10-09,2026-09-10
4011,4011.T,2284.0,6106052.0,13946222768.0,SUCCESS,2026-08-17,2026-08-11
3696,3696.T,2065.0,11544612.0,23839623780.0,SUCCESS,2026-08-13,2026-08-11
4060,4060.T,1179.0,5829332.0,6872782428.0,SUCCESS,2026-08-17,2026-08-11
7782,7782.T,505.0,6582159.0,3323990295.0,SUCCESS,2026-10-09,2026-09-10
4476,4476.T,1095.0,3805946.0,4167510870.0,SUCCESS,2026-10-09,2026-09-10
3416,3416.T,888.0,1734022.0,1539811536.0,SUCCESS,2026-10-09,2026-09-10
4776,4776.T,3095.0,45363605.0,140400357475.0,SUCCESS,2026-10-09,2026-09-10
4264,4264.T,1413.0,6215032.0,8781840216.0,SUCCESS,2026-10-09,2026-09-10
9271,9271.T,940.0,8416182.0,7911211080.0,SUCCESS,2026-10-09,2026-09-10
4583,4583.T,94.0,72628571.0,6827085674.0,SUCCESS,2026-10-09,2026-09-10
7093,7093.T,653.0,2152740.0,1405739220.0,SUCCESS,2026-10-09,2026-09-10
4377,4377.T,2561.0,18428917.0,47196456437.0,SUCCESS,2026-10-09,2026-09-10
5537,5537.T,4085.0,8074600.0,32984741000.0,SUCCESS,2026-10-09,2026-09-10
9246,9246.T,2194.0,5311266.0,11652917604.0,SUCCESS,2026-10-09,2026-09-10
4892,4892.T,622.0,10092100.0,6277286200.0,SUCCESS,2026-10-09,2026-09-10
9399,9399.T,12.0,183335577.0,2200026924.0,SUCCESS,2026-08-12,2026-08-11
3241,3241.T,596.0,11547887.0,6882540652.0,SUCCESS,2026-10-09,2026-09-10
4487,4487.T,214.0,12105790.0,2590639060.0,SUCCESS,2026-10-09,2026-09-10
5618,5618.T,281.0,8536800.0,2398840800.0,SUCCESS,2026-08-17,2026-08-11
6573,6573.T,23.0,66685080.0,1533756840.0,SUCCESS,2026-10-09,2026-09-10
3671,3671.T,316.0,24049172.0,7599538352.0,SUCCESS,2026-10-09,2026-09-10
5619,5619.T,852.0,3508478.0,2989223256.0,SUCCESS,2026-10-09,2026-09-10
4595,4595.T,1704.0,19048650.0,32458899600.0,SUCCESS,2026-10-09,2026-09-10
6054,6054.T,112.0,27562980.0,3087053760.0,SUCCESS,2026-10-09,2026-09-10
6561,6561.T,809.0,12555471.0,10157376039.0,SUCCESS,2026-08-17,2026-08-11
5242,5242.T,1885.0,1025927.0,1933872395.0,SUCCESS,2026-10-09,2026-09-10
6635,6635.T,668.0,6631617.0,4429920156.0,SUCCESS,2026-08-17,2026-08-11
3138,3138.T,1199.0,3302401.0,3959578799.0,SUCCESS,2026-10-09,2026-09-10
6459,6459.T,1638.0,49109334.0,80441089092.0,SUCCESS,2026-10-09,2026-09-10
6694,6694.T,826.0,4323027.0,3570820302.0,SUCCESS,2026-10-09,2026-09-10
4235,4235.T,695.0,15928709.0,11070452755.0,SUCCESS,2026-08-17,2026-08-11
4482,4482.T,739.0,20222228.0,14944226492.0,SUCCESS,2026-10-09,2026-09-10
149A,149A.T,762.0,3214320.0,2449311840.0,SUCCESS,2026-10-09,2026-09-10
7362,7362.T,859.0,1520644.0,1306233196.0,SUCCESS,2026-08-13,2026-08-11
3775,3775.T,,,,NO_PRICE,2026-09-08,nan
4704,4704.T,6851.0,129767336.0,889036018936.0,SUCCESS,2026-08-13,2026-08-11
146A,146A.T,3905.0,7668600.0,29945883000.0,SUCCESS,2026-08-17,2026-08-11
2499,2499.T,310.0,9042100.0,2803051000.0,SUCCESS,2026-10-09,2026-09-10
7776,7776.T,211.0,39423663.0,8318392893.0,SUCCESS,2026-10-09,2026-09-10
9345,9345.T,583.0,3249534.0,1894478322.0,SUCCESS,2026-10-09,2026-09-10
3452,3452.T,1530.0,18835738.0,28818679140.0,SUCCESS,2026-08-13,2026-08-11
5039,5039.T,,,,NO_PRICE,2026-09-08,2026-08-11
3911,3911.T,195.0,46668200.0,9100299000.0,SUCCESS,2026-10-09,2026-09-10
2124,2124.T,1076.0,158953625.0,171034100500.0,SUCCESS,2026-10-09,2026-09-10
5591,5591.T,829.0,6107654.0,5063245166.0,SUCCESS,2026-10-09,2026-09-10
3053,3053.T,199.0,61423780.0,12223332220.0,SUCCESS,2026-10-09,2026-09-10
4563,4563.T,45.0,395626320.0,17803184400.0,SUCCESS,2026-08-17,2026-08-11
5868,5868.T,1025.0,3728700.0,3821917500.0,SUCCESS,2026-10-09,2026-09-10
2461,2461.T,379.0,65698229.0,24899628791.0,SUCCESS,2026-10-09,2026-09-10
4171,4171.T,1665.0,2975401.0,4954042665.0,NO_PRICE,2026-09-08,2026-08-11
4372,4372.T,1274.0,3830963.0,4880646862.0,SUCCESS,2026-10-09,2026-09-10
1724,1724.T,709.0,4479123.0,3175698207.0,SUCCESS,2026-10-09,2026-09-10
7685,7685.T,2716.0,61827734.0,167924125544.0,SUCCESS,2026-10-09,2026-09-10
479A,479A.T,1978.0,4498860.0,8898745080.0,SUCCESS,2026-10-09,2026-09-10
155A,155A.T,788.0,10315031.0,8128244428.0,SUCCESS,2026-10-09,2026-09-10
5241,5241.T,,,,NO_PRICE,2026-09-08,nan
6540,6540.T,1490.0,10696990.0,15938515100.0,SUCCESS,2026-10-09,2026-09-10
478A,478A.T,721.0,10192500.0,7348792500.0,SUCCESS,2026-10-09,2026-09-10
4166,4166.T,735.0,2771061.0,2036729835.0,SUCCESS,2026-10-09,2026-09-10
9563,9563.T,354.0,7429923.0,2630192742.0,SUCCESS,2026-10-09,2026-09-10
5015,5015.T,999.0,22957714.0,22934756286.0,SUCCESS,2026-10-09,2026-09-10
9419,9419.T,300.0,10880574.0,3264172200.0,SUCCESS,2026-10-09,2026-09-10
4896,4896.T,753.0,11622600.0,8751817800.0,SUCCESS,2026-10-09,2026-09-10
175A,175A.T,613.0,2155951.0,1321597963.0,SUCCESS,2026-10-09,2026-09-10
4597,4597.T,29.0,273005222.0,7917151438.0,SUCCESS,2026-10-09,2026-09-10
4058,4058.T,2282.0,10837023.0,24730086486.0,SUCCESS,2026-10-09,2026-09-10
2195,2195.T,343.0,17552470.0,6020497210.0,SUCCESS,2026-08-11,2026-08-11
421A,421A.T,4385.0,8442200.0,37019047000.0,SUCCESS,2026-10-09,2026-09-10
298A,298A.T,342.0,4638203.0,1586265426.0,SUCCESS,2026-08-17,2026-08-11
7353,7353.T,515.0,6868950.0,3537509250.0,SUCCESS,2026-10-09,2026-09-10
4574,4574.T,257.0,50308081.0,12929176817.0,SUCCESS,2026-10-09,2026-09-10
4192,4192.T,332.0,35545740.0,11801185680.0,SUCCESS,2026-10-09,2026-09-10
6078,6078.T,1488.0,26718504.0,39757133952.0,SUCCESS,2026-08-12,2026-08-11
2597,2597.T,1300.0,13388985.0,17405680500.0,SUCCESS,2026-10-09,2026-09-10
8996,8996.T,1097.0,3833140.0,4204954580.0,SUCCESS,2026-08-13,2026-08-11
4893,4893.T,102.0,43398993.0,4426697286.0,SUCCESS,2026-10-09,2026-09-10
4576,4576.T,70.0,57548025.0,4028361750.0,SUCCESS,2026-10-09,2026-09-10
4448,4448.T,358.0,42414472.0,15184380976.0,SUCCESS,2026-10-09,2026-09-10
3252,3252.T,2969.0,20679542.0,61397560198.0,SUCCESS,2026-08-17,2026-08-11
5038,5038.T,2330.0,13553460.0,31579561800.0,SUCCESS,2026-10-09,2026-09-10
4486,4486.T,691.0,7918926.0,5471977866.0,SUCCESS,2026-10-09,2026-09-10
9160,9160.T,331.0,25071435.0,8298644985.0,SUCCESS,2026-08-17,2026-08-11
3695,3695.T,1452.0,4403124.0,6393336048.0,SUCCESS,2026-08-17,2026-08-11
3788,3788.T,2375.0,11469742.0,27240637250.0,SUCCESS,2026-10-09,2026-09-10
7810,7810.T,146.0,17046919.0,2488850174.0,SUCCESS,2026-08-17,2026-08-11
6180,6180.T,3740.0,1787807.0,6686398180.0,SUCCESS,2026-10-09,2026-09-10
2353,2353.T,264.0,311642923.0,82273731672.0,SUCCESS,2026-08-17,2026-08-11
410A,410A.T,1303.0,5451968.0,7103914304.0,SUCCESS,2026-10-09,2026-09-10
8927,8927.T,491.0,30537440.0,14993883040.0,SUCCESS,2026-10-09,2026-09-10
4384,4384.T,,,,NO_PRICE,2026-08-17,nan
3418,3418.T,1050.0,10813275.0,11353938750.0,SUCCESS,2026-08-17,2026-08-11
2929,2929.T,614.0,29043377.0,17832633478.0,SUCCESS,2026-08-17,2026-08-11
4075,4075.T,1428.0,5840000.0,8339520000.0,SUCCESS,2026-10-09,2026-09-10
2978,2978.T,330.0,11722491.0,3868422030.0,SUCCESS,2026-08-17,2026-08-11
7110,7110.T,1819.0,7370302.0,13406579338.0,SUCCESS,2026-10-09,2026-09-10
6267,6267.T,4185.0,1682975.0,7043250375.0,SUCCESS,2026-10-09,2026-09-10
1844,1844.T,417.0,18716051.0,7804593267.0,SUCCESS,2026-10-09,2026-09-10
7692,7692.T,76.0,110130192.0,8369894592.0,SUCCESS,2026-10-09,2026-09-10
6535,6535.T,488.0,55085173.0,26881564424.0,SUCCESS,2026-10-09,2026-09-10
2991,2991.T,504.0,23954906.0,12073272624.0,SUCCESS,2026-10-09,2026-09-10
7682,7682.T,3910.0,2169191.0,8481536810.0,SUCCESS,2026-08-17,2026-08-11
4422,4422.T,489.0,8558700.0,4185204300.0,SUCCESS,2026-10-09,2026-09-10
7126,7126.T,1423.0,3388906.0,4822413238.0,SUCCESS,2026-08-17,2026-08-11
7850,7850.T,823.0,2999388.0,2468496324.0,SUCCESS,2026-08-17,2026-08-11
3193,3193.T,1446.0,23072568.0,33362933328.0,SUCCESS,2026-08-17,2026-08-11
9240,9240.T,362.0,4838398.0,1751500076.0,SUCCESS,2026-10-09,2026-09-10
3441,3441.T,1798.0,4241851.0,7626848098.0,SUCCESS,2026-10-09,2026-09-10
9235,9235.T,505.0,8103791.0,4092414455.0,SUCCESS,2026-08-17,2026-08-11
4599,4599.T,164.0,62681079.0,10279696956.0,SUCCESS,2026-10-09,2026-09-10
6577,6577.T,1899.0,1510884.0,2869168716.0,SUCCESS,2026-08-17,2026-08-11
7936,7936.T,4474.0,708910903.0,3171667380022.0,SUCCESS,2026-10-09,2026-09-10
3135,3135.T,1152.0,5354405.0,6168274560.0,SUCCESS,2026-08-17,2026-08-11
4495,4495.T,2146.0,4890582.0,10495188972.0,SUCCESS,2026-10-09,2026-09-10
6597,6597.T,4165.0,3867369.0,16107591885.0,SUCCESS,2026-09-25,2026-09-10
8928,8928.T,2326.0,10666801.0,24810979126.0,SUCCESS,2026-10-09,2026-09-10
5582,5582.T,2024.0,4802739.0,9720743736.0,SUCCESS,2026-10-09,2026-09-10
4073,4073.T,507.0,2537843.0,1286686401.0,SUCCESS,2026-08-17,2026-08-11
7781,7781.T,881.0,15327254.0,13503310774.0,SUCCESS,2026-10-09,2026-09-10
3439,3439.T,703.0,4676392.0,3287503576.0,SUCCESS,2026-10-09,2026-09-10
1788,1788.T,4060.0,626852.0,2545019120.0,SUCCESS,2026-10-09,2026-09-10
2689,2689.T,1891.0,5928028.0,11209900948.0,SUCCESS,2026-08-17,2026-08-11
1764,1764.T,2750.0,1246284.0,3427281000.0,SUCCESS,2026-08-17,2026-08-11
1431,1431.T,627.0,23266517.0,14588106159.0,SUCCESS,2026-10-09,2026-09-10
6547,6547.T,1985.0,13734548.0,27263077780.0,SUCCESS,2026-08-17,2026-08-11
6888,6888.T,533.0,9948057.0,5302314381.0,SUCCESS,2026-10-09,2026-09-10
2938,2938.T,1226.0,50405840.0,61797559840.0,SUCCESS,2026-10-09,2026-09-25
2180,2180.T,1309.0,14811344.0,19388049296.0,NO_PRICE,2026-10-02,2026-09-10
3082,3082.T,973.0,11299677.0,10994585721.0,SUCCESS,2026-08-17,2026-08-11
9162,9162.T,226.0,25731800.0,5815386800.0,SUCCESS,2026-10-09,2026-09-10
7803,7803.T,502.0,135026532.0,67783319064.0,SUCCESS,2026-10-09,2026-09-10
8945,8945.T,1091.0,9349264.0,10200047024.0,SUCCESS,2026-10-09,2026-09-10
4263,4263.T,395.0,16861856.0,6660433120.0,SUCCESS,2026-10-09,2026-09-10
378A,378A.T,905.0,14250000.0,12896250000.0,SUCCESS,2026-10-09,2026-09-10
4018,4018.T,,,,NO_PRICE,2026-09-08,2026-08-11
2428,2428.T,617.0,18971540.0,11705440180.0,SUCCESS,2026-10-09,2026-09-25
7809,7809.T,1327.0,8080479.0,10722795633.0,SUCCESS,2026-10-09,2026-09-10
3538,3538.T,1040.0,9093919.0,9457675760.0,SUCCESS,2026-09-25,2026-09-10
196A,196A.T,361.0,10198900.0,3681802900.0,SUCCESS,2026-10-09,2026-09-10
7826,7826.T,11600.0,24599305.0,285351938000.0,SUCCESS,2026-10-09,2026-09-10
7375,7375.T,1268.0,3348284.0,4245624112.0,SUCCESS,2026-08-17,2026-08-11
2172,2172.T,,,,NO_PRICE,2026-09-08,2026-08-11
4398,4398.T,2822.0,4419654.0,12472263588.0,SUCCESS,2026-10-09,2026-09-10
9219,9219.T,904.0,5596598.0,5059324592.0,SUCCESS,2026-10-09,2026-09-10
6227,6227.T,9230.0,18811644.0,173631474120.0,SUCCESS,2026-10-09,2026-09-10
3041,3041.T,403.0,4100748.0,1652601444.0,SUCCESS,2026-08-17,2026-08-11
7812,7812.T,2080.0,2963793.0,6164689440.0,SUCCESS,2026-10-09,2026-09-10
7320,7320.T,1395.0,10663254.0,14875239330.0,SUCCESS,2026-08-17,2026-08-11
2962,2962.T,1359.0,9193374.0,12493795266.0,SUCCESS,2026-08-17,2026-08-11
9346,9346.T,1824.0,3677657.0,6708046368.0,SUCCESS,2026-10-09,2026-09-10
7813,7813.T,919.0,3381766.0,3107842954.0,SUCCESS,2026-10-09,2026-09-10
7585,7585.T,406.0,3811476.0,1547459256.0,SUCCESS,2026-08-17,2026-08-11
9344,9344.T,1451.0,4974848.0,7218504448.0,SUCCESS,2026-10-09,2026-09-10
3469,3469.T,847.0,4377723.0,3707931381.0,SUCCESS,2026-10-09,2026-09-10
9557,9557.T,212.0,8284200.0,1756250400.0,SUCCESS,2026-08-17,2026-08-11
4575,4575.T,801.0,19703057.0,15782148657.0,SUCCESS,2026-10-09,2026-09-10
7135,7135.T,168.0,37320666.0,6269871888.0,SUCCESS,2026-10-09,2026-09-25
5125,5125.T,599.0,4467500.0,2676032500.0,SUCCESS,2026-10-09,2026-09-10
1382,1382.T,865.0,761620.0,658801300.0,SUCCESS,2026-10-09,2026-09-10
1999,1999.T,,,,NO_PRICE,2026-09-08,2026-08-11
3140,3140.T,1026.0,14342615.0,14715522990.0,SUCCESS,2026-10-09,2026-09-10
3984,3984.T,1524.0,15630898.0,23821488552.0,SUCCESS,2026-10-09,2026-09-10
4478,4478.T,3680.0,59381388.0,218523507840.0,SUCCESS,2026-10-09,2026-09-10
141A,141A.T,3790.0,122642482.0,464815006780.0,SUCCESS,2026-08-17,2026-08-11
386A,386A.T,1272.0,3605000.0,4585560000.0,SUCCESS,2026-08-17,2026-08-11
4068,4068.T,1831.0,1840497.0,3369950007.0,SUCCESS,2026-10-09,2026-09-10
9439,9439.T,239.0,11542052.0,2758550428.0,SUCCESS,2026-08-17,2026-08-11
2477,2477.T,3355.0,5896073.0,19781324915.0,SUCCESS,2026-10-09,2026-09-10
9421,9421.T,530.0,5292784.0,2805175520.0,SUCCESS,2026-10-09,2026-09-10
4335,4335.T,1073.0,2287975.0,2454997175.0,SUCCESS,2026-10-09,2026-09-10
151A,151A.T,601.0,8400775.0,5048865775.0,SUCCESS,2026-10-09,2026-09-10
6062,6062.T,1430.0,32681388.0,46734384840.0,SUCCESS,2026-08-17,2026-08-11
3242,3242.T,522.0,36985451.0,19306405422.0,SUCCESS,2026-08-17,2026-08-11
7962,7962.T,768.0,28160155.0,21626999040.0,SUCCESS,2026-10-09,2026-09-10
2722,2722.T,358.0,7562014.0,2707201012.0,SUCCESS,2026-10-09,2026-09-10
7434,7434.T,1718.0,3922394.0,6738672892.0,SUCCESS,2026-10-09,2026-09-10
7068,7068.T,597.0,23943258.0,14294125026.0,SUCCESS,2026-10-09,2026-09-10
3297,3297.T,1159.0,2709886.0,3140757874.0,SUCCESS,2026-10-09,2026-09-10
7888,7888.T,936.0,30483763.0,28532802168.0,SUCCESS,2026-08-17,2026-08-11
9278,9278.T,2791.0,17552505.0,48989041455.0,SUCCESS,2026-08-17,2026-08-11
3160,3160.T,580.0,14276588.0,8280421040.0,SUCCESS,2026-08-17,2026-08-11
1430,1430.T,1099.0,11990662.0,13177737538.0,SUCCESS,2026-10-09,2026-09-10
7673,7673.T,1683.0,5332506.0,8974607598.0,SUCCESS,2026-10-09,2026-09-10
6150,6150.T,2759.0,919293.0,2536329387.0,SUCCESS,2026-10-09,2026-09-10
1887,1887.T,509.0,79797254.0,40616802286.0,SUCCESS,2026-10-09,2026-09-10
6552,6552.T,167.0,17463145.0,2916345215.0,SUCCESS,2026-10-09,2026-09-10
5575,5575.T,1191.0,4853784.0,5780856744.0,SUCCESS,2026-10-09,2026-09-10
3645,3645.T,254.0,9246970.0,2348730380.0,SUCCESS,2026-10-09,2026-09-10
2934,2934.T,2050.0,5333418.0,10933506900.0,SUCCESS,2026-08-17,2026-08-11
4443,4443.T,2219.0,125359694.0,278173160986.0,SUCCESS,2026-10-09,2026-09-10
198A,198A.T,158.0,12350060.0,1951309480.0,SUCCESS,2026-10-09,2026-09-10
7420,7420.T,,,,NO_PRICE,2026-09-08,nan
192A,192A.T,1312.0,2184200.0,2865670400.0,SUCCESS,2026-10-09,2026-09-10
3810,3810.T,176.0,81912863.0,14416663888.0,SUCCESS,2026-10-09,2026-09-10
6044,6044.T,1883.0,6452694.0,12150422802.0,SUCCESS,2026-10-09,2026-09-10
9265,9265.T,3565.0,2543229.0,9066611385.0,SUCCESS,2026-10-09,2026-09-10
3321,3321.T,1750.0,7971134.0,13949484500.0,SUCCESS,2026-10-09,2026-09-10
1376,1376.T,1506.0,10966049.0,16514869794.0,SUCCESS,2026-10-09,2026-09-10
4076,4076.T,1958.0,2905962.0,5689873596.0,SUCCESS,2026-10-09,2026-09-10
8908,8908.T,868.0,17122806.0,14862595608.0,SUCCESS,2026-10-09,2026-09-10
1419,1419.T,2821.0,28988158.0,81775593718.0,SUCCESS,2026-10-09,2026-09-10
2437,2437.T,605.0,11017818.0,6665779890.0,SUCCESS,2026-10-09,2026-09-10
3760,3760.T,714.0,6170903.0,4406024742.0,SUCCESS,2026-10-09,2026-09-10
3236,3236.T,272.0,33095195.0,9001893040.0,SUCCESS,2026-10-09,2026-09-10
340A,340A.T,328.0,7753815.0,2543251320.0,SUCCESS,2026-10-09,2026-09-10
7725,7725.T,1788.0,10145393.0,18139962684.0,SUCCESS,2026-10-09,2026-09-10
3856,3856.T,371.0,18950651.0,7030691521.0,SUCCESS,2026-08-17,2026-08-11
2459,2459.T,169.0,7502800.0,1267973200.0,SUCCESS,2026-10-09,2026-09-10
2796,2796.T,497.0,11502525.0,5716754925.0,SUCCESS,2026-08-17,2026-08-11
4716,4716.T,10005.0,128157548.0,1282216267740.0,SUCCESS,2026-10-09,2026-09-10
9216,9216.T,1604.0,14378148.0,23062549392.0,SUCCESS,2026-10-09,2026-09-10
137A,137A.T,660.0,2919140.0,1926632400.0,SUCCESS,2026-10-09,2026-09-10
6083,6083.T,1410.0,22447935.0,31651588350.0,SUCCESS,2026-10-09,2026-09-10
3843,3843.T,1712.0,21822315.0,37359803280.0,SUCCESS,2026-08-17,2026-08-11
165A,165A.T,,,,NO_PRICE,2026-09-08,nan
3341,3341.T,,,,NO_PRICE,2026-08-17,nan
2374,2374.T,,,,NO_PRICE,2026-09-08,nan
6670,6670.T,,,,NO_PRICE,2026-09-08,nan
4333,4333.T,,,,NO_PRICE,2026-09-08,nan
6210,6210.T,,,,NO_PRICE,2026-09-08,nan
9927,9927.T,,,,NO_PRICE,2026-09-08,nan
7116,7116.T,,,,NO_PRICE,2026-08-17,nan
5596,5596.T,,,,NO_PRICE,2026-09-08,nan
6403,6403.T,,,,NO_PRICE,2026-09-08,nan
4069,4069.T,524.0,3339167.0,1749723508.0,SUCCESS,2026-10-09,2026-09-10
3924,3924.T,,,,NO_PRICE,2026-09-08,nan
9227,9227.T,962.0,15904490.0,15300119380.0,SUCCESS,2026-08-17,2026-08-11
4319,4319.T,,,,NO_PRICE,2026-08-17,nan
1726,1726.T,,,,NO_PRICE,2026-09-08,nan
5727,5727.T,,,,NO_PRICE,2026-08-17,nan
1776,1776.T,,,,NO_PRICE,2026-09-08,nan
7635,7635.T,,,,NO_PRICE,2026-09-08,nan
7088,7088.T,,,,NO_PRICE,2026-09-08,nan
7732,7732.T,,,,NO_PRICE,2026-08-17,nan
2692,2692.T,,,,NO_PRICE,2026-09-08,nan
1890,1890.T,,,,NO_PRICE,2026-09-08,nan
5476,5476.T,,,,NO_PRICE,2026-09-08,nan
6901,6901.T,,,,NO_PRICE,2026-08-17,nan
3294,3294.T,,,,NO_PRICE,2026-09-08,nan
1949,1949.T,,,,NO_PRICE,2026-09-08,nan
6734,6734.T,,,,NO_PRICE,2026-09-08,nan
3073,3073.T,,,,NO_PRICE,2026-08-17,nan
3094,3094.T,,,,NO_PRICE,2026-08-17,nan
176A,176A.T,,,,NO_PRICE,2026-08-17,nan
5577,5577.T,,,,NO_PRICE,2026-09-08,nan
8940,8940.T,,,,NO_PRICE,2026-08-17,nan
7359,7359.T,268.0,10074422.0,2699945096.0,SUCCESS,2026-08-17,2026-08-12
6769,6769.T,1191.0,10572063.0,12591327033.0,SUCCESS,2026-10-09,2026-09-11
6914,6914.T,3305.0,35639049.0,117787056945.0,SUCCESS,2026-10-09,2026-09-11
248A,248A.T,808.0,2621000.0,2117768000.0,SUCCESS,2026-10-09,2026-09-11
4840,4840.T,900.0,8740132.0,7866118800.0,SUCCESS,2026-10-09,2026-09-11
7037,7037.T,835.0,4568576.0,3814760960.0,SUCCESS,2026-08-17,2026-08-12
8946,8946.T,72.0,26725000.0,1924200000.0,SUCCESS,2026-10-09,2026-09-14
3474,3474.T,584.0,6539000.0,3818776000.0,SUCCESS,2026-08-17,2026-08-13
3807,3807.T,88.0,45816520.0,4031853760.0,SUCCESS,2026-08-17,2026-08-13
4480,4480.T,2810.0,30045906.0,84428995860.0,SUCCESS,2026-08-17,2026-08-13
4848,4848.T,1788.0,34811579.0,62243103252.0,SUCCESS,2026-10-09,2026-09-14
281A,281A.T,479.0,5987357.0,2867944003.0,SUCCESS,2026-08-17,2026-08-13
7347,7347.T,803.0,19348123.0,15536542769.0,SUCCESS,2026-10-09,2026-09-14
9755,9755.T,2723.0,22290458.0,60696917134.0,SUCCESS,2026-10-09,2026-09-14
3913,3913.T,1082.0,2018212.0,2183705384.0,SUCCESS,2026-10-09,2026-09-14
6560,6560.T,1779.0,4404123.0,7834934817.0,SUCCESS,2026-10-09,2026-09-14
558A,558A.T,6060.0,3251500.0,19704090000.0,SUCCESS,2026-10-09,2026-09-14
7790,7790.T,,,,NO_PRICE,2026-08-17,nan
9173,9173.T,2832.0,2194618.0,6215158176.0,SUCCESS,2026-08-17,2026-08-14
9145,9145.T,553.0,24099260.0,13326890780.0,SUCCESS,2026-08-17,2026-08-14
6276,6276.T,323.0,4663788.0,1506403524.0,SUCCESS,2026-10-09,2026-09-14
8202,8202.T,147.0,91416147.0,13438173609.0,SUCCESS,2026-10-09,2026-09-14
6232,6232.T,1226.0,19572242.0,23995568692.0,SUCCESS,2026-10-09,2026-09-14
4438,4438.T,265.0,8435552.0,2235421280.0,SUCCESS,2026-08-17,2026-08-14
2721,2721.T,100.0,16505729.0,1650572900.0,SUCCESS,2026-10-09,2026-09-14
9218,9218.T,761.0,10507236.0,7996006596.0,SUCCESS,2026-08-17,2026-08-14
6177,6177.T,81.0,25228854.0,2043537174.0,SUCCESS,2026-10-09,2026-09-14
319A,319A.T,19300.0,8845891.0,170725696300.0,SUCCESS,2026-08-17,2026-08-14
286A,286A.T,799.0,35789100.0,28595490900.0,SUCCESS,2026-08-17,2026-08-14
3758,3758.T,244.0,20171254.0,4921785976.0,SUCCESS,2026-10-09,2026-09-14
3981,3981.T,1228.0,5593776.0,6869156928.0,SUCCESS,2026-10-09,2026-09-14
4371,4371.T,1594.0,16252612.0,25906663528.0,SUCCESS,2026-10-09,2026-09-14
3196,3196.T,1625.0,25930924.0,42137751500.0,SUCCESS,2026-08-17,2026-08-14
3904,3904.T,427.0,15408534.0,6579444018.0,SUCCESS,2026-10-09,2026-09-14
4450,4450.T,2329.0,3133978.0,7299034762.0,SUCCESS,2026-10-09,2026-09-14
6071,6071.T,940.0,37868294.0,35596196360.0,SUCCESS,2026-08-17,2026-08-14
4019,4019.T,635.0,8781364.0,5576166140.0,SUCCESS,2026-10-09,2026-09-14
290A,290A.T,1352.0,132935900.0,179729336800.0,SUCCESS,2026-10-09,2026-09-14
4883,4883.T,30.0,104374034.0,3131221020.0,SUCCESS,2026-10-09,2026-09-14
7675,7675.T,,,,NO_PRICE,2026-09-08,nan
7061,7061.T,502.0,8450610.0,4242206220.0,SUCCESS,2026-08-17,2026-08-14
377A,377A.T,,,,NO_PRICE,2026-09-08,2026-08-14
7033,7033.T,1603.0,15758268.0,25260503604.0,SUCCESS,2026-10-09,2026-09-14
4881,4881.T,44.0,50666688.0,2229334272.0,SUCCESS,2026-10-09,2026-09-14
7048,7048.T,148.0,36603283.0,5417285884.0,SUCCESS,2026-08-17,2026-08-14
5240,5240.T,169.0,12265280.0,2072832320.0,SUCCESS,2026-10-09,2026-09-16
4596,4596.T,63.0,162144101.0,10215078363.0,SUCCESS,2026-10-09,2026-09-16
2160,2160.T,3200.0,65814585.0,210606672000.0,SUCCESS,2026-10-09,2026-09-16
2436,2436.T,609.0,17168404.0,10455558036.0,SUCCESS,2026-10-09,2026-09-16
4180,4180.T,1368.0,102108984.0,139685090112.0,SUCCESS,2026-10-09,2026-09-16
6268,6268.T,4859.0,116251569.0,564866373771.0,SUCCESS,2026-10-09,2026-09-16
3659,3659.T,2639.0,778877498.0,2055457717222.0,SUCCESS,2026-10-09,2026-09-16
6034,6034.T,544.0,5473211.0,2977426784.0,SUCCESS,2026-10-09,2026-09-16
6361,6361.T,4785.0,455395051.0,2179065319035.0,SUCCESS,2026-10-09,2026-09-16
5842,5842.T,2788.0,34054206.0,94943126328.0,SUCCESS,2026-10-09,2026-09-16
3983,3983.T,1910.0,15152902.0,28942042820.0,SUCCESS,2026-10-09,2026-09-16
4587,4587.T,1075.0,128492365.0,138129292375.0,SUCCESS,2026-10-09,2026-09-16
2501,2501.T,1857.5,389972990.0,724374828925.0,SUCCESS,2026-10-09,2026-09-16
4912,4912.T,1768.5,276700459.0,489344761741.5,SUCCESS,2026-10-09,2026-09-16
3680,3680.T,202.0,15307285.0,3092071570.0,SUCCESS,2026-10-09,2026-09-16
2193,2193.T,122.0,71884597.0,8769920834.0,SUCCESS,2026-10-09,2026-09-16
6481,6481.T,6710.0,112073804.0,752015224840.0,SUCCESS,2026-10-09,2026-09-16
4452,4452.T,3557.0,904757994.0,3218224184658.0,SUCCESS,2026-10-09,2026-09-16
5108,5108.T,3913.0,1234467309.0,4830470580117.0,SUCCESS,2026-10-09,2026-09-16
4286,4286.T,1281.0,10746589.0,13766380509.0,SUCCESS,2026-10-09,2026-09-16
4293,4293.T,487.0,207445109.0,101025768083.0,SUCCESS,2026-10-09,2026-09-16
2811,2811.T,2716.5,90440477.0,245681555770.5,SUCCESS,2026-10-09,2026-09-16
8113,8113.T,957.5999755859375,1720800317.0,1647838341547.4736,SUCCESS,2026-10-09,2026-09-16
7272,7272.T,1811.0,970378089.0,1757354719179.0,SUCCESS,2026-10-09,2026-09-16
4151,4151.T,2222.5,523586484.0,1163670960690.0,SUCCESS,2026-10-09,2026-09-16
4578,4578.T,11665.0,524609613.0,6119571135645.0,SUCCESS,2026-10-09,2026-09-16
4519,4519.T,6019.0,1645577167.0,9904728968173.0,SUCCESS,2026-10-09,2026-09-16
8923,8923.T,1655.0,97006100.0,160545095500.0,SUCCESS,2026-10-09,2026-09-16
7378,7378.T,1573.0,7031587.0,11060686351.0,SUCCESS,2026-10-09,2026-09-16
6838,6838.T,1396.0,9121192.0,12733184032.0,SUCCESS,2026-10-09,2026-09-16
6080,6080.T,4425.0,31778580.0,140620216500.0,SUCCESS,2026-10-09,2026-09-16
3323,3323.T,90.0,81596355.0,7343671950.0,SUCCESS,2026-10-09,2026-09-16
3989,3989.T,1547.0,23931269.0,37021673143.0,SUCCESS,2026-10-09,2026-09-16
4051,4051.T,6250.0,8256674.0,51604212500.0,SUCCESS,2026-10-09,2026-09-16
6191,6191.T,1453.0,20692956.0,30066865068.0,SUCCESS,2026-10-09,2026-09-16
3993,3993.T,3500.0,30674591.0,107361068500.0,SUCCESS,2026-10-09,2026-09-16
2120,2120.T,240.0,128340581.0,30801739440.0,SUCCESS,2026-10-09,2026-09-16
2449,2449.T,1196.0,4455132.0,5328337872.0,SUCCESS,2026-10-09,2026-09-16
9983,9983.T,71780.0,306851024.0,22025766502720.0,SUCCESS,2026-10-09,2026-09-16
4845,4845.T,329.0,17118845.0,5632100005.0,SUCCESS,2026-10-09,2026-09-16
9028,9028.T,3055.0,16803262.0,51333965410.0,SUCCESS,2026-10-09,2026-09-16
6030,6030.T,1460.0,7177377.0,10478970420.0,SUCCESS,2026-10-09,2026-09-16
5191,5191.T,,,,NO_PRICE,2026-09-08,nan
7229,7229.T,,,,NO_PRICE,2026-09-08,nan
6594,6594.T,2340.0,1146309835.0,2682365013900.0,SUCCESS,2026-09-29,2026-09-16
9702,9702.T,2461.0,11478348.0,28248214428.0,SUCCESS,2026-10-09,2026-09-17
4248,4248.T,879.0,12066996.0,10606889484.0,SUCCESS,2026-10-09,2026-09-17
9621,9621.T,3315.0,27202871.0,90177517365.0,SUCCESS,2026-10-09,2026-09-17
9672,9672.T,4700.0,26040920.0,122392324000.0,SUCCESS,2026-10-09,2026-09-17
4284,4284.T,455.0,20070142.0,9131914610.0,SUCCESS,2026-10-09,2026-09-17
7039,7039.T,1353.0,3504621.0,4741752213.0,SUCCESS,2026-10-09,2026-09-17
261A,261A.T,1905.0,11883000.0,22637115000.0,SUCCESS,2026-10-09,2026-09-17
4020,4020.T,898.0,2164526.0,1943744348.0,SUCCESS,2026-10-09,2026-09-17
3997,3997.T,459.0,40528250.0,18602466750.0,SUCCESS,2026-10-09,2026-09-17
9561,9561.T,435.0,8436508.0,3669880980.0,SUCCESS,2026-10-09,2026-09-17
2173,2173.T,774.0,15657148.0,12118632552.0,SUCCESS,2026-10-09,2026-09-17
2168,2168.T,1438.0,37352427.0,53712790026.0,SUCCESS,2026-10-09,2026-09-17
219A,219A.T,2641.0,22897400.0,60472033400.0,SUCCESS,2026-10-09,2026-09-17
6630,6630.T,781.0,55021182.0,42971543142.0,SUCCESS,2026-10-09,2026-09-17
7038,7038.T,570.0,11393015.0,6494018550.0,SUCCESS,2026-10-09,2026-09-17
4251,4251.T,1194.0,18410550.0,21982196700.0,SUCCESS,2026-10-09,2026-09-17
3664,3664.T,19.0,101563307.0,1929702833.0,SUCCESS,2026-10-09,2026-09-17
9612,9612.T,1232.0,11365849.0,14002725968.0,SUCCESS,2026-10-09,2026-09-17
4428,4428.T,705.0,6188612.0,4362971460.0,SUCCESS,2026-10-09,2026-09-17
6228,6228.T,674.0,13125452.0,8846554648.0,SUCCESS,2026-10-09,2026-09-17
4170,4170.T,110.0,17096811.0,1880649210.0,SUCCESS,2026-10-09,2026-09-17
4784,4784.T,522.0,304247024.0,158816946528.0,SUCCESS,2026-10-09,2026-09-17
4481,4481.T,3205.0,18149394.0,58168807770.0,SUCCESS,2026-10-09,2026-09-17
6835,6835.T,293.0,103012097.0,30182544421.0,SUCCESS,2026-10-09,2026-09-17
2330,2330.T,81.0,43591080.0,3530877480.0,SUCCESS,2026-10-09,2026-09-17
4579,4579.T,614.0,26031232.0,15983176448.0,SUCCESS,2026-10-09,2026-09-17
7112,7112.T,539.0,6123866.0,3300763774.0,SUCCESS,2026-10-09,2026-09-17
4766,4766.T,221.0,10752822.0,2376373662.0,SUCCESS,2026-10-09,2026-09-17
3667,3667.T,26.0,54421876.0,1414968776.0,SUCCESS,2026-10-09,2026-09-17
265A,265A.T,756.0,4033400.0,3049250400.0,SUCCESS,2026-10-09,2026-09-17
3976,3976.T,495.0,5925946.0,2933343270.0,SUCCESS,2026-10-09,2026-09-17
6592,6592.T,1768.0,235891442.0,417056069456.0,SUCCESS,2026-10-09,2026-09-17
3765,3765.T,2382.0,52366884.0,124737917688.0,SUCCESS,2026-10-09,2026-09-17
5028,5028.T,355.0,9548553.0,3389736315.0,SUCCESS,2026-10-09,2026-09-17
5257,5257.T,2800.0,1378089.0,3858649200.0,SUCCESS,2026-10-09,2026-09-17
6871,6871.T,17330.0,38764228.0,671784071240.0,SUCCESS,2026-10-09,2026-09-17
5214,5214.T,5217.0,72939960.0,380527771320.0,SUCCESS,2026-10-09,2026-09-17
1663,1663.T,1819.0,53405424.0,97144466256.0,SUCCESS,2026-10-09,2026-09-17
4072,4072.T,3225.0,10731466.0,34608977850.0,SUCCESS,2026-10-09,2026-09-17
1994,1994.T,600.0,7923747.0,4754248200.0,SUCCESS,2026-10-09,2026-09-17
7833,7833.T,686.0,9634695.0,6609400770.0,SUCCESS,2026-10-09,2026-09-17
3968,3968.T,826.0,36346977.0,30022603002.0,SUCCESS,2026-10-09,2026-09-17
5035,5035.T,359.0,6689096.0,2401385464.0,SUCCESS,2026-10-09,2026-09-17
2492,2492.T,730.0,266586105.0,194607856650.0,SUCCESS,2026-10-09,2026-09-17
9757,9757.T,1185.0,93369492.0,110642848020.0,SUCCESS,2026-10-09,2026-09-17
6063,6063.T,1001.0,2519134.0,2521653134.0,SUCCESS,2026-10-09,2026-09-17
4379,4379.T,497.0,15450900.0,7679097300.0,SUCCESS,2026-10-09,2026-09-17
4725,4725.T,1927.0,17288181.0,33314324787.0,SUCCESS,2026-10-09,2026-09-17
2489,2489.T,423.0,36202420.0,15313623660.0,SUCCESS,2026-10-09,2026-09-17
2266,2266.T,1076.0,18383422.0,19780562072.0,SUCCESS,2026-10-09,2026-09-17
3649,3649.T,866.0,24424521.0,21151635186.0,SUCCESS,2026-10-09,2026-09-17
5704,5704.T,379.0,5564349.0,2108888271.0,SUCCESS,2026-10-09,2026-09-17
415A,415A.T,5590.0,1578649.0,8824647910.0,SUCCESS,2026-10-09,2026-09-17
480A,480A.T,1036.0,6647500.0,6886810000.0,SUCCESS,2026-10-09,2026-09-17
3445,3445.T,6120.0,26596410.0,162770029200.0,SUCCESS,2026-10-09,2026-09-17
2573,2573.T,4110.0,13607030.0,55924893300.0,SUCCESS,2026-10-09,2026-09-17
5819,5819.T,1726.0,6860537.0,11841286862.0,SUCCESS,2026-10-09,2026-09-17
6929,6929.T,3735.0,20409008.0,76227644880.0,SUCCESS,2026-10-09,2026-09-17
3948,3948.T,1173.0,5379777.0,6310478421.0,SUCCESS,2026-10-09,2026-09-17
5957,5957.T,745.0,36343150.0,27075646750.0,SUCCESS,2026-10-09,2026-09-17
2325,2325.T,4385.0,9523112.0,41758846120.0,SUCCESS,2026-10-09,2026-09-17
4099,4099.T,2620.0,86498340.0,226625650800.0,SUCCESS,2026-10-09,2026-09-17
1435,1435.T,169.0,88857000.0,15016833000.0,SUCCESS,2026-10-09,2026-09-17
4971,4971.T,7500.0,18259767.0,136948252500.0,SUCCESS,2026-10-09,2026-09-17
6265,6265.T,3445.0,1542009.0,5312221005.0,SUCCESS,2026-10-09,2026-09-17
3683,3683.T,1118.0,11244641.0,12571508638.0,SUCCESS,2026-10-09,2026-09-17
4356,4356.T,1635.0,5709631.0,9335246685.0,SUCCESS,2026-10-09,2026-09-17
6291,6291.T,1311.0,10008926.0,13121701986.0,SUCCESS,2026-10-09,2026-09-17
5337,5337.T,810.0,32056358.0,25965649980.0,SUCCESS,2026-10-09,2026-09-17
4074,4074.T,803.0,6584877.0,5287656231.0,SUCCESS,2026-10-09,2026-09-17
6748,6748.T,777.0,12883997.0,10010865669.0,SUCCESS,2026-10-09,2026-09-17
3001,3001.T,2964.0,31649538.0,93809230632.0,SUCCESS,2026-10-09,2026-09-17
5126,5126.T,1330.0,1631700.0,2170161000.0,SUCCESS,2026-10-09,2026-09-17
4013,4013.T,791.0,19697565.0,15580773915.0,SUCCESS,2026-10-09,2026-09-17
6905,6905.T,1422.0,41134162.0,58492778364.0,SUCCESS,2026-10-09,2026-09-17
1897,1897.T,3545.0,2104895.0,7461852775.0,SUCCESS,2026-10-09,2026-09-17
2009,2009.T,1144.0,23294420.0,26648816480.0,SUCCESS,2026-10-09,2026-09-17
7740,7740.T,1550.0,159829197.0,247735255350.0,SUCCESS,2026-10-09,2026-09-17
6853,6853.T,783.0,25136937.0,19682221671.0,SUCCESS,2026-10-09,2026-09-17
5187,5187.T,1132.0,7959601.0,9010268332.0,SUCCESS,2026-10-09,2026-09-17
9830,9830.T,2411.0,65933219.0,158964991009.0,SUCCESS,2026-10-09,2026-09-17
5310,5310.T,7870.0,20972145.0,165050781150.0,SUCCESS,2026-10-09,2026-09-17
8165,8165.T,99.0,46775737.0,4630797963.0,SUCCESS,2026-10-09,2026-09-17
6856,6856.T,26330.0,42021555.0,1106427543150.0,SUCCESS,2026-10-09,2026-09-17
2311,2311.T,783.0,8919607.0,6984052281.0,SUCCESS,2026-10-09,2026-09-17
9343,9343.T,765.0,18486785.0,14142390525.0,SUCCESS,2026-10-09,2026-09-17
4927,4927.T,1380.5,221283230.0,305481499015.0,SUCCESS,2026-10-09,2026-09-17
4221,4221.T,5440.0,11304849.0,61498378560.0,SUCCESS,2026-10-09,2026-09-17
4768,4768.T,4006.0,379201179.0,1519079923074.0,SUCCESS,2026-10-09,2026-09-17
3950,3950.T,1447.0,54213346.0,78446711662.0,SUCCESS,2026-10-09,2026-09-17
4922,4922.T,5514.0,56750446.0,312921959244.0,SUCCESS,2026-10-09,2026-09-17
5699,5699.T,1540.0,3286908.0,5061838320.0,SUCCESS,2026-10-09,2026-09-17
4420,4420.T,819.0,19719740.0,16150467060.0,SUCCESS,2026-10-09,2026-09-17
7358,7358.T,1901.0,9768878.0,18570637078.0,SUCCESS,2026-10-09,2026-09-17
6171,6171.T,371.0,14220469.0,5275793999.0,SUCCESS,2026-10-09,2026-09-17
5302,5302.T,5170.0,10534844.0,54465143480.0,SUCCESS,2026-10-09,2026-09-17
4919,4919.T,3315.0,31812824.0,105459511560.0,SUCCESS,2026-10-09,2026-09-17
7986,7986.T,2122.0,1533593.0,3254284346.0,SUCCESS,2026-10-09,2026-09-17
7957,7957.T,2026.0,1546936.0,3134092336.0,SUCCESS,2026-10-09,2026-09-17
6149,6149.T,2103.0,5734780.0,12060242340.0,SUCCESS,2026-10-09,2026-09-17
4820,4820.T,565.0,69270500.0,39137832500.0,SUCCESS,2026-10-09,2026-09-17
4634,4634.T,5030.0,46897692.0,235895390760.0,SUCCESS,2026-10-09,2026-09-17
2702,2702.T,7640.0,132958653.0,1015804108920.0,SUCCESS,2026-10-09,2026-09-17
7956,7956.T,2099.0,119452348.0,250730478452.0,SUCCESS,2026-10-09,2026-09-17
7609,7609.T,4770.0,20511515.0,97839926550.0,SUCCESS,2026-10-09,2026-09-17
6870,6870.T,2100.0,5607453.0,11775651300.0,SUCCESS,2026-10-09,2026-09-17
7846,7846.T,2173.5,105009627.0,228238424284.5,SUCCESS,2026-10-09,2026-09-17
4025,4025.T,6090.0,8347369.0,50835477210.0,SUCCESS,2026-10-09,2026-09-17
8040,8040.T,1043.0,3478432.0,3628004576.0,SUCCESS,2026-10-09,2026-09-17
4045,4045.T,1791.0,105706625.0,189320565375.0,SUCCESS,2026-10-09,2026-09-17
4641,4641.T,870.0,58882242.0,51227550540.0,SUCCESS,2026-10-09,2026-09-17
6302,6302.T,5837.0,118592652.0,692225309724.0,SUCCESS,2026-10-09,2026-09-17
9543,9543.T,1275.0,75406129.0,96142814475.0,SUCCESS,2026-10-09,2026-09-17
5105,5105.T,4059.0,154012092.0,625135081428.0,SUCCESS,2026-10-09,2026-09-17
7228,7228.T,3995.0,2432223.0,9716730885.0,SUCCESS,2026-10-09,2026-09-17
7841,7841.T,1067.0,8419521.0,8983628907.0,SUCCESS,2026-10-09,2026-09-17
3105,3105.T,2664.5,156229610.0,416273795845.0,SUCCESS,2026-10-09,2026-09-17
3449,3449.T,4795.0,18352390.0,87999710050.0,SUCCESS,2026-10-09,2026-09-17
5816,5816.T,1469.0,12186641.0,17902175629.0,SUCCESS,2026-10-09,2026-09-17
7716,7716.T,1433.0,81807382.0,117229978406.0,SUCCESS,2026-10-09,2026-09-17
7849,7849.T,2988.0,3802560.0,11362049280.0,SUCCESS,2026-10-09,2026-09-17
5965,5965.T,1194.0,13106236.0,15648845784.0,SUCCESS,2026-10-09,2026-09-17
6498,6498.T,2046.0,87007385.0,178017109710.0,SUCCESS,2026-10-09,2026-09-17
3386,3386.T,1250.0,5697921.0,7122401250.0,SUCCESS,2026-10-09,2026-09-17
3940,3940.T,131.0,44728096.0,5859380576.0,SUCCESS,2026-10-09,2026-09-17
6858,6858.T,853.0,10366690.0,8842786570.0,SUCCESS,2026-10-09,2026-09-17
3405,3405.T,1835.0,301296860.0,552879738100.0,SUCCESS,2026-10-09,2026-09-17
5184,5184.T,4150.0,13057954.0,54190509100.0,SUCCESS,2026-10-09,2026-09-17
5997,5997.T,905.0,4829756.0,4370929180.0,SUCCESS,2026-10-09,2026-09-17
6328,6328.T,2498.0,23523393.0,58761435714.0,SUCCESS,2026-10-09,2026-09-17
7613,7613.T,1669.0,47149393.0,78692336917.0,SUCCESS,2026-10-09,2026-09-17
6465,6465.T,5267.0,139706770.0,735835557590.0,SUCCESS,2026-10-09,2026-09-17
2970,2970.T,1177.0,16587252.0,19523195604.0,SUCCESS,2026-10-09,2026-09-17
5959,5959.T,903.0,44119191.0,39839629473.0,SUCCESS,2026-10-09,2026-09-17
4967,4967.T,7238.0,74338621.0,538062938798.0,SUCCESS,2026-10-09,2026-09-17
4586,4586.T,58.0,66207598.0,3840040684.0,SUCCESS,2026-10-09,2026-09-17
6915,6915.T,3520.0,8413028.0,29613858560.0,SUCCESS,2026-10-09,2026-09-17
6235,6235.T,2845.0,39893489.0,113496976205.0,SUCCESS,2026-10-09,2026-09-17
1429,1429.T,776.0,32159529.0,24955794504.0,SUCCESS,2026-10-09,2026-09-17
5943,5943.T,2160.0,45599137.0,98494135920.0,SUCCESS,2026-10-09,2026-09-17
3998,3998.T,259.0,6309618.0,1634191062.0,SUCCESS,2026-10-09,2026-09-17
4392,4392.T,860.0,35153637.0,30232127820.0,SUCCESS,2026-10-09,2026-09-17
6223,6223.T,1924.0,19433900.0,37390823600.0,SUCCESS,2026-10-09,2026-09-17
2169,2169.T,1749.0,6819578.0,11927441922.0,SUCCESS,2026-10-09,2026-09-17
2693,2693.T,276.0,11608574.0,3203966424.0,SUCCESS,2026-10-09,2026-09-17
6633,6633.T,305.0,9501367.0,2897916935.0,SUCCESS,2026-10-09,2026-09-17
4186,4186.T,9334.0,119975909.0,1119855134606.0,SUCCESS,2026-10-09,2026-09-17
6143,6143.T,1727.0,49976875.0,86310063125.0,SUCCESS,2026-10-09,2026-09-17
5946,5946.T,1969.0,34001458.0,66948870802.0,SUCCESS,2026-10-09,2026-09-17
6493,6493.T,478.0,28805419.0,13768990282.0,SUCCESS,2026-10-09,2026-09-17
9827,9827.T,651.0,12316946.0,8018331846.0,SUCCESS,2026-10-09,2026-09-17
4812,4812.T,2868.0,195180122.0,559776589896.0,SUCCESS,2026-10-09,2026-09-17
8029,8029.T,2734.0,7520811.0,20561897274.0,SUCCESS,2026-10-09,2026-09-17
8060,8060.T,3850.0,205898127.0,792707788950.0,SUCCESS,2026-10-09,2026-09-17
7244,7244.T,554.0,96304410.0,53352643140.0,SUCCESS,2026-10-09,2026-09-17
2206,2206.T,5021.0,59800676.0,300259194196.0,SUCCESS,2026-10-09,2026-09-17
2211,2211.T,2499.0,25775606.0,64413239394.0,SUCCESS,2026-10-09,2026-09-17
3302,3302.T,2927.0,25625573.0,75006052171.0,SUCCESS,2026-10-09,2026-09-17
2216,2216.T,1037.0,41082309.0,42602354433.0,SUCCESS,2026-10-09,2026-09-17
4224,4224.T,2109.0,4608040.0,9718356360.0,SUCCESS,2026-10-09,2026-09-17
3776,3776.T,277.0,61589928.0,17060410056.0,SUCCESS,2026-10-09,2026-09-17
7309,7309.T,17700.0,84326564.0,1492580182800.0,SUCCESS,2026-10-09,2026-09-17
3355,3355.T,1777.0,19718967.0,35040604359.0,SUCCESS,2026-10-09,2026-09-17
7963,7963.T,1839.0,4838703.0,8898374817.0,SUCCESS,2026-10-09,2026-09-17
7984,7984.T,853.2000122070312,414440071.0,353600273636.2829,SUCCESS,2026-10-09,2026-09-17
9622,9622.T,1396.0,24564746.0,34292385416.0,SUCCESS,2026-10-09,2026-09-17
3656,3656.T,166.0,79421483.0,13183966178.0,SUCCESS,2026-10-09,2026-09-17
7972,7972.T,2450.0,49468937.0,121198895650.0,SUCCESS,2026-10-09,2026-09-17
3901,3901.T,1525.0,12746513.0,19438432325.0,SUCCESS,2026-10-09,2026-09-17
6524,6524.T,5880.0,25908518.0,152342085840.0,SUCCESS,2026-10-09,2026-09-17
5871,5871.T,1328.0,5372375.0,7134514000.0,SUCCESS,2026-10-09,2026-09-17
6278,6278.T,16100.0,19483267.0,313680598700.0,SUCCESS,2026-10-09,2026-09-17
504A,504A.T,544.0,45152144.0,24562766336.0,SUCCESS,2026-10-09,2026-09-17
7794,7794.T,977.0,16466684.0,16087950268.0,SUCCESS,2026-10-09,2026-09-17
7976,7976.T,3555.0,50009235.0,177782830425.0,SUCCESS,2026-10-09,2026-09-17
6440,6440.T,779.0,29559107.0,23026544353.0,SUCCESS,2026-10-09,2026-09-17
4642,4642.T,1387.0,6010413.0,8336442831.0,SUCCESS,2026-10-09,2026-09-17
5563,5563.T,421.0,124877664.0,52573496544.0,SUCCESS,2026-10-09,2026-09-17
519A,519A.T,398.0,5905185.0,2350263630.0,SUCCESS,2026-10-09,2026-09-17
5851,5851.T,2666.0,31614971.0,84285512686.0,SUCCESS,2026-10-09,2026-09-17
4107,4107.T,3735.0,50957770.0,190327270950.0,SUCCESS,2026-10-09,2026-09-17
4189,4189.T,3430.0,35017916.0,120111451880.0,SUCCESS,2026-10-09,2026-09-17
7172,7172.T,2149.0,62099579.0,133451995271.0,SUCCESS,2026-10-09,2026-09-17
3964,3964.T,1350.0,90720638.0,122472861300.0,SUCCESS,2026-10-09,2026-09-17
6653,6653.T,2044.0,13538749.0,27673202956.0,SUCCESS,2026-10-09,2026-09-17
6395,6395.T,1305.0,126695755.0,165337960275.0,SUCCESS,2026-10-09,2026-09-17
7989,7989.T,2579.0,20100941.0,51840326839.0,SUCCESS,2026-10-09,2026-09-17
9768,9768.T,3625.0,7138946.0,25878679250.0,SUCCESS,2026-10-09,2026-09-17
7422,7422.T,500.0,5088200.0,2544100000.0,SUCCESS,2026-10-09,2026-09-17
6866,6866.T,11560.0,13405422.0,154966678320.0,SUCCESS,2026-10-09,2026-09-17
4667,4667.T,1110.0,5280163.0,5860980930.0,SUCCESS,2026-10-09,2026-09-17
7875,7875.T,908.0,16372858.0,14866555064.0,SUCCESS,2026-10-09,2026-09-17
6663,6663.T,309.0,6056173.0,1871357457.0,SUCCESS,2026-10-09,2026-09-17
6662,6662.T,223.0,14791600.0,3298526800.0,SUCCESS,2026-10-09,2026-09-17
324A,324A.T,728.0,5414800.0,3941974400.0,SUCCESS,2026-10-09,2026-09-17
5079,5079.T,2555.0,5154437.0,13169586535.0,SUCCESS,2026-10-09,2026-09-17
3161,3161.T,716.0,5709854.0,4088255464.0,SUCCESS,2026-10-09,2026-09-17
3361,3361.T,913.0,18333926.0,16738874438.0,SUCCESS,2026-10-09,2026-09-17
3329,3329.T,2139.0,8071599.0,17265150261.0,SUCCESS,2026-10-09,2026-09-17
2751,2751.T,3600.0,12188101.0,43877163600.0,SUCCESS,2026-10-09,2026-09-17
6161,6161.T,1030.0,9967865.0,10266900950.0,SUCCESS,2026-10-09,2026-09-17
4431,4431.T,4125.0,19262297.0,79456975125.0,SUCCESS,2026-10-09,2026-09-17
2910,2910.T,1355.0,26140617.0,35420536035.0,SUCCESS,2026-10-09,2026-09-17
4671,4671.T,2670.0,9905568.0,26447866560.0,SUCCESS,2026-10-09,2026-09-17
2438,2438.T,330.0,14997253.0,4949093490.0,SUCCESS,2026-10-09,2026-09-17
3091,3091.T,2837.0,29800236.0,84543269532.0,SUCCESS,2026-10-09,2026-09-17
6814,6814.T,7930.0,31608824.0,250657974320.0,SUCCESS,2026-10-09,2026-09-17
8935,8935.T,1923.0,32752185.0,62982451755.0,SUCCESS,2026-10-09,2026-09-17
2294,2294.T,2442.0,9582901.0,23401444242.0,SUCCESS,2026-10-09,2026-09-17
5971,5971.T,8750.0,1292256.0,11307240000.0,SUCCESS,2026-10-09,2026-09-17
6943,6943.T,6250.0,822644.0,5141525000.0,SUCCESS,2026-10-09,2026-09-17
6470,6470.T,1163.0,28389257.0,33016705891.0,SUCCESS,2026-10-09,2026-09-17
4403,4403.T,2562.5,223741501.0,573337596312.5,SUCCESS,2026-10-09,2026-09-17
2408,2408.T,837.0,7170029.0,6001314273.0,SUCCESS,2026-10-09,2026-09-17
7501,7501.T,1400.0,2476407.0,3466969800.0,SUCCESS,2026-10-09,2026-09-17
9837,9837.T,1814.0,24777851.0,44947021714.0,SUCCESS,2026-10-09,2026-09-17
3763,3763.T,2016.0,25746367.0,51904675872.0,SUCCESS,2026-10-09,2026-09-17
7388,7388.T,2286.0,23073155.0,52745232330.0,SUCCESS,2026-10-09,2026-09-17
7997,7997.T,1188.0,1669167.0,1982970396.0,SUCCESS,2026-10-09,2026-09-17
7360,7360.T,621.0,2613535.0,1623005235.0,SUCCESS,2026-10-09,2026-09-17
3201,3201.T,1976.0,65133052.0,128702910752.0,SUCCESS,2026-10-09,2026-09-17
4016,4016.T,1066.0,2002750.0,2134931500.0,SUCCESS,2026-10-09,2026-09-17
7879,7879.T,666.0,14644714.0,9753379524.0,SUCCESS,2026-10-09,2026-09-17
6136,6136.T,3653.0,82172021.0,300174392713.0,SUCCESS,2026-10-09,2026-09-17
228A,228A.T,1742.0,2305950.0,4016964900.0,SUCCESS,2026-10-09,2026-09-17
3907,3907.T,1545.0,2744978.0,4240991010.0,SUCCESS,2026-10-09,2026-09-17
6474,6474.T,5840.0,21796237.0,127290024080.0,SUCCESS,2026-10-09,2026-09-17
7611,7611.T,3000.0,36003019.0,108009057000.0,SUCCESS,2026-10-09,2026-09-17
2809,2809.T,4280.0,135270293.0,578956854040.0,SUCCESS,2026-10-09,2026-09-17
5250,5250.T,1046.0,3525169.0,3687326774.0,SUCCESS,2026-10-09,2026-09-17
6508,6508.T,12340.0,45363953.0,559791180020.0,SUCCESS,2026-10-09,2026-09-17
8095,8095.T,545.0,40430543.0,22034645935.0,SUCCESS,2026-10-09,2026-09-17
3089,3089.T,1005.0,1765650.0,1774478250.0,SUCCESS,2026-10-09,2026-09-17
4394,4394.T,729.0,6050846.0,4411066734.0,SUCCESS,2026-10-09,2026-09-17
4182,4182.T,3885.0,195022703.0,757663201155.0,SUCCESS,2026-10-09,2026-09-17
1968,1968.T,2423.0,63104380.0,152901912740.0,SUCCESS,2026-10-09,2026-09-17
4992,4992.T,1952.0,25431059.0,49641427168.0,SUCCESS,2026-10-09,2026-09-17
4187,4187.T,4805.0,20337271.0,97720587155.0,SUCCESS,2026-10-09,2026-09-17
7864,7864.T,3500.0,53343865.0,186703527500.0,SUCCESS,2026-10-09,2026-09-17
4528,4528.T,2259.0,469907311.0,1061520615549.0,SUCCESS,2026-10-09,2026-09-17
7488,7488.T,,,,NO_PRICE,2026-09-08,nan
5133,5133.T,353.0,16652532.0,5878343796.0,SUCCESS,2026-10-09,2026-09-17
5243,5243.T,3120.0,19369477.0,60432768240.0,SUCCESS,2026-10-09,2026-09-17
6867,6867.T,408.0,4285731.0,1748578248.0,SUCCESS,2026-10-09,2026-09-17
3433,3433.T,3175.0,59468698.0,188813116150.0,SUCCESS,2026-10-09,2026-09-17
6820,6820.T,3555.0,14352251.0,51022252305.0,SUCCESS,2026-10-09,2026-09-17
4323,4323.T,1880.0,24713601.0,46461569880.0,SUCCESS,2026-10-09,2026-09-17
2345,2345.T,82.0,18579916.0,1523553112.0,SUCCESS,2026-10-09,2026-09-17
5942,5942.T,707.0,19269415.0,13623476405.0,SUCCESS,2026-10-09,2026-09-17
5388,5388.T,1381.0,12178343.0,16818291683.0,SUCCESS,2026-10-09,2026-09-17
9872,9872.T,962.0,9284918.0,8932091116.0,SUCCESS,2026-10-09,2026-09-17
6155,6155.T,550.0,10791499.0,5935324450.0,SUCCESS,2026-10-09,2026-09-17
4750,4750.T,557.0,6412838.0,3571950766.0,SUCCESS,2026-10-09,2026-09-17
7965,7965.T,1421.0,63495309.0,90226834089.0,SUCCESS,2026-10-09,2026-09-17
7859,7859.T,250.0,20035579.0,5008894750.0,SUCCESS,2026-10-09,2026-09-17
3915,3915.T,2190.0,12908877.0,28270440630.0,SUCCESS,2026-10-09,2026-09-17
6166,6166.T,587.0,11020899.0,6469267713.0,SUCCESS,2026-10-09,2026-09-17
4240,4240.T,302.0,5692556.0,1719151912.0,SUCCESS,2026-10-09,2026-09-17
6706,6706.T,3315.0,8719437.0,28904933655.0,SUCCESS,2026-10-09,2026-09-17
9085,9085.T,,,,NO_PRICE,2026-09-08,nan
4936,4936.T,289.0,22870400.0,6609545600.0,SUCCESS,2026-10-09,2026-09-17
9610,9610.T,103.0,11154968.0,1148961704.0,SUCCESS,2026-10-09,2026-09-17
2134,2134.T,16.0,566935392.0,9070966272.0,SUCCESS,2026-10-09,2026-09-17
147A,147A.T,958.0,45740479.0,43819378882.0,SUCCESS,2026-10-09,2026-09-17
3686,3686.T,54.0,43448440.0,2346215760.0,SUCCESS,2026-10-09,2026-09-17
1909,1909.T,16280000512.0,6.0,97680003072.0,NO_PRICE,2026-10-02,2026-09-17
5484,5484.T,4460.0,7427759.0,33127805140.0,SUCCESS,2026-10-09,2026-09-17
4444,4444.T,911.0,2018730.0,1839063030.0,SUCCESS,2026-10-09,2026-09-17
2146,2146.T,243.0,571716260.0,138927051180.0,SUCCESS,2026-10-09,2026-09-17
7399,7399.T,616.0,6398480.0,3941463680.0,SUCCESS,2026-10-09,2026-09-17
7490,7490.T,2192.0,6676400.0,14634668800.0,SUCCESS,2026-10-09,2026-09-17
5966,5966.T,2750.0,2416350.0,6644962500.0,SUCCESS,2026-10-09,2026-09-17
3224,3224.T,658.0,5339346.0,3513289668.0,SUCCESS,2026-10-09,2026-09-17
7031,7031.T,732.0,2766391.0,2024998212.0,SUCCESS,2026-10-09,2026-09-17
7462,7462.T,389.0,8221858.0,3198302762.0,SUCCESS,2026-10-09,2026-09-17
2152,2152.T,1462.0,10802550.0,15793328100.0,SUCCESS,2026-10-09,2026-09-17
3521,3521.T,158.0,26449033.0,4178947214.0,SUCCESS,2026-10-09,2026-09-17
7863,7863.T,948.0,2874970.0,2725471560.0,SUCCESS,2026-10-09,2026-09-17
2479,2479.T,246.0,8027100.0,1974666600.0,SUCCESS,2026-10-09,2026-09-17
6405,6405.T,1299.0,11157628.0,14493758772.0,SUCCESS,2026-10-09,2026-09-17
6357,6357.T,2557.0,17723816.0,45319797512.0,SUCCESS,2026-10-09,2026-09-17
9760,9760.T,112.0,16648474.0,1864629088.0,SUCCESS,2026-10-09,2026-09-17
3646,3646.T,339.0,4729547.0,1603316433.0,SUCCESS,2026-10-09,2026-09-17
3858,3858.T,353.0,10458883.0,3691985699.0,SUCCESS,2026-10-09,2026-09-17
4814,4814.T,169.0,12706503.0,2147399007.0,SUCCESS,2026-10-09,2026-09-17
3905,3905.T,1700.0,37462306.0,63685920200.0,SUCCESS,2026-10-09,2026-09-17
6248,6248.T,1725.0,1855110.0,3200064750.0,SUCCESS,2026-10-09,2026-09-17
4570,4570.T,1072.0,9313458.0,9984026976.0,SUCCESS,2026-10-09,2026-09-17
2924,2924.T,1858.0,8149622.0,15141997676.0,SUCCESS,2026-10-09,2026-09-17
8225,8225.T,3725.0,699338.0,2605034050.0,SUCCESS,2026-10-09,2026-09-17
9739,9739.T,2744.0,14899377.0,40883890488.0,SUCCESS,2026-10-09,2026-09-17
6333,6333.T,3570.0,15327218.0,54718168260.0,SUCCESS,2026-10-09,2026-09-17
3953,3953.T,771.0,3561662.0,2746041402.0,SUCCESS,2026-10-09,2026-09-17
6676,6676.T,3560.0,23730364.0,84480095840.0,SUCCESS,2026-10-09,2026-09-17
3504,3504.T,,,,NO_PRICE,2026-09-08,nan
3529,3529.T,1010.0,16014006.0,16174146060.0,SUCCESS,2026-10-09,2026-09-17
3932,3932.T,1295.0,12032269.0,15581788355.0,SUCCESS,2026-10-09,2026-09-17
6832,6832.T,2955.0,11198937.0,33092858835.0,SUCCESS,2026-10-09,2026-09-17
6494,6494.T,100.0,48744167.0,4874416700.0,SUCCESS,2026-10-09,2026-09-17
3561,3561.T,1381.0,30105742.0,41576029702.0,SUCCESS,2026-10-09,2026-09-17
7255,7255.T,530.0,3183415.0,1687209950.0,NO_PRICE,2026-10-09,2026-09-17
5287,5287.T,835.0,2954891.0,2467333985.0,SUCCESS,2026-10-09,2026-09-17
6961,6961.T,11140.0,9031712.0,100613271680.0,SUCCESS,2026-10-09,2026-09-17
5247,5247.T,561.0,2816842.0,1580248362.0,SUCCESS,2026-10-09,2026-09-17
3803,3803.T,597.0,3317731.0,1980685407.0,SUCCESS,2026-10-09,2026-09-17
6824,6824.T,3800.0,12169001.0,46242203800.0,SUCCESS,2026-10-09,2026-09-17
6282,6282.T,2718.0,28742957.0,78123357126.0,SUCCESS,2026-10-09,2026-09-17
9989,9989.T,3530.0,116982899.0,412949633470.0,SUCCESS,2026-10-09,2026-09-17
3851,3851.T,1409.0,5060244.0,7129883796.0,SUCCESS,2026-10-09,2026-09-17
4119,4119.T,6230.0,1569506.0,9778022380.0,SUCCESS,2026-10-09,2026-09-17
1992,1992.T,2927.0,2289653.0,6701814331.0,SUCCESS,2026-10-09,2026-09-17
3694,3694.T,484.0,54498640.0,26377341760.0,SUCCESS,2026-10-09,2026-09-17
4623,4623.T,1839.0,3457645.0,6358609155.0,SUCCESS,2026-10-09,2026-09-17
4360,4360.T,994.0,8174140.0,8125095160.0,SUCCESS,2026-10-09,2026-09-17
6819,6819.T,463.0,18503834.0,8567275142.0,SUCCESS,2026-10-09,2026-09-17
5644,5644.T,7290.0,2862640.0,20868645600.0,SUCCESS,2026-10-09,2026-09-17
7343,7343.T,1312.0,5741567.0,7532935904.0,SUCCESS,2026-10-09,2026-09-17
7820,7820.T,660.0,22756758.0,15019460280.0,SUCCESS,2026-10-09,2026-09-17
9685,9685.T,573.0,5079442.0,2910520266.0,SUCCESS,2026-10-09,2026-09-17
7555,7555.T,736.0,5087674.0,3744528064.0,SUCCESS,2026-10-09,2026-09-17
548A,548A.T,950.0,5234000.0,4972300000.0,SUCCESS,2026-10-09,2026-09-17
1384,1384.T,2090.0,8458838.0,17678971420.0,SUCCESS,2026-10-09,2026-09-17
6273,6273.T,73120.0,62477789.0,4568375931680.0,SUCCESS,2026-10-09,2026-09-17
3477,3477.T,875.0,3999228.0,3499324500.0,SUCCESS,2026-10-09,2026-09-17
4662,4662.T,1696.0,14648480.0,24843822080.0,SUCCESS,2026-10-09,2026-09-17
1866,1866.T,1051.0,24320676.0,25561030476.0,SUCCESS,2026-10-09,2026-09-17
8123,8123.T,1420.0,1824748.0,2591142160.0,SUCCESS,2026-10-09,2026-09-17
5592,5592.T,2593.0,11199982.0,29041553326.0,SUCCESS,2026-10-09,2026-09-17
6960,6960.T,11220.0,27015884.0,303118218480.0,SUCCESS,2026-10-09,2026-09-17
6629,6629.T,1040.0,13476998.0,14016077920.0,SUCCESS,2026-10-09,2026-09-17
4978,4978.T,130.0,97962635.0,12735142550.0,SUCCESS,2026-10-09,2026-09-17
7416,7416.T,666.0,15680048.0,10442911968.0,SUCCESS,2026-10-09,2026-09-17
7374,7374.T,1497.0,6251463.0,9358440111.0,SUCCESS,2026-10-09,2026-09-17
7078,7078.T,338.0,10052613.0,3397783194.0,SUCCESS,2026-10-09,2026-09-17
3661,3661.T,852.0,69864472.0,59524530144.0,SUCCESS,2026-10-09,2026-09-17
6072,6072.T,1126.0,22430494.0,25256736244.0,SUCCESS,2026-10-09,2026-09-17
7239,7239.T,2255.0,34320529.0,77392792895.0,SUCCESS,2026-10-09,2026-09-17
7851,7851.T,170.0,4690789.0,797434130.0,NO_PRICE,2026-10-09,2026-09-17
4425,4425.T,1348.0,11327599.0,15269603452.0,SUCCESS,2026-10-09,2026-09-17
5973,5973.T,605.0,5668565.0,3429481825.0,SUCCESS,2026-10-09,2026-09-17
4231,4231.T,1005.0,19287366.0,19383802830.0,SUCCESS,2026-10-09,2026-09-17
7987,7987.T,538.0,27124121.0,14592777098.0,SUCCESS,2026-10-09,2026-09-17
8742,8742.T,553.0,11718508.0,6480334924.0,SUCCESS,2026-10-09,2026-09-17
5658,5658.T,400.0,44826259.0,17930503600.0,SUCCESS,2026-10-09,2026-09-17
6850,6850.T,1829.0,16381373.0,29961531217.0,SUCCESS,2026-10-09,2026-09-17
2349,2349.T,2460.0,10925534.0,26876813640.0,SUCCESS,2026-10-09,2026-09-17
7483,7483.T,3025.0,35893128.0,108576712200.0,SUCCESS,2026-10-09,2026-09-17
2114,2114.T,628.0,51300172.0,32216508016.0,SUCCESS,2026-10-09,2026-09-17
6140,6140.T,1144.0,48132313.0,55063366072.0,SUCCESS,2026-10-09,2026-09-17
7567,7567.T,660.0,5078736.0,3351965760.0,SUCCESS,2026-10-09,2026-09-17
6022,6022.T,2740.0,1338259.0,3666829660.0,SUCCESS,2026-10-09,2026-09-17
9782,9782.T,3285.0,5426487.0,17826009795.0,SUCCESS,2026-10-09,2026-09-17
8006,8006.T,1460.0,17662469.0,25787204740.0,SUCCESS,2026-10-09,2026-09-17
6134,6134.T,8436.0,87913069.0,741634650084.0,SUCCESS,2026-10-09,2026-09-17
4998,4998.T,1158.0,16479147.0,19082852226.0,SUCCESS,2026-10-09,2026-09-17
4274,4274.T,1092.0,4002458.0,4370684136.0,SUCCESS,2026-10-09,2026-09-17
4247,4247.T,1386.0,2634574.0,3651519564.0,SUCCESS,2026-10-09,2026-09-17
6292,6292.T,815.0,6985634.0,5693291710.0,SUCCESS,2026-10-09,2026-09-17
5192,5192.T,4110.0,27812837.0,114310760070.0,SUCCESS,2026-10-09,2026-09-17
7887,7887.T,1492.0,4845955.0,7230164860.0,SUCCESS,2026-10-09,2026-09-17
3055,3055.T,,,,NO_PRICE,2026-09-08,nan
5444,5444.T,12300.0,59752410.0,734954643000.0,SUCCESS,2026-10-09,2026-09-17
6919,6919.T,1434.0,7275338.0,10432834692.0,SUCCESS,2026-10-09,2026-09-17
2922,2922.T,1953.0,12582453.0,24573530709.0,SUCCESS,2026-10-09,2026-09-17
3640,3640.T,2679.0,5549665.0,14867552535.0,SUCCESS,2026-10-09,2026-09-17
1810,1810.T,1391.0,28520861.0,39672517651.0,SUCCESS,2026-10-09,2026-09-17
4559,4559.T,1925.0,44079398.0,84852841150.0,SUCCESS,2026-10-09,2026-09-17
8219,8219.T,725.0,141947727.0,102912102075.0,SUCCESS,2026-10-09,2026-09-17
4064,4064.T,3710.0,9325433.0,34597356430.0,SUCCESS,2026-10-09,2026-09-17
6643,6643.T,5510.0,4636516.0,25547203160.0,SUCCESS,2026-10-09,2026-09-17
6378,6378.T,1126.0,19264997.0,21692386622.0,SUCCESS,2026-10-09,2026-09-17
6018,6018.T,5830.0,3241864.0,18900067120.0,SUCCESS,2026-10-09,2026-09-17
6393,6393.T,3015.0,3556516.0,10722895740.0,SUCCESS,2026-10-09,2026-09-17
9930,9930.T,383.0,18589882.0,7119924806.0,SUCCESS,2026-10-09,2026-09-17
3577,3577.T,918.0,3156011.0,2897218098.0,SUCCESS,2026-10-09,2026-09-17
8226,8226.T,385.0,15119373.0,5820958605.0,SUCCESS,2026-10-09,2026-09-17
2307,2307.T,1072.0,13996100.0,15003819200.0,SUCCESS,2026-10-09,2026-09-17
2819,2819.T,2475.0,9739037.0,24104116575.0,SUCCESS,2026-10-09,2026-09-17
9854,9854.T,262.0,19406715.0,5084559330.0,SUCCESS,2026-10-09,2026-09-17
2201,2201.T,2384.0,83969212.0,200182601408.0,SUCCESS,2026-10-09,2026-09-17
4092,4092.T,5540.0,8659651.0,47974466540.0,SUCCESS,2026-10-09,2026-09-17
2531,2531.T,2589.5,191444354.0,495745154683.0,SUCCESS,2026-10-09,2026-09-17
6351,6351.T,2570.0,47864916.0,123012834120.0,SUCCESS,2026-10-09,2026-09-17
5918,5918.T,7670.0,2063762.0,15829054540.0,SUCCESS,2026-10-09,2026-09-17
4464,4464.T,4060.0,21595164.0,87676365840.0,SUCCESS,2026-10-09,2026-09-17
2911,2911.T,2299.0,1770524.0,4070434676.0,SUCCESS,2026-10-09,2026-09-17
5941,5941.T,2685.0,6213892.0,16684300020.0,SUCCESS,2026-10-09,2026-09-17
7602,7602.T,173.0,20728796.0,3586081708.0,SUCCESS,2026-10-09,2026-09-17
8881,8881.T,626.0,46704621.0,29237092746.0,SUCCESS,2026-10-09,2026-09-17
1808,1808.T,2556.5,264856526.0,677105708719.0,SUCCESS,2026-10-09,2026-09-17
4628,4628.T,10080.0,13490100.0,135980208000.0,SUCCESS,2026-10-09,2026-09-17
3840,3840.T,61.0,82680236.0,5043494396.0,SUCCESS,2026-10-09,2026-09-17
9068,9068.T,3590.0,19278724.0,69210619160.0,SUCCESS,2026-10-09,2026-09-17
6392,6392.T,7310.0,2393572.0,17497011320.0,SUCCESS,2026-10-09,2026-09-17
6407,6407.T,5830.0,66835011.0,389648114130.0,SUCCESS,2026-10-09,2026-09-17
1905,1905.T,1462.0,6695667.0,9789065154.0,SUCCESS,2026-10-09,2026-09-17
5579,5579.T,,,,NO_PRICE,2026-09-08,nan
5936,5936.T,877.0,6332219.0,5553356063.0,SUCCESS,2026-10-09,2026-09-17
5975,5975.T,3375.0,48369751.0,163247909625.0,SUCCESS,2026-10-09,2026-09-17
6517,6517.T,3995.0,20037270.0,80048893650.0,SUCCESS,2026-10-09,2026-09-17
7021,7021.T,2459.0,1964553.0,4830835827.0,SUCCESS,2026-10-09,2026-09-17
4492,4492.T,380.0,11577082.0,4399291160.0,SUCCESS,2026-10-09,2026-09-17
6986,6986.T,694.0,42415000.0,29436010000.0,SUCCESS,2026-10-09,2026-09-17
6247,6247.T,1581.0,26293913.0,41570676453.0,SUCCESS,2026-10-09,2026-09-17
6994,6994.T,1396.0,25254838.0,35255753848.0,SUCCESS,2026-10-09,2026-09-17
4167,4167.T,326.0,7613986.0,2482159436.0,SUCCESS,2026-10-09,2026-09-17
9767,9767.T,1631.0,1822174.0,2971965794.0,SUCCESS,2026-10-09,2026-09-17
9327,9327.T,182.0,15843000.0,2883426000.0,SUCCESS,2026-10-09,2026-09-17
8841,8841.T,954.0,88217483.0,84159478782.0,SUCCESS,2026-10-09,2026-09-17
5237,5237.T,1104.0,11897056.0,13134349824.0,SUCCESS,2026-10-09,2026-09-17
1878,1878.T,3147.0,325732280.0,1025079485160.0,SUCCESS,2026-10-09,2026-09-17
8104,8104.T,773.0,14793304.0,11435223992.0,SUCCESS,2026-10-09,2026-09-17
6346,6346.T,5620.0,1211068.0,6806202160.0,SUCCESS,2026-10-09,2026-09-17
4116,4116.T,1299.0,68261840.0,88672130160.0,SUCCESS,2026-10-09,2026-09-17
7444,7444.T,1990.0,5382679.0,10711531210.0,SUCCESS,2026-10-09,2026-09-17
6507,6507.T,14820.0,28215680.0,418156377600.0,SUCCESS,2026-10-09,2026-09-17
5947,5947.T,3351.0,138069612.0,462671269812.0,SUCCESS,2026-10-09,2026-09-17
8281,8281.T,1081.0,41381923.0,44733858763.0,SUCCESS,2026-10-09,2026-09-17
9363,9363.T,511.0,4849810.0,2478252910.0,SUCCESS,2026-10-09,2026-09-17
3954,3954.T,3040.0,4390006.0,13345618240.0,SUCCESS,2026-10-09,2026-09-17
2654,2654.T,390.0,13464481.0,5251147590.0,SUCCESS,2026-10-09,2026-09-17
9402,9402.T,,,,NO_PRICE,2026-09-08,nan
9790,9790.T,3085.0,20675187.0,63782951895.0,SUCCESS,2026-10-09,2026-09-17
2376,2376.T,771.0,5607983.0,4323754893.0,SUCCESS,2026-10-09,2026-09-17
1723,1723.T,2254.0,63732812.0,143653758248.0,SUCCESS,2026-10-09,2026-09-17
2003,2003.T,1858.0,36419148.0,67666776984.0,SUCCESS,2026-10-09,2026-09-17
9791,9791.T,1161.0,7543756.0,8758300716.0,SUCCESS,2026-10-09,2026-09-17
6620,6620.T,617.0,40013939.0,24688600363.0,SUCCESS,2026-10-09,2026-09-17
5363,5363.T,718.0,44431759.0,31902002962.0,SUCCESS,2026-10-09,2026-09-17
6626,6626.T,2647.0,9595971.0,25400535237.0,SUCCESS,2026-10-09,2026-09-17
3849,3849.T,,,,NO_PRICE,2026-09-08,nan
8836,8836.T,26.0,96013211.0,2496343486.0,SUCCESS,2026-10-09,2026-09-17
6190,6190.T,318.0,4070196.0,1294322328.0,SUCCESS,2026-10-09,2026-09-17
3583,3583.T,1365.0,2738372.0,3737877780.0,SUCCESS,2026-10-09,2026-09-17
2916,2916.T,724.0,11383592.0,8241720608.0,SUCCESS,2026-10-09,2026-09-17
2433,2433.T,1307.0,359032040.0,469254876280.0,SUCCESS,2026-10-09,2026-09-17
5821,5821.T,3330.0,15545574.0,51766761420.0,SUCCESS,2026-10-09,2026-09-17
8037,8037.T,4540.0,30633860.0,139077724400.0,SUCCESS,2026-10-09,2026-09-17
1719,1719.T,1716.5,156883072.0,269289793088.0,SUCCESS,2026-10-09,2026-09-17
7564,7564.T,5230.0,81613128.0,426836659440.0,SUCCESS,2026-10-09,2026-09-17
9364,9364.T,4717.0,97475189.0,459790466513.0,SUCCESS,2026-10-09,2026-09-17
9036,9036.T,1163.0,5462206.0,6352545578.0,SUCCESS,2026-10-09,2026-09-17
5607,5607.T,,,,NO_PRICE,2026-09-08,nan
6384,6384.T,1772.0,6177551.0,10946620372.0,SUCCESS,2026-10-09,2026-09-17
5273,5273.T,1966.0,70072320.0,137762181120.0,SUCCESS,2026-10-09,2026-09-17
6837,6837.T,447.0,57676113.0,25781222511.0,SUCCESS,2026-10-09,2026-09-17
7937,7937.T,2406.0,15626641.0,37597698246.0,SUCCESS,2026-10-09,2026-09-17
1869,1869.T,,,,NO_PRICE,2026-09-08,nan
6368,6368.T,2779.0,45982348.0,127784945092.0,SUCCESS,2026-10-09,2026-09-17
3692,3692.T,9360.0,7909540.0,74033294400.0,SUCCESS,2026-10-09,2026-09-17
6964,6964.T,690.0,8873284.0,6122565960.0,SUCCESS,2026-10-09,2026-09-17
8850,8850.T,4490.0,47403345.0,212841019050.0,SUCCESS,2026-10-09,2026-09-17
6962,6962.T,845.0,31803930.0,26874320850.0,SUCCESS,2026-10-09,2026-09-17
8145,8145.T,,,,NO_PRICE,2026-09-08,nan
6145,6145.T,2814.0,16874482.0,47484792348.0,SUCCESS,2026-10-09,2026-09-17
5945,5945.T,2256.0,8931830.0,20150208480.0,SUCCESS,2026-10-09,2026-09-17
4041,4041.T,3685.0,53603528.0,197529000680.0,SUCCESS,2026-10-09,2026-09-17
4193,4193.T,2000.0,5141079.0,10282158000.0,SUCCESS,2026-10-09,2026-09-17
1736,1736.T,2494.0,15494352.0,38642913888.0,SUCCESS,2026-10-09,2026-09-17
4367,4367.T,,,,NO_PRICE,2026-09-08,nan
6331,6331.T,2918.0,22781090.0,66475220620.0,SUCCESS,2026-10-09,2026-09-17
6408,6408.T,4300.0,1495866.0,6432223800.0,SUCCESS,2026-10-09,2026-09-17
1981,1981.T,1362.0,9721274.0,13240375188.0,SUCCESS,2026-10-09,2026-09-17
7877,7877.T,2149.0,1230064.0,2643407536.0,SUCCESS,2026-10-09,2026-09-17
9537,9537.T,4165.0,4666760.0,19437055400.0,SUCCESS,2026-10-09,2026-09-17
5445,5445.T,1948.0,25036113.0,48770348124.0,SUCCESS,2026-10-09,2026-09-17
4095,4095.T,1800.0,105052743.0,189094937400.0,SUCCESS,2026-10-09,2026-09-17
6993,6993.T,86.0,741943762.0,63807163532.0,SUCCESS,2026-10-09,2026-09-17
3865,3865.T,854.0,158861545.0,135667759430.0,SUCCESS,2026-10-09,2026-09-17
3926,3926.T,409.0,31013498.0,12684520682.0,SUCCESS,2026-10-09,2026-09-17
1514,1514.T,600.0,59823147.0,35893888200.0,SUCCESS,2026-10-09,2026-09-17
438A,438A.T,1090.0,20727600.0,22593084000.0,SUCCESS,2026-10-09,2026-09-17
4661,4661.T,2968.5,1639716594.0,4867498709289.0,SUCCESS,2026-10-09,2026-09-17
2540,2540.T,,,,NO_PRICE,2026-09-08,nan
8771,8771.T,1760.0,44488667.0,78300053920.0,SUCCESS,2026-10-09,2026-09-17
2831,2831.T,3595.0,9410561.0,33830966795.0,SUCCESS,2026-10-09,2026-09-17
4800,4800.T,1359.0,12837675.0,17446400325.0,SUCCESS,2026-10-02,2026-09-17
6786,6786.T,45.0,25321026.0,1139446170.0,SUCCESS,2026-10-09,2026-09-17
6599,6599.T,4250.0,1508947.0,6413024750.0,SUCCESS,2026-10-09,2026-09-17
9065,9065.T,1588.0,50144852.0,79630024976.0,SUCCESS,2026-10-09,2026-09-17
6890,6890.T,11570.0,53803763.0,622509537910.0,SUCCESS,2026-10-09,2026-09-17
2915,2915.T,1985.0,14397735.0,28579503975.0,SUCCESS,2026-10-09,2026-09-17
6644,6644.T,1408.0,43418507.0,61133257856.0,SUCCESS,2026-10-09,2026-09-17
6736,6736.T,9670.0,21528168.0,208177384560.0,SUCCESS,2026-10-09,2026-09-17
9357,9357.T,,,,NO_PRICE,2026-09-08,nan
5162,5162.T,802.0,4487675.0,3599115350.0,SUCCESS,2026-10-09,2026-09-17
6925,6925.T,4246.0,79352337.0,336930022902.0,SUCCESS,2026-10-09,2026-09-17
7102,7102.T,3380.0,14429229.0,48770794020.0,SUCCESS,2026-10-09,2026-09-17
8118,8118.T,1141.0,15942784.0,18190716544.0,SUCCESS,2026-10-09,2026-09-17
3923,3923.T,1134.0,354109341.0,401559992694.0,SUCCESS,2026-10-09,2026-09-17
6482,6482.T,698.0,31310383.0,21854647334.0,SUCCESS,2026-10-09,2026-09-17
3844,3844.T,1277.0,31893228.0,40727652156.0,SUCCESS,2026-10-09,2026-09-17
7638,7638.T,1355.0,17155500.0,23245702500.0,SUCCESS,2026-10-09,2026-09-17
3360,3360.T,2458.5,91214634.0,224251177689.0,SUCCESS,2026-10-09,2026-09-17
9788,9788.T,502.0,40641473.0,20402019446.0,SUCCESS,2026-10-09,2026-09-17
7368,7368.T,1710.0,4720166.0,8071483860.0,SUCCESS,2026-10-09,2026-09-17
7677,7677.T,2750.0,2873135.0,7901121250.0,SUCCESS,2026-10-09,2026-09-17
6193,6193.T,1102.0,2833324.0,3122323048.0,SUCCESS,2026-10-09,2026-09-17
6365,6365.T,5590.0,4150354.0,23200478860.0,SUCCESS,2026-10-09,2026-09-17
7254,7254.T,794.0,20868367.0,16569483398.0,SUCCESS,2026-10-09,2026-09-17
1780,1780.T,1436.0,18475882.0,26531366552.0,SUCCESS,2026-10-09,2026-09-17
5262,5262.T,1048.0,50940438.0,53385579024.0,SUCCESS,2026-10-09,2026-09-17
6952,6952.T,2227.0,221413741.0,493088401207.0,SUCCESS,2026-10-09,2026-09-17
4047,4047.T,2469.0,57353949.0,141606900081.0,SUCCESS,2026-10-09,2026-09-17
6904,6904.T,887.0,21151932.0,18761763684.0,SUCCESS,2026-10-09,2026-09-17
7715,7715.T,4450.0,18572791.0,82648919950.0,SUCCESS,2026-10-09,2026-09-17
9348,9348.T,379.0,146311471.0,55452047509.0,SUCCESS,2026-10-09,2026-09-17
4046,4046.T,2112.0,120560430.0,254623628160.0,SUCCESS,2026-10-09,2026-09-17
6358,6358.T,2029.0,8575038.0,17398752102.0,SUCCESS,2026-10-09,2026-09-17
7277,7277.T,329.0,31766372.0,10451136388.0,SUCCESS,2026-10-09,2026-09-17
4205,4205.T,2405.0,191345507.0,460185944335.0,SUCCESS,2026-10-09,2026-09-17
6144,6144.T,2613.0,15029732.0,39272689716.0,SUCCESS,2026-10-09,2026-09-17
7860,7860.T,1226.0,42680771.0,52326625246.0,SUCCESS,2026-10-09,2026-09-17
8144,8144.T,1299.0,6279840.0,8157512160.0,SUCCESS,2026-10-09,2026-09-17
7916,7916.T,1900.0,3063266.0,5820205400.0,SUCCESS,2026-10-09,2026-09-17
6257,6257.T,998.0,20924553.0,20882703894.0,SUCCESS,2026-10-09,2026-09-17
6137,6137.T,1520.0,21110285.0,32087633200.0,SUCCESS,2026-10-09,2026-09-17
3042,3042.T,581.0,7636452.0,4436778612.0,SUCCESS,2026-10-09,2026-09-17
2108,2108.T,1837.0,11588507.0,21288087359.0,SUCCESS,2026-10-09,2026-09-17
4366,4366.T,540.0,32206050.0,17391267000.0,SUCCESS,2026-10-09,2026-09-17
2782,2782.T,4085.0,62671538.0,256013232730.0,SUCCESS,2026-10-09,2026-09-17
6111,6111.T,,,,NO_PRICE,2026-09-08,nan
5285,5285.T,1287.0,9693225.0,12475180575.0,SUCCESS,2026-10-09,2026-09-17
3317,3317.T,1499.0,2890258.0,4332496742.0,SUCCESS,2026-10-09,2026-09-17
3107,3107.T,3511.0,85553646.0,300378851106.0,SUCCESS,2026-10-09,2026-09-17
256A,256A.T,2270.0,19194782.0,43572155140.0,SUCCESS,2026-10-09,2026-09-17
4887,4887.T,1629.5,115485634.0,188183840603.0,SUCCESS,2026-10-09,2026-09-17
6768,6768.T,967.0,79577066.0,76951022822.0,SUCCESS,2026-10-09,2026-09-17
7482,7482.T,1411.0,23390636.0,33004187396.0,SUCCESS,2026-10-09,2026-09-17
3512,3512.T,1028.0,16713448.0,17181424544.0,SUCCESS,2026-10-09,2026-09-17
6335,6335.T,566.0,7919718.0,4482560388.0,SUCCESS,2026-10-09,2026-09-17
6419,6419.T,3030.0,17391948.0,52697602440.0,SUCCESS,2026-10-09,2026-09-17
6651,6651.T,4490.0,37937114.0,170337641860.0,SUCCESS,2026-10-09,2026-09-17
6467,6467.T,342.0,9031414.0,3088743588.0,SUCCESS,2026-10-09,2026-09-17
4341,4341.T,900.0,3382368.0,3044131200.0,SUCCESS,2026-10-09,2026-09-17
5268,5268.T,839.0,13171348.0,11050760972.0,SUCCESS,2026-10-09,2026-09-17
6222,6222.T,867.0,33919616.0,29408307072.0,SUCCESS,2026-10-09,2026-09-17
6823,6823.T,3550.0,12330318.0,43772628900.0,SUCCESS,2026-10-09,2026-09-17
2483,2483.T,2244.0,3356793.0,7532643492.0,SUCCESS,2026-10-09,2026-09-17
1799,1799.T,3295.0,17707127.0,58344983465.0,SUCCESS,2026-10-09,2026-09-17
5602,5602.T,1578.0,59638630.0,94109758140.0,SUCCESS,2026-10-09,2026-09-17
2902,2902.T,,,,NO_PRICE,2026-09-08,nan
4212,4212.T,3040.0,29986746.0,91159707840.0,SUCCESS,2026-10-09,2026-09-17
2908,2908.T,1585.0,28473316.0,45130205860.0,SUCCESS,2026-10-09,2026-09-17
6367,6367.T,21170.0,278336120.0,5892375660400.0,SUCCESS,2026-10-09,2026-09-17
9994,9994.T,1952.0,10841334.0,21162283968.0,SUCCESS,2026-10-09,2026-09-17
4021,4021.T,9090.0,133398233.0,1212589937970.0,SUCCESS,2026-10-09,2026-09-17
3771,3771.T,1931.0,16584953.0,32025544243.0,SUCCESS,2026-10-09,2026-09-17
3431,3431.T,1429.0,26155900.0,37376781100.0,SUCCESS,2026-10-09,2026-09-17
3569,3569.T,3495.0,58359441.0,203966246295.0,SUCCESS,2026-10-09,2026-09-17
8052,8052.T,3100.0,18376740.0,56967894000.0,SUCCESS,2026-10-09,2026-09-17
9990,9990.T,750.0,29268436.0,21951327000.0,SUCCESS,2026-10-09,2026-09-17
4620,4620.T,1135.0,28499074.0,32346448990.0,SUCCESS,2026-10-09,2026-09-17
6246,6246.T,1740.0,11465055.0,19949195700.0,SUCCESS,2026-10-09,2026-09-17
2790,2790.T,2010.0,24582677.0,49411180770.0,SUCCESS,2026-10-09,2026-09-17
7280,7280.T,1288.0,45983616.0,59226897408.0,SUCCESS,2026-10-09,2026-09-17
4496,4496.T,742.0,6888051.0,5110933842.0,SUCCESS,2026-10-09,2026-09-17
9845,9845.T,1340.0,25028415.0,33538076100.0,SUCCESS,2026-10-09,2026-09-17
9986,9986.T,2484.0,5438072.0,13508170848.0,SUCCESS,2026-10-09,2026-09-17
5122,5122.T,6360.0,16933902.0,107699616720.0,SUCCESS,2026-10-09,2026-09-17
4625,4625.T,881.0,5325155.0,4691461555.0,SUCCESS,2026-10-09,2026-09-17
3837,3837.T,1371.0,16838771.0,23085955041.0,SUCCESS,2026-10-09,2026-09-17
3817,3817.T,4745.0,13476000.0,63943620000.0,SUCCESS,2026-10-09,2026-09-17
2981,2981.T,2265.0,5698830.0,12907849950.0,SUCCESS,2026-10-09,2026-09-17
5923,5923.T,1170.0,5827959.0,6818712030.0,SUCCESS,2026-10-09,2026-09-17
3773,3773.T,1056.0,14930754.0,15766876224.0,SUCCESS,2026-10-09,2026-09-17
4534,4534.T,3075.0,35189221.0,108206854575.0,SUCCESS,2026-10-09,2026-09-17
6307,6307.T,441.0,7771810.0,3427368210.0,SUCCESS,2026-10-09,2026-09-17
4462,4462.T,3360.0,13637484.0,45821946240.0,SUCCESS,2026-10-09,2026-09-17
6245,6245.T,1770.0,15137787.0,26793882990.0,SUCCESS,2026-10-09,2026-09-17
6538,6538.T,235.0,20367741.0,4786419135.0,SUCCESS,2026-10-09,2026-09-17
6347,6347.T,246.0,9624342.0,2367588132.0,SUCCESS,2026-10-09,2026-09-17
5976,5976.T,1416.0,31894720.0,45162923520.0,SUCCESS,2026-10-09,2026-09-17
9996,9996.T,2039.0,8340214.0,17005696346.0,SUCCESS,2026-10-09,2026-09-17
6342,6342.T,2832.0,1301003.0,3684440496.0,SUCCESS,2026-10-09,2026-09-17
8066,8066.T,3140.0,83274126.0,261480755640.0,SUCCESS,2026-10-09,2026-09-17
7950,7950.T,,,,NO_PRICE,2026-09-08,nan
6912,6912.T,2827.0,8327439.0,23541670053.0,SUCCESS,2026-10-09,2026-09-17
7523,7523.T,1876.0,9151686.0,17168562936.0,SUCCESS,2026-10-09,2026-09-17
6855,6855.T,8970.0,14647476.0,131387859720.0,SUCCESS,2026-10-09,2026-09-17
2117,2117.T,2713.0,32738556.0,88819702428.0,SUCCESS,2026-10-09,2026-09-17
7902,7902.T,1100.0,3638306.0,4002136600.0,SUCCESS,2026-10-09,2026-09-17
7224,7224.T,1840.0,66143345.0,121703754800.0,SUCCESS,2026-10-09,2026-09-17
368A,368A.T,1412.0,40000000.0,56480000000.0,SUCCESS,2026-10-09,2026-09-17
167A,167A.T,3280.0,40100944.0,131531096320.0,SUCCESS,2026-10-09,2026-09-17
8129,8129.T,3687.0,64701623.0,238554884001.0,SUCCESS,2026-10-09,2026-09-17
4102,4102.T,1440.0,2132434.0,3070704960.0,SUCCESS,2026-10-09,2026-09-17
6744,6744.T,3950.0,58862885.0,232508395750.0,SUCCESS,2026-10-09,2026-09-17
6229,6229.T,1485.0,4367152.0,6485220720.0,SUCCESS,2026-10-09,2026-09-17
6286,6286.T,1508.0,6458266.0,9739065128.0,SUCCESS,2026-10-09,2026-09-17
9713,9713.T,908.0,15273009.0,13867892172.0,SUCCESS,2026-10-09,2026-09-17
7284,7284.T,1172.0,3498853.0,4100655716.0,SUCCESS,2026-10-09,2026-09-17
5290,5290.T,1221.0,49045100.0,59884067100.0,SUCCESS,2026-10-09,2026-09-17
4078,4078.T,3655.0,15505628.0,56673070340.0,SUCCESS,2026-10-09,2026-09-17
4771,4771.T,2634.0,14792503.0,38963452902.0,SUCCESS,2026-10-09,2026-09-17
8708,8708.T,1645.0,31187924.0,51304134980.0,SUCCESS,2026-10-09,2026-09-17
336A,336A.T,1430.0,21574750.0,30851892500.0,SUCCESS,2026-10-09,2026-09-17
6923,6923.T,3512.0,123110306.0,432363394672.0,SUCCESS,2026-10-09,2026-09-17
5410,5410.T,2819.0,14446785.0,40725486915.0,SUCCESS,2026-10-09,2026-09-17
4624,4624.T,3965.0,1905429.0,7555025985.0,SUCCESS,2026-10-09,2026-09-17
7634,7634.T,5030.0,3124900.0,15718247000.0,SUCCESS,2026-10-09,2026-09-17
6237,6237.T,4080.0,22183345.0,90508047600.0,SUCCESS,2026-10-09,2026-09-17
5757,5757.T,4885.0,8264263.0,40370924755.0,SUCCESS,2026-10-09,2026-09-17
3002,3002.T,4055.0,31344956.0,127103796580.0,SUCCESS,2026-10-09,2026-09-17
1930,1930.T,1511.0,27502538.0,41556334918.0,SUCCESS,2026-10-09,2026-09-17
3779,3779.T,119.0,11567673.0,1376553087.0,SUCCESS,2026-10-09,2026-09-17
6864,6864.T,1584.0,7018774.0,11117738016.0,SUCCESS,2026-10-09,2026-09-17
1807,1807.T,1920.0,6093774.0,11700046080.0,SUCCESS,2026-10-09,2026-09-17
4417,4417.T,6650.0,14992688.0,99701375200.0,SUCCESS,2026-10-09,2026-09-17
6623,6623.T,,,,NO_PRICE,2026-09-08,nan
1945,1945.T,2075.0,33134769.0,68754645675.0,SUCCESS,2026-10-09,2026-09-17
7911,7911.T,2367.0,281349907.0,665955229869.0,SUCCESS,2026-10-09,2026-09-17
4265,4265.T,251.0,4767800.0,1196717800.0,SUCCESS,2026-10-09,2026-09-17
5408,5408.T,599.0,54215320.0,32474976680.0,SUCCESS,2026-10-09,2026-09-17
9644,9644.T,678.0,32214104.0,21841162512.0,SUCCESS,2026-10-09,2026-09-17
2269,2269.T,4206.0,271166783.0,1140527489298.0,SUCCESS,2026-10-09,2026-09-17
9936,9936.T,2901.0,52531261.0,152393188161.0,SUCCESS,2026-10-09,2026-09-17
9880,9880.T,3985.0,11629747.0,46344541795.0,SUCCESS,2026-10-09,2026-09-17
6675,6675.T,2123.0,17491590.0,37134645570.0,SUCCESS,2026-10-09,2026-09-17
4042,4042.T,2601.5,307890546.0,800977255419.0,SUCCESS,2026-10-09,2026-09-17
4926,4926.T,1229.0,4160510.0,5113266790.0,SUCCESS,2026-10-09,2026-09-17
7749,7749.T,2691.0,14478087.0,38960532117.0,SUCCESS,2026-10-09,2026-09-17
1926,1926.T,935.0,41052799.0,38384367065.0,SUCCESS,2026-10-09,2026-09-17
4990,4990.T,518.0,10650595.0,5517008210.0,SUCCESS,2026-10-09,2026-09-17
8898,8898.T,1125.0,10261748.0,11544466500.0,SUCCESS,2026-10-09,2026-09-17
8938,8938.T,318.0,10407861.0,3309699798.0,SUCCESS,2026-10-09,2026-09-17
3183,3183.T,1226.0,27498836.0,33713572936.0,SUCCESS,2026-10-09,2026-09-17
6485,6485.T,1552.0,20052855.0,31122030960.0,SUCCESS,2026-10-09,2026-09-17
9445,9445.T,526.0,16755959.0,8813634434.0,SUCCESS,2026-10-09,2026-09-17
9409,9409.T,2995.0,100539313.0,301115242435.0,SUCCESS,2026-10-09,2026-09-17
1904,1904.T,1217.0,6220360.0,7570178120.0,SUCCESS,2026-10-09,2026-09-17
6185,6185.T,363.0,14627033.0,5309612979.0,SUCCESS,2026-10-09,2026-09-17
5706,5706.T,2659.0,57217263.0,152140702317.0,SUCCESS,2026-10-09,2026-09-17
9735,9735.T,6368.0,398929240.0,2540381400320.0,SUCCESS,2026-10-09,2026-09-17
8699,8699.T,1115.0,30096049.0,33557094635.0,SUCCESS,2026-10-09,2026-09-17
7276,7276.T,2737.5,257489627.0,704877853912.5,SUCCESS,2026-10-09,2026-09-17
3442,3442.T,,,,NO_PRICE,2026-09-08,nan
5121,5121.T,3080.0,18354862.0,56532974960.0,SUCCESS,2026-10-09,2026-09-17
3929,3929.T,246.0,11708747.0,2880351762.0,SUCCESS,2026-10-09,2026-09-17
4275,4275.T,1808.0,22270006.0,40264170848.0,SUCCESS,2026-10-09,2026-09-17
7734,7734.T,3650.0,45455784.0,165913611600.0,SUCCESS,2026-10-09,2026-09-17
9408,9408.T,2623.0,5951145.0,15609853335.0,SUCCESS,2026-10-09,2026-09-17
5983,5983.T,15000.0,1027467.0,15412005000.0,SUCCESS,2026-10-09,2026-09-17
6941,6941.T,10330.0,18456920.0,190659983600.0,SUCCESS,2026-10-09,2026-09-17
5970,5970.T,2158.0,42812587.0,92389562746.0,SUCCESS,2026-10-09,2026-09-17
1975,1975.T,3845.0,25875683.0,99492001135.0,SUCCESS,2026-10-09,2026-09-17
1951,1951.T,2521.5,203304521.0,512632349701.5,SUCCESS,2026-10-09,2026-09-17
8097,8097.T,2401.0,61882363.0,148579553563.0,SUCCESS,2026-10-09,2026-09-17
7217,7217.T,456.0,9811308.0,4473956448.0,SUCCESS,2026-10-09,2026-09-17
8218,8218.T,3740.0,46355628.0,173370048720.0,SUCCESS,2026-10-09,2026-09-17
3799,3799.T,1111.0,8361327.0,9289434297.0,SUCCESS,2026-10-09,2026-09-17
6420,6420.T,3375.0,40088451.0,135298522125.0,SUCCESS,2026-10-09,2026-09-17
3741,3741.T,3150.0,10209612.0,32160277800.0,SUCCESS,2026-10-09,2026-09-17
6306,6306.T,991.0,38534974.0,38188159234.0,SUCCESS,2026-10-09,2026-09-17
6209,6209.T,3865.0,26904963.0,103987681995.0,SUCCESS,2026-10-09,2026-09-17
3600,3600.T,1769.0,1376482.0,2434996658.0,SUCCESS,2026-10-09,2026-09-17
3104,3104.T,3735.0,33717687.0,125935560945.0,SUCCESS,2026-10-09,2026-09-17
9856,9856.T,1156.0,31355927.0,36247451612.0,SUCCESS,2026-10-09,2026-09-17
9906,9906.T,3980.0,8456564.0,33657124720.0,SUCCESS,2026-10-09,2026-09-17
4256,4256.T,1210.0,6065932.0,7339777720.0,SUCCESS,2026-10-09,2026-09-17
5161,5161.T,3480.0,36254967.0,126167285160.0,SUCCESS,2026-10-09,2026-09-17
6800,6800.T,4670.0,23316854.0,108889708180.0,SUCCESS,2026-10-09,2026-09-17
5103,5103.T,1.0,75847346.0,75847346.0,NO_PRICE,2026-09-08,2026-08-18
8511,8511.T,2232.0,80765286.0,180268118352.0,SUCCESS,2026-10-09,2026-09-17
5252,5252.T,1097.0,4150896.0,4553532912.0,SUCCESS,2026-10-09,2026-09-17
5393,5393.T,3681.0,187714033.0,690975355473.0,SUCCESS,2026-10-09,2026-09-17
6360,6360.T,4775.0,1403462.0,6701531050.0,SUCCESS,2026-10-09,2026-09-17
4118,4118.T,6002.0,60028203.0,360289274406.0,SUCCESS,2026-10-09,2026-09-17
5288,5288.T,1424.0,38088756.0,54238388544.0,SUCCESS,2026-10-09,2026-09-17
5464,5464.T,856.0,37976235.0,32507657160.0,SUCCESS,2026-10-09,2026-09-17
4027,4027.T,2278.0,22447966.0,51136466548.0,SUCCESS,2026-10-09,2026-09-17
8707,8707.T,4650.0,23488725.0,109222571250.0,SUCCESS,2026-10-09,2026-09-17
5909,5909.T,918.0,29244830.0,26846753940.0,SUCCESS,2026-10-09,2026-09-17
7762,7762.T,2376.0,243993521.0,579728605896.0,SUCCESS,2026-10-09,2026-09-17
9900,9900.T,1062.0,60249096.0,63984539952.0,SUCCESS,2026-10-09,2026-09-17
2907,2907.T,1490.0,7485447.0,11153316030.0,SUCCESS,2026-10-09,2026-09-17
6526,6526.T,2109.5,175289136.0,369772432392.0,SUCCESS,2026-10-09,2026-09-17
6484,6484.T,2247.0,8027652.0,18038134044.0,SUCCESS,2026-10-09,2026-09-17
5714,5714.T,8482.0,59148277.0,501695685514.0,SUCCESS,2026-10-09,2026-09-17
3571,3571.T,699.0,12186434.0,8518317366.0,SUCCESS,2026-10-09,2026-09-17
3580,3580.T,695.0,37508934.0,26068709130.0,SUCCESS,2026-10-09,2026-09-17
9684,9684.T,2851.5,360675534.0,1028466285201.0,SUCCESS,2026-10-09,2026-09-17
7509,7509.T,4565.0,1458106.0,6656253890.0,SUCCESS,2026-10-09,2026-09-17
9404,9404.T,2843.0,243401639.0,691990859677.0,SUCCESS,2026-10-09,2026-09-17
9367,9367.T,2000.0,8643450.0,17286900000.0,SUCCESS,2026-10-09,2026-09-17
6272,6272.T,1445.0,26922915.0,38903612175.0,SUCCESS,2026-10-09,2026-09-17
9980,9980.T,89.0,91069468.0,8105182652.0,SUCCESS,2026-10-09,2026-09-17
6254,6254.T,3780.0,38390784.0,145117163520.0,SUCCESS,2026-10-09,2026-09-17
5440,5440.T,1844.0,43458886.0,80138185784.0,SUCCESS,2026-10-09,2026-09-17
9307,9307.T,972.0,16302504.0,15846033888.0,SUCCESS,2026-10-09,2026-09-17
7943,7943.T,2773.0,32542891.0,90241436743.0,SUCCESS,2026-10-09,2026-09-17
6258,6258.T,4370.0,30625673.0,133834191010.0,SUCCESS,2026-10-09,2026-09-17
1961,1961.T,2611.0,152928254.0,399295671194.0,SUCCESS,2026-10-09,2026-09-17
9882,9882.T,1597.0,83960010.0,134084135970.0,SUCCESS,2026-10-09,2026-09-17
7506,7506.T,1371.0,4702430.0,6447031530.0,SUCCESS,2026-10-09,2026-09-17
6745,6745.T,1936.0,74605179.0,144435626544.0,SUCCESS,2026-10-09,2026-09-17
7476,7476.T,2495.0,71321662.0,177947546690.0,SUCCESS,2026-10-09,2026-09-17
3802,3802.T,475.0,3430140.0,1629316500.0,SUCCESS,2026-10-09,2026-09-17
8041,8041.T,4205.0,5397587.0,22696853335.0,SUCCESS,2026-10-09,2026-09-17
4531,4531.T,378.0,21613646.0,8169958188.0,SUCCESS,2026-10-09,2026-09-17
5979,5979.T,,,,NO_PRICE,2026-09-08,nan
6157,6157.T,800.0,23482071.0,18785656800.0,SUCCESS,2026-10-09,2026-09-17
5969,5969.T,1183.0,1867340.0,2209063220.0,SUCCESS,2026-10-09,2026-09-17
7979,7979.T,2284.0,35589321.0,81286009164.0,SUCCESS,2026-10-09,2026-09-17
7222,7222.T,888.0,135452678.0,120281978064.0,SUCCESS,2026-10-09,2026-09-17
9059,9059.T,915.0,21425622.0,19604444130.0,SUCCESS,2026-10-09,2026-09-17
6614,6614.T,891.0,4389323.0,3910886793.0,SUCCESS,2026-10-09,2026-09-17
4838,4838.T,694.0,16216190.0,11254035860.0,SUCCESS,2026-10-09,2026-09-17
6976,6976.T,11135.0,125146903.0,1393510764905.0,SUCCESS,2026-10-09,2026-09-17
4097,4097.T,1197.0,55203363.0,66078425511.0,SUCCESS,2026-10-09,2026-09-17
2780,2780.T,4495.0,10988908.0,49395141460.0,SUCCESS,2026-10-09,2026-09-17
3434,3434.T,1204.0,9611233.0,11571924532.0,SUCCESS,2026-10-09,2026-09-17
4094,4094.T,2170.0,19497114.0,42308737380.0,SUCCESS,2026-10-09,2026-09-17
6568,6568.T,1239.0,7741320.0,9591495480.0,SUCCESS,2026-10-09,2026-09-17
2813,2813.T,3935.0,2495061.0,9818065035.0,SUCCESS,2026-10-09,2026-09-17
7264,7264.T,1325.0,6041996.0,8005644700.0,SUCCESS,2026-10-09,2026-09-17
6454,6454.T,1944.0,176526513.0,343167541272.0,SUCCESS,2026-10-09,2026-09-17
4617,4617.T,3655.0,49655316.0,181490179980.0,SUCCESS,2026-10-09,2026-09-17
6743,6743.T,1066.0,13914394.0,14832744004.0,SUCCESS,2026-10-09,2026-09-17
5449,5449.T,2321.0,29918539.0,69440929019.0,SUCCESS,2026-10-09,2026-09-17
4687,4687.T,1133.0,46611075.0,52810347975.0,SUCCESS,2026-10-09,2026-09-17
2674,2674.T,2487.0,13913010.0,34601655870.0,SUCCESS,2026-10-09,2026-09-17
6118,6118.T,1220.0,54380859.0,66344647980.0,SUCCESS,2026-10-09,2026-09-17
3970,3970.T,815.0,2688334.0,2190992210.0,SUCCESS,2026-10-09,2026-09-17
5423,5423.T,1611.0,101596141.0,163671383151.0,SUCCESS,2026-10-09,2026-09-17
6332,6332.T,2501.0,39601223.0,99042658723.0,SUCCESS,2026-10-09,2026-09-17
9347,9347.T,2832.0,36320947.0,102860921904.0,SUCCESS,2026-10-09,2026-09-17
6055,6055.T,2412.0,102774171.0,247891300452.0,SUCCESS,2026-10-09,2026-09-17
4694,4694.T,3650.0,37483599.0,136815136350.0,SUCCESS,2026-10-09,2026-09-17
2784,2784.T,2230.0,175410054.0,391164420420.0,SUCCESS,2026-10-09,2026-09-17
9475,9475.T,525.0,17928121.0,9412263525.0,SUCCESS,2026-10-09,2026-09-17
9895,9895.T,1250.0,1758539.0,2198173750.0,SUCCESS,2026-10-09,2026-09-17
7459,7459.T,2953.5,204698639.0,604577430286.5,SUCCESS,2026-10-09,2026-09-17
3132,3132.T,4634.0,178563057.0,827461206138.0,SUCCESS,2026-10-09,2026-09-17
2480,2480.T,1730.0,3528086.0,6103588780.0,SUCCESS,2026-10-09,2026-09-17
5186,5186.T,7090.0,27433170.0,194501175300.0,SUCCESS,2026-10-09,2026-09-17
5446,5446.T,1064.0,3727356.0,3965906784.0,SUCCESS,2026-10-09,2026-09-17
7927,7927.T,2386.0,6945986.0,16573122596.0,SUCCESS,2026-10-09,2026-09-17
3787,3787.T,680.0,2592788.0,1763095840.0,NO_PRICE,2026-10-09,2026-09-17
2814,2814.T,1800.0,7178062.0,12920511600.0,SUCCESS,2026-10-09,2026-09-17
2806,2806.T,1975.0,6947521.0,13721353975.0,SUCCESS,2026-10-09,2026-09-17
6337,6337.T,4140.0,5042653.0,20876583420.0,SUCCESS,2026-10-09,2026-09-17
2919,2919.T,,,,NO_PRICE,2026-09-08,nan
1770,1770.T,2121.0,9184013.0,19479291573.0,SUCCESS,2026-10-09,2026-09-17
1950,1950.T,3790.0,58413869.0,221388563510.0,SUCCESS,2026-10-09,2026-09-17
3221,3221.T,2867.0,10242960.0,29366566320.0,SUCCESS,2026-10-09,2026-09-17
177A,177A.T,815.0,5111600.0,4165954000.0,SUCCESS,2026-10-09,2026-09-17
7628,7628.T,1119.0,25576909.0,28620561171.0,SUCCESS,2026-10-09,2026-09-17
4419,4419.T,1553.0,51898282.0,80598031946.0,SUCCESS,2026-10-09,2026-09-17
7701,7701.T,4325.0,288940127.0,1249666049275.0,SUCCESS,2026-10-09,2026-09-17
7246,7246.T,973.0,97552944.0,94919014512.0,SUCCESS,2026-10-09,2026-09-17
288A,288A.T,92.0,25962883.0,2388585236.0,SUCCESS,2026-10-09,2026-09-17
550A,550A.T,2400.0,876000.0,2102400000.0,SUCCESS,2026-10-09,2026-09-17
6082,6082.T,986.0,9748667.0,9612185662.0,SUCCESS,2026-10-09,2026-09-17
3611,3611.T,2416.0,10498408.0,25364153728.0,SUCCESS,2026-10-09,2026-09-17
4442,4442.T,433.0,19802294.0,8574393302.0,SUCCESS,2026-10-09,2026-09-17
4718,4718.T,2440.0,17996462.0,43911367280.0,SUCCESS,2026-10-09,2026-09-17
7089,7089.T,1560.0,6452718.0,10066240080.0,SUCCESS,2026-10-09,2026-09-17
6674,6674.T,5508.0,100319344.0,552558946752.0,SUCCESS,2026-10-09,2026-09-17
7292,7292.T,6780.0,11585053.0,78546659340.0,SUCCESS,2026-10-09,2026-09-17
4308,4308.T,354.0,24866338.0,8802683652.0,SUCCESS,2026-10-09,2026-09-17
299A,299A.T,1233.0,42805560.0,52779255480.0,SUCCESS,2026-10-09,2026-09-17
4564,4564.T,19.0,408243572.0,7756627868.0,SUCCESS,2026-10-09,2026-09-17
4540,4540.T,3772.0,74545456.0,281185460032.0,SUCCESS,2026-10-09,2026-09-17
8160,8160.T,2336.0,28159799.0,65781290464.0,SUCCESS,2026-10-09,2026-09-17
7745,7745.T,2976.0,27387321.0,81504667296.0,SUCCESS,2026-10-09,2026-09-17
6932,6932.T,2496.0,14768618.0,36862470528.0,SUCCESS,2026-10-09,2026-09-17
6777,6777.T,23620.0,11760380.0,277780175600.0,SUCCESS,2026-10-09,2026-09-17
3676,3676.T,1050.0,22298804.0,23413744200.0,SUCCESS,2026-10-09,2026-09-17
2001,2001.T,2779.0,82664534.0,229724739986.0,SUCCESS,2026-10-09,2026-09-17
6424,6424.T,878.0,4171568.0,3662636704.0,SUCCESS,2026-10-09,2026-09-17
6951,6951.T,8380.0,48701239.0,408116382820.0,SUCCESS,2026-10-09,2026-09-17
6616,6616.T,1872.0,10592037.0,19828293264.0,SUCCESS,2026-10-09,2026-09-17
6203,6203.T,2327.0,12311982.0,28649982114.0,SUCCESS,2026-10-09,2026-09-17
7235,7235.T,1518.0,9521383.0,14453459394.0,SUCCESS,2026-10-09,2026-09-17
7438,7438.T,1651.0,25634960.0,42323318960.0,SUCCESS,2026-10-09,2026-09-17
3937,3937.T,1146.0,12123241.0,13893234186.0,SUCCESS,2026-10-09,2026-09-17
7551,7551.T,662.0,16038087.0,10617213594.0,SUCCESS,2026-10-09,2026-09-17
6955,6955.T,402.0,34504752.0,13870910304.0,SUCCESS,2026-10-09,2026-09-17
9691,9691.T,5160.0,3498444.0,18051971040.0,SUCCESS,2026-10-09,2026-09-17
5901,5901.T,4357.0,150585299.0,656100147743.0,SUCCESS,2026-10-09,2026-09-17
9960,9960.T,4125.0,41006207.0,169150603875.0,SUCCESS,2026-10-09,2026-09-17
1941,1941.T,5090.0,52942503.0,269477340270.0,SUCCESS,2026-10-09,2026-09-17
1944,1944.T,6599.0,164481718.0,1085414857082.0,SUCCESS,2026-10-09,2026-09-17
5461,5461.T,2136.0,26468346.0,56536387056.0,SUCCESS,2026-10-09,2026-09-17
6882,6882.T,1141.0,13310478.0,15187255398.0,SUCCESS,2026-10-09,2026-09-17
6486,6486.T,3005.0,45699788.0,137327862940.0,SUCCESS,2026-10-02,2026-09-17
9742,9742.T,2310.0,20822447.0,48099852570.0,SUCCESS,2026-10-09,2026-09-17
5703,5703.T,2743.0,61591150.0,168944524450.0,SUCCESS,2026-10-09,2026-09-17
5659,5659.T,1350.0,30712819.0,41462305650.0,SUCCESS,2026-10-09,2026-09-17
8153,8153.T,3895.0,30750005.0,119771269475.0,SUCCESS,2026-10-09,2026-09-17
6488,6488.T,1004.0,12717832.0,12768703328.0,SUCCESS,2026-10-09,2026-09-17
9759,9759.T,3039.0,75452365.0,229299737235.0,SUCCESS,2026-10-09,2026-09-17
4994,4994.T,2521.0,6070291.0,15303203611.0,SUCCESS,2026-10-09,2026-09-17
7305,7305.T,2648.0,9533818.0,25245550064.0,SUCCESS,2026-10-09,2026-09-17
4547,4547.T,3710.0,41845289.0,155246022190.0,SUCCESS,2026-10-09,2026-09-17
1948,1948.T,11450.0,8733600.0,99999720000.0,SUCCESS,2026-10-02,2026-09-17
8117,8117.T,1991.0,55585869.0,110671465179.0,SUCCESS,2026-10-09,2026-09-17
1960,1960.T,1630.0,15354430.0,25027720900.0,SUCCESS,2026-10-09,2026-09-17
6518,6518.T,1727.0,4577353.0,7905088631.0,SUCCESS,2026-10-09,2026-09-17
8035,8035.T,12445.0,454296856.0,5653724372920.0,SUCCESS,2026-10-09,2026-09-17
9744,9744.T,3265.0,77206709.0,252079904885.0,SUCCESS,2026-10-09,2026-09-17
2676,2676.T,2074.0,18679534.0,38741353516.0,SUCCESS,2026-10-09,2026-09-17
9832,9832.T,1497.0,78528152.0,117556643544.0,SUCCESS,2026-10-09,2026-09-17
6322,6322.T,1585.0,6904658.0,10943882930.0,SUCCESS,2026-10-09,2026-09-17
4022,4022.T,2050.0,39061345.0,80075757250.0,SUCCESS,2026-10-09,2026-09-17
3306,3306.T,571.0,4405858.0,2515744918.0,SUCCESS,2026-10-09,2026-09-17
8617,8617.T,606.0,9423552.0,5710672512.0,SUCCESS,2026-10-09,2026-09-17
3443,3443.T,1303.0,50304664.0,65546977192.0,SUCCESS,2026-10-09,2026-09-17
7994,7994.T,2198.0,94672975.0,208091199050.0,SUCCESS,2026-10-09,2026-09-17
5929,5929.T,3485.0,207535952.0,723262792720.0,SUCCESS,2026-10-09,2026-09-17
7596,7596.T,2106.0,13957461.0,29394412866.0,SUCCESS,2026-10-09,2026-09-17
1417,1417.T,3335.0,87085030.0,290428575050.0,SUCCESS,2026-10-09,2026-09-17
7939,7939.T,602.0,3794645.0,2284376290.0,SUCCESS,2026-10-09,2026-09-17
416A,416A.T,1319.0,6599527.0,8704776113.0,SUCCESS,2026-10-09,2026-09-17
4732,4732.T,1797.5,454040498.0,816137795155.0,SUCCESS,2026-10-09,2026-09-17
7240,7240.T,3029.0,157165652.0,476054759908.0,SUCCESS,2026-10-02,2026-09-17
1976,1976.T,1659.0,45902096.0,76151577264.0,SUCCESS,2026-10-09,2026-09-17
6238,6238.T,1434.0,26486742.0,37981988028.0,SUCCESS,2026-10-09,2026-09-17
4365,4365.T,24250.0,2901140.0,70352645000.0,SUCCESS,2026-10-09,2026-09-17
7840,7840.T,1272.0,33372544.0,42449875968.0,SUCCESS,2026-10-09,2026-09-17
300A,300A.T,2779.0,7103296.0,19740059584.0,SUCCESS,2026-10-09,2026-09-17
5984,5984.T,785.0,13899918.0,10911435630.0,SUCCESS,2026-10-09,2026-09-17
7134,7134.T,1428.0,7926656.0,11319264768.0,SUCCESS,2026-10-09,2026-09-17
6151,6151.T,1683.0,18757788.0,31569357204.0,SUCCESS,2026-10-09,2026-09-17
5928,5928.T,279.0,10478550.0,2923515450.0,SUCCESS,2026-10-09,2026-09-17
5451,5451.T,1394.0,143249540.0,199689858760.0,SUCCESS,2026-10-09,2026-09-17
1914,1914.T,772.0,18291634.0,14121141448.0,SUCCESS,2026-10-09,2026-09-17
255A,255A.T,5720.0,12845770.0,73477804400.0,SUCCESS,2026-10-09,2026-09-17
5279,5279.T,1198.0,2916513.0,3493982574.0,SUCCESS,2026-10-09,2026-09-17
4290,4290.T,678.0,123456377.0,83703423606.0,SUCCESS,2026-10-09,2026-09-17
7988,7988.T,2495.5,93274085.0,232765479117.5,SUCCESS,2026-10-09,2026-09-17
9664,9664.T,,,,NO_PRICE,2026-09-08,nan
6927,6927.T,976.0,18151667.0,17716026992.0,SUCCESS,2026-10-09,2026-09-17
6262,6262.T,511.0,23941524.0,12234118764.0,SUCCESS,2026-10-09,2026-09-17
9332,9332.T,657.0,33672734.0,22122986238.0,SUCCESS,2026-10-09,2026-09-17
6325,6325.T,416.0,11293707.0,4698182112.0,SUCCESS,2026-10-09,2026-09-17
3150,3150.T,2389.0,23124402.0,55244196378.0,SUCCESS,2026-10-09,2026-09-17
6103,6103.T,4785.0,58220747.0,278586274395.0,SUCCESS,2026-10-09,2026-09-17
4972,4972.T,4425.0,16595165.0,73433605125.0,SUCCESS,2026-10-09,2026-09-17
1786,1786.T,324.0,128632331.0,41676875244.0,SUCCESS,2026-10-09,2026-09-17
2810,2810.T,4100.0,89211866.0,365768650600.0,SUCCESS,2026-10-09,2026-09-17
3166,3166.T,1410.0,13041884.0,18389056440.0,SUCCESS,2026-10-09,2026-09-17
4112,4112.T,2038.0,15924296.0,32453715248.0,SUCCESS,2026-10-09,2026-09-17
6928,6928.T,3360.0,6597596.0,22167922560.0,SUCCESS,2026-10-09,2026-09-17
6226,6226.T,2313.0,35280968.0,81604878984.0,SUCCESS,2026-10-09,2026-09-17
5951,5951.T,1112.0,16184909.0,17997618808.0,SUCCESS,2026-10-09,2026-09-17
5013,5013.T,3260.0,12814520.0,41775335200.0,SUCCESS,2026-10-09,2026-09-17
1721,1721.T,5571.0,114453151.0,637618504221.0,SUCCESS,2026-10-09,2026-09-17
6480,6480.T,1902.0,69059500.0,131351169000.0,SUCCESS,2026-10-09,2026-09-17
483A,483A.T,2115.0,1677800.0,3548547000.0,SUCCESS,2026-10-09,2026-09-17
1966,1966.T,1716.0,7309684.0,12543417744.0,SUCCESS,2026-10-09,2026-09-17
7769,7769.T,3765.0,7961648.0,29975604720.0,SUCCESS,2026-10-09,2026-09-17
9471,9471.T,,,,NO_PRICE,2026-09-08,nan
4113,4113.T,870.0,14328625.0,12465903750.0,SUCCESS,2026-10-09,2026-09-17
3652,3652.T,3150.0,3145123.0,9907137450.0,SUCCESS,2026-10-09,2026-09-17
5284,5284.T,2200.0,6058826.0,13329417200.0,SUCCESS,2026-10-09,2026-09-17
4169,4169.T,264.0,39688306.0,10477712784.0,SUCCESS,2026-10-09,2026-09-17
2002,2002.T,1984.0,279614342.0,554754854528.0,SUCCESS,2026-10-09,2026-09-17
4849,4849.T,1838.0,37781493.0,69442384134.0,SUCCESS,2026-10-09,2026-09-17
6788,6788.T,5270.0,7436490.0,39190302300.0,SUCCESS,2026-10-09,2026-09-17
302A,302A.T,600.0,2909968.0,1745980800.0,SUCCESS,2026-10-09,2026-09-17
5244,5244.T,185.0,41276700.0,7636189500.0,SUCCESS,2026-10-09,2026-09-17
5368,5368.T,996.0,8667007.0,8632338972.0,SUCCESS,2026-10-09,2026-09-17
3917,3917.T,481.0,7829184.0,3765837504.0,SUCCESS,2026-10-09,2026-09-17
3796,3796.T,283.0,13802754.0,3906179382.0,SUCCESS,2026-10-09,2026-09-17
4259,4259.T,835.0,95156659.0,79455810265.0,SUCCESS,2026-10-09,2026-09-17
6566,6566.T,1238.0,15871309.0,19648680542.0,SUCCESS,2026-10-09,2026-09-17
6027,6027.T,5290.0,22771178.0,120459531620.0,SUCCESS,2026-10-09,2026-09-17
1717,1717.T,926.0,11758656.0,10888515456.0,SUCCESS,2026-10-09,2026-09-17
9698,9698.T,1265.0,7621377.0,9641041905.0,SUCCESS,2026-10-09,2026-09-17
6863,6863.T,1107.0,21472911.0,23770512477.0,SUCCESS,2026-10-09,2026-09-17
6954,6954.T,6103.0,929200798.0,5670912470194.0,SUCCESS,2026-10-09,2026-09-17
6363,6363.T,2923.0,26316572.0,76923339956.0,SUCCESS,2026-10-09,2026-09-17
4044,4044.T,4590.0,24792784.0,113798878560.0,SUCCESS,2026-10-09,2026-09-17
7294,7294.T,834.0,20597952.0,17178691968.0,SUCCESS,2026-10-09,2026-09-17
6458,6458.T,1210.0,67144678.0,81245060380.0,SUCCESS,2026-10-09,2026-09-17
4524,4524.T,2210.0,4098725.0,9058182250.0,SUCCESS,2026-10-09,2026-09-17
2183,2183.T,200.0,22586431.0,4517286200.0,SUCCESS,2026-10-09,2026-09-17
6379,6379.T,979.0,53959352.0,52826205608.0,SUCCESS,2026-10-09,2026-09-17
8132,8132.T,7220.0,10868044.0,78467277680.0,SUCCESS,2026-10-09,2026-09-17
5185,5185.T,1908.0,14222368.0,27136278144.0,SUCCESS,2026-10-09,2026-09-17
5911,5911.T,2840.0,39745192.0,112876345280.0,SUCCESS,2026-10-09,2026-09-17
5331,5331.T,3605.0,55014274.0,198326457770.0,SUCCESS,2026-10-09,2026-09-17
4549,4549.T,2436.0,32965573.0,80304135828.0,SUCCESS,2026-10-09,2026-09-17
6369,6369.T,2259.0,14970802.0,33819041718.0,SUCCESS,2026-10-09,2026-09-17
9729,9729.T,2589.0,30884672.0,79960415808.0,SUCCESS,2026-10-09,2026-09-17
3768,3768.T,560.0,7523454.0,4213134240.0,SUCCESS,2026-10-09,2026-09-17
8022,8022.T,4325.0,76057914.0,328950478050.0,SUCCESS,2026-10-09,2026-09-17
6165,6165.T,572.0,27536119.0,15750660068.0,SUCCESS,2026-10-09,2026-09-17
3626,3626.T,4174.0,209828373.0,875823628902.0,SUCCESS,2026-10-09,2026-09-17
7218,7218.T,1134.0,8695424.0,9860610816.0,SUCCESS,2026-10-09,2026-09-17
8706,8706.T,1735.0,31498314.0,54649574790.0,SUCCESS,2026-10-09,2026-09-17
7970,7970.T,2481.0,80371721.0,199402239801.0,SUCCESS,2026-10-09,2026-09-17
4705,4705.T,776.0,3602188.0,2795297888.0,SUCCESS,2026-10-09,2026-09-17
2795,2795.T,1009.0,5172790.0,5219345110.0,SUCCESS,2026-10-09,2026-09-17
4229,4229.T,4190.0,6635949.0,27804626310.0,SUCCESS,2026-10-09,2026-09-17
5386,5386.T,,,,NO_PRICE,2026-09-08,nan
2288,2288.T,2157.0,23971189.0,51705854673.0,SUCCESS,2026-10-09,2026-09-17
5463,5463.T,1640.5,220771964.0,362176406942.0,SUCCESS,2026-10-09,2026-09-17
9885,9885.T,332.0,14843522.0,4928049304.0,SUCCESS,2026-10-09,2026-09-17
2875,2875.T,10150.0,95009076.0,964342121400.0,SUCCESS,2026-10-09,2026-09-17
5304,5304.T,2319.0,19680705.0,45639554895.0,SUCCESS,2026-10-09,2026-09-17
2612,2612.T,2872.0,27612414.0,79302853008.0,SUCCESS,2026-10-09,2026-09-17
4761,4761.T,1476.0,11005411.0,16243986636.0,SUCCESS,2026-10-09,2026-09-17
2331,2331.T,1165.0,486062206.0,566262469990.0,SUCCESS,2026-10-09,2026-09-17
6455,6455.T,2473.0,41074773.0,101577913629.0,SUCCESS,2026-10-09,2026-09-17
4063,4063.T,6085.0,1815064711.0,11044668766435.0,SUCCESS,2026-10-09,2026-09-17
4206,4206.T,4330.0,63275660.0,273983607800.0,SUCCESS,2026-10-09,2026-09-17
5011,5011.T,2132.0,28455422.0,60666959704.0,SUCCESS,2026-10-09,2026-09-17
2267,2267.T,2805.5,284723126.0,798790729993.0,SUCCESS,2026-10-09,2026-09-17
7595,7595.T,1241.0,68712592.0,85272326672.0,SUCCESS,2026-10-09,2026-09-17
6947,6947.T,5720.0,21075756.0,120553324320.0,SUCCESS,2026-10-09,2026-09-17
6797,6797.T,1191.0,11754754.0,13999912014.0,SUCCESS,2026-10-09,2026-09-17
3648,3648.T,1072.0,16682032.0,17883138304.0,SUCCESS,2026-10-09,2026-09-17
7014,7014.T,4635.0,69545044.0,322341278940.0,SUCCESS,2026-10-09,2026-09-17
3834,3834.T,582.0,25910998.0,15080200836.0,SUCCESS,2026-10-09,2026-09-17
7575,7575.T,1492.0,70154478.0,104670481176.0,SUCCESS,2026-10-09,2026-09-17
3918,3918.T,1129.0,9921480.0,11201350920.0,SUCCESS,2026-10-09,2026-09-17
6658,6658.T,449.0,14995855.0,6733138895.0,SUCCESS,2026-10-09,2026-09-17
5955,5955.T,81.0,133381110.0,10803869910.0,SUCCESS,2026-10-09,2026-09-17
6845,6845.T,1504.5,498665518.0,750242271831.0,SUCCESS,2026-10-09,2026-09-17
8700,8700.T,2068.0,3732180.0,7718148240.0,SUCCESS,2026-10-09,2026-09-17
7729,7729.T,20590.0,40589695.0,835741820050.0,SUCCESS,2026-10-09,2026-09-17
6033,6033.T,1592.0,5354708.0,8524695136.0,SUCCESS,2026-10-09,2026-09-17
4345,4345.T,812.0,40990579.0,33284350148.0,SUCCESS,2026-10-09,2026-09-17
1871,1871.T,2042.0,46819436.0,95605288312.0,SUCCESS,2026-10-09,2026-09-17
6763,6763.T,2802.0,9169521.0,25692997842.0,SUCCESS,2026-10-09,2026-09-17
7981,7981.T,2977.0,63183386.0,188096940122.0,SUCCESS,2026-10-09,2026-09-17
3153,3153.T,2971.0,21108257.0,62712631547.0,SUCCESS,2026-10-09,2026-09-17
9763,9763.T,1205.0,9517515.0,11468605575.0,SUCCESS,2026-10-09,2026-09-17
3371,3371.T,2237.0,25294090.0,56582879330.0,SUCCESS,2026-10-09,2026-09-17
3943,3943.T,1300.0,7843264.0,10196243200.0,SUCCESS,2026-10-09,2026-09-17
2464,2464.T,369.0,12593824.0,4647121056.0,SUCCESS,2026-10-09,2026-09-17
4368,4368.T,3490.0,105796374.0,369229345260.0,SUCCESS,2026-10-09,2026-09-17
2109,2109.T,3635.0,31116607.0,113108866445.0,SUCCESS,2026-10-09,2026-09-17
6339,6339.T,1083.0,52516442.0,56875306686.0,SUCCESS,2026-10-09,2026-09-17
5541,5541.T,2354.0,17387561.0,40930318594.0,SUCCESS,2026-10-09,2026-09-17
6737,6737.T,3190.0,39359165.0,125555736350.0,SUCCESS,2026-10-09,2026-09-17
6315,6315.T,2650.0,75031664.0,198833909600.0,SUCCESS,2026-10-09,2026-09-17
6381,6381.T,1824.0,38574767.0,70360375008.0,SUCCESS,2026-10-09,2026-09-17
4272,4272.T,2118.0,144188389.0,305391007902.0,SUCCESS,2026-10-09,2026-09-17
9708,9708.T,935.0,118327967.0,110636649145.0,SUCCESS,2026-10-09,2026-09-17
4318,4318.T,842.0,55378300.0,46628528600.0,SUCCESS,2026-10-09,2026-09-17
4526,4526.T,3135.0,28746374.0,90119882490.0,SUCCESS,2026-10-09,2026-09-17
4527,4527.T,2693.0,225430992.0,607085661456.0,SUCCESS,2026-10-09,2026-09-17
6504,6504.T,15015.0,145991156.0,2192057207340.0,SUCCESS,2026-10-09,2026-09-17
4886,4886.T,2004.0,28449714.0,57013226856.0,SUCCESS,2026-10-09,2026-09-17
3635,3635.T,1637.0,334237448.0,547146702376.0,SUCCESS,2026-10-09,2026-09-17
5384,5384.T,3670.0,74183256.0,272252549520.0,SUCCESS,2026-10-09,2026-09-17
6963,6963.T,4934.0,386035069.0,1904697030446.0,SUCCESS,2026-10-09,2026-09-17
1939,1939.T,2179.0,47334611.0,103142117369.0,SUCCESS,2026-10-09,2026-09-17
6240,6240.T,496.0,69574594.0,34508998624.0,SUCCESS,2026-10-09,2026-09-17
6287,6287.T,2664.0,32527004.0,86651938656.0,SUCCESS,2026-10-09,2026-09-17
2175,2175.T,2642.0,82080449.0,216856546258.0,SUCCESS,2026-10-09,2026-09-17
6135,6135.T,3275.0,23289519.0,76273174725.0,SUCCESS,2026-10-09,2026-09-17
9466,9466.T,234.0,13103009.0,3066104106.0,SUCCESS,2026-10-09,2026-09-17
8275,8275.T,1072.0,26113390.0,27993554080.0,SUCCESS,2026-10-09,2026-09-17
2229,2229.T,3069.0,121587854.0,373153123926.0,SUCCESS,2026-10-09,2026-09-17
6167,6167.T,1012.0,19578644.0,19813587728.0,SUCCESS,2026-10-09,2026-09-17
2156,2156.T,270.0,5147072.0,1389709440.0,SUCCESS,2026-10-09,2026-09-17
2208,2208.T,3010.0,24171469.0,72756121690.0,SUCCESS,2026-10-09,2026-09-17
9913,9913.T,3685.0,9066784.0,33411099040.0,SUCCESS,2026-10-09,2026-09-17
6544,6544.T,1460.5,178763918.0,261084702239.0,SUCCESS,2026-10-09,2026-09-17
2121,2121.T,3750.0,65309346.0,244910047500.0,SUCCESS,2026-10-09,2026-09-17
9039,9039.T,2986.0,40259728.0,120215547808.0,SUCCESS,2026-10-09,2026-09-17
4792,4792.T,1727.0,19204804.0,33166696508.0,SUCCESS,2026-10-09,2026-09-17
6249,6249.T,2681.0,14026777.0,37605789137.0,SUCCESS,2026-10-09,2026-09-17
7727,7727.T,923.0,20360414.0,18792662122.0,SUCCESS,2026-10-09,2026-09-17
4816,4816.T,2841.0,204312971.0,580453150611.0,SUCCESS,2026-10-09,2026-09-17
5381,5381.T,1182.0,13931818.0,16467408876.0,SUCCESS,2026-10-09,2026-09-17
7942,7942.T,2960.0,26207054.0,77572879840.0,SUCCESS,2026-10-09,2026-09-17
7266,7266.T,960.0,21241315.0,20391662400.0,SUCCESS,2026-10-09,2026-09-17
7442,7442.T,463.0,18919831.0,8759881753.0,SUCCESS,2026-10-09,2026-09-17
6613,6613.T,2232.0,41840046.0,93386982672.0,SUCCESS,2026-10-09,2026-09-17
2411,2411.T,461.0,10982500.0,5062932500.0,SUCCESS,2026-10-09,2026-09-17
4301,4301.T,1838.0,16215307.0,29803734266.0,SUCCESS,2026-10-09,2026-09-17
9474,9474.T,896.0,53386572.0,47834368512.0,SUCCESS,2026-10-09,2026-09-17
2475,2475.T,1728.0,19182966.0,33148165248.0,SUCCESS,2026-10-09,2026-09-17
5949,5949.T,1259.0,44798688.0,56401548192.0,SUCCESS,2026-10-09,2026-09-17
9914,9914.T,736.0,2242142.0,1650216512.0,NO_PRICE,2026-10-02,2026-09-17
6490,6490.T,12840.0,22861214.0,293537987760.0,SUCCESS,2026-10-09,2026-09-17
7486,7486.T,801.0,12110410.0,9700438410.0,SUCCESS,2026-10-09,2026-09-17
9686,9686.T,1618.0,10545817.0,17063131906.0,SUCCESS,2026-10-09,2026-09-17
3110,3110.T,3415.0,182025600.0,621617424000.0,SUCCESS,2026-10-09,2026-09-17
9955,9955.T,2700.0,12255049.0,33088632300.0,SUCCESS,2026-10-09,2026-09-17
7774,7774.T,793.0,40609950.0,32203690350.0,SUCCESS,2026-10-09,2026-09-17
6402,6402.T,1556.0,4896925.0,7619615300.0,SUCCESS,2026-10-09,2026-09-17
9478,9478.T,497.0,14997417.0,7453716249.0,SUCCESS,2026-10-09,2026-09-17
6894,6894.T,2153.0,1368060.0,2945433180.0,SUCCESS,2026-10-09,2026-09-17
6301,6301.T,7298.0,887529061.0,6477187087178.0,SUCCESS,2026-10-09,2026-09-17
9816,9816.T,245.0,8898580.0,2180152100.0,SUCCESS,2026-10-09,2026-09-17
4249,4249.T,2682.0,14354481.0,38498718042.0,SUCCESS,2026-10-09,2026-09-17
1762,1762.T,3855.0,34818467.0,134225190285.0,SUCCESS,2026-10-09,2026-09-17
3420,3420.T,1544.0,7359538.0,11363126672.0,SUCCESS,2026-10-09,2026-09-17
1969,1969.T,4370.0,130862824.0,571870540880.0,SUCCESS,2026-10-09,2026-09-17
4627,4627.T,2118.0,7558173.0,16008210414.0,SUCCESS,2026-10-09,2026-09-17
4109,4109.T,5460.0,12094328.0,66035030880.0,SUCCESS,2026-10-09,2026-09-17
3437,3437.T,2594.0,1581989.0,4103679466.0,SUCCESS,2026-10-09,2026-09-17
6834,6834.T,6960.0,44696355.0,311086630800.0,SUCCESS,2026-10-09,2026-09-17
3850,3850.T,3965.0,4871583.0,19315826595.0,SUCCESS,2026-10-09,2026-09-17
3553,3553.T,872.0,23830702.0,20780372144.0,SUCCESS,2026-10-09,2026-09-17
4619,4619.T,2581.0,21291847.0,54954257107.0,SUCCESS,2026-10-09,2026-09-17
3352,3352.T,1782.0,2343410.0,4175956620.0,SUCCESS,2026-10-09,2026-09-17
9889,9889.T,1911.0,60328841.0,115288415151.0,SUCCESS,2026-10-09,2026-09-17
3513,3513.T,3595.0,4207336.0,15125372920.0,SUCCESS,2026-10-09,2026-09-17
7600,7600.T,612.0,26353536.0,16128364032.0,SUCCESS,2026-10-09,2026-09-17
6382,6382.T,1209.0,16136754.0,19509335586.0,SUCCESS,2026-10-09,2026-09-17
4665,4665.T,4590.0,47078737.0,216091402830.0,SUCCESS,2026-10-09,2026-09-17
6345,6345.T,1409.0,64559332.0,90964098788.0,SUCCESS,2026-10-09,2026-09-17
2359,2359.T,2005.0,14366101.0,28804032505.0,SUCCESS,2026-10-09,2026-09-17
5988,5988.T,1615.0,24040587.0,38825548005.0,SUCCESS,2026-10-09,2026-09-17
4548,4548.T,567.0,54602739.0,30959753013.0,SUCCESS,2026-10-09,2026-09-17
4512,4512.T,301.0,34705839.0,10446457539.0,SUCCESS,2026-10-09,2026-09-17
2335,2335.T,1024.0,15177046.0,15541295104.0,SUCCESS,2026-10-09,2026-09-17
6946,6946.T,6760.0,14788813.0,99972375880.0,SUCCESS,2026-10-09,2026-09-17
4833,4833.T,51.0,72602015.0,3702702765.0,SUCCESS,2026-10-09,2026-09-17
3088,3088.T,2476.5,393319508.0,974055761562.0,SUCCESS,2026-10-09,2026-09-17
6413,6413.T,1042.0,62450384.0,65073300128.0,SUCCESS,2026-10-09,2026-09-17
4828,4828.T,1384.0,59646623.0,82550926232.0,SUCCESS,2026-10-09,2026-09-17
7213,7213.T,644.0,15003683.0,9662371852.0,SUCCESS,2026-10-09,2026-09-17
6652,6652.T,4065.0,29640063.0,120486856095.0,SUCCESS,2026-10-09,2026-09-17
6463,6463.T,1494.0,63593390.0,95008524660.0,SUCCESS,2026-10-09,2026-09-17
6539,6539.T,975.0,24853008.0,24231682800.0,SUCCESS,2026-10-09,2026-09-17
3798,3798.T,526.0,56578380.0,29760227880.0,SUCCESS,2026-10-09,2026-09-17
4832,4832.T,1844.0,31409675.0,57919440700.0,SUCCESS,2026-10-09,2026-09-17
1518,1518.T,2275.0,37027960.0,84238609000.0,SUCCESS,2026-10-09,2026-09-17
4929,4929.T,745.0,8000395.0,5960294275.0,SUCCESS,2026-10-09,2026-09-17
250A,250A.T,1532.0,14304998.0,21915256936.0,SUCCESS,2026-10-09,2026-09-17
6899,6899.T,2180.0,3125631.0,6813875580.0,SUCCESS,2026-10-09,2026-09-17
5991,5991.T,3785.0,202595235.0,766822964475.0,SUCCESS,2026-10-09,2026-09-17
9087,9087.T,2050.0,1946340.0,3989997000.0,SUCCESS,2026-10-09,2026-09-17
7299,7299.T,1741.0,9859795.0,17165903095.0,SUCCESS,2026-10-09,2026-09-17
5695,5695.T,2730.0,2909574.0,7943137020.0,SUCCESS,2026-10-09,2026-09-17
7823,7823.T,765.0,32717560.0,25028933400.0,SUCCESS,2026-10-09,2026-09-17
4644,4644.T,1027.0,9639035.0,9899288945.0,SUCCESS,2026-10-09,2026-09-17
2342,2342.T,234.0,16653219.0,3896853246.0,SUCCESS,2026-10-09,2026-09-17
3891,3891.T,7480.0,10546664.0,78889046720.0,SUCCESS,2026-10-09,2026-09-17
7906,7906.T,2384.0,85552753.0,203957763152.0,SUCCESS,2026-10-09,2026-09-17
5992,5992.T,3605.0,25224041.0,90932667805.0,SUCCESS,2026-10-09,2026-09-17
7966,7966.T,5880.0,60034012.0,352999990560.0,SUCCESS,2026-10-09,2026-09-17
7949,7949.T,2710.0,17600864.0,47698341440.0,SUCCESS,2026-10-09,2026-09-17
4362,4362.T,2805.0,21684983.0,60826377315.0,SUCCESS,2026-10-09,2026-09-17
7871,7871.T,995.0,19210792.0,19114738040.0,SUCCESS,2026-10-09,2026-09-17
4951,4951.T,1500.0,19513970.0,29270955000.0,SUCCESS,2026-10-09,2026-09-17
7940,7940.T,,,,NO_PRICE,2026-09-08,nan
2497,2497.T,490.0,37441202.0,18346188980.0,SUCCESS,2026-10-09,2026-09-17
9682,9682.T,1129.0,155395114.0,175441083706.0,SUCCESS,2026-10-09,2026-09-17
2296,2296.T,4870.0,56750572.0,276375285640.0,SUCCESS,2026-10-09,2026-09-17
6013,6013.T,2958.0,71850542.0,212533903236.0,SUCCESS,2026-10-09,2026-09-17
7917,7917.T,1208.0,71606270.0,86500374160.0,SUCCESS,2026-10-09,2026-09-17
7775,7775.T,429.0,28728437.0,12324499473.0,SUCCESS,2026-10-09,2026-09-17
9413,9413.T,3285.0,26718293.0,87769592505.0,SUCCESS,2026-10-09,2026-09-17
2815,2815.T,5160.0,31339218.0,161710364880.0,SUCCESS,2026-10-09,2026-09-17
6460,6460.T,3239.0,203004172.0,657530513108.0,SUCCESS,2026-10-09,2026-09-17
4973,4973.T,4960.0,5803161.0,28783678560.0,SUCCESS,2026-10-09,2026-09-17
7931,7931.T,3545.0,16161781.0,57293513645.0,SUCCESS,2026-10-09,2026-09-17
4120,4120.T,3010.0,1306375.0,3932188750.0,SUCCESS,2026-10-09,2026-09-17
4956,4956.T,1465.0,61643044.0,90307059460.0,SUCCESS,2026-10-09,2026-09-17
9551,9551.T,3150.0,43745886.0,137799540900.0,SUCCESS,2026-10-09,2026-09-17
2760,2760.T,5030.0,29449481.0,148130889430.0,SUCCESS,2026-10-09,2026-09-17
4626,4626.T,4800.0,111276682.0,534128073600.0,SUCCESS,2026-10-09,2026-09-17
2876,2876.T,471.0,8904998.0,4194254058.0,SUCCESS,2026-10-09,2026-09-17
9412,9412.T,1849.0,283488918.0,524171009382.0,SUCCESS,2026-10-09,2026-09-17
4471,4471.T,1642.0,22071838.0,36241957996.0,SUCCESS,2026-10-09,2026-09-17
3826,3826.T,491.0,10917719.0,5360600029.0,SUCCESS,2026-10-09,2026-09-17
6324,6324.T,6220.0,94666789.0,588827427580.0,SUCCESS,2026-10-09,2026-09-17
8007,8007.T,771.0,34071534.0,26269152714.0,SUCCESS,2026-10-09,2026-09-17
7477,7477.T,1577.0,1419621.0,2238742317.0,SUCCESS,2026-10-09,2026-09-17
3848,3848.T,837.0,6370272.0,5331917664.0,SUCCESS,2026-10-09,2026-09-17
6146,6146.T,61460.0,108467725.0,6666426378500.0,SUCCESS,2026-10-09,2026-09-17
2767,2767.T,2437.0,62252445.0,151709208465.0,SUCCESS,2026-10-09,2026-09-17
5332,5332.T,6068.0,164452497.0,997897751796.0,SUCCESS,2026-10-09,2026-09-17
8014,8014.T,4200.0,24645478.0,103511007600.0,SUCCESS,2026-10-09,2026-09-17
303A,303A.T,596.0,2050700.0,1222217200.0,SUCCESS,2026-10-09,2026-09-17
6073,6073.T,1270.0,9772924.0,12411613480.0,SUCCESS,2026-10-09,2026-09-17
6231,6231.T,11950.0,3529786.0,42180942700.0,SUCCESS,2026-10-09,2026-09-17
7995,7995.T,7410.0,17634067.0,130668436470.0,SUCCESS,2026-10-09,2026-09-17
5892,5892.T,2880.0,5457078.0,15716384640.0,SUCCESS,2026-10-09,2026-09-17
7832,7832.T,5833.0,641365963.0,3741087662179.0,SUCCESS,2026-10-09,2026-09-17
6445,6445.T,1323.0,16486981.0,21812275863.0,SUCCESS,2026-10-09,2026-09-17
6730,6730.T,1741.0,10769653.0,18749965873.0,SUCCESS,2026-10-09,2026-09-17
4765,4765.T,608.0,138065104.0,83943583232.0,SUCCESS,2026-10-09,2026-09-17
4082,4082.T,2058.0,24152315.0,49705464270.0,SUCCESS,2026-10-09,2026-09-17
9932,9932.T,1293.0,17478265.0,22599396645.0,SUCCESS,2026-10-09,2026-09-17
6049,6049.T,252.0,20287092.0,5112347184.0,SUCCESS,2026-10-09,2026-09-17
4401,4401.T,4895.0,96975974.0,474697392730.0,SUCCESS,2026-10-09,2026-09-17
5930,5930.T,1840.0,70338625.0,129423070000.0,SUCCESS,2026-10-09,2026-09-17
6741,6741.T,1807.0,62370947.0,112704301229.0,SUCCESS,2026-10-09,2026-09-17
1967,1967.T,2150.0,22386289.0,48130521350.0,SUCCESS,2026-10-09,2026-09-17
6861,6861.T,80540.0,242525136.0,19532974453440.0,SUCCESS,2026-10-09,2026-09-17
3804,3804.T,451.0,19255083.0,8684042433.0,SUCCESS,2026-10-09,2026-09-17
2315,2315.T,62.0,172281833.0,10681473646.0,SUCCESS,2026-10-09,2026-09-17
7034,7034.T,300.0,10931594.0,3279478200.0,SUCCESS,2026-10-09,2026-09-17
6590,6590.T,4300.0,65638970.0,282247571000.0,SUCCESS,2026-10-09,2026-09-17
2753,2753.T,1274.0,20545770.0,26175310980.0,SUCCESS,2026-10-09,2026-09-17
7265,7265.T,3465.0,1029201.0,3566181465.0,SUCCESS,2026-10-09,2026-09-17
2301,2301.T,1709.0,13149965.0,22473290185.0,SUCCESS,2026-10-09,2026-09-17
5344,5344.T,58310.0,12339847.0,719536478570.0,SUCCESS,2026-10-09,2026-09-17
6309,6309.T,1957.0,29391466.0,57519098962.0,SUCCESS,2026-10-09,2026-09-17
4997,4997.T,1101.0,78325468.0,86236340268.0,SUCCESS,2026-10-09,2026-09-17
3841,3841.T,1290.0,3849328.0,4965633120.0,SUCCESS,2026-10-09,2026-09-17
6035,6035.T,746.0,17763376.0,13251478496.0,SUCCESS,2026-10-09,2026-09-17
9709,9709.T,1239.0,14835567.0,18381267513.0,SUCCESS,2026-10-09,2026-09-17
4996,4996.T,657.0,120471719.0,79149919383.0,SUCCESS,2026-10-09,2026-09-17
5218,5218.T,1783.0,23734432.0,42318492256.0,SUCCESS,2026-10-09,2026-09-17
4262,4262.T,1361.0,6356617.0,8651355737.0,SUCCESS,2026-10-09,2026-09-17
4204,4204.T,2524.0,403800918.0,1019193517032.0,SUCCESS,2026-10-09,2026-09-17
3974,3974.T,670.0,3151076.0,2111220920.0,SUCCESS,2026-10-09,2026-09-17
3653,3653.T,930.0,5162335.0,4800971550.0,SUCCESS,2026-10-09,2026-09-17
7419,7419.T,1259.0,292826035.0,368667978065.0,SUCCESS,2026-10-09,2026-09-17
9040,9040.T,,,,NO_PRICE,2026-09-08,nan
8285,8285.T,735.0,61570157.0,45254065395.0,SUCCESS,2026-10-09,2026-09-17
5906,5906.T,775.0,13925762.0,10792465550.0,SUCCESS,2026-10-09,2026-09-17
1835,1835.T,3740.0,34441684.0,128811898160.0,SUCCESS,2026-10-09,2026-09-17
7279,7279.T,2255.0,36463380.0,82224921900.0,SUCCESS,2026-10-09,2026-09-17
7131,7131.T,3690.0,1322224.0,4879006560.0,SUCCESS,2026-10-09,2026-09-17
2375,2375.T,207.0,19891680.0,4117577760.0,SUCCESS,2026-10-09,2026-09-17
7856,7856.T,2026.0,14089226.0,28544771876.0,SUCCESS,2026-10-09,2026-09-17
4220,4220.T,2444.0,46891344.0,114602444736.0,SUCCESS,2026-10-09,2026-09-17
2664,2664.T,3785.0,21890200.0,82854407000.0,SUCCESS,2026-10-09,2026-09-17
4880,4880.T,311.0,19850799.0,6173598489.0,SUCCESS,2026-10-09,2026-09-17
4441,4441.T,1577.0,10305950.0,16252483150.0,SUCCESS,2026-10-09,2026-09-17
6995,6995.T,3025.0,86708584.0,262293466600.0,SUCCESS,2026-10-09,2026-09-17
5990,5990.T,1920.0,2361661.0,4534389120.0,SUCCESS,2026-10-09,2026-09-17
7236,7236.T,1431.0,56610480.0,81009596880.0,SUCCESS,2026-10-09,2026-09-17
6548,6548.T,120.0,19768496.0,2372219520.0,SUCCESS,2026-10-09,2026-09-17
3733,3733.T,11820.0,4942753.0,58423340460.0,SUCCESS,2026-10-09,2026-09-17
6058,6058.T,1994.0,46904439.0,93527451366.0,SUCCESS,2026-10-09,2026-09-17
4317,4317.T,604.0,13155855.0,7946136420.0,SUCCESS,2026-10-09,2026-09-17
3177,3177.T,4755.0,923132.0,4389492660.0,SUCCESS,2026-10-09,2026-09-17
4709,4709.T,1103.0,33976004.0,37475532412.0,SUCCESS,2026-10-09,2026-09-17
5900,5900.T,885.0,5483389.0,4852799265.0,SUCCESS,2026-10-09,2026-09-17
7719,7719.T,478.0,7166725.0,3425694550.0,SUCCESS,2026-10-09,2026-09-17
8739,8739.T,2661.0,39559178.0,105266972658.0,SUCCESS,2026-10-09,2026-09-17
8005,8005.T,1725.0,32915013.0,56778397425.0,SUCCESS,2026-10-09,2026-09-17
7630,7630.T,1044.0,159605320.0,166627954080.0,SUCCESS,2026-10-09,2026-09-17
8011,8011.T,1252.0,29386032.0,36791312064.0,SUCCESS,2026-10-09,2026-09-17
7807,7807.T,916.0,4155496.0,3806434336.0,SUCCESS,2026-10-09,2026-09-17
3075,3075.T,1715.0,12520787.0,21473149705.0,SUCCESS,2026-10-09,2026-09-17
3627,3627.T,266.0,12069552.0,3210500832.0,SUCCESS,2026-10-09,2026-09-17
3996,3996.T,219.0,12798976.0,2802975744.0,SUCCESS,2026-10-09,2026-09-17
9793,9793.T,3530.0,47285524.0,166917899720.0,SUCCESS,2026-10-09,2026-09-17
2305,2305.T,1778.0,16983820.0,30197231960.0,SUCCESS,2026-10-09,2026-09-17
135A,135A.T,4960.0,10256000.0,50869760000.0,SUCCESS,2026-10-09,2026-09-17
2935,2935.T,1154.0,12528230.0,14457577420.0,SUCCESS,2026-10-09,2026-09-17
7544,7544.T,550.0,7574362.0,4165899100.0,SUCCESS,2026-10-09,2026-09-17
4494,4494.T,,,,NO_PRICE,2026-08-22,nan
7077,7077.T,997.0,1806832.0,1801411504.0,SUCCESS,2026-10-09,2026-09-17
3558,3558.T,1832.0,10371137.0,18999922984.0,SUCCESS,2026-10-09,2026-09-17
3396,3396.T,849.0,7122586.0,6047075514.0,SUCCESS,2026-10-09,2026-09-17
304A,304A.T,2175.0,1231900.0,2679382500.0,SUCCESS,2026-10-09,2026-09-17
6142,6142.T,,,,NO_PRICE,2026-09-08,nan
6182,6182.T,497.0,10887570.0,5411122290.0,SUCCESS,2026-10-09,2026-09-17
5018,5018.T,2539.0,9177180.0,23300860020.0,SUCCESS,2026-10-09,2026-09-17
9740,9740.T,2561.0,14001714.0,35858389554.0,SUCCESS,2026-10-09,2026-09-17
2726,2726.T,1425.0,173056506.0,246605521050.0,SUCCESS,2026-10-09,2026-09-17
2685,2685.T,3075.0,46128190.0,141844184250.0,SUCCESS,2026-10-09,2026-09-17
3087,3087.T,3095.0,42022363.0,130059213485.0,SUCCESS,2026-10-09,2026-09-17
6897,6897.T,526.0,10665550.0,5610079300.0,SUCCESS,2026-10-09,2026-09-17
9716,9716.T,1215.0,111592789.0,135585238635.0,SUCCESS,2026-10-09,2026-09-17
3922,3922.T,2135.0,13524535.0,28874882225.0,SUCCESS,2026-10-09,2026-09-17
4763,4763.T,1456.0,21175231.0,30831136336.0,SUCCESS,2026-10-09,2026-09-17
6543,6543.T,1175.0,3944462.0,4634742850.0,SUCCESS,2026-10-09,2026-09-17
2670,2670.T,2852.5,247616620.0,706326408550.0,SUCCESS,2026-10-09,2026-09-17
2341,2341.T,166.0,18289482.0,3036054012.0,SUCCESS,2026-10-09,2026-09-17
2669,2669.T,3900.0,9417055.0,36726514500.0,SUCCESS,2026-10-09,2026-09-17
9982,9982.T,2657.0,8427695.0,22392385615.0,SUCCESS,2026-10-09,2026-09-17
2930,2930.T,131.0,139443167.0,18267054877.0,SUCCESS,2026-10-09,2026-09-17
1418,1418.T,601.0,15253949.0,9167623349.0,SUCCESS,2026-10-09,2026-09-17
2659,2659.T,3070.0,59440099.0,182481103930.0,SUCCESS,2026-10-09,2026-09-17
8125,8125.T,1793.0,49728793.0,89163725849.0,SUCCESS,2026-10-09,2026-09-17
4270,4270.T,1900.0,2250400.0,4275760000.0,SUCCESS,2026-10-09,2026-09-17
6037,6037.T,1067.0,18911358.0,20178418986.0,SUCCESS,2026-10-09,2026-09-17
9948,9948.T,3505.0,53280352.0,186747633760.0,SUCCESS,2026-10-09,2026-09-17
9602,9602.T,1554.5,831851262.0,1293112786779.0,SUCCESS,2026-10-09,2026-09-17
7908,7908.T,241.0,43665906.0,10523483346.0,SUCCESS,2026-10-09,2026-09-17
9381,9381.T,2182.0,23493592.0,51263017744.0,SUCCESS,2026-10-09,2026-09-17
2186,2186.T,896.0,7867235.0,7049042560.0,SUCCESS,2026-10-09,2026-09-17
6093,6093.T,155.0,43551198.0,6750435690.0,SUCCESS,2026-10-09,2026-09-17
2354,2354.T,1153.0,17825985.0,20553360705.0,SUCCESS,2026-10-09,2026-09-17
4714,4714.T,209.0,170301620.0,35593038580.0,SUCCESS,2026-10-09,2026-09-17
2292,2292.T,2643.0,31673283.0,83712486969.0,SUCCESS,2026-10-09,2026-09-17
3198,3198.T,,,,NO_PRICE,2026-09-08,nan
6086,6086.T,1018.0,18882176.0,19222055168.0,SUCCESS,2026-10-09,2026-09-17
9876,9876.T,227.0,27623834.0,6270610318.0,SUCCESS,2026-10-09,2026-09-17
7975,7975.T,1158.0,3392958.0,3929045364.0,SUCCESS,2026-10-09,2026-09-17
2668,2668.T,1278.0,6795605.0,8684783190.0,SUCCESS,2026-10-09,2026-09-17
8185,8185.T,989.0,33949164.0,33575723196.0,SUCCESS,2026-10-09,2026-09-17
3608,3608.T,1200.0,56970363.0,68364435600.0,SUCCESS,2026-10-09,2026-09-17
2379,2379.T,1762.0,52354930.0,92249386660.0,SUCCESS,2026-10-09,2026-09-17
6338,6338.T,1733.0,5333169.0,9242381877.0,SUCCESS,2026-10-09,2026-09-17
9438,9438.T,592.0,55540186.0,32879790112.0,SUCCESS,2026-10-09,2026-09-17
8198,8198.T,3190.0,31886042.0,101716473980.0,SUCCESS,2026-10-09,2026-09-17
6492,6492.T,14300.0,1606701.0,22975824300.0,SUCCESS,2026-10-09,2026-09-17
7711,7711.T,4855.0,5514789.0,26774300595.0,SUCCESS,2026-10-09,2026-09-17
5921,5921.T,4375.0,2752541.0,12042366875.0,SUCCESS,2026-10-09,2026-09-17
6316,6316.T,2716.0,3841652.0,10433926832.0,SUCCESS,2026-10-09,2026-09-17
4754,4754.T,1520.0,4651275.0,7069938000.0,SUCCESS,2026-10-09,2026-09-17
6965,6965.T,2404.0,288736847.0,694123380188.0,SUCCESS,2026-10-09,2026-09-17
3710,3710.T,643.0,5100716.0,3279760388.0,SUCCESS,2026-10-09,2026-09-17
6176,6176.T,972.0,14470312.0,14065143264.0,SUCCESS,2026-10-09,2026-09-17
4928,4928.T,4525.0,34156207.0,154556836675.0,SUCCESS,2026-10-09,2026-09-17
9562,9562.T,586.0,4244277.0,2487146322.0,SUCCESS,2026-10-09,2026-09-17
476A,476A.T,2197.0,2037488.0,4476361136.0,SUCCESS,2026-10-09,2026-09-17
9233,9233.T,1115.0,18198534.0,20291365410.0,SUCCESS,2026-10-09,2026-09-17
2388,2388.T,14.0,42455078.0,594371092.0,SUCCESS,2026-10-09,2026-09-17
3747,3747.T,425.0,7185550.0,3053858750.0,SUCCESS,2026-10-09,2026-09-17
1438,1438.T,2180.0,3250213.0,7085464340.0,SUCCESS,2026-10-09,2026-09-17
7527,7527.T,48.0,105802071.0,5078499408.0,SUCCESS,2026-10-09,2026-09-17
7076,7076.T,,,,NO_PRICE,2026-09-08,nan
1795,1795.T,5500.0,877692.0,4827306000.0,SUCCESS,2026-10-09,2026-09-17
4769,4769.T,1154.0,7333162.0,8462468948.0,SUCCESS,2026-10-09,2026-09-17
6196,6196.T,1418.0,57608286.0,81688549548.0,SUCCESS,2026-10-09,2026-09-17
4243,4243.T,1003.0,2322757.0,2329725271.0,SUCCESS,2026-10-09,2026-09-17
4958,4958.T,3390.0,40592212.0,137607598680.0,SUCCESS,2026-10-09,2026-09-17
9342,9342.T,857.0,2405157.0,2061219549.0,SUCCESS,2026-10-09,2026-09-17
2901,2901.T,126.0,28602597.0,3603927222.0,SUCCESS,2026-10-09,2026-09-17
9746,9746.T,4110.0,49003081.0,201402662910.0,SUCCESS,2026-10-09,2026-09-17
4937,4937.T,2355.0,3563045.0,8390970975.0,SUCCESS,2026-10-09,2026-09-17
6194,6194.T,943.0,22315341.0,21043366563.0,SUCCESS,2026-10-09,2026-09-17
6279,6279.T,898.0,25974214.0,23324844172.0,SUCCESS,2026-10-09,2026-09-17
4421,4421.T,939.0,2908664.0,2731235496.0,SUCCESS,2026-10-09,2026-09-17
8789,8789.T,152.0,190657847.0,28979992744.0,SUCCESS,2026-10-09,2026-09-17
5587,5587.T,885.0,3449559.0,3052859715.0,SUCCESS,2026-10-09,2026-09-17
2370,2370.T,23.0,281667255.0,6478346865.0,SUCCESS,2026-10-09,2026-09-17
9330,9330.T,883.0,1433455.0,1265740765.0,SUCCESS,2026-10-09,2026-09-17
5586,5586.T,930.0,15948013.0,14831652090.0,SUCCESS,2026-10-09,2026-09-17
269A,269A.T,2966.0,1637100.0,4855638600.0,SUCCESS,2026-10-09,2026-09-17
4427,4427.T,207.0,10219966.0,2115532962.0,SUCCESS,2026-10-09,2026-09-17
3900,3900.T,773.0,15829474.0,12236183402.0,SUCCESS,2026-10-09,2026-09-17
4124,4124.T,2823.0,846637.0,2390056251.0,SUCCESS,2026-10-09,2026-09-17
4447,4447.T,494.0,5822005.0,2876070470.0,SUCCESS,2026-10-09,2026-09-17
6877,6877.T,6880.0,14413987.0,99168230560.0,SUCCESS,2026-10-09,2026-09-17
3333,3333.T,1235.0,26041919.0,32161769965.0,SUCCESS,2026-10-09,2026-09-17
9476,9476.T,980.0,3872376.0,3794928480.0,SUCCESS,2026-10-09,2026-09-17
4172,4172.T,2214.0,2227835.0,4932426690.0,SUCCESS,2026-10-09,2026-09-17
6200,6200.T,695.0,81332729.0,56526246655.0,SUCCESS,2026-10-09,2026-09-17
2122,2122.T,1300.0,6276831.0,8159880300.0,SUCCESS,2026-10-09,2026-09-17
2185,2185.T,1864.0,12921538.0,24085746832.0,SUCCESS,2026-10-09,2026-09-17
4055,4055.T,1556.0,7478660.0,11636794960.0,SUCCESS,2026-10-09,2026-09-17
4071,4071.T,2181.0,41955550.0,91505054550.0,SUCCESS,2026-10-09,2026-09-17
3992,3992.T,430.0,37859856.0,16279738080.0,SUCCESS,2026-10-09,2026-09-17
4751,4751.T,1253.5,507099063.0,635648675470.5,SUCCESS,2026-10-09,2026-09-17
7806,7806.T,9150.0,39334482.0,359910510300.0,SUCCESS,2026-10-09,2026-09-17
3668,3668.T,389.0,128567663.0,50012820907.0,SUCCESS,2026-10-09,2026-09-17
2304,2304.T,892.0,4960892.0,4425115664.0,SUCCESS,2026-10-09,2026-09-17
8151,8151.T,1900.0,20885626.0,39682689400.0,SUCCESS,2026-10-09,2026-09-17
6087,6087.T,3350.0,3978961.0,13329519350.0,SUCCESS,2026-10-09,2026-09-17
8227,8227.T,3294.0,207618153.0,683894195982.0,SUCCESS,2026-10-09,2026-09-17
9259,9259.T,806.0,5610429.0,4522005774.0,SUCCESS,2026-10-09,2026-09-17
6466,6466.T,4290.0,2345785.0,10063417650.0,SUCCESS,2026-10-09,2026-09-17
7839,7839.T,2262.0,51202714.0,115820539068.0,SUCCESS,2026-10-09,2026-09-17
3176,3176.T,1177.0,57467146.0,67638830842.0,SUCCESS,2026-10-09,2026-09-17
5570,5570.T,601.0,13232000.0,7952432000.0,SUCCESS,2026-10-09,2026-09-17
3712,3712.T,908.0,15124580.0,13733118640.0,SUCCESS,2026-10-09,2026-09-17
7643,7643.T,1617.0,11237399.0,18170874183.0,SUCCESS,2026-10-09,2026-09-17
9795,9795.T,2169.0,15494228.0,33606980532.0,SUCCESS,2026-10-09,2026-09-17
2926,2926.T,105.0,14157780.0,1486566900.0,SUCCESS,2026-10-09,2026-09-17
3690,3690.T,546.0,6242468.0,3408387528.0,SUCCESS,2026-10-09,2026-09-17
6677,6677.T,3105.0,10396907.0,32282396235.0,SUCCESS,2026-10-09,2026-09-17
6277,6277.T,6550.0,14664125.0,96050018750.0,SUCCESS,2026-10-09,2026-09-17
7792,7792.T,1484.0,9096858.0,13499737272.0,SUCCESS,2026-10-09,2026-09-17
4320,4320.T,1631.0,16675537.0,27197800847.0,SUCCESS,2026-10-09,2026-09-17
4395,4395.T,819.0,7499884.0,6142404996.0,SUCCESS,2026-10-09,2026-09-17
278A,278A.T,7970.0,10805300.0,86118241000.0,SUCCESS,2026-10-09,2026-09-17
7614,7614.T,1539.0,6667990.0,10262036610.0,SUCCESS,2026-10-09,2026-09-17
4813,4813.T,365.0,37582992.0,13717792080.0,SUCCESS,2026-10-09,2026-09-17
9632,9632.T,4940.0,12904442.0,63747943480.0,SUCCESS,2026-10-09,2026-09-17
4334,4334.T,380.0,8418520.0,3199037600.0,SUCCESS,2026-10-09,2026-09-17
3665,3665.T,401.0,38114500.0,15283914500.0,SUCCESS,2026-10-09,2026-09-17
3921,3921.T,1614.0,14017873.0,22624847022.0,SUCCESS,2026-10-09,2026-09-17
3636,3636.T,5010.0,15759362.0,78954403620.0,SUCCESS,2026-10-09,2026-09-17
7683,7683.T,1413.0,19084198.0,26965971774.0,SUCCESS,2026-10-09,2026-09-17
4369,4369.T,3475.0,32496708.0,112926060300.0,SUCCESS,2026-10-09,2026-09-17
6757,6757.T,912.0,5225323.0,4765494576.0,SUCCESS,2026-10-09,2026-09-17
3159,3159.T,366.0,92544521.0,33871294686.0,SUCCESS,2026-10-09,2026-09-17
4287,4287.T,500.0,11162992.0,5581496000.0,SUCCESS,2026-10-09,2026-09-17
4175,4175.T,2725.0,5502710.0,14994884750.0,SUCCESS,2026-10-09,2026-09-17
6898,6898.T,5100.0,816838.0,4165873800.0,SUCCESS,2026-10-09,2026-09-17
2217,2217.T,1440.0,20094053.0,28935436320.0,SUCCESS,2026-10-09,2026-09-17
6336,6336.T,1599.0,7987757.0,12772423443.0,SUCCESS,2026-10-09,2026-09-17
3320,3320.T,1295.0,7432999.0,9625733705.0,SUCCESS,2026-10-09,2026-09-17
7678,7678.T,3525.0,10496326.0,36999549150.0,SUCCESS,2026-10-09,2026-09-17
5075,5075.T,,,,NO_PRICE,2026-09-08,nan
3931,3931.T,1450.0,1806809.0,2619873050.0,SUCCESS,2026-10-09,2026-09-17
6184,6184.T,609.0,41194972.0,25087737948.0,SUCCESS,2026-10-09,2026-09-17
1758,1758.T,2330.0,2000727.0,4661693910.0,SUCCESS,2026-10-09,2026-09-17
6696,6696.T,294.0,4826880.0,1419102720.0,SUCCESS,2026-10-09,2026-09-17
4238,4238.T,2022.0,8779387.0,17751920514.0,SUCCESS,2026-10-09,2026-09-17
6654,6654.T,1088.0,5195470.0,5652671360.0,SUCCESS,2026-10-09,2026-09-17
9692,9692.T,2270.0,30311464.0,68807023280.0,SUCCESS,2026-10-09,2026-09-17
3657,3657.T,338.0,35360249.0,11951764162.0,SUCCESS,2026-10-09,2026-09-17
1928,1928.T,3349.0,648403407.0,2171503010043.0,SUCCESS,2026-10-09,2026-09-17
1433,1433.T,1206.0,8871456.0,10698975936.0,SUCCESS,2026-10-09,2026-09-17
7928,7928.T,611.0,3039271.0,1856994581.0,SUCCESS,2026-10-09,2026-09-17
7865,7865.T,330.0,3826148.0,1262628840.0,SUCCESS,2026-10-09,2026-09-17
7581,7581.T,6730.0,49128591.0,330635417430.0,SUCCESS,2026-10-09,2026-09-17
4728,4728.T,644.0,7579434.0,4881155496.0,SUCCESS,2026-10-09,2026-09-17
6289,6289.T,1949.0,25366042.0,49438415858.0,SUCCESS,2026-10-09,2026-09-17
4015,4015.T,535.0,15421377.0,8250436695.0,SUCCESS,2026-10-09,2026-09-17
6255,6255.T,738.0,20948976.0,15460344288.0,SUCCESS,2026-10-09,2026-09-17
5578,5578.T,903.0,9806799.0,8855539497.0,SUCCESS,2026-10-09,2026-09-17
4433,4433.T,830.0,17842400.0,14809192000.0,SUCCESS,2026-10-09,2026-09-17
7351,7351.T,466.0,8699172.0,4053814152.0,SUCCESS,2026-10-09,2026-09-17
6199,6199.T,1376.0,12953595.0,17824146720.0,SUCCESS,2026-10-09,2026-09-17
369A,369A.T,2700.0,4242900.0,11455830000.0,SUCCESS,2026-10-09,2026-09-17
7352,7352.T,442.0,44349533.0,19602493586.0,SUCCESS,2026-10-09,2026-09-17
3697,3697.T,937.0,255605108.0,239501986196.0,SUCCESS,2026-10-09,2026-09-17
7730,7730.T,1492.0,98502602.0,146965882184.0,SUCCESS,2026-10-09,2026-09-17
3440,3440.T,836.0,6420764.0,5367758704.0,SUCCESS,2026-10-09,2026-09-17
244A,244A.T,1268.0,3355580.0,4254875440.0,SUCCESS,2026-10-09,2026-09-17
7818,7818.T,1203.0,56543188.0,68021455164.0,SUCCESS,2026-10-09,2026-09-17
7219,7219.T,2506.0,1414900.0,3545739400.0,SUCCESS,2026-10-09,2026-09-17
4668,4668.T,743.0,25464331.0,18919997933.0,SUCCESS,2026-10-09,2026-09-17
4440,4440.T,2208.0,3999341.0,8830544928.0,SUCCESS,2026-10-09,2026-09-17
7085,7085.T,928.0,89092592.0,82677925376.0,SUCCESS,2026-10-09,2026-09-17
6159,6159.T,1952.0,4548287.0,8878256224.0,SUCCESS,2026-10-09,2026-09-17
9414,9414.T,936.0,17833994.0,16692618384.0,SUCCESS,2026-10-09,2026-09-17
1997,1997.T,4400.0,2021982.0,8896720800.0,SUCCESS,2026-10-09,2026-09-17
8127,8127.T,527.0,20359651.0,10729536077.0,SUCCESS,2026-10-09,2026-09-17
3560,3560.T,5200.0,2321292.0,12070718400.0,SUCCESS,2026-10-09,2026-09-17
4370,4370.T,359.0,6055378.0,2173880702.0,SUCCESS,2026-10-09,2026-09-17
6668,6668.T,4925.0,8536975.0,42044601875.0,SUCCESS,2026-10-09,2026-09-17
7447,7447.T,1684.0,29404474.0,49517134216.0,SUCCESS,2026-10-09,2026-09-17
6497,6497.T,1445.0,6702485.0,9685090825.0,SUCCESS,2026-10-09,2026-09-17
7739,7739.T,,,,NO_PRICE,2026-09-08,nan
4053,4053.T,522.0,39096668.0,20408460696.0,SUCCESS,2026-10-09,2026-09-17
3988,3988.T,558.0,10581711.0,5904594738.0,SUCCESS,2026-10-09,2026-09-17
1444,1444.T,2828.0,1087877.0,3076516156.0,SUCCESS,2026-10-09,2026-09-17
4194,4194.T,9824.0,40486725.0,397741586400.0,SUCCESS,2026-10-09,2026-09-17
3539,3539.T,1454.0,50957792.0,74092629568.0,SUCCESS,2026-10-09,2026-09-17
4014,4014.T,445.0,6686179.0,2975349655.0,SUCCESS,2026-10-09,2026-09-17
5131,5131.T,135.0,13907000.0,1877445000.0,SUCCESS,2026-10-09,2026-09-17
6778,6778.T,619.0,8632730.0,5343659870.0,SUCCESS,2026-10-09,2026-09-17
6225,6225.T,,,,NO_PRICE,2026-09-08,nan
6387,6387.T,9730.0,8032308.0,78154356840.0,SUCCESS,2026-10-09,2026-09-17
3816,3816.T,1095.0,3874980.0,4243103100.0,SUCCESS,2026-10-09,2026-09-17
3854,3854.T,2133.0,24999754.0,53324475282.0,SUCCESS,2026-10-09,2026-09-17
9556,9556.T,2338.0,9416556.0,22015907928.0,SUCCESS,2026-10-09,2026-09-17
5572,5572.T,3330.0,4317364.0,14376822120.0,SUCCESS,2026-10-09,2026-09-17
3930,3930.T,755.0,2995416.0,2261539080.0,SUCCESS,2026-10-09,2026-09-17
218A,218A.T,1020.0,19868700.0,20266074000.0,SUCCESS,2026-10-09,2026-09-17
9242,9242.T,2000.0,1232157.0,2464314000.0,SUCCESS,2026-10-09,2026-09-17
3662,3662.T,912.0,18586116.0,16950537792.0,SUCCESS,2026-10-09,2026-09-17
9262,9262.T,665.0,10933576.0,7270828040.0,SUCCESS,2026-10-09,2026-09-17
3421,3421.T,1565.0,15739616.0,24632499040.0,SUCCESS,2026-10-09,2026-09-17
2391,2391.T,1165.0,6552170.0,7633278050.0,SUCCESS,2026-10-09,2026-09-17
350A,350A.T,681.0,41820180.0,28479542580.0,SUCCESS,2026-10-09,2026-09-17
6091,6091.T,917.0,12961263.0,11885478171.0,SUCCESS,2026-10-09,2026-09-17
8057,8057.T,2320.0,49320511.0,114423585520.0,SUCCESS,2026-10-09,2026-09-17
3172,3172.T,1125.0,4273376.0,4807548000.0,SUCCESS,2026-10-09,2026-09-17
7370,7370.T,718.0,6735718.0,4836245524.0,SUCCESS,2026-10-09,2026-09-17
3426,3426.T,1306.0,3989757.0,5210622642.0,SUCCESS,2026-10-09,2026-09-17
3076,3076.T,2995.0,53272931.0,159552428345.0,SUCCESS,2026-10-09,2026-09-17
3625,3625.T,754.0,7116087.0,5365529598.0,SUCCESS,2026-10-09,2026-09-17
4391,4391.T,1126.0,3260649.0,3671490774.0,SUCCESS,2026-10-09,2026-09-17
7707,7707.T,232.0,27460771.0,6370898872.0,SUCCESS,2026-10-09,2026-09-17
6036,6036.T,3725.0,27291114.0,101659399650.0,SUCCESS,2026-10-09,2026-09-17
1401,1401.T,1449.0,6931902.0,10044325998.0,SUCCESS,2026-10-09,2026-09-17
6327,6327.T,3070.0,8167788.0,25075109160.0,SUCCESS,2026-10-09,2026-09-17
6156,6156.T,1850.0,5038226.0,9320718100.0,SUCCESS,2026-10-09,2026-09-17
6239,6239.T,1400.0,6935505.0,9709707000.0,SUCCESS,2026-10-09,2026-09-17
2385,2385.T,220.0,26158198.0,5754803560.0,SUCCESS,2026-10-09,2026-09-17
2481,2481.T,715.0,5520623.0,3947245445.0,SUCCESS,2026-10-09,2026-09-17
4396,4396.T,1411.0,20604544.0,29073011584.0,SUCCESS,2026-10-09,2026-09-17
3639,3639.T,215.0,6511094.0,1399885210.0,SUCCESS,2026-10-09,2026-09-17
7371,7371.T,793.0,12178100.0,9657233300.0,SUCCESS,2026-10-09,2026-09-17
4767,4767.T,396.0,41270287.0,16343033652.0,SUCCESS,2026-10-09,2026-09-17
6340,6340.T,5900.0,27666271.0,163230998900.0,SUCCESS,2026-10-09,2026-09-17
3446,3446.T,1461.0,5904515.0,8626496415.0,SUCCESS,2026-10-09,2026-09-17
7821,7821.T,1960.0,66686015.0,130704589400.0,SUCCESS,2026-10-09,2026-09-17
9340,9340.T,799.0,9862750.0,7880337250.0,SUCCESS,2026-10-09,2026-09-17
4418,4418.T,1103.0,15775066.0,17399897798.0,SUCCESS,2026-10-09,2026-09-17
4052,4052.T,1018.0,5847535.0,5952790630.0,SUCCESS,2026-10-09,2026-09-17
9159,9159.T,1874.0,2608160.0,4887691840.0,SUCCESS,2026-10-09,2026-09-17
3655,3655.T,,,,NO_PRICE,2026-09-08,nan
6038,6038.T,829.0,4908452.0,4069106708.0,SUCCESS,2026-10-09,2026-09-17
3028,3028.T,2338.0,37499672.0,87674233136.0,SUCCESS,2026-10-09,2026-09-17
1716,1716.T,1300.0,11248594.0,14623172200.0,SUCCESS,2026-10-09,2026-09-17
3597,3597.T,8680.0,2881877.0,25014692360.0,SUCCESS,2026-10-09,2026-09-17
9165,9165.T,1780.0,2350000.0,4183000000.0,SUCCESS,2026-10-09,2026-09-17
7747,7747.T,3363.0,265324323.0,892285698249.0,SUCCESS,2026-10-09,2026-09-17
3916,3916.T,1023.0,29462866.0,30140511918.0,SUCCESS,2026-10-09,2026-09-17
6061,6061.T,3165.0,9210220.0,29150346300.0,SUCCESS,2026-10-09,2026-09-17
7325,7325.T,699.0,8177333.0,5715955767.0,SUCCESS,2026-10-09,2026-09-17
5256,5256.T,3710.0,1274840.0,4729656400.0,SUCCESS,2026-10-09,2026-09-17
5987,5987.T,1630.0,1655593.0,2698616590.0,SUCCESS,2026-10-09,2026-09-17
4976,4976.T,1573.0,3972099.0,6248111727.0,SUCCESS,2026-10-09,2026-09-17
246A,246A.T,1075.0,2557300.0,2749097500.0,SUCCESS,2026-10-09,2026-09-17
7063,7063.T,65.0,33719992.0,2191799480.0,SUCCESS,2026-09-28,2026-09-17
7377,7377.T,1707.0,8210720.0,14015699040.0,SUCCESS,2026-10-09,2026-09-17
6874,6874.T,2325.0,8065974.0,18753389550.0,SUCCESS,2026-10-09,2026-09-17
6785,6785.T,3570.0,14359283.0,51262640310.0,SUCCESS,2026-10-09,2026-09-17
7636,7636.T,792.0,13759600.0,10897603200.0,SUCCESS,2026-10-09,2026-09-17
1414,1414.T,1212.0,200532560.0,243045462720.0,SUCCESS,2026-10-09,2026-09-17
7500,7500.T,11300.0,3391740.0,38326662000.0,SUCCESS,2026-10-09,2026-09-17
4826,4826.T,560.0,55830484.0,31265071040.0,SUCCESS,2026-10-09,2026-09-17
3660,3660.T,458.0,97472297.0,44642312026.0,SUCCESS,2026-10-09,2026-09-17
387A,387A.T,907.0,1738190.0,1576538330.0,SUCCESS,2026-10-09,2026-09-17
6090,6090.T,604.0,5377579.0,3248057716.0,SUCCESS,2026-10-09,2026-09-17
6920,6920.T,48560.0,89630666.0,4352465140960.0,SUCCESS,2026-10-09,2026-09-17
3986,3986.T,484.0,4565100.0,2209508400.0,SUCCESS,2026-10-09,2026-09-17
5254,5254.T,4150.0,6822653.0,28314009950.0,SUCCESS,2026-10-09,2026-09-17
5034,5034.T,2679.0,3743471.0,10028758809.0,SUCCESS,2026-10-09,2026-09-17
3675,3675.T,587.0,18664763.0,10956215881.0,SUCCESS,2026-10-09,2026-09-17
5698,5698.T,690.0,28505715.0,19668943350.0,SUCCESS,2026-10-09,2026-09-17
3836,3836.T,1228.0,34452352.0,42307488256.0,SUCCESS,2026-10-09,2026-09-17
9273,9273.T,795.0,42118504.0,33484210680.0,SUCCESS,2026-10-09,2026-09-17
6728,6728.T,8704.0,49173790.0,428008668160.0,SUCCESS,2026-10-09,2026-09-17
5903,5903.T,,,,NO_PRICE,2026-09-08,nan
4847,4847.T,1566.0,26184057.0,41004233262.0,SUCCESS,2026-10-09,2026-09-17
1381,1381.T,3495.0,5615670.0,19626766650.0,SUCCESS,2026-10-09,2026-09-17
4326,4326.T,1918.0,38196130.0,73260177340.0,SUCCESS,2026-10-09,2026-09-17
3632,3632.T,416.0,171803378.0,71470205248.0,SUCCESS,2026-10-09,2026-09-17
3191,3191.T,2204.0,60272473.0,132840530492.0,SUCCESS,2026-10-09,2026-09-17
6489,6489.T,,,,NO_PRICE,2026-09-08,nan
7922,7922.T,,,,NO_PRICE,2026-09-08,nan
4577,4577.T,1318.0,28259822.0,37246445396.0,SUCCESS,2026-10-09,2026-09-17
3148,3148.T,3100.0,64602264.0,200267018400.0,SUCCESS,2026-10-09,2026-09-17
2153,2153.T,1835.0,17976172.0,32986275620.0,SUCCESS,2026-10-09,2026-09-17
6505,6505.T,2338.0,9600886.0,22446871468.0,SUCCESS,2026-10-09,2026-09-17
2792,2792.T,1396.0,27877777.0,38917376692.0,SUCCESS,2026-10-09,2026-09-17
3892,3892.T,1630.0,4644924.0,7571226120.0,SUCCESS,2026-10-09,2026-09-17
4057,4057.T,347.0,4035676.0,1400379572.0,SUCCESS,2026-10-09,2026-09-17
4465,4465.T,2533.0,5794796.0,14678218268.0,SUCCESS,2026-10-09,2026-09-17
7487,7487.T,1915.0,8415962.0,16116567230.0,SUCCESS,2026-10-09,2026-09-17
277A,277A.T,1912.0,28432500.0,54362940000.0,SUCCESS,2026-10-09,2026-09-17
4430,4430.T,1747.0,4797017.0,8380388699.0,SUCCESS,2026-10-09,2026-09-17
1377,1377.T,4210.0,42140712.0,177412397520.0,SUCCESS,2026-10-09,2026-09-17
3791,3791.T,1129.0,20098725.0,22691460525.0,SUCCESS,2026-10-09,2026-09-17
5967,5967.T,437.0,21644303.0,9458560411.0,SUCCESS,2026-10-09,2026-09-17
4829,4829.T,105.0,38534821.0,4046156205.0,SUCCESS,2026-10-09,2026-09-17
4834,4834.T,,,,NO_PRICE,2026-09-08,nan
7713,7713.T,3100.0,7082172.0,21954733200.0,SUCCESS,2026-10-09,2026-09-17
6047,6047.T,368.0,20404751.0,7508948368.0,SUCCESS,2026-10-09,2026-09-17
4198,4198.T,503.0,6637283.0,3338553349.0,SUCCESS,2026-10-09,2026-09-17
2303,2303.T,1336.0,5945388.0,7943038368.0,SUCCESS,2026-10-09,2026-09-17
4825,4825.T,1901.0,44420186.0,84442773586.0,SUCCESS,2026-10-09,2026-09-17
9651,9651.T,1937.0,8811435.0,17067749595.0,SUCCESS,2026-10-09,2026-09-17
6496,6496.T,4995.0,3490780.0,17436446100.0,SUCCESS,2026-10-09,2026-09-17
9765,9765.T,1143.0,15766203.0,18020770029.0,SUCCESS,2026-10-09,2026-09-17
7921,7921.T,4235.0,12907705.0,54664130675.0,SUCCESS,2026-10-09,2026-09-17
5352,5352.T,,,,NO_PRICE,2026-09-08,nan
4917,4917.T,,,,NO_PRICE,2026-09-08,nan
6930,6930.T,,,,NO_PRICE,2026-09-08,nan
6416,6416.T,,,,NO_PRICE,2026-09-08,nan
5869,5869.T,1268.0,10094147.0,12799378396.0,SUCCESS,2026-10-09,2026-09-17
7817,7817.T,,,,NO_PRICE,2026-09-08,nan
7467,7467.T,,,,NO_PRICE,2026-09-08,nan
7455,7455.T,,,,NO_PRICE,2026-09-08,nan
7092,7092.T,,,,NO_PRICE,2026-09-08,nan
6293,6293.T,,,,NO_PRICE,2026-09-08,nan
7999,7999.T,,,,NO_PRICE,2026-09-08,nan
7058,7058.T,3050.0,1447344.0,4414399200.0,SUCCESS,2026-10-09,2026-09-17
4957,4957.T,,,,NO_PRICE,2026-09-08,nan
1841,1841.T,,,,NO_PRICE,2026-09-08,nan
7925,7925.T,,,,NO_PRICE,2026-09-08,nan
6406,6406.T,,,,NO_PRICE,2026-09-08,nan
4974,4974.T,,,,NO_PRICE,2026-09-08,nan
3593,3593.T,,,,NO_PRICE,2026-09-08,nan
7718,7718.T,,,,NO_PRICE,2026-09-08,nan
3847,3847.T,,,,NO_PRICE,2026-09-08,nan
6957,6957.T,,,,NO_PRICE,2026-09-08,nan
6937,6937.T,,,,NO_PRICE,2026-09-08,nan
4659,4659.T,,,,NO_PRICE,2026-09-08,nan
4923,4923.T,1120.0,29123877.0,32618742240.0,SUCCESS,2026-10-09,2026-09-17
9776,9776.T,,,,NO_PRICE,2026-09-08,nan
6908,6908.T,2810.0,21350505.0,59994919050.0,SUCCESS,2026-10-09,2026-09-17
3526,3526.T,,,,NO_PRICE,2026-09-08,nan
4556,4556.T,,,,NO_PRICE,2026-09-08,nan
4745,4745.T,,,,NO_PRICE,2026-09-08,nan
4530,4530.T,,,,NO_PRICE,2026-09-08,nan
6312,6312.T,,,,NO_PRICE,2026-09-08,nan
6542,6542.T,,,,NO_PRICE,2026-09-08,nan
6411,6411.T,,,,NO_PRICE,2026-08-21,nan
7095,7095.T,1155.0,12454513.0,14384962515.0,SUCCESS,2026-10-09,2026-09-21
4203,4203.T,9320.0,87735417.0,817694086440.0,SUCCESS,2026-10-09,2026-09-21
2763,2763.T,,,,NO_PRICE,2026-09-08,nan
5482,5482.T,2838.0,64246798.0,182332412724.0,SUCCESS,2026-10-09,2026-09-21
9766,9766.T,23120.0,135556483.0,3134065886960.0,SUCCESS,2026-10-09,2026-09-21
2432,2432.T,2507.0,92511641.0,231926683987.0,SUCCESS,2026-10-09,2026-09-21
3591,3591.T,3615.0,49437079.0,178715040585.0,SUCCESS,2026-10-09,2026-09-21
6702,6702.T,4250.0,1729464526.0,7350224235500.0,SUCCESS,2026-10-09,2026-09-21
6803,6803.T,96.0,28801421.0,2764936416.0,SUCCESS,2026-10-09,2026-09-21
7731,7731.T,1874.0,329416763.0,617327013862.0,SUCCESS,2026-10-09,2026-09-21
5334,5334.T,3828.0,194650064.0,745120444992.0,SUCCESS,2026-10-09,2026-09-21
2413,2413.T,1856.0,666316261.0,1236682980416.0,SUCCESS,2026-10-09,2026-09-21
7951,7951.T,1203.5,439896956.0,529415986546.0,SUCCESS,2026-10-09,2026-09-21
6113,6113.T,2579.0,305711977.0,788431188683.0,SUCCESS,2026-10-09,2026-09-21
7011,7011.T,3669.0,3360209340.0,12328608068460.0,SUCCESS,2026-10-09,2026-09-21
6724,6724.T,3372.0,320427751.0,1080482376372.0,SUCCESS,2026-10-09,2026-09-21
6806,6806.T,25300.0,32427831.0,820424124300.0,SUCCESS,2026-10-09,2026-09-21
6981,6981.T,7970.0,1812672882.0,14447002869540.0,SUCCESS,2026-10-09,2026-09-21
6479,6479.T,3650.0,401595519.0,1465823644350.0,SUCCESS,2026-10-09,2026-09-21
429A,429A.T,3855.0,99355867.0,383016867285.0,SUCCESS,2026-10-09,2026-09-21
4516,4516.T,3372.0,67400929.0,227275932588.0,SUCCESS,2026-10-09,2026-09-21
4543,4543.T,2284.0,1475101493.0,3369131810012.0,SUCCESS,2026-10-09,2026-09-21
6586,6586.T,5202.0,257655822.0,1340325586044.0,SUCCESS,2026-10-09,2026-09-21
7269,7269.T,2039.0,1929274034.0,3933789755326.0,SUCCESS,2026-10-09,2026-09-21
6754,6754.T,3550.0,127991904.0,454371259200.0,SUCCESS,2026-10-09,2026-09-21
6370,6370.T,7777.0,107696743.0,837557570311.0,SUCCESS,2026-10-09,2026-09-21
7779,7779.T,211.0,211131005.0,44548642055.0,SUCCESS,2026-10-09,2026-09-21
7202,7202.T,2116.0,687237114.0,1454193733224.0,SUCCESS,2026-10-09,2026-09-21
3291,3291.T,2133.0,276330100.0,589412103300.0,SUCCESS,2026-10-09,2026-09-21
6305,6305.T,5502.0,208351315.0,1146348935130.0,SUCCESS,2026-10-09,2026-09-21
5195,5195.T,2485.0,40457685.0,100537347225.0,SUCCESS,2026-10-09,2026-09-21
3853,3853.T,1038.0,16985943.0,17631408834.0,SUCCESS,2026-10-09,2026-09-21
9658,9658.T,1215.0,32457682.0,39436083630.0,SUCCESS,2026-10-09,2026-09-21
7296,7296.T,4135.0,47446743.0,196192282305.0,SUCCESS,2026-10-09,2026-09-21
6869,6869.T,1855.0,605197911.0,1122642124905.0,SUCCESS,2026-10-09,2026-09-21
6448,6448.T,4576.0,246833704.0,1129511029504.0,SUCCESS,2026-10-09,2026-09-21
7893,7893.T,1041.0,24654478.0,25665311598.0,SUCCESS,2026-10-09,2026-09-21
4507,4507.T,2744.5,850975437.0,2335502086846.5,SUCCESS,2026-10-09,2026-09-21
2801,2801.T,1755.0,927739452.0,1628182738260.0,SUCCESS,2026-10-09,2026-09-21
6473,6473.T,2134.0,318331829.0,679320123086.0,SUCCESS,2026-10-09,2026-09-21
6098,6098.T,17755.0,1388869636.0,24659380387180.0,SUCCESS,2026-10-09,2026-09-21
6971,6971.T,3746.0,1277527109.0,4785616550314.0,SUCCESS,2026-10-09,2026-09-21
6503,6503.T,5143.0,2046435776.0,10524819195968.0,SUCCESS,2026-10-09,2026-09-21
3679,3679.T,444.0,99314345.0,44095569180.0,SUCCESS,2026-10-09,2026-09-21
4536,4536.T,1684.0,321214291.0,540924866044.0,SUCCESS,2026-10-09,2026-09-21
6701,6701.T,5233.0,1326344017.0,6940758240961.0,SUCCESS,2026-10-09,2026-09-21
6762,6762.T,3268.0,1898154125.0,6203167680500.0,SUCCESS,2026-10-09,2026-09-21
7741,7741.T,25055.0,333561839.0,8357391876145.0,SUCCESS,2026-10-09,2026-09-21
4114,4114.T,2565.5,147775608.0,379118322324.0,SUCCESS,2026-10-09,2026-09-21
7282,7282.T,1056.0,117261411.0,123828050016.0,SUCCESS,2026-10-09,2026-09-21
6516,6516.T,5680.0,35515041.0,201725432880.0,SUCCESS,2026-10-09,2026-09-21
6988,6988.T,3615.0,661523850.0,2391408717750.0,SUCCESS,2026-10-09,2026-09-21
7313,7313.T,1754.5,116792253.0,204912007888.5,SUCCESS,2026-10-09,2026-09-21
6101,6101.T,5700.0,46292723.0,263868521100.0,SUCCESS,2026-10-09,2026-09-21
2327,2327.T,3940.0,182981405.0,720946735700.0,SUCCESS,2026-10-09,2026-09-21
7278,7278.T,5720.0,35793566.0,204739197520.0,SUCCESS,2026-10-09,2026-09-21
5857,5857.T,3465.0,85944518.0,297797754870.0,SUCCESS,2026-10-09,2026-09-21
4523,4523.T,4603.0,282236007.0,1299132340221.0,SUCCESS,2026-10-09,2026-09-21
7259,7259.T,2184.5,697464378.0,1523610933741.0,SUCCESS,2026-10-09,2026-09-21
4902,4902.T,639.2000122070312,494183693.0,315882222598.1158,SUCCESS,2026-10-09,2026-09-21
8697,8697.T,2270.0,1022298636.0,2320617903720.0,SUCCESS,2026-10-09,2026-09-21
6902,6902.T,1826.0,2507140573.0,4578038686298.0,SUCCESS,2026-10-09,2026-09-21
4413,4413.T,2982.0,31195253.0,93024244446.0,SUCCESS,2026-10-09,2026-09-21
6532,6532.T,8748.0,146984035.0,1285816338180.0,SUCCESS,2026-10-09,2026-09-21
6555,6555.T,425.0,4499799.0,1912414575.0,SUCCESS,2026-10-09,2026-09-21
6506,6506.T,4783.0,259367959.0,1240556947897.0,SUCCESS,2026-10-09,2026-09-21
6028,6028.T,,,,NO_PRICE,2026-09-08,nan
464A,464A.T,1502.0,55957232.0,84047762464.0,SUCCESS,2026-10-09,2026-09-25
505A,505A.T,1361.0,12081000.0,16442241000.0,SUCCESS,2026-10-09,2026-09-28
353A,353A.T,,,,NO_PRICE,2026-09-08,nan
581A,581A.T,3640.0,80765500.0,293986420000.0,SUCCESS,2026-10-09,2026-09-28
2154,2154.T,1989.0,84960173.0,168985784097.0,SUCCESS,2026-10-09,2026-09-18
598A,598A.T,1350.0,4650000.0,6277500000.0,SUCCESS,2026-10-09,2026-09-25
407A,407A.T,895.0,9894900.0,8855935500.0,SUCCESS,2026-10-09,2026-09-28
584A,584A.T,2453.0,6787400.0,16649492200.0,SUCCESS,2026-10-09,2026-09-28
607A,607A.T,251.0,20738108.0,5205265108.0,SUCCESS,2026-10-09,2026-09-30
634A,634A.T,2990.0,2850000.0,8521500000.0,SUCCESS,2026-10-09,2026-10-05
