sec_code,company_name,market,as_of
1301,極洋,プライム（内国株式）,20261006
1305,ｉＦｒｅｅＥＴＦ　ＴＯＰＩＸ（年１回決算型）,ETF・ETN,20261006
1306,ＮＥＸＴ　ＦＵＮＤＳ　ＴＯＰＩＸ連動型上場投信,ETF・ETN,20261006
1308,上場インデックスファンドＴＯＰＩＸ,ETF・ETN,20261006
1309,ＮＥＸＴ　ＦＵＮＤＳ　ＣｈｉｎａＡＭＣ・中国株式・上証５０連動型上場投信,ETF・ETN,20261006
130A,Ｖｅｒｉｔａｓ　Ｉｎ　Ｓｉｌｉｃｏ,グロース（内国株式）,20261006
1311,ＮＥＸＴ　ＦＵＮＤＳ　ＴＯＰＩＸ　Ｃｏｒｅ　３０連動型上場投信,ETF・ETN,20261006
1319,ＮＥＸＴ　ＦＵＮＤＳ　日経３００株価指数連動型上場投信,ETF・ETN,20261006
131A,ＣＣＮグループ,PRO Market,20261006
1320,ｉＦｒｅｅＥＴＦ　日経２２５（年１回決算型）,ETF・ETN,20261006
1321,ＮＥＸＴ　ＦＵＮＤＳ　日経２２５連動型上場投信,ETF・ETN,20261006
1322,上場インデックスファンド中国Ａ株（パンダ）Ｅ　Ｆｕｎｄ　ＣＳＩ３００,ETF・ETN,20261006
1325,ＮＥＸＴ　ＦＵＮＤＳ　ブラジル株式指数・ボベスパ連動型上場投信,ETF・ETN,20261006
1326,ＳＰＤＲゴールド・シェア,ETF・ETN,20261006
1328,ＮＥＸＴ　ＦＵＮＤＳ　金価格連動型上場投信,ETF・ETN,20261006
1329,ｉシェアーズ・コア　日経２２５　ＥＴＦ,ETF・ETN,20261006
132A,アイエヌホールディングス,PRO Market,20261006
1330,上場インデックスファンド２２５,ETF・ETN,20261006
1332,ニッスイ,プライム（内国株式）,20261006
1333,Ｕｍｉｏｓ,プライム（内国株式）,20261006
133A,グローバルＸ　超短期米国債　ＥＴＦ,ETF・ETN,20261006
1343,ＮＥＸＴ　ＦＵＮＤＳ　東証ＲＥＩＴ　指数連動型上場投信,ETF・ETN,20261006
1345,上場インデックスファンドＪリート（東証ＲＥＩＴ指数）隔月分配型,ETF・ETN,20261006
1346,ＭＡＸＩＳ　日経２２５上場投信,ETF・ETN,20261006
1348,ＭＡＸＩＳ　トピックス上場投信,ETF・ETN,20261006
1349,ＡＢＦ汎アジア債券インデックス・ファンド,ETF・ETN,20261006
134A,アプライズ,PRO Market,20261006
1356,ＴＯＰＩＸベア２倍上場投信,ETF・ETN,20261006
1357,ＮＥＸＴ　ＦＵＮＤＳ　日経平均ダブルインバース・インデックス連動型上場投信,ETF・ETN,20261006
1358,上場インデックスファンド日経レバレッジ指数,ETF・ETN,20261006
135A,ＶＲＡＩＮ　Ｓｏｌｕｔｉｏｎ,グロース（内国株式）,20261006
1360,日経平均ベア２倍上場投信,ETF・ETN,20261006
1364,ｉシェアーズ　ＪＰＸ日経４００　ＥＴＦ,ETF・ETN,20261006
1365,ｉＦｒｅｅＥＴＦ　日経平均レバレッジ・インデックス,ETF・ETN,20261006
1366,ｉＦｒｅｅＥＴＦ　日経平均ダブルインバース・インデックス,ETF・ETN,20261006
1367,ｉＦｒｅｅＥＴＦ　ＴＯＰＩＸレバレッジ（２倍）指数,ETF・ETN,20261006
1368,ｉＦｒｅｅＥＴＦ　ＴＯＰＩＸダブルインバース（－２倍）指数,ETF・ETN,20261006
1369,Ｏｎｅ　ＥＴＦ　日経２２５,ETF・ETN,20261006
1375,ユキグニファクトリー,プライム（内国株式）,20261006
1376,カネコ種苗,スタンダード（内国株式）,20261006
1377,サカタのタネ,プライム（内国株式）,20261006
1379,ホクト,プライム（内国株式）,20261006
137A,Ｃｏｃｏｌｉｖｅ,グロース（内国株式）,20261006
1380,秋川牧園,スタンダード（内国株式）,20261006
1381,アクシーズ,スタンダード（内国株式）,20261006
1382,ホーブ,スタンダード（内国株式）,20261006
1383,ベルグアース,スタンダード（内国株式）,20261006
1384,ホクリヨウ,スタンダード（内国株式）,20261006
138A,光フードサービス,グロース（内国株式）,20261006
1397,ＳＭＤＡＭ　日経２２５上場投信,ETF・ETN,20261006
1398,ＳＭＤＡＭ　東証ＲＥＩＴ指数上場投信,ETF・ETN,20261006
1399,上場インデックスファンドＭＳＣＩ日本株高配当低ボラティリティ,ETF・ETN,20261006
139A,東日本地所,PRO Market,20261006
1401,エムビーエス,グロース（内国株式）,20261006
1407,ウエストホールディングス,スタンダード（内国株式）,20261006
140A,ｉＦｒｅｅＥＴＦ　米国１０年国債先物インバース,ETF・ETN,20261006
1414,ショーボンドホールディングス,プライム（内国株式）,20261006
1417,ミライト・ワン,プライム（内国株式）,20261006
1418,インターライフホールディングス,スタンダード（内国株式）,20261006
1419,タマホーム,プライム（内国株式）,20261006
141A,トライアルホールディングス,グロース（内国株式）,20261006
1420,サンヨーホームズ,スタンダード（内国株式）,20261006
1429,日本アクア,プライム（内国株式）,20261006
142A,ジンジブ,グロース（内国株式）,20261006
1430,ファーストコーポレーション,スタンダード（内国株式）,20261006
1431,Ｌｉｂ　Ｗｏｒｋ,グロース（内国株式）,20261006
1432,動力,PRO Market,20261006
1433,ベステラ,プライム（内国株式）,20261006
1434,ＪＥＳＣＯホールディングス,スタンダード（内国株式）,20261006
1435,ｒｏｂｏｔ　ｈｏｍｅ,スタンダード（内国株式）,20261006
1436,グリーンエナジー＆カンパニー,グロース（内国株式）,20261006
1438,岐阜造園,スタンダード（内国株式）,20261006
143A,イシン,グロース（内国株式）,20261006
1443,技研ホールディングス,スタンダード（内国株式）,20261006
1444,ニッソウ,グロース（内国株式）,20261006
1445,ひかりホールディングス,PRO Market,20261006
1446,キャンディル,スタンダード（内国株式）,20261006
1447,ＳＡＡＦホールディングス,グロース（内国株式）,20261006
144A,エネルギーパワー,PRO Market,20261006
1450,ＴＡＮＡＫＥＮ,スタンダード（内国株式）,20261006
1452,横浜ライト工業,PRO Market,20261006
1456,ｉＦｒｅｅＥＴＦ　日経平均インバース・インデックス,ETF・ETN,20261006
1457,ｉＦｒｅｅＥＴＦ　ＴＯＰＩＸインバース（－１倍）指数,ETF・ETN,20261006
1458,楽天ＥＴＦ‐日経レバレッジ指数連動型,ETF・ETN,20261006
1459,楽天ＥＴＦ‐日経ダブルインバース指数連動型,ETF・ETN,20261006
145A,Ｌ　ｉｓ　Ｂ,グロース（内国株式）,20261006
1466,ｉＦｒｅｅＥＴＦ　ＪＰＸ日経４００ダブルインバース・インデックス,ETF・ETN,20261006
1469,ＪＰＸ日経４００ベア２倍上場投信（ダブルインバース）,ETF・ETN,20261006
146A,コロンビア・ワークス,スタンダード（内国株式）,20261006
1472,ＮＥＸＴ　ＦＵＮＤＳ　ＪＰＸ日経４００ダブルインバース・インデックス連動型上場投信,ETF・ETN,20261006
1473,Ｏｎｅ　ＥＴＦ　トピックス,ETF・ETN,20261006
1474,Ｏｎｅ　ＥＴＦ　ＪＰＸ日経４００,ETF・ETN,20261006
1475,ｉシェアーズ・コア　ＴＯＰＩＸ　ＥＴＦ,ETF・ETN,20261006
1476,ｉシェアーズ・コア　Ｊリート　ＥＴＦ,ETF・ETN,20261006
1477,ｉシェアーズ　ＭＳＣＩ　日本株最小分散　ＥＴＦ,ETF・ETN,20261006
1478,ｉシェアーズ　ＭＳＣＩ　ジャパン高配当利回り　ＥＴＦ,ETF・ETN,20261006
1479,ｉＦｒｅｅＥＴＦ　ＭＳＣＩ日本株人材設備投資指数,ETF・ETN,20261006
147A,ソラコム,グロース（内国株式）,20261006
1480,ＮＥＸＴ　ＦＵＮＤＳ　野村企業価値分配指数連動型上場投信,ETF・ETN,20261006
1481,上場インデックスファンド日本経済貢献株,ETF・ETN,20261006
1482,ｉシェアーズ・コア　米国債７－１０年　ＥＴＦ（為替ヘッジあり）,ETF・ETN,20261006
1483,ｉシェアーズ　ＪＰＸ／Ｓ＆Ｐ設備・人材投資　ＥＴＦ,ETF・ETN,20261006
1484,Ｏｎｅ　ＥＴＦ　ＪＰＸ／Ｓ＆Ｐ　設備・人材投資指数,ETF・ETN,20261006
1485,ＭＡＸＩＳ　ＪＡＰＡＮ　設備・人材積極投資企業２００上場投信,ETF・ETN,20261006
1486,上場インデックスファンド米国債券（為替ヘッジなし）,ETF・ETN,20261006
1487,上場インデックスファンド米国債券（為替ヘッジあり）,ETF・ETN,20261006
1488,ｉＦｒｅｅＥＴＦ　東証ＲＥＩＴ指数,ETF・ETN,20261006
1489,ＮＥＸＴ　ＦＵＮＤＳ　日経平均高配当株５０指数連動型上場投信,ETF・ETN,20261006
148A,ハッチ・ワーク,グロース（内国株式）,20261006
1490,上場インデックスファンドＭＳＣＩ日本株高配当低ボラティリティ（βヘッジ）,ETF・ETN,20261006
1491,中外鉱業,スタンダード（内国株式）,20261006
1493,Ｏｎｅ　ＥＴＦ　ＪＰＸ日経中小型,ETF・ETN,20261006
1494,Ｏｎｅ　ＥＴＦ　高配当日本株,ETF・ETN,20261006
1495,上場インデックスファンドアジアリート,ETF・ETN,20261006
1496,ｉシェアーズ　米ドル建て投資適格社債　ＥＴＦ（為替ヘッジあり）,ETF・ETN,20261006
1497,ｉシェアーズ　米ドル建てハイイールド社債　ＥＴＦ（為替ヘッジあり）,ETF・ETN,20261006
1498,Ｏｎｅ　ＥＴＦ　ＥＳＧ,ETF・ETN,20261006
1499,ＭＡＸＩＳ日本株高配当７０マーケットニュートラル上場投信,ETF・ETN,20261006
149A,シンカ,グロース（内国株式）,20261006
150A,ＪＳＨ,グロース（内国株式）,20261006
1514,住石ホールディングス,スタンダード（内国株式）,20261006
1515,日鉄鉱業,プライム（内国株式）,20261006
1518,三井松島ホールディングス,プライム（内国株式）,20261006
151A,ダイブグループ,グロース（内国株式）,20261006
152A,オプティ,PRO Market,20261006
153A,カウリス,グロース（内国株式）,20261006
1540,純金上場信託（現物国内保管型）,ETF・ETN,20261006
1541,純プラチナ上場信託（現物国内保管型）,ETF・ETN,20261006
1542,純銀上場信託（現物国内保管型）,ETF・ETN,20261006
1543,純パラジウム上場信託（現物国内保管型）,ETF・ETN,20261006
1545,ＮＥＸＴ　ＦＵＮＤＳ　ＮＡＳＤＡＱ－１００（為替ヘッジなし）連動型上場投信,ETF・ETN,20261006
1546,ＮＥＸＴ　ＦＵＮＤＳ　ダウ・ジョーンズ工業株３０種平均株価（為替ヘッジなし）連動型上場投信,ETF・ETN,20261006
1547,上場インデックスファンド米国株式（Ｓ＆Ｐ５００）,ETF・ETN,20261006
154A,ＧＡＩＡ,PRO Market,20261006
1550,ＭＡＸＩＳ　海外株式（ＭＳＣＩコクサイ）上場投信,ETF・ETN,20261006
1551,東証スタンダードＴＯＰ２０ＥＴＦ,ETF・ETN,20261006
1554,上場インデックスファンド世界株式（ＭＳＣＩ　ＡＣＷＩ）除く日本,ETF・ETN,20261006
1555,上場インデックスファンド豪州リート（Ｓ＆Ｐ／ＡＳＸ２００　Ａ－ＲＥＩＴ）,ETF・ETN,20261006
1557,Ｓｔａｔｅ　Ｓｔｒｅｅｔ　ＳＰＤＲ　Ｓ＆Ｐ　５００　ＥＴＦ,ETF・ETN,20261006
1559,ＮＥＸＴ　ＦＵＮＤＳ　タイ株式ＳＥＴ５０指数連動型上場投信,ETF・ETN,20261006
155A,情報戦略テクノロジー,グロース（内国株式）,20261006
1560,ＮＥＸＴ　ＦＵＮＤＳ　ＦＴＳＥブルサ・マレーシアＫＬＣＩ連動型上場投信,ETF・ETN,20261006
1563,東証グロース・コアＥＴＦ,ETF・ETN,20261006
1566,上場インデックスファンド新興国債券,ETF・ETN,20261006
1568,ＴＯＰＩＸブル２倍上場投信,ETF・ETN,20261006
1569,ＴＯＰＩＸベア上場投信,ETF・ETN,20261006
156A,マテリアルグループ,グロース（内国株式）,20261006
1570,ＮＥＸＴ　ＦＵＮＤＳ　日経平均レバレッジ・インデックス連動型上場投信,ETF・ETN,20261006
1571,ＮＥＸＴ　ＦＵＮＤＳ　日経平均インバース・インデックス連動型上場投信,ETF・ETN,20261006
1572,中国Ｈ株ブル２倍上場投信,ETF・ETN,20261006
1573,中国Ｈ株ベア上場投信,ETF・ETN,20261006
1577,ＮＥＸＴ　ＦＵＮＤＳ　野村日本株高配当７０連動型上場投信,ETF・ETN,20261006
1578,上場インデックスファンド日経２２５（ミニ）,ETF・ETN,20261006
1579,日経平均ブル２倍上場投信,ETF・ETN,20261006
157A,グリーンモンスター,グロース（内国株式）,20261006
1580,日経平均ベア上場投信,ETF・ETN,20261006
1585,ｉＦｒｅｅＥＴＦ　ＴＯＰＩＸ　Ｅｘ－Ｆｉｎａｎｃｉａｌｓ,ETF・ETN,20261006
1586,上場インデックスファンドＴＯＰＩＸ　Ｅｘ－Ｆｉｎａｎｃｉａｌｓ,ETF・ETN,20261006
158A,エクセリ,PRO Market,20261006
1591,ＮＥＸＴ　ＦＵＮＤＳ　ＪＰＸ日経インデックス４００連動型上場投信,ETF・ETN,20261006
1592,上場インデックスファンドＪＰＸ日経インデックス４００,ETF・ETN,20261006
1593,ＭＡＸＩＳ　ＪＰＸ日経インデックス４００上場投信,ETF・ETN,20261006
1595,ＮＺＡＭ　上場投信　東証ＲＥＩＴ指数,ETF・ETN,20261006
1596,ＮＺＡＭ　上場投信　ＴＯＰＩＸ　Ｅｘ－Ｆｉｎａｎｃｉａｌｓ,ETF・ETN,20261006
1597,ＭＡＸＩＳ　Ｊリート上場投信,ETF・ETN,20261006
1599,ｉＦｒｅｅＥＴＦ　ＪＰＸ日経４００,ETF・ETN,20261006
159A,ＮＥＸＴ　ＦＵＮＤＳ　ＪＰＸプライム１５０指数連動型上場投信,ETF・ETN,20261006
1605,ＩＮＰＥＸ,プライム（内国株式）,20261006
160A,アズパートナーズ,スタンダード（内国株式）,20261006
1615,ＮＥＸＴ　ＦＵＮＤＳ　東証銀行業株価指数連動型上場投信,ETF・ETN,20261006
1617,ＮＥＸＴ　ＦＵＮＤＳ　食品（ＴＯＰＩＸ－１７）上場投信,ETF・ETN,20261006
1618,ＮＥＸＴ　ＦＵＮＤＳ　エネルギー資源（ＴＯＰＩＸ－１７）上場投信,ETF・ETN,20261006
1619,ＮＥＸＴ　ＦＵＮＤＳ　建設・資材（ＴＯＰＩＸ－１７）上場投信,ETF・ETN,20261006
161A,三葉,PRO Market,20261006
1620,ＮＥＸＴ　ＦＵＮＤＳ　素材・化学（ＴＯＰＩＸ－１７）上場投信,ETF・ETN,20261006
1621,ＮＥＸＴ　ＦＵＮＤＳ　医薬品（ＴＯＰＩＸ－１７）上場投信,ETF・ETN,20261006
1622,ＮＥＸＴ　ＦＵＮＤＳ　自動車・輸送機（ＴＯＰＩＸ－１７）上場投信,ETF・ETN,20261006
1623,ＮＥＸＴ　ＦＵＮＤＳ　鉄鋼・非鉄（ＴＯＰＩＸ－１７）上場投信,ETF・ETN,20261006
1624,ＮＥＸＴ　ＦＵＮＤＳ　機械（ＴＯＰＩＸ－１７）上場投信,ETF・ETN,20261006
1625,ＮＥＸＴ　ＦＵＮＤＳ　電機・精密（ＴＯＰＩＸ－１７）上場投信,ETF・ETN,20261006
1626,ＮＥＸＴ　ＦＵＮＤＳ　情報通信・サービスその他（ＴＯＰＩＸ－１７）上場投信,ETF・ETN,20261006
1627,ＮＥＸＴ　ＦＵＮＤＳ　電力・ガス（ＴＯＰＩＸ－１７）上場投信,ETF・ETN,20261006
1628,ＮＥＸＴ　ＦＵＮＤＳ　運輸・物流（ＴＯＰＩＸ－１７）上場投信,ETF・ETN,20261006
1629,ＮＥＸＴ　ＦＵＮＤＳ　商社・卸売（ＴＯＰＩＸ－１７）上場投信,ETF・ETN,20261006
162A,ＡＩセレクトメガトレンド　日本株（ネットリターン）ＥＴＮ,ETF・ETN,20261006
1630,ＮＥＸＴ　ＦＵＮＤＳ　小売（ＴＯＰＩＸ－１７）上場投信,ETF・ETN,20261006
1631,ＮＥＸＴ　ＦＵＮＤＳ　銀行（ＴＯＰＩＸ－１７）上場投信,ETF・ETN,20261006
1632,ＮＥＸＴ　ＦＵＮＤＳ　金融（除く銀行）（ＴＯＰＩＸ－１７）上場投信,ETF・ETN,20261006
1633,ＮＥＸＴ　ＦＵＮＤＳ　不動産（ＴＯＰＩＸ－１７）上場投信,ETF・ETN,20261006
163A,半導体フォーカス　日本株（ネットリターン）ＥＴＮ,ETF・ETN,20261006
164A,アップルパーク,PRO Market,20261006
1651,ｉＦｒｅｅＥＴＦ　ＴＯＰＩＸ高配当４０指数,ETF・ETN,20261006
1652,ｉＦｒｅｅＥＴＦ　ＭＳＣＩ日本株女性活躍指数（ＷＩＮ）,ETF・ETN,20261006
1653,ｉＦｒｅｅＥＴＦ　ＭＳＣＩジャパンＥＳＧセレクト・リーダーズ指数,ETF・ETN,20261006
1654,ｉＦｒｅｅＥＴＦ　ＦＴＳＥ　ＪＰＸ　Ｂｌｏｓｓｏｍ　Ｊａｐａｎ　Ｉｎｄｅｘ,ETF・ETN,20261006
1655,ｉシェアーズ　Ｓ＆Ｐ　５００　米国株　ＥＴＦ,ETF・ETN,20261006
1656,ｉシェアーズ・コア　米国債７－１０年　ＥＴＦ,ETF・ETN,20261006
1657,ｉシェアーズ・コア　ＭＳＣＩ　先進国株（除く日本）ＥＴＦ,ETF・ETN,20261006
1658,ｉシェアーズ・コア　ＭＳＣＩ　新興国株　ＥＴＦ,ETF・ETN,20261006
1659,ｉシェアーズ　米国リート　ＥＴＦ,ETF・ETN,20261006
1660,ＭＡＸＩＳ高利回りＪリート上場投信,ETF・ETN,20261006
1662,石油資源開発,プライム（内国株式）,20261006
1663,Ｋ＆Ｏエナジーグループ,プライム（内国株式）,20261006
166A,タスキホールディングス,プライム（内国株式）,20261006
1671,ＷＴＩ原油価格連動型上場投信,ETF・ETN,20261006
1672,ＷｉｓｄｏｍＴｒｅｅ　金上場投資信託,ETF・ETN,20261006
1673,ＷｉｓｄｏｍＴｒｅｅ　銀上場投資信託,ETF・ETN,20261006
1674,ＷｉｓｄｏｍＴｒｅｅ　白金上場投資信託,ETF・ETN,20261006
1675,ＷｉｓｄｏｍＴｒｅｅ　パラジウム上場投資信託,ETF・ETN,20261006
1676,ＷｉｓｄｏｍＴｒｅｅ　貴金属バスケット上場投資信託,ETF・ETN,20261006
1677,上場インデックスファンド海外債券（ＦＴＳＥ　ＷＧＢＩ）毎月分配型,ETF・ETN,20261006
1678,ＮＥＸＴ　ＦＵＮＤＳ　インド株式指数・Ｎｉｆｔｙ　５０　連動型上場投信,ETF・ETN,20261006
1679,Ｓｉｍｐｌｅ－Ｘ　ＮＹ　ダウ・ジョーンズ・インデックス上場投信,ETF・ETN,20261006
167A,リョーサン菱洋ホールディングス,プライム（内国株式）,20261006
1680,上場インデックスファンド海外先進国株式（ＭＳＣＩ－ＫＯＫＵＳＡＩ）,ETF・ETN,20261006
1681,上場インデックスファンド海外新興国株式（ＭＳＣＩ　エマージング）,ETF・ETN,20261006
1684,ＷｉｓｄｏｍＴｒｅｅ　ブロード上場投資信託,ETF・ETN,20261006
1685,ＷｉｓｄｏｍＴｒｅｅ　エネルギー上場投資信託,ETF・ETN,20261006
1686,ＷｉｓｄｏｍＴｒｅｅ　産業用金属上場投資信託,ETF・ETN,20261006
1687,ＷｉｓｄｏｍＴｒｅｅ　農産物上場投資信託,ETF・ETN,20261006
1688,ＷｉｓｄｏｍＴｒｅｅ　穀物上場投資信託,ETF・ETN,20261006
1689,ＷｉｓｄｏｍＴｒｅｅ　天然ガス上場投資信託,ETF・ETN,20261006
168A,イタミアート,グロース（内国株式）,20261006
1690,ＷｉｓｄｏｍＴｒｅｅ　ＷＴＩ　原油上場投資信託,ETF・ETN,20261006
1691,ＷｉｓｄｏｍＴｒｅｅ　ガソリン上場投資信託,ETF・ETN,20261006
1692,ＷｉｓｄｏｍＴｒｅｅ　アルミニウム上場投資信託,ETF・ETN,20261006
1693,ＷｉｓｄｏｍＴｒｅｅ　銅上場投資信託,ETF・ETN,20261006
1694,ＷｉｓｄｏｍＴｒｅｅ　ニッケル上場投資信託,ETF・ETN,20261006
1695,ＷｉｓｄｏｍＴｒｅｅ　小麦上場投資信託,ETF・ETN,20261006
1696,ＷｉｓｄｏｍＴｒｅｅ　とうもろこし上場投資信託,ETF・ETN,20261006
1697,ＷｉｓｄｏｍＴｒｅｅ　大豆上場投資信託,ETF・ETN,20261006
1698,上場インデックスファンド日本高配当（東証配当フォーカス１００）,ETF・ETN,20261006
1699,ＮＥＸＴ　ＦＵＮＤＳ　ＮＯＭＵＲＡ　原油インデックス連動型上場投信,ETF・ETN,20261006
170A,ＳＭＴ　ＥＴＦ日本好配当株アクティブ,ETF・ETN,20261006
1711,ＳＤＳホールディングス,スタンダード（内国株式）,20261006
1716,第一カッター興業,スタンダード（内国株式）,20261006
1717,明豊ファシリティワークス,スタンダード（内国株式）,20261006
1718,美樹工業,スタンダード（内国株式）,20261006
1719,安藤・間,プライム（内国株式）,20261006
171A,ゼロジャパン,PRO Market,20261006
1720,東急建設,プライム（内国株式）,20261006
1721,コムシスホールディングス,プライム（内国株式）,20261006
1723,日本電技,スタンダード（内国株式）,20261006
1724,シンクレイヤ,スタンダード（内国株式）,20261006
172A,ネオホーム,PRO Market,20261006
1736,オーテック,スタンダード（内国株式）,20261006
173A,ハンモック,グロース（内国株式）,20261006
1758,太洋基礎工業,スタンダード（内国株式）,20261006
175A,Ｗｉｌｌ　Ｓｍａｒｔ,グロース（内国株式）,20261006
1762,高松コンストラクショングループ,プライム（内国株式）,20261006
1764,工藤建設,スタンダード（内国株式）,20261006
1766,東建コーポレーション,プライム（内国株式）,20261006
1768,ソネック,スタンダード（内国株式）,20261006
1770,藤田エンジニアリング,スタンダード（内国株式）,20261006
1773,ワイ・ティー・エル・コーポレーション・バーハッド,プライム（外国株式）,20261006
177A,コージンバイオ,グロース（内国株式）,20261006
1780,ヤマウラ,プライム（内国株式）,20261006
1783,ｆａｎｔａｓｉｓｔａ,スタンダード（内国株式）,20261006
1786,オリエンタル白石,プライム（内国株式）,20261006
1787,ナカボーテック,スタンダード（内国株式）,20261006
1788,三東工業社,スタンダード（内国株式）,20261006
178A,グローバルＸ　革新的優良企業　ＥＴＦ,ETF・ETN,20261006
1793,大本組,スタンダード（内国株式）,20261006
1795,マサル,スタンダード（内国株式）,20261006
1798,守谷商会,スタンダード（内国株式）,20261006
1799,第一建設工業,スタンダード（内国株式）,20261006
179A,グローバルＸ　超長期米国債　ＥＴＦ（為替ヘッジあり）,ETF・ETN,20261006
1801,大成建設,プライム（内国株式）,20261006
1802,大林組,プライム（内国株式）,20261006
1803,清水建設,プライム（内国株式）,20261006
1807,佐藤渡辺,スタンダード（内国株式）,20261006
1808,長谷工コーポレーション,プライム（内国株式）,20261006
180A,グローバルＸ　超長期米国債　ＥＴＦ,ETF・ETN,20261006
1810,松井建設,スタンダード（内国株式）,20261006
1811,錢高組,スタンダード（内国株式）,20261006
1812,鹿島建設,プライム（内国株式）,20261006
1813,不動テトラ,プライム（内国株式）,20261006
1814,大末建設,プライム（内国株式）,20261006
1815,鉄建建設,プライム（内国株式）,20261006
181A,ＭＡＸＩＳ米国国債１－３年上場投信（為替ヘッジなし）,ETF・ETN,20261006
1820,西松建設,プライム（内国株式）,20261006
1822,大豊建設,スタンダード（内国株式）,20261006
1826,佐田建設,スタンダード（内国株式）,20261006
1827,ナカノフドー建設,スタンダード（内国株式）,20261006
1828,田辺工業,スタンダード（内国株式）,20261006
182A,ＭＡＸＩＳ米国国債２０年超上場投信（為替ヘッジなし）,ETF・ETN,20261006
1833,奥村組,プライム（内国株式）,20261006
1835,東鉄工業,プライム（内国株式）,20261006
183A,ＭＡＸＩＳ米国国債２０年超上場投信（為替ヘッジあり）,ETF・ETN,20261006
1840,土屋ホールディングス,スタンダード（内国株式）,20261006
1844,大盛工業,スタンダード（内国株式）,20261006
1847,イチケン,スタンダード（内国株式）,20261006
1848,富士ピー・エス,スタンダード（内国株式）,20261006
184A,学びエイド,グロース（内国株式）,20261006
1850,南海辰村建設,スタンダード（内国株式）,20261006
1852,淺沼組,プライム（内国株式）,20261006
1853,森組,スタンダード（内国株式）,20261006
185A,リサイクルテック・ジャパン,PRO Market,20261006
1860,戸田建設,プライム（内国株式）,20261006
1861,熊谷組,プライム（内国株式）,20261006
1866,北野建設,スタンダード（内国株式）,20261006
1867,植木組,スタンダード（内国株式）,20261006
186A,アストロスケールホールディングス,グロース（内国株式）,20261006
1870,矢作建設工業,プライム（内国株式）,20261006
1871,ピーエス・コンストラクション,プライム（内国株式）,20261006
1873,日本ハウスホールディングス,プライム（内国株式）,20261006
1878,大東建託,プライム（内国株式）,20261006
1879,新日本建設,プライム（内国株式）,20261006
1882,東亜道路工業,プライム（内国株式）,20261006
1885,東亜建設工業,プライム（内国株式）,20261006
1887,日本国土開発,プライム（内国株式）,20261006
1888,若築建設,プライム（内国株式）,20261006
188A,グローバルＸ　インド・トップ１０＋　ＥＴＦ,ETF・ETN,20261006
1893,五洋建設,プライム（内国株式）,20261006
1897,金下建設,スタンダード（内国株式）,20261006
1898,世紀東急工業,プライム（内国株式）,20261006
1899,福田組,プライム（内国株式）,20261006
189A,Ｄ＆Ｍカンパニー,グロース（内国株式）,20261006
1904,大成温調,スタンダード（内国株式）,20261006
1905,テノックス,スタンダード（内国株式）,20261006
190A,Ｃｈｏｒｄｉａ　Ｔｈｅｒａｐｅｕｔｉｃｓ,グロース（内国株式）,20261006
1911,住友林業,プライム（内国株式）,20261006
1914,日本基礎技術,スタンダード（内国株式）,20261006
1921,巴コーポレーション,スタンダード（内国株式）,20261006
1925,大和ハウス工業,プライム（内国株式）,20261006
1926,ライト工業,プライム（内国株式）,20261006
1928,積水ハウス,プライム（内国株式）,20261006
1929,日特建設,プライム（内国株式）,20261006
192A,インテグループ,グロース（内国株式）,20261006
1930,北陸電気工事,プライム（内国株式）,20261006
1934,ユアテック,プライム（内国株式）,20261006
1938,日本リーテック,プライム（内国株式）,20261006
1939,四電工,プライム（内国株式）,20261006
1941,中電工,プライム（内国株式）,20261006
1942,関電工,プライム（内国株式）,20261006
1944,きんでん,プライム（内国株式）,20261006
1945,東京エネシス,プライム（内国株式）,20261006
1946,トーエネック,プライム（内国株式）,20261006
194A,ＷＯＬＶＥＳ　ＨＡＮＤ,グロース（内国株式）,20261006
1950,日本電設工業,プライム（内国株式）,20261006
1951,エクシオグループ,プライム（内国株式）,20261006
1952,新日本空調,プライム（内国株式）,20261006
1959,クラフティア,プライム（内国株式）,20261006
195A,ＭＵＳＣＡＴ　ＧＲＯＵＰ,グロース（内国株式）,20261006
1960,サンテック,スタンダード（内国株式）,20261006
1961,三機工業,プライム（内国株式）,20261006
1963,日揮ホールディングス,プライム（内国株式）,20261006
1964,中外炉工業,プライム（内国株式）,20261006
1965,テクノ菱和,スタンダード（内国株式）,20261006
1966,高田工業所,スタンダード（内国株式）,20261006
1967,ヤマト,スタンダード（内国株式）,20261006
1968,太平電業,プライム（内国株式）,20261006
1969,高砂熱学工業,プライム（内国株式）,20261006
196A,ＭＦＳ,グロース（内国株式）,20261006
1972,三晃金属工業,スタンダード（内国株式）,20261006
1975,朝日工業社,プライム（内国株式）,20261006
1976,明星工業,プライム（内国株式）,20261006
1979,大氣社,プライム（内国株式）,20261006
197A,タウンズ,スタンダード（内国株式）,20261006
1980,ダイダン,プライム（内国株式）,20261006
1981,協和日成,スタンダード（内国株式）,20261006
1982,日比谷総合設備,プライム（内国株式）,20261006
198A,ＰｏｓｔＰｒｉｍｅ,グロース（内国株式）,20261006
1992,神田通信機,スタンダード（内国株式）,20261006
1994,高橋カーテンウォール工業,スタンダード（内国株式）,20261006
1997,暁飯島工業,スタンダード（内国株式）,20261006
199A,メディエア,PRO Market,20261006
2001,ニップン,プライム（内国株式）,20261006
2002,日清製粉グループ本社,プライム（内国株式）,20261006
2003,日東富士製粉,スタンダード（内国株式）,20261006
2004,昭和産業,プライム（内国株式）,20261006
2009,鳥越製粉,スタンダード（内国株式）,20261006
200A,ＮＥＸＴ　ＦＵＮＤＳ　日経半導体株指数連動型上場投信,ETF・ETN,20261006
2011,ＳＭＤＡＭ　Ａｃｔｉｖｅ　ＥＴＦ　日本高配当株式,ETF・ETN,20261006
2012,ｉシェアーズ　米国債０－３ヶ月　ＥＴＦ,ETF・ETN,20261006
2013,ｉシェアーズ　米国高配当株　ＥＴＦ,ETF・ETN,20261006
2014,ｉシェアーズ　米国連続増配株　ＥＴＦ,ETF・ETN,20261006
2015,ｉＦｒｅｅＥＴＦ　米国国債７－１０年（為替ヘッジなし）,ETF・ETN,20261006
2016,ｉＦｒｅｅＥＴＦ　米国国債７－１０年（為替ヘッジあり）,ETF・ETN,20261006
2017,ｉＦｒｅｅＥＴＦ　ＪＰＸプライム１５０,ETF・ETN,20261006
2018,グローバルＸ　ＵＳ　ＲＥＩＴ・トップ２０　ＥＴＦ,ETF・ETN,20261006
2019,グローバルＸ　米国優先証券　ＥＴＦ（隔月分配型）,ETF・ETN,20261006
201A,ｉシェアーズ　Ｎｉｆｔｙ　５０　インド株　ＥＴＦ,ETF・ETN,20261006
2031,ＮＥＸＴ　ＮＯＴＥＳ　香港ハンセン・ダブル・ブル　ＥＴＮ,ETF・ETN,20261006
2032,ＮＥＸＴ　ＮＯＴＥＳ　香港ハンセン・ベア　ＥＴＮ,ETF・ETN,20261006
2033,ＮＥＸＴ　ＮＯＴＥＳ　韓国ＫＯＳＰＩ・ダブル・ブル　ＥＴＮ,ETF・ETN,20261006
2034,ＮＥＸＴ　ＮＯＴＥＳ　韓国ＫＯＳＰＩ・ベア　ＥＴＮ,ETF・ETN,20261006
2036,ＮＥＸＴ　ＮＯＴＥＳ　金先物　ダブル・ブル　ＥＴＮ,ETF・ETN,20261006
2037,ＮＥＸＴ　ＮＯＴＥＳ　金先物　ベア　ＥＴＮ,ETF・ETN,20261006
2038,ＮＥＸＴ　ＮＯＴＥＳ　ドバイ原油先物　ダブル・ブル　ＥＴＮ,ETF・ETN,20261006
2039,ＮＥＸＴ　ＮＯＴＥＳ　ドバイ原油先物　ベア　ＥＴＮ,ETF・ETN,20261006
203A,シュンビン,PRO Market,20261006
2040,ＮＥＸＴ　ＮＯＴＥＳ　ＮＹダウ・ダブル・ブル・ドルヘッジ　ＥＴＮ,ETF・ETN,20261006
2041,ＮＥＸＴ　ＮＯＴＥＳ　ＮＹダウ・ベア・ドルヘッジ　ＥＴＮ,ETF・ETN,20261006
2042,ＮＥＸＴ　ＮＯＴＥＳ　東証グロース市場２５０　ＥＴＮ,ETF・ETN,20261006
2043,ＮＥＸＴ　ＮＯＴＥＳ　ＳＴＯＸＸ　アセアン好配当５０（円、ネットリターン）ＥＴＮ,ETF・ETN,20261006
2044,ＮＥＸＴ　ＮＯＴＥＳ　Ｓ＆Ｐ５００　配当貴族（ネットリターン）　ＥＴＮ,ETF・ETN,20261006
2045,ＮＥＸＴ　ＮＯＴＥＳ　Ｓ＆Ｐ　シンガポール　リート（ネットリターン）　ＥＴＮ,ETF・ETN,20261006
2046,ＮＥＸＴ　ＮＯＴＥＳ　インドＮｉｆｔｙ・ダブル・ブル　ＥＴＮ,ETF・ETN,20261006
2047,ＮＥＸＴ　ＮＯＴＥＳ　インドＮｉｆｔｙ・ベア　ＥＴＮ,ETF・ETN,20261006
2048,ＮＥＸＴ　ＮＯＴＥＳ　野村日本株高配当７０（ドルヘッジ、ネットリターン）ＥＴＮ,ETF・ETN,20261006
204A,タイヨーパッケージ,PRO Market,20261006
2050,ＮＥＸＴ　ＮＯＴＥＳ　ニッチトップ　中小型日本株（ネットリターン）ＥＴＮ,ETF・ETN,20261006
2053,中部飼料,プライム（内国株式）,20261006
2055,日和産業,スタンダード（内国株式）,20261006
205A,ロゴスホールディングス,グロース（内国株式）,20261006
2060,フィード・ワン,プライム（内国株式）,20261006
2065,ＮＥＸＴ　ＮＯＴＥＳ　日本株配当貴族（ドルヘッジ、ネットリターン）ＥＴＮ,ETF・ETN,20261006
2066,ＮＥＸＴ　ＮＯＴＥＳ　東証ＲＥＩＴ（ドルヘッジ、ネットリターン）ＥＴＮ,ETF・ETN,20261006
2067,ＮＥＸＴ　ＮＯＴＥＳ　野村ＡＩビジネス７０（ネットリターン）ＥＴＮ,ETF・ETN,20261006
2068,ＮＥＸＴ　ＮＯＴＥＳ　高ベータ３０（ネットリターン）ＥＴＮ,ETF・ETN,20261006
2069,ＮＥＸＴ　ＮＯＴＥＳ　低ベータ５０（ネットリターン）ＥＴＮ,ETF・ETN,20261006
206A,ＰＲＩＳＭ　ＢｉｏＬａｂ,グロース（内国株式）,20261006
2070,スマートＥＳＧ３０女性活躍（ネットリターン）ＥＴＮ,ETF・ETN,20261006
2071,スマートＥＳＧ３０総合（ネットリターン）ＥＴＮ,ETF・ETN,20261006
2072,トップシェアインデックス（ネットリターン）ＥＴＮ,ETF・ETN,20261006
2073,スマートＥＳＧ３０低カーボンリスク（ネットリターン）ＥＴＮ,ETF・ETN,20261006
207A,ライジングコーポレーション,PRO Market,20261006
2080,ＰＢＲ１倍割れ解消推進ＥＴＦ,ETF・ETN,20261006
2081,政策保有解消推進ＥＴＦ,ETF・ETN,20261006
2082,投資家経営者一心同体ＥＴＦ,ETF・ETN,20261006
2083,ＮＥＸＴ　ＦＵＮＤＳ　日本成長株アクティブ上場投信,ETF・ETN,20261006
2084,ＮＥＸＴ　ＦＵＮＤＳ　日本高配当株アクティブ上場投信,ETF・ETN,20261006
2085,ＭＡＸＩＳ高配当日本株アクティブ上場投信,ETF・ETN,20261006
2086,ＮＺＡＭ　上場投信　Ｓ＆Ｐ５００（為替ヘッジあり）,ETF・ETN,20261006
2087,ＮＺＡＭ　上場投信　ＮＡＳＤＡＱ１００（為替ヘッジあり）,ETF・ETN,20261006
2088,ＮＺＡＭ　上場投信　ＮＹダウ３０（為替ヘッジあり）,ETF・ETN,20261006
2089,ＮＺＡＭ　上場投信　ＤＡＸ（為替ヘッジあり）,ETF・ETN,20261006
208A,構造計画研究所ホールディングス,スタンダード（内国株式）,20261006
2090,ＮＺＡＭ　上場投信　米国国債７－１０年（為替ヘッジあり）,ETF・ETN,20261006
2091,ＮＺＡＭ　上場投信　ドイツ国債７－１０年（為替ヘッジあり）,ETF・ETN,20261006
2092,ＮＺＡＭ　上場投信　フランス国債７－１０年（為替ヘッジあり）,ETF・ETN,20261006
2093,上場Ｔｒａｃｅｒｓ　米国債０－２年ラダー（為替ヘッジなし）,ETF・ETN,20261006
2094,東証ＲＥＩＴインバースＥＴＦ,ETF・ETN,20261006
2095,グローバルＸ　Ｓ＆Ｐ５００配当貴族　ＥＴＦ（為替ヘッジあり）,ETF・ETN,20261006
2096,グローバルＸ　オフィス・Ｊ－ＲＥＩＴ　ＥＴＦ,ETF・ETN,20261006
2097,グローバルＸ　レジデンシャル・Ｊ－ＲＥＩＴ　ＥＴＦ,ETF・ETN,20261006
2098,グローバルＸ　ホテル＆リテール・Ｊ－ＲＥＩＴ　ＥＴＦ,ETF・ETN,20261006
209A,小野谷機工,PRO Market,20261006
2108,日本甜菜製糖,プライム（内国株式）,20261006
2109,ＤＭ三井製糖,プライム（内国株式）,20261006
210A,ｉＦｒｅｅＥＴＦ　日経高利回りＲＥＩＴ指数,ETF・ETN,20261006
2112,塩水港精糖,スタンダード（内国株式）,20261006
2114,フジ日本,スタンダード（内国株式）,20261006
2117,ウェルネオシュガー,プライム（内国株式）,20261006
211A,カドス・コーポレーション,スタンダード（内国株式）,20261006
2120,ＬＩＦＵＬＬ,プライム（内国株式）,20261006
2121,ＭＩＸＩ,プライム（内国株式）,20261006
2122,インタースペース,スタンダード（内国株式）,20261006
2124,ジェイエイシーリクルートメント,プライム（内国株式）,20261006
2127,日本Ｍ＆Ａセンターホールディングス,プライム（内国株式）,20261006
212A,フィットイージー,プライム（内国株式）,20261006
2130,メンバーズ,プライム（内国株式）,20261006
2134,北浜キャピタルパートナーズ,スタンダード（内国株式）,20261006
2136,ヒップ,スタンダード（内国株式）,20261006
2138,クルーズ,スタンダード（内国株式）,20261006
2139,中広,スタンダード（内国株式）,20261006
213A,上場インデックスファンド日経半導体株,ETF・ETN,20261006
2146,ＵＴグループ,プライム（内国株式）,20261006
2148,アイティメディア,プライム（内国株式）,20261006
2152,幼児活動研究会,スタンダード（内国株式）,20261006
2153,Ｅ・Ｊホールディングス,プライム（内国株式）,20261006
2154,オープンアップグループ,プライム（内国株式）,20261006
2156,セーラー広告,スタンダード（内国株式）,20261006
2157,コシダカホールディングス,プライム（内国株式）,20261006
2158,ＦＲＯＮＴＥＯ,グロース（内国株式）,20261006
215A,タイミー,グロース（内国株式）,20261006
2160,ジーエヌアイグループ,グロース（内国株式）,20261006
2163,アルトナー,プライム（内国株式）,20261006
2164,地域新聞社,スタンダード（内国株式）,20261006
2168,パソナグループ,プライム（内国株式）,20261006
2169,ＣＤＳ,スタンダード（内国株式）,20261006
216A,ライフクリエイト,PRO Market,20261006
2170,リンクアンドモチベーション,プライム（内国株式）,20261006
2173,博展,グロース（内国株式）,20261006
2175,エス・エム・エス,プライム（内国株式）,20261006
2179,成学社,スタンダード（内国株式）,20261006
217A,サポート,PRO Market,20261006
2181,パーソルホールディングス,プライム（内国株式）,20261006
2183,リニカル,スタンダード（内国株式）,20261006
2185,シイエム・シイ,スタンダード（内国株式）,20261006
2186,ソーバル,スタンダード（内国株式）,20261006
218A,Ｌｉｂｅｒａｗａｒｅ,グロース（内国株式）,20261006
2193,クックパッド,スタンダード（内国株式）,20261006
2195,アミタホールディングス,グロース（内国株式）,20261006
2198,アイ・ケイ・ケイホールディングス,プライム（内国株式）,20261006
219A,Ｈｅａｒｔｓｅｅｄ,グロース（内国株式）,20261006
2201,森永製菓,プライム（内国株式）,20261006
2204,中村屋,スタンダード（内国株式）,20261006
2206,江崎グリコ,プライム（内国株式）,20261006
2207,ｍｅｉｔｏ,プライム（内国株式）,20261006
2208,ブルボン,スタンダード（内国株式）,20261006
2209,井村屋グループ,プライム（内国株式）,20261006
220A,Ｆａｂｅｒ　Ｃｏｍｐａｎｙ,スタンダード（内国株式）,20261006
2211,不二家,プライム（内国株式）,20261006
2212,山崎製パン,プライム（内国株式）,20261006
2215,第一屋製パン,スタンダード（内国株式）,20261006
2216,カンロ,スタンダード（内国株式）,20261006
2217,モロゾフ,プライム（内国株式）,20261006
221A,ＭＡＸＩＳ日経半導体株上場投信,ETF・ETN,20261006
2220,亀田製菓,プライム（内国株式）,20261006
2221,岩塚製菓,スタンダード（内国株式）,20261006
2222,寿スピリッツ,プライム（内国株式）,20261006
2224,コモ,スタンダード（内国株式）,20261006
2226,湖池屋,スタンダード（内国株式）,20261006
2229,カルビー,プライム（内国株式）,20261006
222A,ＮＩＣＳ,PRO Market,20261006
2235,上場インデックスファンド米国株式（ダウ平均）為替ヘッジなし,ETF・ETN,20261006
2236,グローバルＸ　Ｓ＆Ｐ５００配当貴族ＥＴＦ,ETF・ETN,20261006
2237,ｉＦｒｅｅＥＴＦ　Ｓ＆Ｐ５００レバレッジ,ETF・ETN,20261006
2238,ｉＦｒｅｅＥＴＦ　Ｓ＆Ｐ５００インバース,ETF・ETN,20261006
2239,上場インデックスファンドＳ＆Ｐ５００先物レバレッジ２倍,ETF・ETN,20261006
223A,グローバルＸ　ＡＩ＆ビッグデータ　ＥＴＦ,ETF・ETN,20261006
2240,上場インデックスファンドＳ＆Ｐ５００先物インバース,ETF・ETN,20261006
2241,ＭＡＸＩＳ　ＮＹダウ上場投信,ETF・ETN,20261006
2242,ＭＡＸＩＳ　ＮＹダウ上場投信（為替ヘッジあり）,ETF・ETN,20261006
2243,グローバルＸ　半導体　ＥＴＦ,ETF・ETN,20261006
2244,グローバルＸ　ＵＳ　テック・トップ２０　ＥＴＦ,ETF・ETN,20261006
2245,ＮＥＸＴ　ＦＵＮＤＳ　ブルームバーグ・ドイツ国債（７－１０年）インデックス（為替ヘッジあり）連動型上場投信,ETF・ETN,20261006
2247,ｉＦｒｅｅＥＴＦ　Ｓ＆Ｐ５００（為替ヘッジなし）,ETF・ETN,20261006
2248,ｉＦｒｅｅＥＴＦ　Ｓ＆Ｐ５００（為替ヘッジあり）,ETF・ETN,20261006
2249,ｉＦｒｅｅＥＴＦ　Ｓ＆Ｐ５００ダブルインバース,ETF・ETN,20261006
224A,グローバルＸ　ウラニウムビジネス　ＥＴＦ,ETF・ETN,20261006
2250,ｉシェアーズ　ＭＳＣＩ　ジャパン気候変動アクション　ＥＴＦ,ETF・ETN,20261006
2251,ＮＥＸＴ　ＦＵＮＤＳ　ＪＰＸ国債先物ダブルインバース指数連動型上場投信,ETF・ETN,20261006
2252,グローバルＸ　Ｍｏｒｎｉｎｇｓｔａｒ　米国中小型　Ｍｏａｔ　ＥＴＦ,ETF・ETN,20261006
2253,グローバルＸ　スーパーディビィデンド－ＵＳ　ＥＴＦ,ETF・ETN,20261006
2254,グローバルＸ　チャイナＥＶ＆バッテリー　ＥＴＦ,ETF・ETN,20261006
2255,ｉシェアーズ　米国債２０年超　ＥＴＦ,ETF・ETN,20261006
2256,ｉシェアーズ　米国総合債券　ＥＴＦ,ETF・ETN,20261006
2257,ｉシェアーズ　米ドル建て投資適格社債　ＥＴＦ,ETF・ETN,20261006
2258,ｉシェアーズ　米ドル建てハイイールド社債　ＥＴＦ,ETF・ETN,20261006
2259,ｉシェアーズ　フランス国債７－１０年　ＥＴＦ（為替ヘッジあり）,ETF・ETN,20261006
2264,森永乳業,プライム（内国株式）,20261006
2266,六甲バター,プライム（内国株式）,20261006
2267,ヤクルト本社,プライム（内国株式）,20261006
2268,Ｂ－Ｒ　サーティワン　アイスクリーム,スタンダード（内国株式）,20261006
2269,明治ホールディングス,プライム（内国株式）,20261006
226A,勝美ジャパン,PRO Market,20261006
2270,雪印メグミルク,プライム（内国株式）,20261006
227A,ＩＮＳＩＧＨＴ　ＬＡＢ,PRO Market,20261006
2281,プリマハム,プライム（内国株式）,20261006
2282,日本ハム,プライム（内国株式）,20261006
2286,林兼産業,スタンダード（内国株式）,20261006
2288,丸大食品,プライム（内国株式）,20261006
228A,オプロ,グロース（内国株式）,20261006
2291,福留ハム,スタンダード（内国株式）,20261006
2292,Ｓ　Ｆｏｏｄｓ,プライム（内国株式）,20261006
2293,滝沢ハム,スタンダード（内国株式）,20261006
2294,柿安本店,プライム（内国株式）,20261006
2296,伊藤ハム米久ホールディングス,プライム（内国株式）,20261006
229A,アスミホールディングス,PRO Market,20261006
2300,きょくとう,スタンダード（内国株式）,20261006
2301,学情,プライム（内国株式）,20261006
2303,ドーン,スタンダード（内国株式）,20261006
2304,ＣＳＳホールディングス,スタンダード（内国株式）,20261006
2305,スタジオアリス,スタンダード（内国株式）,20261006
2307,クロスキャット,プライム（内国株式）,20261006
2311,エプコ,スタンダード（内国株式）,20261006
2315,ＣＡＩＣＡ　ＤＩＧＩＴＡＬ,スタンダード（内国株式）,20261006
2317,システナ,プライム（内国株式）,20261006
2321,ソフトフロントホールディングス,グロース（内国株式）,20261006
2323,ｆｏｎｆｕｎ,スタンダード（内国株式）,20261006
2325,ＮＪＳ,プライム（内国株式）,20261006
2326,デジタルアーツ,プライム（内国株式）,20261006
2327,日鉄ソリューションズ,プライム（内国株式）,20261006
2329,東北新社,スタンダード（内国株式）,20261006
2330,フォーサイド,スタンダード（内国株式）,20261006
2331,ＡＬＳＯＫ,プライム（内国株式）,20261006
2332,クエスト,スタンダード（内国株式）,20261006
2334,イオレ,グロース（内国株式）,20261006
2335,キューブシステム,プライム（内国株式）,20261006
2337,いちご,プライム（内国株式）,20261006
2338,クオンタムソリューションズ,スタンダード（内国株式）,20261006
233A,ｉＦｒｅｅＥＴＦ　インドＮｉｆｔｙ５０,ETF・ETN,20261006
2340,極楽湯ホールディングス,スタンダード（内国株式）,20261006
2341,アルバイトタイムス,スタンダード（内国株式）,20261006
2342,トランスジェニックグループ,スタンダード（内国株式）,20261006
2345,ＨＯＤＬ１,スタンダード（内国株式）,20261006
2349,エヌアイデイ,スタンダード（内国株式）,20261006
234A,グローバルＸ　ＭＳＣＩ　キャッシュフローキング－日本株式　ＥＴＦ,ETF・ETN,20261006
2351,ＡＳＪ,スタンダード（内国株式）,20261006
2353,日本駐車場開発,プライム（内国株式）,20261006
2354,ＹＥ　ＤＩＧＩＴＡＬ,スタンダード（内国株式）,20261006
2359,コア,プライム（内国株式）,20261006
235A,グローバルＸ　高配当３０－日本株式　ＥＴＦ,ETF・ETN,20261006
236A,ｉシェアーズ　日本国債７－１０年　ＥＴＦ,ETF・ETN,20261006
2370,メディネット,グロース（内国株式）,20261006
2371,カカクコム,プライム（内国株式）,20261006
2373,ケア２１,スタンダード（内国株式）,20261006
2375,ギグワークス,スタンダード（内国株式）,20261006
2376,サイネックス,スタンダード（内国株式）,20261006
2378,ルネサンス,プライム（内国株式）,20261006
2379,ディップ,プライム（内国株式）,20261006
237A,ｉシェアーズ　米国債２５年超　ロングデュレーション　ＥＴＦ,ETF・ETN,20261006
2384,ＳＢＳホールディングス,プライム（内国株式）,20261006
2385,総医研ホールディングス,グロース（内国株式）,20261006
2388,ウェッジホールディングス,グロース（内国株式）,20261006
238A,ｉシェアーズ　米国債２５年超　ロングデュレーション　ＥＴＦ（為替ヘッジあり）,ETF・ETN,20261006
2391,プラネット,スタンダード（内国株式）,20261006
2393,日本ケアサプライ,スタンダード（内国株式）,20261006
2395,新日本科学,プライム（内国株式）,20261006
239A,バレッグス,PRO Market,20261006
2404,鉄人化ホールディングス,スタンダード（内国株式）,20261006
2408,ＫＧ情報,スタンダード（内国株式）,20261006
2410,キャリアデザインセンター,プライム（内国株式）,20261006
2411,ゲンダイエージェンシー,スタンダード（内国株式）,20261006
2413,エムスリー,プライム（内国株式）,20261006
2415,ヒューマンホールディングス,スタンダード（内国株式）,20261006
2418,ツカダ・グローバルホールディング,スタンダード（内国株式）,20261006
241A,ＲＯＸＸ,グロース（内国株式）,20261006
2424,ブラス,スタンダード（内国株式）,20261006
2425,ケアサービス,スタンダード（内国株式）,20261006
2428,ウェルネット,スタンダード（内国株式）,20261006
2429,ワールドホールディングス,プライム（内国株式）,20261006
2432,ディー・エヌ・エー,プライム（内国株式）,20261006
2433,博報堂ＤＹホールディングス,プライム（内国株式）,20261006
2435,シダー,スタンダード（内国株式）,20261006
2436,共同ピーアール,スタンダード（内国株式）,20261006
2437,Ｓｈｉｎｗａ　Ｗｉｓｅ　Ｈｏｌｄｉｎｇｓ,スタンダード（内国株式）,20261006
2438,アスカネット,グロース（内国株式）,20261006
243A,トップス,PRO Market,20261006
2440,ぐるなび,スタンダード（内国株式）,20261006
2445,タカミヤ,スタンダード（内国株式）,20261006
2449,プラップジャパン,スタンダード（内国株式）,20261006
244A,グロースエクスパートナーズ,グロース（内国株式）,20261006
2452,コンピュータマインド,PRO Market,20261006
2454,オールアバウト,スタンダード（内国株式）,20261006
2459,アウンコンサルティング,スタンダード（内国株式）,20261006
245A,ＩＮＧＳ,グロース（内国株式）,20261006
2461,ファンコミュニケーションズ,プライム（内国株式）,20261006
2462,ライク,プライム（内国株式）,20261006
2464,Ａｏｂａ‐ＢＢＴ,スタンダード（内国株式）,20261006
2469,ヒビノ,スタンダード（内国株式）,20261006
246A,アスア,グロース（内国株式）,20261006
2471,エスプール,プライム（内国株式）,20261006
2475,ＷＤＢホールディングス,プライム（内国株式）,20261006
2477,手間いらず,スタンダード（内国株式）,20261006
2479,ジェイテック,スタンダード（内国株式）,20261006
247A,Ａｉロボティクス,グロース（内国株式）,20261006
2480,システム・ロケーション,スタンダード（内国株式）,20261006
2481,タウンニュース社,スタンダード（内国株式）,20261006
2483,翻訳センター,スタンダード（内国株式）,20261006
2484,出前館,スタンダード（内国株式）,20261006
2485,ティア,スタンダード（内国株式）,20261006
2488,ＪＴＰ,スタンダード（内国株式）,20261006
2489,アドウェイズ,スタンダード（内国株式）,20261006
248A,キッズスター,グロース（内国株式）,20261006
2491,バリューコマース,プライム（内国株式）,20261006
2492,インフォマート,プライム（内国株式）,20261006
2493,イーサポートリンク,スタンダード（内国株式）,20261006
2497,ユナイテッド,グロース（内国株式）,20261006
2498,オリエンタルコンサルタンツホールディングス,スタンダード（内国株式）,20261006
2499,日本和装ホールディングス,スタンダード（内国株式）,20261006
249A,ヒューマンアジャスト,PRO Market,20261006
2501,サッポロビール,プライム（内国株式）,20261006
2502,アサヒグループホールディングス,プライム（内国株式）,20261006
2503,キリンホールディングス,プライム（内国株式）,20261006
250A,シマダヤ,スタンダード（内国株式）,20261006
2510,ＮＥＸＴ　ＦＵＮＤＳ　国内債券・ＮＯＭＵＲＡ－ＢＰＩ総合連動型上場投信,ETF・ETN,20261006
2511,ＮＥＸＴ　ＦＵＮＤＳ　外国債券・ＦＴＳＥ世界国債インデックス（除く日本・為替ヘッジなし）連動型上場投信,ETF・ETN,20261006
2512,ＮＥＸＴ　ＦＵＮＤＳ　外国債券・ＦＴＳＥ世界国債インデックス（除く日本・為替ヘッジあり）連動型上場投信,ETF・ETN,20261006
2513,ＮＥＸＴ　ＦＵＮＤＳ　外国株式・ＭＳＣＩ－ＫＯＫＵＳＡＩ指数（為替ヘッジなし）連動型上場投信,ETF・ETN,20261006
2514,ＮＥＸＴ　ＦＵＮＤＳ　外国株式・ＭＳＣＩ－ＫＯＫＵＳＡＩ指数（為替ヘッジあり）連動型上場投信,ETF・ETN,20261006
2515,ＮＥＸＴ　ＦＵＮＤＳ　外国ＲＥＩＴ・Ｓ＆Ｐ先進国ＲＥＩＴ指数（除く日本・為替ヘッジなし）連動型上場投信,ETF・ETN,20261006
2516,東証グロース２５０ＥＴＦ,ETF・ETN,20261006
2517,ＭＡＸＩＳ　Ｊリート・コア上場投信,ETF・ETN,20261006
2518,ＮＥＸＴ　ＦＵＮＤＳ　ＭＳＣＩ日本株女性活躍指数（セレクト）連動型上場投信,ETF・ETN,20261006
2519,ＮＥＸＴ　ＦＵＮＤＳ　新興国債券・Ｊ．Ｐ．モルガン・エマージング・マーケット・ボンド・インデックス・プラス（為替ヘッジなし）連動型上場投信,ETF・ETN,20261006
251A,ニューロマジック,PRO Market,20261006
2520,ＮＥＸＴ　ＦＵＮＤＳ　新興国株式・ＭＳＣＩエマージング・マーケット・インデックス（為替ヘッジなし）連動型上場投信,ETF・ETN,20261006
2521,上場インデックスファンド米国株式（Ｓ＆Ｐ５００）為替ヘッジあり,ETF・ETN,20261006
2522,ｉシェアーズ　オートメーション　＆　ロボット　ＥＴＦ,ETF・ETN,20261006
2523,ＭＡＸＩＳトピックス（除く金融）上場投信,ETF・ETN,20261006
2524,ＮＺＡＭ　上場投信　ＴＯＰＩＸ,ETF・ETN,20261006
2525,ＮＺＡＭ　上場投信　日経２２５,ETF・ETN,20261006
2526,ＮＺＡＭ　上場投信　ＪＰＸ日経４００,ETF・ETN,20261006
2527,ＮＺＡＭ　上場投信　東証ＲＥＩＴ　Ｃｏｒｅ指数,ETF・ETN,20261006
2528,ｉＦｒｅｅＥＴＦ　東証ＲＥＩＴ　Ｃｏｒｅ指数,ETF・ETN,20261006
2529,ＮＥＸＴ　ＦＵＮＤＳ　野村株主還元７０連動型上場投信,ETF・ETN,20261006
252A,ウェッジ,PRO Market,20261006
2530,ＭＡＸＩＳ　ＨｕａＡｎ中国株式（上海１８０Ａ株）上場投信,ETF・ETN,20261006
2531,宝ホールディングス,プライム（内国株式）,20261006
2533,オエノンホールディングス,プライム（内国株式）,20261006
253A,ＥＴＳグループ,スタンダード（内国株式）,20261006
254A,ＡＩフュージョンキャピタルグループ,スタンダード（内国株式）,20261006
2552,上場インデックスファンドＪリート（東証ＲＥＩＴ指数）隔月分配型（ミニ）,ETF・ETN,20261006
2553,Ｏｎｅ　ＥＴＦ　南方　中国Ａ株　ＣＳＩ５００,ETF・ETN,20261006
2554,ＮＥＸＴ　ＦＵＮＤＳ　ブルームバーグ米国投資適格社債（１－１０年）インデックス（為替ヘッジあり）連動型上場投信,ETF・ETN,20261006
2555,東証ＲＥＩＴ　ＥＴＦ,ETF・ETN,20261006
2556,Ｏｎｅ　ＥＴＦ　東証ＲＥＩＴ指数,ETF・ETN,20261006
2557,ＳＭＤＡＭ　トピックス上場投信,ETF・ETN,20261006
2558,ＭＡＸＩＳ米国株式（Ｓ＆Ｐ５００）上場投信,ETF・ETN,20261006
2559,ＭＡＸＩＳ全世界株式（オール・カントリー）上場投信,ETF・ETN,20261006
255A,ジーエルテクノホールディングス,スタンダード（内国株式）,20261006
2560,ＭＡＸＩＳカーボン・エフィシェント日本株上場投信,ETF・ETN,20261006
2561,ｉシェアーズ・コア　日本国債　ＥＴＦ,ETF・ETN,20261006
2562,上場インデックスファンド米国株式（ダウ平均）為替ヘッジあり,ETF・ETN,20261006
2563,ｉシェアーズ　Ｓ＆Ｐ　５００　米国株　ＥＴＦ（為替ヘッジあり）,ETF・ETN,20261006
2564,グローバルＸ　ＭＳＣＩスーパーディビィデンド－日本株式　ＥＴＦ,ETF・ETN,20261006
2565,グローバルＸ　ロジスティクス・Ｊ－ＲＥＩＴ　ＥＴＦ,ETF・ETN,20261006
2566,上場インデックスファンド日経ＥＳＧリート,ETF・ETN,20261006
2567,ＮＺＡＭ　上場投信　Ｓ＆Ｐ／ＪＰＸカーボン・エフィシェント指数,ETF・ETN,20261006
2568,上場インデックスファンド米国株式（ＮＡＳＤＡＱ１００）為替ヘッジなし,ETF・ETN,20261006
2569,上場インデックスファンド米国株式（ＮＡＳＤＡＱ１００）為替ヘッジあり,ETF・ETN,20261006
256A,飛島ホールディングス,プライム（内国株式）,20261006
2573,北海道コカ・コーラボトリング,スタンダード（内国株式）,20261006
2579,コカ・コーラ　ボトラーズジャパンホールディングス,プライム（内国株式）,20261006
257A,ＳＭＴ　ＥＴＦ日本株厳選投資アクティブ,ETF・ETN,20261006
2585,ライフドリンク　カンパニー,プライム（内国株式）,20261006
2586,フルッタフルッタ,グロース（内国株式）,20261006
2587,サントリービバレッジ＆フード,プライム（内国株式）,20261006
2588,プレミアムウォーターホールディングス,スタンダード（内国株式）,20261006
258A,ＳＭＴ　ＥＴＦ国内リート厳選投資アクティブ,ETF・ETN,20261006
2590,ダイドーグループホールディングス,プライム（内国株式）,20261006
2593,伊藤園,プライム（内国株式）,20261006
2594,キーコーヒー,プライム（内国株式）,20261006
2597,ユニカフェ,スタンダード（内国株式）,20261006
2602,日清オイリオグループ,プライム（内国株式）,20261006
2607,不二製油,プライム（内国株式）,20261006
2612,かどや製油,スタンダード（内国株式）,20261006
2613,Ｊ－オイルミルズ,プライム（内国株式）,20261006
261A,日水コン,スタンダード（内国株式）,20261006
2620,ｉシェアーズ　米国債１－３年　ＥＴＦ,ETF・ETN,20261006
2621,ｉシェアーズ　米国債２０年超　ＥＴＦ（為替ヘッジあり）,ETF・ETN,20261006
2622,ｉシェアーズ　米ドル建て新興国債券　ＥＴＦ（為替ヘッジあり）,ETF・ETN,20261006
2623,ｉシェアーズ　ユーロ建て投資適格社債　ＥＴＦ（為替ヘッジあり）,ETF・ETN,20261006
2624,ｉＦｒｅｅＥＴＦ　日経２２５（年４回決算型）,ETF・ETN,20261006
2625,ｉＦｒｅｅＥＴＦ　ＴＯＰＩＸ（年４回決算型）,ETF・ETN,20261006
2626,グローバルＸ　デジタル・イノベーション－日本株式　ＥＴＦ,ETF・ETN,20261006
2627,グローバルＸ　ｅコマース－日本株式　ＥＴＦ,ETF・ETN,20261006
2628,ｉＦｒｅｅＥＴＦ　中国科創板５０（ＳＴＡＲ５０）,ETF・ETN,20261006
2629,ｉＦｒｅｅＥＴＦ　中国グレーターベイエリア・イノベーション１００（ＧＢＡ１００）,ETF・ETN,20261006
262A,インターメスティック,プライム（内国株式）,20261006
2630,ＭＡＸＩＳ米国株式（Ｓ＆Ｐ５００）上場投信（為替ヘッジあり）,ETF・ETN,20261006
2631,ＭＡＸＩＳナスダック１００上場投信,ETF・ETN,20261006
2632,ＭＡＸＩＳナスダック１００上場投信（為替ヘッジあり）,ETF・ETN,20261006
2633,ＮＥＸＴ　ＦＵＮＤＳ　Ｓ＆Ｐ　５００　指数（為替ヘッジなし）連動型上場投信,ETF・ETN,20261006
2634,ＮＥＸＴ　ＦＵＮＤＳ　Ｓ＆Ｐ　５００　指数（為替ヘッジあり）連動型上場投信,ETF・ETN,20261006
2636,グローバルＸ　ＭＳＣＩ　ガバナンス・クオリティ－日本株式　ＥＴＦ,ETF・ETN,20261006
2637,グローバルＸ　クリーンテック－日本株式　ＥＴＦ,ETF・ETN,20261006
2638,グローバルＸ　ロボティクス＆ＡＩ－日本株式　ＥＴＦ,ETF・ETN,20261006
2639,グローバルＸ　バイオ＆メドテック－日本株式　ＥＴＦ,ETF・ETN,20261006
263A,デジタルキューブ,PRO Market,20261006
2640,グローバルＸ　ゲーム＆アニメ－日本株式　ＥＴＦ,ETF・ETN,20261006
2641,グローバルＸ　グローバルリーダーズ－日本株式　ＥＴＦ,ETF・ETN,20261006
2642,ＳＭＴ　ＥＴＦカーボン・エフィシェント日本株,ETF・ETN,20261006
2644,グローバルＸ　半導体関連－日本株式　ＥＴＦ,ETF・ETN,20261006
2645,グローバルＸ　レジャー＆エンターテインメント－日本株式　ＥＴＦ,ETF・ETN,20261006
2646,グローバルＸ　メタルビジネス－日本株式　ＥＴＦ,ETF・ETN,20261006
2647,ＮＥＸＴ　ＦＵＮＤＳ　ブルームバーグ米国国債（７－１０年）インデックス（為替ヘッジなし）連動型上場投信,ETF・ETN,20261006
2648,ＮＥＸＴ　ＦＵＮＤＳ　ブルームバーグ米国国債（７－１０年）インデックス（為替ヘッジあり）連動型上場投信,ETF・ETN,20261006
2649,ｉシェアーズ　米国政府系機関ジニーメイＭＢＳ　ＥＴＦ（為替ヘッジあり）,ETF・ETN,20261006
264A,Ｓｃｈｏｏ,グロース（内国株式）,20261006
2652,まんだらけ,スタンダード（内国株式）,20261006
2653,イオン九州,スタンダード（内国株式）,20261006
2654,アスモ,スタンダード（内国株式）,20261006
2656,ベクターホールディングス,スタンダード（内国株式）,20261006
2659,サンエー,プライム（内国株式）,20261006
265A,Ｈｍｃｏｍｍ,グロース（内国株式）,20261006
2664,カワチ薬品,プライム（内国株式）,20261006
2666,オートウェーブ,スタンダード（内国株式）,20261006
2667,イメージ　ワン,スタンダード（内国株式）,20261006
2668,タビオ,スタンダード（内国株式）,20261006
2669,カネ美食品,スタンダード（内国株式）,20261006
266A,グローカルマーケティング,PRO Market,20261006
2670,エービーシー・マート,プライム（内国株式）,20261006
2673,夢みつけ隊,スタンダード（内国株式）,20261006
2674,ハードオフコーポレーション,プライム（内国株式）,20261006
2676,高千穂交易,プライム（内国株式）,20261006
2678,アスクル,プライム（内国株式）,20261006
267A,トワライズ,PRO Market,20261006
2681,ゲオホールディングス,プライム（内国株式）,20261006
2683,ＵＯＧｒｏｕｐ,スタンダード（内国株式）,20261006
2685,アンドエスティＨＤ,プライム（内国株式）,20261006
2687,シー・ヴイ・エス・ベイエリア,スタンダード（内国株式）,20261006
2689,オルバディーブイエックスヘルスケア,スタンダード（内国株式）,20261006
268A,リガク・ホールディングス,プライム（内国株式）,20261006
2693,ＹＫＴ,スタンダード（内国株式）,20261006
2694,焼肉坂井ホールディングス,スタンダード（内国株式）,20261006
2695,くら寿司,プライム（内国株式）,20261006
2698,キャンドゥ,スタンダード（内国株式）,20261006
269A,Ｓａｐｅｅｔ,グロース（内国株式）,20261006
2700,木徳神糧,スタンダード（内国株式）,20261006
2702,日本マクドナルドホールディングス,スタンダード（内国株式）,20261006
2705,大戸屋ホールディングス,スタンダード（内国株式）,20261006
2708,久世,スタンダード（内国株式）,20261006
271A,アクセリア,PRO Market,20261006
2721,ジェイホールディングス,スタンダード（内国株式）,20261006
2722,ＩＫホールディングス,スタンダード（内国株式）,20261006
2726,パルグループホールディングス,プライム（内国株式）,20261006
2730,エディオン,プライム（内国株式）,20261006
2733,あらた,プライム（内国株式）,20261006
2734,サーラコーポレーション,プライム（内国株式）,20261006
2735,ワッツ,スタンダード（内国株式）,20261006
2736,フェスタリアホールディングス,スタンダード（内国株式）,20261006
2737,トーメンデバイス,プライム（内国株式）,20261006
273A,ＳＢＩ　サウジアラビア株式上場投信,ETF・ETN,20261006
2742,ハローズ,プライム（内国株式）,20261006
2747,北雄ラッキー,スタンダード（内国株式）,20261006
2749,ＪＰホールディングス,プライム（内国株式）,20261006
274A,ガーデン,スタンダード（内国株式）,20261006
2750,石光商事,スタンダード（内国株式）,20261006
2751,テンポスホールディングス,スタンダード（内国株式）,20261006
2752,フジオフードグループ本社,プライム（内国株式）,20261006
2753,あみやき亭,プライム（内国株式）,20261006
2760,東京エレクトロン　デバイス,プライム（内国株式）,20261006
2762,ＳＡＮＫＯ　ＭＡＲＫＥＴＩＮＧ　ＦＯＯＤＳ,スタンダード（内国株式）,20261006
2764,ひらまつ,スタンダード（内国株式）,20261006
2767,円谷フィールズホールディングス,プライム（内国株式）,20261006
2768,双日,プライム（内国株式）,20261006
2769,ヴィレッジヴァンガードコーポレーション,スタンダード（内国株式）,20261006
276A,ククレブ・アドバイザーズ,グロース（内国株式）,20261006
2776,新都ホールディングス,スタンダード（内国株式）,20261006
2778,パレモ・ホールディングス,スタンダード（内国株式）,20261006
277A,グロービング,プライム（内国株式）,20261006
2780,コメ兵ホールディングス,スタンダード（内国株式）,20261006
2782,セリア,スタンダード（内国株式）,20261006
2784,アルフレッサ　ホールディングス,プライム（内国株式）,20261006
2788,アップルインターナショナル,スタンダード（内国株式）,20261006
2789,カルラ,スタンダード（内国株式）,20261006
278A,Ｔｅｒｒａ　Ｄｒｏｎｅ,グロース（内国株式）,20261006
2790,ナフコ,スタンダード（内国株式）,20261006
2791,大黒天物産,プライム（内国株式）,20261006
2792,ハニーズホールディングス,プライム（内国株式）,20261006
2795,日本プリメックス,スタンダード（内国株式）,20261006
2796,ファーマライズホールディングス,スタンダード（内国株式）,20261006
2798,ワイズテーブルコーポレーション,スタンダード（内国株式）,20261006
279A,インターグ,PRO Market,20261006
2801,キッコーマン,プライム（内国株式）,20261006
2802,味の素,プライム（内国株式）,20261006
2804,ブルドックソース,プライム（内国株式）,20261006
2805,ヱスビー食品,スタンダード（内国株式）,20261006
2806,ユタカフーズ,スタンダード（内国株式）,20261006
2809,キユーピー,プライム（内国株式）,20261006
280A,ＴＭＨ,グロース（内国株式）,20261006
2810,ハウス食品グループ本社,プライム（内国株式）,20261006
2811,カゴメ,プライム（内国株式）,20261006
2813,和弘食品,スタンダード（内国株式）,20261006
2814,佐藤食品工業,スタンダード（内国株式）,20261006
2815,アリアケジャパン,プライム（内国株式）,20261006
2816,ダイショー,スタンダード（内国株式）,20261006
2818,ピエトロ,スタンダード（内国株式）,20261006
2819,エバラ食品工業,スタンダード（内国株式）,20261006
281A,インフォメティス,グロース（内国株式）,20261006
2820,やまみ,スタンダード（内国株式）,20261006
282A,グローバルＸ　半導体・トップ１０－日本株式　ＥＴＦ,ETF・ETN,20261006
2831,はごろもフーズ,スタンダード（内国株式）,20261006
2836,グローバルＸ　フィンテック－日本株式　ＥＴＦ,ETF・ETN,20261006
2837,グローバルＸ　中小型リーダーズ－日本株式　ＥＴＦ,ETF・ETN,20261006
2838,ＭＡＸＩＳ米国国債７－１０年上場投信（為替ヘッジなし）,ETF・ETN,20261006
2839,ＭＡＸＩＳ米国国債７－１０年上場投信（為替ヘッジあり）,ETF・ETN,20261006
283A,グローバルＸ　ＵＳ　テック・配当貴族　ＥＴＦ,ETF・ETN,20261006
2840,ｉＦｒｅｅＥＴＦ　ＮＡＳＤＡＱ１００（為替ヘッジなし）,ETF・ETN,20261006
2841,ｉＦｒｅｅＥＴＦ　ＮＡＳＤＡＱ１００（為替ヘッジあり）,ETF・ETN,20261006
2842,ｉＦｒｅｅＥＴＦ　ＮＡＳＤＡＱ１００インバース,ETF・ETN,20261006
2843,上場インデックスファンド豪州国債（為替ヘッジあり）,ETF・ETN,20261006
2844,上場インデックスファンド豪州国債（為替ヘッジなし）,ETF・ETN,20261006
2845,ＮＥＸＴ　ＦＵＮＤＳ　ＮＡＳＤＡＱ－１００（為替ヘッジあり）連動型上場投信,ETF・ETN,20261006
2846,ＮＥＸＴ　ＦＵＮＤＳ　ダウ・ジョーンズ工業株３０種平均株価（為替ヘッジあり）連動型上場投信,ETF・ETN,20261006
2847,グローバルＸ　新成長インフラ－日本株式　ＥＴＦ,ETF・ETN,20261006
2848,グローバルＸ　ＭＳＣＩ　気候変動対応－日本株式　ＥＴＦ,ETF・ETN,20261006
2849,グローバルＸ　Ｍｏｒｎｉｎｇｓｔａｒ　高配当　ＥＳＧ－日本株式　ＥＴＦ,ETF・ETN,20261006
284A,フクヤ建設,PRO Market,20261006
2851,ｉシェアーズ　ＭＳＣＩ　ジャパンＳＲＩ　ＥＴＦ,ETF・ETN,20261006
2852,ｉシェアーズ　グリーンＪリート　ＥＴＦ,ETF・ETN,20261006
2853,ｉシェアーズ　気候リスク調整世界国債　ＥＴＦ（除く日本・為替ヘッジあり）,ETF・ETN,20261006
2854,グローバルＸ　テック・トップ２０－日本株式　ＥＴＦ,ETF・ETN,20261006
2855,グローバルＸ　グリーン・Ｊ－ＲＥＩＴ　ＥＴＦ,ETF・ETN,20261006
2856,ｉシェアーズ　米国債３－７年　ＥＴＦ（為替ヘッジあり）,ETF・ETN,20261006
2857,ｉシェアーズ　ドイツ国債　ＥＴＦ（為替ヘッジあり）,ETF・ETN,20261006
2858,グローバルＸ　日経２２５　カバード・コール　ＥＴＦ（プレミアム再投資型）,ETF・ETN,20261006
2859,ＮＥＸＴ　ＦＵＮＤＳ　ユーロ・ストックス５０指数（為替ヘッジあり）連動型上場投信,ETF・ETN,20261006
285A,キオクシアホールディングス,プライム（内国株式）,20261006
2860,ＮＥＸＴ　ＦＵＮＤＳ　ドイツ株式・ＤＡＸ（為替ヘッジあり）連動型上場投信,ETF・ETN,20261006
2861,上場インデックスファンドフランス国債（為替ヘッジなし）,ETF・ETN,20261006
2862,上場インデックスファンドフランス国債（為替ヘッジあり）,ETF・ETN,20261006
2864,グローバルＸ　ロジスティクス・ＲＥＩＴ　ＥＴＦ,ETF・ETN,20261006
2865,グローバルＸ　ＮＡＳＤＡＱ１００・カバード・コール　ＥＴＦ,ETF・ETN,20261006
2866,グローバルＸ　米国優先証券　ＥＴＦ,ETF・ETN,20261006
2867,グローバルＸ　自動運転＆ＥＶ　ＥＴＦ,ETF・ETN,20261006
2868,グローバルＸ　Ｓ＆Ｐ５００・カバード・コール　ＥＴＦ,ETF・ETN,20261006
2869,ｉＦｒｅｅＥＴＦ　ＮＡＳＤＡＱ１００レバレッジ,ETF・ETN,20261006
286A,ユカリア,グロース（内国株式）,20261006
2870,ｉＦｒｅｅＥＴＦ　ＮＡＳＤＡＱ１００ダブルインバース,ETF・ETN,20261006
2871,ニチレイ,プライム（内国株式）,20261006
2872,セイヒョー,スタンダード（内国株式）,20261006
2874,横浜冷凍,プライム（内国株式）,20261006
2875,東洋水産,プライム（内国株式）,20261006
2876,デルソーレ,スタンダード（内国株式）,20261006
2877,日東ベスト,スタンダード（内国株式）,20261006
287A,黒田グループ,スタンダード（内国株式）,20261006
2882,イートアンドホールディングス,プライム（内国株式）,20261006
2883,大冷,スタンダード（内国株式）,20261006
2884,ヨシムラ・フード・ホールディングス,プライム（内国株式）,20261006
288A,ラクサス・テクノロジーズ,グロース（内国株式）,20261006
2892,日本食品化工,スタンダード（内国株式）,20261006
2894,石井食品,スタンダード（内国株式）,20261006
2897,日清食品ホールディングス,プライム（内国株式）,20261006
2901,ウェルディッシュ,スタンダード（内国株式）,20261006
2903,シノブフーズ,スタンダード（内国株式）,20261006
2904,一正蒲鉾,スタンダード（内国株式）,20261006
2907,あじかん,スタンダード（内国株式）,20261006
2908,フジッコ,プライム（内国株式）,20261006
290A,Ｓｙｎｓｐｅｃｔｉｖｅ,グロース（内国株式）,20261006
2910,ロック・フィールド,プライム（内国株式）,20261006
2911,旭松食品,スタンダード（内国株式）,20261006
2914,日本たばこ産業,プライム（内国株式）,20261006
2915,ケンコーマヨネーズ,プライム（内国株式）,20261006
2916,仙波糖化工業,スタンダード（内国株式）,20261006
2917,大森屋,スタンダード（内国株式）,20261006
2918,わらべや日洋ホールディングス,プライム（内国株式）,20261006
291A,リスキル,グロース（内国株式）,20261006
2922,なとり,プライム（内国株式）,20261006
2923,サトウ食品,スタンダード（内国株式）,20261006
2924,イフジ産業,スタンダード（内国株式）,20261006
2926,篠崎屋,スタンダード（内国株式）,20261006
2927,ＡＦＣ－ＨＤアムスライフサイエンス,スタンダード（内国株式）,20261006
2929,ファーマフーズ,プライム（内国株式）,20261006
292A,エスアイイー,PRO Market,20261006
2930,北の達人コーポレーション,プライム（内国株式）,20261006
2931,ユーグレナ,プライム（内国株式）,20261006
2932,ＳＴＩフードホールディングス,スタンダード（内国株式）,20261006
2933,紀文食品,プライム（内国株式）,20261006
2934,ジェイフロンティア,グロース（内国株式）,20261006
2935,ピックルスホールディングス,プライム（内国株式）,20261006
2936,ベースフード,グロース（内国株式）,20261006
2937,サンクゼール,グロース（内国株式）,20261006
2938,オカムラ食品工業,スタンダード（内国株式）,20261006
293A,ＢＡＢＹ　ＪＯＢ,PRO Market,20261006
294A,ＮＥＸＴ　ＦＵＮＤＳ　ＭＳＣＩジャパン気候変動指数（セレクト）連動型上場投信,ETF・ETN,20261006
295A,Ｏｎｅ　ＥＴＦ　ＦＴＳＥ・サウジアラビア・インデックス,ETF・ETN,20261006
2961,日本調理機,スタンダード（内国株式）,20261006
2962,テクニスコ,スタンダード（内国株式）,20261006
296A,令和アカウンティング・ホールディングス,グロース（内国株式）,20261006
2970,ＧＬＣ　ＧＲＯＵＰ,スタンダード（内国株式）,20261006
2971,エスコンジャパンリート投資法人,REIT・ベンチャーファンド・カントリーファンド・インフラファンド,20261006
2972,サンケイリアルエステート投資法人,REIT・ベンチャーファンド・カントリーファンド・インフラファンド,20261006
2975,スター・マイカ・ホールディングス,プライム（内国株式）,20261006
2978,ツクルバ,グロース（内国株式）,20261006
2979,ＳＯＳｉＬＡ物流リート投資法人,REIT・ベンチャーファンド・カントリーファンド・インフラファンド,20261006
297A,アルピコホールディングス,スタンダード（内国株式）,20261006
2980,ＳＲＥホールディングス,プライム（内国株式）,20261006
2981,ランディックス,グロース（内国株式）,20261006
2982,ＡＤワークスグループ,プライム（内国株式）,20261006
2983,アールプランナー,グロース（内国株式）,20261006
2984,ヤマイチエステート,スタンダード（内国株式）,20261006
2985,ファーストステージ,PRO Market,20261006
2986,ＬＡホールディングス,グロース（内国株式）,20261006
2989,東海道リート投資法人,REIT・ベンチャーファンド・カントリーファンド・インフラファンド,20261006
298A,ＧＶＡ　ＴＥＣＨ,グロース（内国株式）,20261006
2990,アイダ設計,PRO Market,20261006
2991,ランドネット,スタンダード（内国株式）,20261006
2992,アーバンライク,PRO Market,20261006
2993,長栄,スタンダード（内国株式）,20261006
2994,アンサーホールディングス,PRO Market,20261006
2995,ジェイレックス・コーポレーション,PRO Market,20261006
2997,ストレージ王,グロース（内国株式）,20261006
2998,クリアル,グロース（内国株式）,20261006
2999,ホームポジション,スタンダード（内国株式）,20261006
299A,クラシル,グロース（内国株式）,20261006
3001,片倉工業,スタンダード（内国株式）,20261006
3002,グンゼ,プライム（内国株式）,20261006
3003,ヒューリック,プライム（内国株式）,20261006
3004,神栄,スタンダード（内国株式）,20261006
300A,ＭＩＣ,スタンダード（内国株式）,20261006
3010,ポラリス・ホールディングス,スタンダード（内国株式）,20261006
3011,バナーズ,スタンダード（内国株式）,20261006
301A,インデックス,PRO Market,20261006
3020,アプライド,スタンダード（内国株式）,20261006
3021,パシフィックネット,スタンダード（内国株式）,20261006
3023,ラサ商事,スタンダード（内国株式）,20261006
3024,クリエイト,スタンダード（内国株式）,20261006
3028,アルペン,プライム（内国株式）,20261006
302A,ビースタイルホールディングス,グロース（内国株式）,20261006
3030,ハブ,スタンダード（内国株式）,20261006
3031,ラクーンホールディングス,プライム（内国株式）,20261006
3034,クオールホールディングス,プライム（内国株式）,20261006
3035,ケイティケイ,スタンダード（内国株式）,20261006
3036,アルコニックス,プライム（内国株式）,20261006
3038,神戸物産,プライム（内国株式）,20261006
303A,ｖｉｓｕｍｏ,グロース（内国株式）,20261006
3040,ソリトンシステムズ,プライム（内国株式）,20261006
3041,ビューティカダンホールディングス,スタンダード（内国株式）,20261006
3042,セキュアヴェイル,スタンダード（内国株式）,20261006
3045,カワサキ,スタンダード（内国株式）,20261006
3046,ジンズホールディングス,プライム（内国株式）,20261006
3048,ビックカメラ,プライム（内国株式）,20261006
304A,フォルシア,グロース（内国株式）,20261006
3050,ＤＣＭホールディングス,プライム（内国株式）,20261006
3053,ペッパーフードサービス,スタンダード（内国株式）,20261006
3054,ハイパー,スタンダード（内国株式）,20261006
3058,三洋堂ホールディングス,スタンダード（内国株式）,20261006
3059,ヒラキ,スタンダード（内国株式）,20261006
305A,ダブルツリー,PRO Market,20261006
3063,ジェイグループホールディングス,グロース（内国株式）,20261006
3064,ＭｏｎｏｔａＲＯ,プライム（内国株式）,20261006
3065,ライフフーズ,スタンダード（内国株式）,20261006
3067,東京一番フーズ,スタンダード（内国株式）,20261006
3068,ＷＤＩ,スタンダード（内国株式）,20261006
3069,ＪＦＬＡホールディングス,スタンダード（内国株式）,20261006
3070,ジェリービーンズグループ,グロース（内国株式）,20261006
3071,ストリーム,スタンダード（内国株式）,20261006
3075,銚子丸,スタンダード（内国株式）,20261006
3076,あい　ホールディングス,プライム（内国株式）,20261006
3077,ホリイフードサービス,スタンダード（内国株式）,20261006
307A,ハウジング・スタッフ,PRO Market,20261006
3080,ジェーソン,スタンダード（内国株式）,20261006
3082,きちりホールディングス,スタンダード（内国株式）,20261006
3083,スターシーズ,スタンダード（内国株式）,20261006
3086,Ｊ．フロント　リテイリング,プライム（内国株式）,20261006
3087,ドトール・日レスホールディングス,プライム（内国株式）,20261006
3088,マツキヨココカラ＆カンパニー,プライム（内国株式）,20261006
3089,テクノアルファ,スタンダード（内国株式）,20261006
308A,ぽすとめいとホールディングス,PRO Market,20261006
3091,ブロンコビリー,プライム（内国株式）,20261006
3092,ＺＯＺＯ,プライム（内国株式）,20261006
3093,トレジャー・ファクトリー,プライム（内国株式）,20261006
3096,オーシャンシステム,スタンダード（内国株式）,20261006
3097,物語コーポレーション,プライム（内国株式）,20261006
3099,三越伊勢丹ホールディングス,プライム（内国株式）,20261006
309A,コスモス調剤,PRO Market,20261006
3101,東洋紡,プライム（内国株式）,20261006
3103,ユニチカ,スタンダード（内国株式）,20261006
3104,富士紡ホールディングス,プライム（内国株式）,20261006
3105,日清紡ホールディングス,プライム（内国株式）,20261006
3106,倉敷紡績,プライム（内国株式）,20261006
3107,ダイワボウホールディングス,プライム（内国株式）,20261006
3109,シキボウ,プライム（内国株式）,20261006
310A,サーティーフォー,PRO Market,20261006
3110,日東紡績,プライム（内国株式）,20261006
3111,オーミケンシ,スタンダード（内国株式）,20261006
3113,ＵＮＩＶＡ・Ｏａｋホールディングス,スタンダード（内国株式）,20261006
3116,トヨタ紡織,プライム（内国株式）,20261006
3121,マーチャント・バンカーズ,スタンダード（内国株式）,20261006
3123,サイボー,スタンダード（内国株式）,20261006
312A,シンコーホールディングス,PRO Market,20261006
3131,シンデン・ハイテックス,スタンダード（内国株式）,20261006
3132,マクニカホールディングス,プライム（内国株式）,20261006
3133,海帆,グロース（内国株式）,20261006
3134,Ｈａｍｅｅ,スタンダード（内国株式）,20261006
3135,マーケットエンタープライズ,スタンダード（内国株式）,20261006
3137,ファンデリー,スタンダード（内国株式）,20261006
3138,富士山マガジンサービス,スタンダード（内国株式）,20261006
3139,ラクト・ジャパン,プライム（内国株式）,20261006
313A,ｉシェアーズ　Ｓ＆Ｐ　５００　トップ　２０　ＥＴＦ,ETF・ETN,20261006
3140,ＢＲＵＮＯ,グロース（内国株式）,20261006
3143,オーウイル,スタンダード（内国株式）,20261006
3148,クリエイトＳＤホールディングス,プライム（内国株式）,20261006
314A,ｉシェアーズ　ゴールド　ＥＴＦ,ETF・ETN,20261006
3150,グリムス,プライム（内国株式）,20261006
3151,バイタルケーエスケー・ホールディングス,プライム（内国株式）,20261006
3153,八洲電機,プライム（内国株式）,20261006
3154,メディアスホールディングス,プライム（内国株式）,20261006
3156,レスター,プライム（内国株式）,20261006
3157,ジオリーブグループ,スタンダード（内国株式）,20261006
3159,丸善ＣＨＩホールディングス,スタンダード（内国株式）,20261006
315A,グローバルＸ　銀行　高配当－日本株式　ＥＴＦ,ETF・ETN,20261006
3160,大光,スタンダード（内国株式）,20261006
3161,アゼアス,スタンダード（内国株式）,20261006
3166,ＯＣＨＩホールディングス,スタンダード（内国株式）,20261006
3167,ＴＯＫＡＩホールディングス,プライム（内国株式）,20261006
3168,ＭＥＲＦ,スタンダード（内国株式）,20261006
3169,ミサワ,スタンダード（内国株式）,20261006
316A,ｉＦｒｅｅＥＴＦ　ＦＡＮＧ＋,ETF・ETN,20261006
3172,ティーライフ,スタンダード（内国株式）,20261006
3173,Ｃｏｍｉｎｉｘ,スタンダード（内国株式）,20261006
3174,ハピネス・アンド・ディ,スタンダード（内国株式）,20261006
3175,エー・ピーホールディングス,スタンダード（内国株式）,20261006
3176,三洋貿易,プライム（内国株式）,20261006
3177,ありがとうサービス,スタンダード（内国株式）,20261006
3178,チムニー,スタンダード（内国株式）,20261006
3179,シュッピン,プライム（内国株式）,20261006
317A,エス・エム・エス・データテック,PRO Market,20261006
3180,ビューティガレージ,プライム（内国株式）,20261006
3181,買取王国,スタンダード（内国株式）,20261006
3182,オイシックス,プライム（内国株式）,20261006
3183,ウイン・パートナーズ,プライム（内国株式）,20261006
3184,ＩＣＤＡホールディングス,スタンダード（内国株式）,20261006
3185,夢展望,グロース（内国株式）,20261006
3186,ネクステージ,プライム（内国株式）,20261006
3187,ミラタップ,グロース（内国株式）,20261006
3189,ＡＮＡＰホールディングス,スタンダード（内国株式）,20261006
318A,ＶＩＸ短期先物指数ＥＴＦ,ETF・ETN,20261006
3190,ホットマン,スタンダード（内国株式）,20261006
3191,ジョイフル本田,プライム（内国株式）,20261006
3192,白鳩,スタンダード（内国株式）,20261006
3193,エターナルホスピタリティグループ,プライム（内国株式）,20261006
3195,ジェネレーションパス,スタンダード（内国株式）,20261006
3196,ホットランドホールディングス,プライム（内国株式）,20261006
3197,すかいらーくホールディングス,プライム（内国株式）,20261006
3199,綿半ホールディングス,プライム（内国株式）,20261006
319A,技術承継機構,グロース（内国株式）,20261006
3201,日本毛織,プライム（内国株式）,20261006
3202,ダイトウボウ,スタンダード（内国株式）,20261006
3204,トーア紡コーポレーション,スタンダード（内国株式）,20261006
3205,ダイドーリミテッド,スタンダード（内国株式）,20261006
320A,Ｄ＆Ｉ,PRO Market,20261006
321A,ヒューマンステージホールディングス,PRO Market,20261006
3221,ヨシックスホールディングス,プライム（内国株式）,20261006
3222,ユナイテッド・スーパーマーケット・ホールディングス,スタンダード（内国株式）,20261006
3223,エスエルディー,スタンダード（内国株式）,20261006
3224,ゼネラル・オイスター,グロース（内国株式）,20261006
3226,三井不動産アコモデーションファンド投資法人,REIT・ベンチャーファンド・カントリーファンド・インフラファンド,20261006
322A,ヒメジ理化,PRO Market,20261006
3231,野村不動産ホールディングス,プライム（内国株式）,20261006
3232,三重交通グループホールディングス,プライム（内国株式）,20261006
3234,森ヒルズリート投資法人,REIT・ベンチャーファンド・カントリーファンド・インフラファンド,20261006
3236,プロパスト,スタンダード（内国株式）,20261006
3237,イントランス,グロース（内国株式）,20261006
3238,セントラル総合開発,スタンダード（内国株式）,20261006
323A,フライヤー,グロース（内国株式）,20261006
3241,ウィル,スタンダード（内国株式）,20261006
3242,アーバネットコーポレーション,スタンダード（内国株式）,20261006
3245,ディア・ライフ,プライム（内国株式）,20261006
3246,コーセーアールイー,スタンダード（内国株式）,20261006
3248,アールエイジ,スタンダード（内国株式）,20261006
3249,産業ファンド投資法人,REIT・ベンチャーファンド・カントリーファンド・インフラファンド,20261006
324A,ブッキングリゾート,グロース（内国株式）,20261006
3252,地主,プライム（内国株式）,20261006
325A,ＴＥＮＴＩＡＬ,グロース（内国株式）,20261006
3261,グランディーズ,グロース（内国株式）,20261006
3266,ファンドクリエーショングループ,スタンダード（内国株式）,20261006
3267,フィル・カンパニー,スタンダード（内国株式）,20261006
3269,アドバンス・レジデンス投資法人,REIT・ベンチャーファンド・カントリーファンド・インフラファンド,20261006
326A,ａｅｒｏ　ｌａｂ　ｉｎｔｅｒｎａｔｉｏｎａｌ,PRO Market,20261006
3276,ＪＰＭＣ,プライム（内国株式）,20261006
3277,サンセイランディック,スタンダード（内国株式）,20261006
3279,アクティビア・プロパティーズ投資法人,REIT・ベンチャーファンド・カントリーファンド・インフラファンド,20261006
3280,エストラスト,スタンダード（内国株式）,20261006
3281,ＧＬＰ投資法人,REIT・ベンチャーファンド・カントリーファンド・インフラファンド,20261006
3282,コンフォリア・レジデンシャル投資法人,REIT・ベンチャーファンド・カントリーファンド・インフラファンド,20261006
3283,日本プロロジスリート投資法人,REIT・ベンチャーファンド・カントリーファンド・インフラファンド,20261006
3284,フージャースホールディングス,プライム（内国株式）,20261006
3286,トラストホールディングス,スタンダード（内国株式）,20261006
3287,星野リゾート・リート投資法人,REIT・ベンチャーファンド・カントリーファンド・インフラファンド,20261006
3288,オープンハウスグループ,プライム（内国株式）,20261006
3289,東急不動産ホールディングス,プライム（内国株式）,20261006
328A,グローバルＸ　プライシングパワー・リーダーズ－日本株式　ＥＴＦ,ETF・ETN,20261006
3290,Ｏｎｅリート投資法人,REIT・ベンチャーファンド・カントリーファンド・インフラファンド,20261006
3291,飯田グループホールディングス,プライム（内国株式）,20261006
3292,イオンリート投資法人,REIT・ベンチャーファンド・カントリーファンド・インフラファンド,20261006
3293,アズマハウス,スタンダード（内国株式）,20261006
3295,ヒューリックリート投資法人,REIT・ベンチャーファンド・カントリーファンド・インフラファンド,20261006
3296,日本リート投資法人,REIT・ベンチャーファンド・カントリーファンド・インフラファンド,20261006
3297,東武住販,スタンダード（内国株式）,20261006
3299,ムゲンエステート,スタンダード（内国株式）,20261006
329A,ジールアソシエイツ,PRO Market,20261006
3300,アンビション　ＤＸ　ホールディングス,グロース（内国株式）,20261006
3302,帝国繊維,プライム（内国株式）,20261006
3306,日本製麻,スタンダード（内国株式）,20261006
3309,積水ハウス・リート投資法人,REIT・ベンチャーファンド・カントリーファンド・インフラファンド,20261006
330A,ＴａｌｅｎｔＸ,グロース（内国株式）,20261006
3315,日本コークス工業,プライム（内国株式）,20261006
3317,フライングガーデン,スタンダード（内国株式）,20261006
331A,メディックス,スタンダード（内国株式）,20261006
3320,クロスプラス,スタンダード（内国株式）,20261006
3321,ミタチ産業,スタンダード（内国株式）,20261006
3323,レカム,スタンダード（内国株式）,20261006
3326,ランシステム,スタンダード（内国株式）,20261006
3329,東和フードサービス,スタンダード（内国株式）,20261006
332A,ミーク,グロース（内国株式）,20261006
3333,あさひ,プライム（内国株式）,20261006
333A,テクノスマイル,PRO Market,20261006
3349,コスモス薬品,プライム（内国株式）,20261006
334A,ビジュアル・プロセッシング・ジャパン,グロース（内国株式）,20261006
3350,メタプラネット,スタンダード（内国株式）,20261006
3352,バッファロー,スタンダード（内国株式）,20261006
3353,メディカル一光グループ,スタンダード（内国株式）,20261006
3355,クリヤマホールディングス,スタンダード（内国株式）,20261006
3358,Ｔｒａｉｌｈｅａｄ　Ｇｌｏｂａｌ　Ｈｏｌｄｉｎｇｓ,スタンダード（内国株式）,20261006
3359,ｃｏｔｔａ,グロース（内国株式）,20261006
335A,ミライロ,グロース（内国株式）,20261006
3360,シップヘルスケアホールディングス,プライム（内国株式）,20261006
3361,トーエル,スタンダード（内国株式）,20261006
336A,ダイナミックマッププラットフォーム,グロース（内国株式）,20261006
3370,フジタコーポレーション,スタンダード（内国株式）,20261006
3371,ソフトクリエイトホールディングス,プライム（内国株式）,20261006
3372,関門海,スタンダード（内国株式）,20261006
3374,内外テック,スタンダード（内国株式）,20261006
3375,ＺＯＡ,スタンダード（内国株式）,20261006
3377,バイク王＆カンパニー,スタンダード（内国株式）,20261006
3382,セブン＆アイ・ホールディングス,プライム（内国株式）,20261006
3386,コスモ・バイオ,スタンダード（内国株式）,20261006
3387,クリエイト・レストランツ・ホールディングス,プライム（内国株式）,20261006
3388,明治電機工業,プライム（内国株式）,20261006
338A,ＺｅｎｍｕＴｅｃｈ,グロース（内国株式）,20261006
3391,ツルハホールディングス,プライム（内国株式）,20261006
3392,デリカフーズホールディングス,スタンダード（内国株式）,20261006
3393,スターティアホールディングス,プライム（内国株式）,20261006
3395,サンマルクホールディングス,プライム（内国株式）,20261006
3396,フェリシモ,スタンダード（内国株式）,20261006
3397,トリドールホールディングス,プライム（内国株式）,20261006
3399,丸千代山岡家,スタンダード（内国株式）,20261006
339A,プログレス・テクノロジーズ　グループ,グロース（内国株式）,20261006
3401,帝人,プライム（内国株式）,20261006
3402,東レ,プライム（内国株式）,20261006
3405,クラレ,プライム（内国株式）,20261006
3407,旭化成,プライム（内国株式）,20261006
3409,北紡,スタンダード（内国株式）,20261006
340A,ジグザグ,グロース（内国株式）,20261006
3415,ＴＯＫＹＯ　ＢＡＳＥ,プライム（内国株式）,20261006
3416,ピクスタ,スタンダード（内国株式）,20261006
3417,大木ヘルスケアホールディングス,スタンダード（内国株式）,20261006
3418,バルニバービ,グロース（内国株式）,20261006
341A,トヨコー,グロース（内国株式）,20261006
3420,ケー・エフ・シー,スタンダード（内国株式）,20261006
3421,稲葉製作所,スタンダード（内国株式）,20261006
3422,Ｊ－ＭＡＸ,スタンダード（内国株式）,20261006
3423,エスイー,スタンダード（内国株式）,20261006
3426,アトムリビンテック,スタンダード（内国株式）,20261006
3431,宮地エンジニアリンググループ,プライム（内国株式）,20261006
3433,トーカロ,プライム（内国株式）,20261006
3434,アルファＣｏ,スタンダード（内国株式）,20261006
3435,サンコーテクノ,スタンダード（内国株式）,20261006
3436,ＳＵＭＣＯ,プライム（内国株式）,20261006
3437,特殊電極,スタンダード（内国株式）,20261006
3439,三ツ知,スタンダード（内国株式）,20261006
343A,ＩＡＣＥトラベル,スタンダード（内国株式）,20261006
3440,日創グループ,スタンダード（内国株式）,20261006
3441,山王,スタンダード（内国株式）,20261006
3443,川田テクノロジーズ,プライム（内国株式）,20261006
3444,菊池製作所,スタンダード（内国株式）,20261006
3445,ＲＳ　Ｔｅｃｈｎｏｌｏｇｉｅｓ,プライム（内国株式）,20261006
3446,ジェイテックコーポレーション,スタンダード（内国株式）,20261006
3447,信和,スタンダード（内国株式）,20261006
3448,清鋼材,PRO Market,20261006
3449,テクノフレックス,スタンダード（内国株式）,20261006
3451,トーセイ・リート投資法人,REIT・ベンチャーファンド・カントリーファンド・インフラファンド,20261006
3452,ビーロット,スタンダード（内国株式）,20261006
3454,ファーストブラザーズ,スタンダード（内国株式）,20261006
3455,ヘルスケア＆メディカル投資法人,REIT・ベンチャーファンド・カントリーファンド・インフラファンド,20261006
3457,Ａｎｄ　Ｄｏホールディングス,プライム（内国株式）,20261006
3459,サムティ・レジデンシャル投資法人,REIT・ベンチャーファンド・カントリーファンド・インフラファンド,20261006
345A,高配当成長　日本株（ネットリターン）ＥＴＮ,ETF・ETN,20261006
3461,パルマ,スタンダード（内国株式）,20261006
3462,野村不動産マスターファンド投資法人,REIT・ベンチャーファンド・カントリーファンド・インフラファンド,20261006
3463,いちごホテルリート投資法人,REIT・ベンチャーファンド・カントリーファンド・インフラファンド,20261006
3465,ケイアイスター不動産,プライム（内国株式）,20261006
3466,ラサールロジポート投資法人,REIT・ベンチャーファンド・カントリーファンド・インフラファンド,20261006
3467,アグレ都市デザイン,スタンダード（内国株式）,20261006
3468,スターアジア不動産投資法人,REIT・ベンチャーファンド・カントリーファンド・インフラファンド,20261006
3469,デュアルタップ,スタンダード（内国株式）,20261006
346A,ＮＥＸＴ　ＦＵＮＤＳ　Ｓ＆Ｐ　５００　半導体・半導体製造装置３５％キャップ指数連動型上場投信,ETF・ETN,20261006
3470,マリモ地方創生リート投資法人,REIT・ベンチャーファンド・カントリーファンド・インフラファンド,20261006
3471,三井不動産ロジスティクスパーク投資法人,REIT・ベンチャーファンド・カントリーファンド・インフラファンド,20261006
3472,日本ホテル＆レジデンシャル投資法人,REIT・ベンチャーファンド・カントリーファンド・インフラファンド,20261006
3474,Ｇ－ＦＡＣＴＯＲＹ,グロース（内国株式）,20261006
3475,グッドコムアセット,プライム（内国株式）,20261006
3476,投資法人みらい,REIT・ベンチャーファンド・カントリーファンド・インフラファンド,20261006
3477,フォーライフ,スタンダード（内国株式）,20261006
3479,ＴＫＰ,グロース（内国株式）,20261006
347A,ＧＲＯＷＴＨ　ＰＯＷＥＲ,PRO Market,20261006
3481,三菱地所物流リート投資法人,REIT・ベンチャーファンド・カントリーファンド・インフラファンド,20261006
3482,ロードスターキャピタル,プライム（内国株式）,20261006
3483,翔栄,PRO Market,20261006
3484,イノベーションホールディングス,スタンダード（内国株式）,20261006
3486,グローバル・リンク・マネジメント,プライム（内国株式）,20261006
3487,ＣＲＥロジスティクスファンド投資法人,REIT・ベンチャーファンド・カントリーファンド・インフラファンド,20261006
3488,セントラル・リート投資法人,REIT・ベンチャーファンド・カントリーファンド・インフラファンド,20261006
3489,フェイスネットワーク,スタンダード（内国株式）,20261006
348A,ＭＡＸＩＳ読売３３３日本株上場投信,ETF・ETN,20261006
3490,アズ企画設計,スタンダード（内国株式）,20261006
3491,ＧＡ　ｔｅｃｈｎｏｌｏｇｉｅｓ,グロース（内国株式）,20261006
3492,ＭＩＲＡＲＴＨ不動産投資法人,REIT・ベンチャーファンド・カントリーファンド・インフラファンド,20261006
3494,マリオン,スタンダード（内国株式）,20261006
3495,香陵住販,スタンダード（内国株式）,20261006
3496,アズーム,プライム（内国株式）,20261006
3498,霞ヶ関キャピタル,プライム（内国株式）,20261006
349A,ＳＭＤＡＭ　Ａｃｔｉｖｅ　ＥＴＦ　日本グロース株式,ETF・ETN,20261006
3501,ＳＵＭＩＮＯＥ,プライム（内国株式）,20261006
350A,デジタルグリッド,グロース（内国株式）,20261006
3512,日本フエルト,スタンダード（内国株式）,20261006
3513,イチカワ,スタンダード（内国株式）,20261006
351A,アクシスＩＴパートナーズ,PRO Market,20261006
3521,テルマー湯ホールディングス,スタンダード（内国株式）,20261006
3524,日東製網,スタンダード（内国株式）,20261006
3529,アツギ,スタンダード（内国株式）,20261006
352A,ＬＯＩＶＥ,グロース（内国株式）,20261006
3536,アクサスホールディングス,スタンダード（内国株式）,20261006
3537,昭栄薬品,スタンダード（内国株式）,20261006
3538,ウイルプラスホールディングス,スタンダード（内国株式）,20261006
3539,ＪＭホールディングス,プライム（内国株式）,20261006
3542,ベガコーポレーション,グロース（内国株式）,20261006
3543,コメダホールディングス,プライム（内国株式）,20261006
3544,サツドラホールディングス,スタンダード（内国株式）,20261006
3547,ユニシアホールディングス,スタンダード（内国株式）,20261006
3548,バロックジャパンリミテッド,プライム（内国株式）,20261006
3549,クスリのアオキホールディングス,スタンダード（内国株式）,20261006
354A,ｉＦｒｅｅＥＴＦ　ブルームバーグ日本株高配当５０指数,ETF・ETN,20261006
3550,スタジオアタオ,グロース（内国株式）,20261006
3551,ダイニック,スタンダード（内国株式）,20261006
3553,共和レザー,スタンダード（内国株式）,20261006
3556,リネットジャパングループ,グロース（内国株式）,20261006
3557,ユナイテッド＆コレクティブ,グロース（内国株式）,20261006
3558,ジェイドグループ,グロース（内国株式）,20261006
3559,ピーバンドットコム,スタンダード（内国株式）,20261006
355A,ナウビレッジ,PRO Market,20261006
3560,ほぼ日,スタンダード（内国株式）,20261006
3561,力の源ホールディングス,プライム（内国株式）,20261006
3562,Ｎｏ．１,スタンダード（内国株式）,20261006
3563,ＦＯＯＤ　＆　ＬＩＦＥ　ＣＯＭＰＡＮＩＥＳ,プライム（内国株式）,20261006
3565,アセンテック,スタンダード（内国株式）,20261006
3566,ユニフォームネクスト,グロース（内国株式）,20261006
3569,セーレン,プライム（内国株式）,20261006
356A,グローバルＸ　Ｓ＆Ｐ５００　キャッシュフロー・トップ１００　ＥＴＦ,ETF・ETN,20261006
3571,ソトー,スタンダード（内国株式）,20261006
3577,東海染工,スタンダード（内国株式）,20261006
357A,エフアンドエフ,PRO Market,20261006
3580,小松マテーレ,プライム（内国株式）,20261006
3583,オーベクス,スタンダード（内国株式）,20261006
358A,ゼン・ランド,PRO Market,20261006
3591,ワコールホールディングス,プライム（内国株式）,20261006
3597,自重堂,スタンダード（内国株式）,20261006
3598,山喜,スタンダード（内国株式）,20261006
359A,ＮＥＸＴ　ＳＴＡＧＥ,PRO Market,20261006
3600,フジックス,スタンダード（内国株式）,20261006
3607,クラウディアホールディングス,スタンダード（内国株式）,20261006
3608,ＴＳＩホールディングス,プライム（内国株式）,20261006
360A,東証ＲＥＩＴ　Ｃｏｒｅ　ＥＴＦ,ETF・ETN,20261006
3611,マツオカコーポレーション,スタンダード（内国株式）,20261006
3612,ワールド,プライム（内国株式）,20261006
361A,リビングハウス,PRO Market,20261006
3622,ネットイヤーグループ,スタンダード（内国株式）,20261006
3623,ビリングシステム,グロース（内国株式）,20261006
3624,アクセルマーク,グロース（内国株式）,20261006
3625,テックファームホールディングス,グロース（内国株式）,20261006
3626,ＴＩＳＩ,プライム（内国株式）,20261006
3627,テクミラホールディングス,スタンダード（内国株式）,20261006
3628,データホライゾン,グロース（内国株式）,20261006
362A,エクシオホールディングス,PRO Market,20261006
3632,グリーホールディングス,プライム（内国株式）,20261006
3633,ＧＭＯペパボ,スタンダード（内国株式）,20261006
3634,ソケッツ,スタンダード（内国株式）,20261006
3635,コーエーテクモホールディングス,プライム（内国株式）,20261006
3636,三菱総合研究所,プライム（内国株式）,20261006
3639,ボルテージ,スタンダード（内国株式）,20261006
363A,ｉＦｒｅｅＥＴＦ　英国ＦＴＳＥ１００,ETF・ETN,20261006
3640,電算,スタンダード（内国株式）,20261006
3641,パピレス,スタンダード（内国株式）,20261006
3645,メディカルネット,スタンダード（内国株式）,20261006
3646,駅探,スタンダード（内国株式）,20261006
3647,アスリナ,スタンダード（内国株式）,20261006
3648,ＡＧＳ,スタンダード（内国株式）,20261006
3649,ファインデックス,プライム（内国株式）,20261006
364A,ＮＥＸＴ　ＦＵＮＤＳ　Ｓ＆Ｐ　５００　配当貴族指数連動型上場投信,ETF・ETN,20261006
3652,ディジタルメディアプロフェッショナル,グロース（内国株式）,20261006
3653,モルフォ,グロース（内国株式）,20261006
3656,ＫＬａｂ,プライム（内国株式）,20261006
3657,ポールトゥウィンホールディングス,プライム（内国株式）,20261006
3659,ネクソン,プライム（内国株式）,20261006
365A,伊澤タオル,スタンダード（内国株式）,20261006
3660,アイスタイル,プライム（内国株式）,20261006
3661,エムアップホールディングス,プライム（内国株式）,20261006
3662,エイチームホールディングス,プライム（内国株式）,20261006
3663,セルシス,プライム（内国株式）,20261006
3664,ＷＩＺＥ,グロース（内国株式）,20261006
3665,エニグモ,プライム（内国株式）,20261006
3667,ｅｎｉｓｈ,スタンダード（内国株式）,20261006
3668,コロプラ,プライム（内国株式）,20261006
366A,ウェルネス・コミュニケーションズ,グロース（内国株式）,20261006
3671,ソフトマックス,スタンダード（内国株式）,20261006
3672,オルトプラス,スタンダード（内国株式）,20261006
3673,ブロードリーフ,プライム（内国株式）,20261006
3674,オークファン,グロース（内国株式）,20261006
3675,クロス・マーケティンググループ,スタンダード（内国株式）,20261006
3676,デジタルハーツホールディングス,プライム（内国株式）,20261006
3678,メディアドゥ,プライム（内国株式）,20261006
3679,じげん,プライム（内国株式）,20261006
367A,プリモグローバルホールディングス,スタンダード（内国株式）,20261006
3680,ホットリンク,グロース（内国株式）,20261006
3682,エンカレッジ・テクノロジ,スタンダード（内国株式）,20261006
3683,サイバーリンクス,スタンダード（内国株式）,20261006
3686,ディー・エル・イー,スタンダード（内国株式）,20261006
3687,フィックスターズ,プライム（内国株式）,20261006
368A,北里,プライム（内国株式）,20261006
3690,イルグルム,スタンダード（内国株式）,20261006
3691,デジタルプラス,グロース（内国株式）,20261006
3692,ＦＦＲＩセキュリティ,グロース（内国株式）,20261006
3694,オプティム,プライム（内国株式）,20261006
3695,ＧＭＯプロダクトプラットフォーム,グロース（内国株式）,20261006
3696,セレス,プライム（内国株式）,20261006
3697,ＳＨＩＦＴ,プライム（内国株式）,20261006
3698,ＣＲＩ・ミドルウェア,スタンダード（内国株式）,20261006
369A,エータイ,グロース（内国株式）,20261006
3708,特種東海製紙,プライム（内国株式）,20261006
370A,リバイブル,PRO Market,20261006
3710,ジョルダン,スタンダード（内国株式）,20261006
3712,情報企画,スタンダード（内国株式）,20261006
3719,ＡＩストーム,スタンダード（内国株式）,20261006
371A,デージーネット,PRO Market,20261006
3723,日本ファルコム,グロース（内国株式）,20261006
3726,フォーシーズＨＤ,スタンダード（内国株式）,20261006
3727,アプリックス,グロース（内国株式）,20261006
372A,レント,スタンダード（内国株式）,20261006
3733,ソフトウェア・サービス,スタンダード（内国株式）,20261006
373A,リップス,グロース（内国株式）,20261006
3741,セック,プライム（内国株式）,20261006
3744,サイオス,スタンダード（内国株式）,20261006
3747,インタートレード,スタンダード（内国株式）,20261006
374A,樋口総合研究所,PRO Market,20261006
3750,ＡＤＲバイオメディカルホールディングス,スタンダード（内国株式）,20261006
3753,フライトソリューションズ,スタンダード（内国株式）,20261006
3758,アエリア,スタンダード（内国株式）,20261006
375A,ＹＡＫホールディングス,PRO Market,20261006
3760,ケイブ,スタンダード（内国株式）,20261006
3762,テクマトリックス,プライム（内国株式）,20261006
3763,プロシップ,プライム（内国株式）,20261006
3765,ガンホー・オンライン・エンターテイメント,プライム（内国株式）,20261006
3766,システムズ・デザイン,スタンダード（内国株式）,20261006
3768,リスクモンスター,スタンダード（内国株式）,20261006
3769,ＧＭＯペイメントゲートウェイ,プライム（内国株式）,20261006
376A,ＮＥＸＴ　ＦＵＮＤＳ　ブルームバーグ米国国債（７－１０年）インデックス（７５％為替ヘッジあり）連動型上場投信,ETF・ETN,20261006
3771,システムリサーチ,プライム（内国株式）,20261006
3772,ウェルス・マネジメント,スタンダード（内国株式）,20261006
3773,アドバンスト・メディア,グロース（内国株式）,20261006
3774,インターネットイニシアティブ,プライム（内国株式）,20261006
3776,ブロードバンドタワー,スタンダード（内国株式）,20261006
3777,環境フレンドリーホールディングス,グロース（内国株式）,20261006
3778,さくらインターネット,プライム（内国株式）,20261006
3779,ジェイ・エスコムホールディングス,スタンダード（内国株式）,20261006
3787,テクノマセマティカル,スタンダード（内国株式）,20261006
3788,ＧＭＯグローバルサイン・ホールディングス,プライム（内国株式）,20261006
378A,ヒット,グロース（内国株式）,20261006
3791,ＩＧポート,スタンダード（内国株式）,20261006
3793,ドリコム,グロース（内国株式）,20261006
3796,いい生活,スタンダード（内国株式）,20261006
3798,ＵＬＳグループ,スタンダード（内国株式）,20261006
3799,キーウェアソリューションズ,スタンダード（内国株式）,20261006
379A,グローバルＸ　Ｓ＆Ｐ５００　ＥＴＦ（ダイナミック・プロテクション）,ETF・ETN,20261006
3800,ユニリタ,スタンダード（内国株式）,20261006
3802,エコミック,スタンダード（内国株式）,20261006
3803,イメージ情報開発,グロース（内国株式）,20261006
3804,システム　ディ,スタンダード（内国株式）,20261006
3807,フィスコ,グロース（内国株式）,20261006
380A,グローバルＸ　チャイナテック　ＥＴＦ,ETF・ETN,20261006
3810,サイバーステップホールディングス,スタンダード（内国株式）,20261006
3815,メディア工房,グロース（内国株式）,20261006
3816,大和コンピューター,スタンダード（内国株式）,20261006
3817,ＳＲＡホールディングス,プライム（内国株式）,20261006
381A,ｉＦｒｅｅＥＴＦ　米国国債３－５年（為替ヘッジなし）,ETF・ETN,20261006
3823,ＴＨＥ　ＷＨＹ　ＨＯＷ　ＤＯ　ＣＯＭＰＡＮＹ,スタンダード（内国株式）,20261006
3825,リミックスポイント,スタンダード（内国株式）,20261006
3826,システムインテグレータ,スタンダード（内国株式）,20261006
382A,ｉＦｒｅｅＥＴＦ　米国国債３－５年（為替ヘッジあり）,ETF・ETN,20261006
3834,朝日ネット,プライム（内国株式）,20261006
3835,ｅＢＡＳＥ,プライム（内国株式）,20261006
3836,アバントグループ,プライム（内国株式）,20261006
3837,アドソル日進,プライム（内国株式）,20261006
3839,ＯＤＫソリューションズ,スタンダード（内国株式）,20261006
383A,ＭＡＸＩＳ　Ｓ＆Ｐ５００均等ウェイト上場投信,ETF・ETN,20261006
3840,ヴィクトン,スタンダード（内国株式）,20261006
3841,ジーダット,スタンダード（内国株式）,20261006
3842,ネクストジェン,スタンダード（内国株式）,20261006
3843,フリービット,プライム（内国株式）,20261006
3844,コムチュア,プライム（内国株式）,20261006
3845,アイフリークモバイル,スタンダード（内国株式）,20261006
3848,データ・アプリケーション,スタンダード（内国株式）,20261006
3850,エヌ・ティ・ティ・データ・イントラマート,スタンダード（内国株式）,20261006
3851,日本一ソフトウェア,スタンダード（内国株式）,20261006
3853,アステリア,プライム（内国株式）,20261006
3854,アイル,プライム（内国株式）,20261006
3858,ユビキタスＡＩ,スタンダード（内国株式）,20261006
385A,山本通産,PRO Market,20261006
3861,王子ホールディングス,プライム（内国株式）,20261006
3863,日本製紙,プライム（内国株式）,20261006
3864,三菱製紙,プライム（内国株式）,20261006
3865,北越コーポレーション,プライム（内国株式）,20261006
386A,みのや,スタンダード（内国株式）,20261006
3877,中越パルプ工業,プライム（内国株式）,20261006
3878,巴川コーポレーション,スタンダード（内国株式）,20261006
387A,フラー,グロース（内国株式）,20261006
3880,大王製紙,プライム（内国株式）,20261006
3891,ニッポン高度紙工業,スタンダード（内国株式）,20261006
3892,岡山製紙,スタンダード（内国株式）,20261006
3895,ハビックス,スタンダード（内国株式）,20261006
3896,阿波製紙,スタンダード（内国株式）,20261006
389A,八光オートメーション,PRO Market,20261006
3900,クラウドワークス,グロース（内国株式）,20261006
3901,マークラインズ,プライム（内国株式）,20261006
3903,ｇｕｍｉ,プライム（内国株式）,20261006
3904,カヤック,グロース（内国株式）,20261006
3905,データセクション,グロース（内国株式）,20261006
3907,シリコンスタジオ,スタンダード（内国株式）,20261006
3908,コラボス,スタンダード（内国株式）,20261006
3909,ショーケース,スタンダード（内国株式）,20261006
3910,エムケイシステム,スタンダード（内国株式）,20261006
3911,Ａｉｍｉｎｇ,グロース（内国株式）,20261006
3912,モバイルファクトリー,スタンダード（内国株式）,20261006
3913,ＧｒｅｅｎＢｅｅ,スタンダード（内国株式）,20261006
3914,ＪＩＧ－ＳＡＷ,グロース（内国株式）,20261006
3915,テラスカイ,プライム（内国株式）,20261006
3916,デジタル・インフォメーション・テクノロジー,プライム（内国株式）,20261006
3917,アイリッジ,グロース（内国株式）,20261006
3918,ＰＣＩホールディングス,スタンダード（内国株式）,20261006
3920,アイビーシー,スタンダード（内国株式）,20261006
3921,ネオジャパン,プライム（内国株式）,20261006
3922,ＰＲ　ＴＩＭＥＳ,プライム（内国株式）,20261006
3923,ラクス,プライム（内国株式）,20261006
3925,ダブルスタンダード,プライム（内国株式）,20261006
3926,オープンドア,スタンダード（内国株式）,20261006
3927,フーバーブレイン,スタンダード（内国株式）,20261006
3928,マイネット,スタンダード（内国株式）,20261006
3929,ソーシャルワイヤー,グロース（内国株式）,20261006
392A,ｉシェアーズ　ＮＡＳＤＡＱ　トップ　３０　ＥＴＦ,ETF・ETN,20261006
3930,はてな,グロース（内国株式）,20261006
3931,バリューゴルフ,グロース（内国株式）,20261006
3932,アカツキ,プライム（内国株式）,20261006
3933,チエル,スタンダード（内国株式）,20261006
3934,ベネフィットジャパン,スタンダード（内国株式）,20261006
3935,エディア,スタンダード（内国株式）,20261006
3936,グローバルウェイ,グロース（内国株式）,20261006
3937,Ｕｂｉｃｏｍホールディングス,スタンダード（内国株式）,20261006
3939,カナミックネットワーク,プライム（内国株式）,20261006
393A,ＲｉｔａＸ,PRO Market,20261006
3940,ノムラシステムコーポレーション,スタンダード（内国株式）,20261006
3941,レンゴー,プライム（内国株式）,20261006
3943,大石産業,スタンダード（内国株式）,20261006
3944,古林紙工,スタンダード（内国株式）,20261006
3945,スーパーバッグ,スタンダード（内国株式）,20261006
3946,トーモク,プライム（内国株式）,20261006
3947,ダイナパック,スタンダード（内国株式）,20261006
3948,光ビジネスフォーム,スタンダード（内国株式）,20261006
394A,業界改革厳選ＥＴＦテレビ業界,ETF・ETN,20261006
3950,ザ・パック,プライム（内国株式）,20261006
3951,朝日印刷,スタンダード（内国株式）,20261006
3953,大村紙業,スタンダード（内国株式）,20261006
3954,昭和パックス,スタンダード（内国株式）,20261006
3955,イムラ,スタンダード（内国株式）,20261006
3958,笹徳印刷,スタンダード（内国株式）,20261006
395A,業界改革厳選ＥＴＦ地銀,ETF・ETN,20261006
3962,チェンジホールディングス,プライム（内国株式）,20261006
3963,シンクロ・フード,プライム（内国株式）,20261006
3964,オークネット,プライム（内国株式）,20261006
3965,キャピタル・アセット・プランニング,スタンダード（内国株式）,20261006
3967,エルテス,グロース（内国株式）,20261006
3968,セグエグループ,プライム（内国株式）,20261006
3969,エイトレッド,スタンダード（内国株式）,20261006
396A,業界改革厳選ＥＴＦ　ＲＥＩＴイベント・ドリブン,ETF・ETN,20261006
3970,イノベーション,スタンダード（内国株式）,20261006
3974,ＳＣＡＴ,スタンダード（内国株式）,20261006
3976,シャノン,グロース（内国株式）,20261006
3979,うるる,グロース（内国株式）,20261006
3981,ビーグリー,スタンダード（内国株式）,20261006
3983,オロ,プライム（内国株式）,20261006
3984,ユーザーローカル,プライム（内国株式）,20261006
3985,テモナ,スタンダード（内国株式）,20261006
3986,ビーブレイクシステムズ,スタンダード（内国株式）,20261006
3987,エコモット,グロース（内国株式）,20261006
3988,ＳＹＳホールディングス,スタンダード（内国株式）,20261006
3989,シェアリングテクノロジー,グロース（内国株式）,20261006
398A,リアルクオリティ,PRO Market,20261006
3991,ウォンテッドリー,グロース（内国株式）,20261006
3992,ニーズウェル,プライム（内国株式）,20261006
3993,ＰＫＳＨＡ　Ｔｅｃｈｎｏｌｏｇｙ,プライム（内国株式）,20261006
3994,マネーフォワード,プライム（内国株式）,20261006
3996,サインポスト,スタンダード（内国株式）,20261006
3997,トレードワークス,スタンダード（内国株式）,20261006
3998,すららネット,グロース（内国株式）,20261006
399A,上場インデックスファンド日経平均高配当株５０,ETF・ETN,20261006
4004,レゾナック・ホールディングス,プライム（内国株式）,20261006
4005,住友化学,プライム（内国株式）,20261006
4008,住友精化,プライム（内国株式）,20261006
4011,ヘッドウォータース,グロース（内国株式）,20261006
4012,アクシス,スタンダード（内国株式）,20261006
4013,勤次郎,グロース（内国株式）,20261006
4014,カラダノート,グロース（内国株式）,20261006
4015,ペイクラウドホールディングス,グロース（内国株式）,20261006
4016,ＭＩＴホールディングス,スタンダード（内国株式）,20261006
4017,クリーマ,グロース（内国株式）,20261006
4019,スタメン,グロース（内国株式）,20261006
401A,霞ヶ関ホテルリート投資法人,REIT・ベンチャーファンド・カントリーファンド・インフラファンド,20261006
4020,ビートレンド,グロース（内国株式）,20261006
4021,日産化学,プライム（内国株式）,20261006
4022,ラサ工業,プライム（内国株式）,20261006
4023,クレハ,プライム（内国株式）,20261006
4025,多木化学,プライム（内国株式）,20261006
4026,神島化学工業,スタンダード（内国株式）,20261006
4027,テイカ,プライム（内国株式）,20261006
4028,石原産業,プライム（内国株式）,20261006
402A,アクセルスペースホールディングス,グロース（内国株式）,20261006
4031,片倉コープアグリ,スタンダード（内国株式）,20261006
403A,北條組,PRO Market,20261006
4040,南海化学,スタンダード（内国株式）,20261006
4041,日本曹達,プライム（内国株式）,20261006
4042,東ソー,プライム（内国株式）,20261006
4043,トクヤマ,プライム（内国株式）,20261006
4044,セントラル硝子,プライム（内国株式）,20261006
4045,東亞合成,プライム（内国株式）,20261006
4046,大阪ソーダ,プライム（内国株式）,20261006
4047,関東電化工業,プライム（内国株式）,20261006
404A,グローバルＸ　チャイナテック・トップ１０　ＥＴＦ,ETF・ETN,20261006
4051,ＧＭＯフィナンシャルゲート,プライム（内国株式）,20261006
4052,フィーチャ,グロース（内国株式）,20261006
4053,Ｓｕｎ　Ａｓｔｅｒｉｓｋ,プライム（内国株式）,20261006
4054,日本情報クリエイト,グロース（内国株式）,20261006
4055,ティアンドエスグループ,グロース（内国株式）,20261006
4056,ニューラルグループ,グロース（内国株式）,20261006
4057,インターファクトリー,グロース（内国株式）,20261006
4058,トヨクモ,グロース（内国株式）,20261006
4059,まぐまぐ,スタンダード（内国株式）,20261006
405A,コヤマ・ミライエ,PRO Market,20261006
4060,ｒａｋｕｍｏ,グロース（内国株式）,20261006
4061,デンカ,プライム（内国株式）,20261006
4062,イビデン,プライム（内国株式）,20261006
4063,信越化学工業,プライム（内国株式）,20261006
4064,日本カーバイド工業,プライム（内国株式）,20261006
4068,ベイシス,グロース（内国株式）,20261006
4069,ＢｌｕｅＭｅｍｅ,グロース（内国株式）,20261006
406A,環境のミカタホールディングス,PRO Market,20261006
4071,プラスアルファ・コンサルティング,プライム（内国株式）,20261006
4072,電算システムホールディングス,プライム（内国株式）,20261006
4073,ジィ・シィ企画,グロース（内国株式）,20261006
4074,ラキール,グロース（内国株式）,20261006
4075,ブレインズテクノロジー,グロース（内国株式）,20261006
4076,シイエヌエス,グロース（内国株式）,20261006
4078,堺化学工業,プライム（内国株式）,20261006
407A,ＵＮＩＣＯＮホールディングス,スタンダード（内国株式）,20261006
4082,第一稀元素化学工業,プライム（内国株式）,20261006
4088,エア・ウォーター,プライム（内国株式）,20261006
408A,ｉシェアーズ　ＡＩ　グローバル・イノベーション　アクティブ　ＥＴＦ,ETF・ETN,20261006
4091,日本酸素ホールディングス,プライム（内国株式）,20261006
4092,日本化学工業,プライム（内国株式）,20261006
4093,東邦アセチレン,スタンダード（内国株式）,20261006
4094,日本化学産業,スタンダード（内国株式）,20261006
4095,日本パーカライジング,プライム（内国株式）,20261006
4097,高圧ガス工業,プライム（内国株式）,20261006
4098,チタン工業,スタンダード（内国株式）,20261006
4099,四国化成ホールディングス,プライム（内国株式）,20261006
409A,オリオンビール,プライム（内国株式）,20261006
4100,戸田工業,スタンダード（内国株式）,20261006
4102,丸尾カルシウム,スタンダード（内国株式）,20261006
4107,伊勢化学工業,スタンダード（内国株式）,20261006
4109,ステラ　ケミファ,プライム（内国株式）,20261006
410A,ＧＭＯコマース,グロース（内国株式）,20261006
4112,保土谷化学工業,プライム（内国株式）,20261006
4113,田岡化学工業,スタンダード（内国株式）,20261006
4114,日本触媒,プライム（内国株式）,20261006
4116,大日精化工業,プライム（内国株式）,20261006
4118,カネカ,プライム（内国株式）,20261006
4119,日本ピグメントホールディングス,スタンダード（内国株式）,20261006
411A,日本マリタイムバンク,PRO Market,20261006
4120,スガイ化学工業,スタンダード（内国株式）,20261006
4124,大阪油化工業,スタンダード（内国株式）,20261006
4125,三和油化工業,スタンダード（内国株式）,20261006
412A,ＮＥＸＴ　ＦＵＮＤＳ　ＴＩＰ　ＦａｃｔＳｅｔ　台湾イノベイティブ・テクノロジー５０指数連動型上場投信,ETF・ETN,20261006
413A,ｉＦｒｅｅＥＴＦ　キャセイ台湾テックリーダー指数,ETF・ETN,20261006
414A,オーバーラップホールディングス,グロース（内国株式）,20261006
4151,協和キリン,プライム（内国株式）,20261006
415A,ＧＭＯ　ＴＥＣＨホールディングス,グロース（内国株式）,20261006
4165,プレイド,グロース（内国株式）,20261006
4166,かっこ,グロース（内国株式）,20261006
4167,ココペリ,グロース（内国株式）,20261006
4168,ヤプリ,グロース（内国株式）,20261006
4169,ＥＮＥＣＨＡＮＧＥ,グロース（内国株式）,20261006
416A,富士ユナイトホールディングス,スタンダード（内国株式）,20261006
4170,Ｋａｉｚｅｎ　Ｐｌａｔｆｏｒｍ,グロース（内国株式）,20261006
4172,Ｈｉクラテス,スタンダード（内国株式）,20261006
4174,アピリッツ,スタンダード（内国株式）,20261006
4175,ｃｏｌｙ,グロース（内国株式）,20261006
4176,ココナラ,グロース（内国株式）,20261006
4177,ｉ‐ｐｌｕｇ,グロース（内国株式）,20261006
4178,Ｓｈａｒｉｎｇ　Ｉｎｎｏｖａｔｉｏｎｓ,グロース（内国株式）,20261006
4179,ジーネクスト,グロース（内国株式）,20261006
417A,ブルーゾーンホールディングス,プライム（内国株式）,20261006
4180,Ａｐｐｉｅｒ　Ｇｒｏｕｐ,プライム（内国株式）,20261006
4182,三菱瓦斯化学,プライム（内国株式）,20261006
4183,三井化学,プライム（内国株式）,20261006
4186,東京応化工業,プライム（内国株式）,20261006
4187,大阪有機化学工業,プライム（内国株式）,20261006
4188,三菱ケミカルグループ,プライム（内国株式）,20261006
4189,ＫＨネオケム,プライム（内国株式）,20261006
4192,スパイダープラス,グロース（内国株式）,20261006
4193,ファブリカホールディングス,スタンダード（内国株式）,20261006
4194,ビジョナル,プライム（内国株式）,20261006
4196,ネオマーケティング,スタンダード（内国株式）,20261006
4197,アスマーク,スタンダード（内国株式）,20261006
4198,テンダ,スタンダード（内国株式）,20261006
4199,ワンダープラネット,グロース（内国株式）,20261006
419A,ラングローブ,PRO Market,20261006
4202,ダイセル,プライム（内国株式）,20261006
4203,住友ベークライト,プライム（内国株式）,20261006
4204,積水化学工業,プライム（内国株式）,20261006
4205,日本ゼオン,プライム（内国株式）,20261006
4206,アイカ工業,プライム（内国株式）,20261006
4208,ＵＢＥ,プライム（内国株式）,20261006
4212,積水樹脂,プライム（内国株式）,20261006
4216,旭有機材,プライム（内国株式）,20261006
4218,ニチバン,プライム（内国株式）,20261006
421A,ムービン・ストラテジック・キャリア,グロース（内国株式）,20261006
4220,リケンテクノス,プライム（内国株式）,20261006
4221,大倉工業,プライム（内国株式）,20261006
4222,児玉化学工業,スタンダード（内国株式）,20261006
4224,ロンシール工業,スタンダード（内国株式）,20261006
4228,積水化成品工業,プライム（内国株式）,20261006
4229,群栄化学工業,プライム（内国株式）,20261006
422A,ｔａｎｅ　ＣＲＥＡＴＩＶＥ,PRO Market,20261006
4231,タイガースポリマー,スタンダード（内国株式）,20261006
4234,サンエー化研,スタンダード（内国株式）,20261006
4235,ウルトラファブリックス・ホールディングス,スタンダード（内国株式）,20261006
4237,フジプレアム,スタンダード（内国株式）,20261006
4238,ミライアル,スタンダード（内国株式）,20261006
423A,ライオン事務器,スタンダード（内国株式）,20261006
4240,クラスターテクノロジー,スタンダード（内国株式）,20261006
4241,アテクト,スタンダード（内国株式）,20261006
4242,タカギセイコー,スタンダード（内国株式）,20261006
4243,ニックス,スタンダード（内国株式）,20261006
4245,ダイキアクシス,スタンダード（内国株式）,20261006
4246,ダイキョーニシカワ,プライム（内国株式）,20261006
4247,ポバール興業,スタンダード（内国株式）,20261006
4248,竹本容器,スタンダード（内国株式）,20261006
4249,森六,プライム（内国株式）,20261006
424A,グローバルＸ　ゴールド　ＥＴＦ（為替ヘッジあり）,ETF・ETN,20261006
4251,恵和,プライム（内国株式）,20261006
4255,ＴＨＥＣＯＯ,グロース（内国株式）,20261006
4256,サインド,グロース（内国株式）,20261006
4258,網屋,グロース（内国株式）,20261006
4259,エクサウィザーズ,グロース（内国株式）,20261006
425A,グローバルＸ　ゴールド　ＥＴＦ,ETF・ETN,20261006
4260,ハイブリッドテクノロジーズ,グロース（内国株式）,20261006
4261,アジアクエスト,グロース（内国株式）,20261006
4262,ニフティライフスタイル,グロース（内国株式）,20261006
4263,サスメド,グロース（内国株式）,20261006
4264,セキュア,グロース（内国株式）,20261006
4265,Ｉｎｓｔｉｔｕｔｉｏｎ　ｆｏｒ　ａ　Ｇｌｏｂａｌ　Ｓｏｃｉｅｔｙ,グロース（内国株式）,20261006
426A,ニッセイＥＴＦ　Ｓ＆Ｐ５００イコール・ウェイト（為替ヘッジなし）,ETF・ETN,20261006
4270,ＢｅｅＸ,グロース（内国株式）,20261006
4272,日本化薬,プライム（内国株式）,20261006
4274,細谷火工,スタンダード（内国株式）,20261006
4275,カーリット,プライム（内国株式）,20261006
4284,ソルクシーズ,スタンダード（内国株式）,20261006
4286,ＣＬホールディングス,スタンダード（内国株式）,20261006
4287,ジャストプランニング,スタンダード（内国株式）,20261006
4288,アズジェント,スタンダード（内国株式）,20261006
428A,サイプレス・ホールディングス,スタンダード（内国株式）,20261006
4290,プレステージ・インターナショナル,プライム（内国株式）,20261006
4293,セプテーニ・ホールディングス,スタンダード（内国株式）,20261006
4299,ハイマックス,スタンダード（内国株式）,20261006
429A,テクセンドフォトマスク,プライム（内国株式）,20261006
4301,アミューズ,プライム（内国株式）,20261006
4307,野村総合研究所,プライム（内国株式）,20261006
4308,Ｊストリーム,グロース（内国株式）,20261006
430A,ネクストハンズ,PRO Market,20261006
4310,ドリームインキュベータ,プライム（内国株式）,20261006
4316,ビーマップ,グロース（内国株式）,20261006
4317,レイ,スタンダード（内国株式）,20261006
4318,クイック,プライム（内国株式）,20261006
431A,ユーソナー,グロース（内国株式）,20261006
4320,ＣＥホールディングス,スタンダード（内国株式）,20261006
4323,日本システム技術,プライム（内国株式）,20261006
4324,電通グループ,プライム（内国株式）,20261006
4326,インテージホールディングス,プライム（内国株式）,20261006
432A,クリニファー,PRO Market,20261006
4331,テイクアンドギヴ・ニーズ,プライム（内国株式）,20261006
4334,ユークス,スタンダード（内国株式）,20261006
4335,ＩＰＳホールディングス,スタンダード（内国株式）,20261006
4337,ぴあ,プライム（内国株式）,20261006
433A,ＭＪＥ,PRO Market,20261006
4341,西菱電機,スタンダード（内国株式）,20261006
4343,イオンファンタジー,プライム（内国株式）,20261006
4344,ソースネクスト,プライム（内国株式）,20261006
4345,シーティーエス,プライム（内国株式）,20261006
4346,ＮＥＸＹＺ．Ｇｒｏｕｐ,スタンダード（内国株式）,20261006
4347,ブロードメディア,スタンダード（内国株式）,20261006
434A,ＬＯＯＰＬＡＣＥ,PRO Market,20261006
4350,メディカルシステムネットワーク,スタンダード（内国株式）,20261006
4351,山田再生系債権回収総合事務所,スタンダード（内国株式）,20261006
4356,応用技術,スタンダード（内国株式）,20261006
435A,ｉＦｒｅｅＥＴＦ　日本株配当ローテーション戦略,ETF・ETN,20261006
4360,マナック・ケミカル・パートナーズ,スタンダード（内国株式）,20261006
4361,川口化学工業,スタンダード（内国株式）,20261006
4362,日本精化,プライム（内国株式）,20261006
4365,松本油脂製薬,スタンダード（内国株式）,20261006
4366,ダイトーケミックス,スタンダード（内国株式）,20261006
4368,扶桑化学工業,プライム（内国株式）,20261006
4369,トリケミカル研究所,プライム（内国株式）,20261006
436A,サイバーソリューションズ,グロース（内国株式）,20261006
4370,モビルス,グロース（内国株式）,20261006
4371,コアコンセプト・テクノロジー,グロース（内国株式）,20261006
4372,ユミルリンク,グロース（内国株式）,20261006
4373,シンプレクス・ホールディングス,プライム（内国株式）,20261006
4374,ＲＯＢＯＴ　ＰＡＹＭＥＮＴ,グロース（内国株式）,20261006
4375,セーフィー,グロース（内国株式）,20261006
4376,くふうカンパニーホールディングス,グロース（内国株式）,20261006
4377,ワンキャリア,グロース（内国株式）,20261006
4378,ＣＩＮＣ,グロース（内国株式）,20261006
4379,Ｐｈｏｔｏｓｙｎｔｈ,グロース（内国株式）,20261006
437A,ジェイウェイブ,PRO Market,20261006
4380,Ｍマート,グロース（内国株式）,20261006
4381,ビープラッツ,グロース（内国株式）,20261006
4382,ＨＥＲＯＺ,スタンダード（内国株式）,20261006
4385,メルカリ,プライム（内国株式）,20261006
4386,ＳＩＧグループ,スタンダード（内国株式）,20261006
4387,ＺＵＵ,グロース（内国株式）,20261006
4388,エーアイ,スタンダード（内国株式）,20261006
4389,プロパティデータバンク,グロース（内国株式）,20261006
438A,インフキュリオン,グロース（内国株式）,20261006
4390,ＩＰＳ,プライム（内国株式）,20261006
4391,ロジザード,グロース（内国株式）,20261006
4392,ＦＩＧ,プライム（内国株式）,20261006
4393,バンク・オブ・イノベーション,グロース（内国株式）,20261006
4394,エクスモーション,グロース（内国株式）,20261006
4395,アクリート,グロース（内国株式）,20261006
4396,システムサポートホールディングス,プライム（内国株式）,20261006
4397,チームスピリット,グロース（内国株式）,20261006
4398,ブロードバンドセキュリティ,スタンダード（内国株式）,20261006
439A,アクトビ,PRO Market,20261006
4401,ＡＤＥＫＡ,プライム（内国株式）,20261006
4403,日油,プライム（内国株式）,20261006
4404,ミヨシ油脂,スタンダード（内国株式）,20261006
4406,新日本理化,スタンダード（内国株式）,20261006
4409,東邦化学工業,スタンダード（内国株式）,20261006
4410,ハリマ化成グループ,プライム（内国株式）,20261006
4412,サイエンスアーツ,グロース（内国株式）,20261006
4413,ボードルア,プライム（内国株式）,20261006
4414,フレクト,グロース（内国株式）,20261006
4415,ブロードエンタープライズ,グロース（内国株式）,20261006
4416,Ｔｒｕｅ　Ｄａｔａ,グロース（内国株式）,20261006
4417,グローバルセキュリティエキスパート,グロース（内国株式）,20261006
4418,ＪＤＳＣ,グロース（内国株式）,20261006
4419,Ｆｉｎａｔｅｘｔホールディングス,グロース（内国株式）,20261006
441A,ＮＥ,グロース（内国株式）,20261006
4420,イーソル,スタンダード（内国株式）,20261006
4421,ディ・アイ・システム,スタンダード（内国株式）,20261006
4422,ＶＡＬＵＥＮＥＸ,グロース（内国株式）,20261006
4424,Ａｍａｚｉａ,グロース（内国株式）,20261006
4425,Ｋｕｄａｎ,グロース（内国株式）,20261006
4426,パスロジ,PRO Market,20261006
4427,ＥｄｕＬａｂ,グロース（内国株式）,20261006
4428,シノプス,グロース（内国株式）,20261006
4429,リックソフト,グロース（内国株式）,20261006
442A,クラシコ,グロース（内国株式）,20261006
4430,東海ソフト,スタンダード（内国株式）,20261006
4431,スマレジ,グロース（内国株式）,20261006
4432,ウイングアーク１ｓｔ,プライム（内国株式）,20261006
4433,ヒト・コミュニケーションズ・ホールディングス,プライム（内国株式）,20261006
4434,サーバーワークス,スタンダード（内国株式）,20261006
4436,ミンカブ・ジ・インフォノイド,グロース（内国株式）,20261006
4437,ｇｏｏｄｄａｙｓホールディングス,グロース（内国株式）,20261006
4438,Ｗｅｌｂｙ,グロース（内国株式）,20261006
4439,東名,スタンダード（内国株式）,20261006
443A,ｉＦｒｅｅＥＴＦ　東証ＲＥＩＴ指数（２・５・８・１１月決算型）,ETF・ETN,20261006
4440,ヴィッツ,スタンダード（内国株式）,20261006
4441,トビラシステムズ,スタンダード（内国株式）,20261006
4442,バルテス・ホールディングス,グロース（内国株式）,20261006
4443,Ｓａｎｓａｎ,プライム（内国株式）,20261006
4444,インフォネット,グロース（内国株式）,20261006
4445,リビン・テクノロジーズ,グロース（内国株式）,20261006
4446,Ｌｉｎｋ－Ｕグループ,スタンダード（内国株式）,20261006
4447,ピー・ビーシステムズ,グロース（内国株式）,20261006
4448,ｋｕｂｅｌｌ,グロース（内国株式）,20261006
444A,アイテル,PRO Market,20261006
4450,パワーソリューションズ,グロース（内国株式）,20261006
4452,花王,プライム（内国株式）,20261006
445A,東洋コーポレーション,PRO Market,20261006
4461,第一工業製薬,プライム（内国株式）,20261006
4462,石原ケミカル,プライム（内国株式）,20261006
4463,日華化学,スタンダード（内国株式）,20261006
4464,ソフト９９コーポレーション,スタンダード（内国株式）,20261006
4465,ニイタカ,スタンダード（内国株式）,20261006
446A,ノースサンド,グロース（内国株式）,20261006
4471,三洋化成工業,プライム（内国株式）,20261006
4475,ＨＥＮＮＧＥ,グロース（内国株式）,20261006
4476,ＡＩ　ＣＲＯＳＳ,グロース（内国株式）,20261006
4477,ＢＡＳＥ,グロース（内国株式）,20261006
4478,フリー,グロース（内国株式）,20261006
4479,マクアケ,グロース（内国株式）,20261006
447A,ステート・ストリート・スパイダー　ゴールド　ＥＴＦ（為替ヘッジなし）,ETF・ETN,20261006
4480,メドレー,プライム（内国株式）,20261006
4481,ベース,プライム（内国株式）,20261006
4482,ウィルズ,グロース（内国株式）,20261006
4483,ＪＭＤＣ,プライム（内国株式）,20261006
4484,ランサーズ,グロース（内国株式）,20261006
4486,ユナイトアンドグロウ,グロース（内国株式）,20261006
4487,スペースマーケット,グロース（内国株式）,20261006
4488,ＡＩ　ｉｎｓｉｄｅ,グロース（内国株式）,20261006
448A,ステート・ストリート・スパイダー　ゴールド　ＥＴＦ（為替ヘッジあり）,ETF・ETN,20261006
4490,ビザスク,グロース（内国株式）,20261006
4491,コンピューターマネージメント,スタンダード（内国株式）,20261006
4492,ゼネテック,スタンダード（内国株式）,20261006
4493,サイバーセキュリティクラウド,グロース（内国株式）,20261006
4495,アイキューブドシステムズ,グロース（内国株式）,20261006
4496,コマースＯｎｅホールディングス,グロース（内国株式）,20261006
4498,サイバートラスト,グロース（内国株式）,20261006
4499,Ｓｐｅｅｅ,スタンダード（内国株式）,20261006
449A,ステート・ストリート・スパイダー　Ｓ＆Ｐ５００　ＥＴＦ（為替ヘッジなし）,ETF・ETN,20261006
4502,武田薬品工業,プライム（内国株式）,20261006
4503,アステラス製薬,プライム（内国株式）,20261006
4506,住友ファーマ,プライム（内国株式）,20261006
4507,塩野義製薬,プライム（内国株式）,20261006
450A,ステート・ストリート・スパイダー　Ｓ＆Ｐ５００　ＥＴＦ（為替ヘッジあり）,ETF・ETN,20261006
4512,わかもと製薬,スタンダード（内国株式）,20261006
4516,日本新薬,プライム（内国株式）,20261006
4519,中外製薬,プライム（内国株式）,20261006
451A,ステート・ストリート・スパイダー　Ｓ＆Ｐ５００高配当株　ＥＴＦ,ETF・ETN,20261006
4521,科研製薬,プライム（内国株式）,20261006
4523,エーザイ,プライム（内国株式）,20261006
4524,森下仁丹,スタンダード（内国株式）,20261006
4526,理研ビタミン,プライム（内国株式）,20261006
4527,ロート製薬,プライム（内国株式）,20261006
4528,小野薬品工業,プライム（内国株式）,20261006
452A,ｉシェアーズ　Ｓ＆Ｐ　５００　プレミアムインカム　ＥＴＦ,ETF・ETN,20261006
4531,有機合成薬品工業,スタンダード（内国株式）,20261006
4534,持田製薬,プライム（内国株式）,20261006
4536,参天製薬,プライム（内国株式）,20261006
4538,扶桑薬品工業,プライム（内国株式）,20261006
4539,日本ケミファ,スタンダード（内国株式）,20261006
453A,ｉシェアーズ　米国債２０年超　プレミアムインカム　ＥＴＦ,ETF・ETN,20261006
4540,ツムラ,プライム（内国株式）,20261006
4543,テルモ,プライム（内国株式）,20261006
4544,Ｈ．Ｕ．グループホールディングス,プライム（内国株式）,20261006
4547,キッセイ薬品工業,プライム（内国株式）,20261006
4548,生化学工業,プライム（内国株式）,20261006
4549,栄研化学,プライム（内国株式）,20261006
4552,ＪＣＲファーマ,プライム（内国株式）,20261006
4553,東和薬品,プライム（内国株式）,20261006
4554,富士製薬工業,プライム（内国株式）,20261006
4558,中京医薬品,スタンダード（内国株式）,20261006
4559,ゼリア新薬工業,プライム（内国株式）,20261006
455A,バリューソフトホールディングス,PRO Market,20261006
4563,アンジェス,グロース（内国株式）,20261006
4564,オンコセラピー・サイエンス,グロース（内国株式）,20261006
4565,ネクセラファーマ,プライム（内国株式）,20261006
4568,第一三共,プライム（内国株式）,20261006
4569,杏林製薬,プライム（内国株式）,20261006
456A,ＨＵＭＡＮ　ＭＡＤＥ,グロース（内国株式）,20261006
4570,免疫生物研究所,グロース（内国株式）,20261006
4571,ＮＡＮＯホールディングス,グロース（内国株式）,20261006
4572,カルナバイオサイエンス,グロース（内国株式）,20261006
4574,大幸薬品,プライム（内国株式）,20261006
4575,キャンバス,グロース（内国株式）,20261006
4576,デ・ウエスタン・セラピテクス研究所,グロース（内国株式）,20261006
4577,ダイト,プライム（内国株式）,20261006
4578,大塚ホールディングス,プライム（内国株式）,20261006
4579,ラクオリア創薬,グロース（内国株式）,20261006
457A,ルリアン,PRO Market,20261006
4582,シンバイオ製薬,グロース（内国株式）,20261006
4583,カイオム・バイオサイエンス,グロース（内国株式）,20261006
4584,キッズウェル・バイオ,グロース（内国株式）,20261006
4586,メドレックス,グロース（内国株式）,20261006
4587,ペプチドリーム,プライム（内国株式）,20261006
4588,オンコリスバイオファーマ,グロース（内国株式）,20261006
458A,プラン・ドゥ,PRO Market,20261006
4591,リボミック,グロース（内国株式）,20261006
4592,サンバイオ,グロース（内国株式）,20261006
4593,ヘリオス,グロース（内国株式）,20261006
4594,ブライトパス・バイオ,グロース（内国株式）,20261006
4595,ミズホメディー,スタンダード（内国株式）,20261006
4596,窪田製薬ホールディングス,グロース（内国株式）,20261006
4597,ソレイジア・ファーマ,グロース（内国株式）,20261006
4598,Ｄｅｌｔａ－Ｆｌｙ　Ｐｈａｒｍａ,グロース（内国株式）,20261006
4599,ステムリム,グロース（内国株式）,20261006
459A,野村高利回りＪリート指数ＥＴＦ,ETF・ETN,20261006
460A,ＢＲＡＮＵ,グロース（内国株式）,20261006
4611,大日本塗料,プライム（内国株式）,20261006
4612,日本ペイントホールディングス,プライム（内国株式）,20261006
4613,関西ペイント,プライム（内国株式）,20261006
4615,神東塗料,スタンダード（内国株式）,20261006
4616,川上塗料,スタンダード（内国株式）,20261006
4617,中国塗料,プライム（内国株式）,20261006
4619,日本特殊塗料,スタンダード（内国株式）,20261006
461A,ＭＡＸＩＳ日本株高配当ＳＭＡＲＴ５０上場投信,ETF・ETN,20261006
4620,藤倉化成,スタンダード（内国株式）,20261006
4623,アサヒペン,スタンダード（内国株式）,20261006
4624,イサム塗料,スタンダード（内国株式）,20261006
4625,アトミクス,スタンダード（内国株式）,20261006
4626,太陽ホールディングス,プライム（内国株式）,20261006
4627,ナトコ,スタンダード（内国株式）,20261006
4628,エスケー化研,スタンダード（内国株式）,20261006
4629,大伸化学,スタンダード（内国株式）,20261006
462A,ＦＵＮＤＩＮＮＯ,グロース（内国株式）,20261006
4631,ＤＩＣ,プライム（内国株式）,20261006
4633,サカタインクス,プライム（内国株式）,20261006
4634,ａｒｔｉｅｎｃｅ,プライム（内国株式）,20261006
4635,東京インキ,スタンダード（内国株式）,20261006
463A,インテリックスホールディングス,スタンダード（内国株式）,20261006
4641,アルプス技研,プライム（内国株式）,20261006
4642,オリジナル設計,スタンダード（内国株式）,20261006
4644,イマジニア,スタンダード（内国株式）,20261006
4645,市進ホールディングス,スタンダード（内国株式）,20261006
464A,ＱＰＳホールディングス,グロース（内国株式）,20261006
4650,ＳＤエンターテイメント,スタンダード（内国株式）,20261006
4651,サニックスホールディングス,スタンダード（内国株式）,20261006
4657,環境管理センター,スタンダード（内国株式）,20261006
4658,日本空調サービス,プライム（内国株式）,20261006
465A,グローバルＸ　日経平均株主還元４０－日本株式　ＥＴＦ,ETF・ETN,20261006
4661,オリエンタルランド,プライム（内国株式）,20261006
4662,フォーカスシステムズ,プライム（内国株式）,20261006
4664,アール・エス・シー,スタンダード（内国株式）,20261006
4665,ダスキン,プライム（内国株式）,20261006
4666,パーク２４,プライム（内国株式）,20261006
4667,アイサンテクノロジー,スタンダード（内国株式）,20261006
4668,明光ネットワークジャパン,プライム（内国株式）,20261006
466A,グローバルＸ　防衛テック　ＥＴＦ,ETF・ETN,20261006
4671,ファルコホールディングス,スタンダード（内国株式）,20261006
4673,川崎地質,スタンダード（内国株式）,20261006
4674,クレスコ,プライム（内国株式）,20261006
4676,フジ・メディア・ホールディングス,プライム（内国株式）,20261006
4678,秀英予備校,スタンダード（内国株式）,20261006
4679,田谷,スタンダード（内国株式）,20261006
467A,グローバルＸ　米ドル建て投資適格社債　ＥＴＦ（為替ヘッジあり）,ETF・ETN,20261006
4680,ラウンドワン,プライム（内国株式）,20261006
4681,リゾートトラスト,プライム（内国株式）,20261006
4684,オービック,プライム（内国株式）,20261006
4685,菱友システムズ,スタンダード（内国株式）,20261006
4686,ジャストシステム,プライム（内国株式）,20261006
4687,ＴＤＣソフト,プライム（内国株式）,20261006
4689,ＬＩＮＥヤフー,プライム（内国株式）,20261006
468A,グローバルＸ　米ドル建て投資適格社債　ＥＴＦ,ETF・ETN,20261006
4691,ワシントンホテル,スタンダード（内国株式）,20261006
4694,ビー・エム・エル,プライム（内国株式）,20261006
469A,フィットクルー,グロース（内国株式）,20261006
4704,トレンドマイクロ,プライム（内国株式）,20261006
4705,クリップコーポレーション,スタンダード（内国株式）,20261006
4707,キタック,スタンダード（内国株式）,20261006
4709,ＩＤホールディングス,プライム（内国株式）,20261006
470A,ローカル,PRO Market,20261006
4712,ＫｅｙＨｏｌｄｅｒ,スタンダード（内国株式）,20261006
4714,リソー教育グループ,プライム（内国株式）,20261006
4716,日本オラクル,スタンダード（内国株式）,20261006
4718,早稲田アカデミー,プライム（内国株式）,20261006
4719,アルファシステムズ,プライム（内国株式）,20261006
471A,ＮＳグループ,プライム（内国株式）,20261006
4720,城南進学研究社,スタンダード（内国株式）,20261006
4722,フューチャー,プライム（内国株式）,20261006
4725,ＣＡＣ　Ｈｏｌｄｉｎｇｓ,プライム（内国株式）,20261006
4728,トーセ,スタンダード（内国株式）,20261006
472A,ミラティブ,グロース（内国株式）,20261006
4732,ユー・エス・エス,プライム（内国株式）,20261006
4733,オービックビジネスコンサルタント,プライム（内国株式）,20261006
4735,京進,スタンダード（内国株式）,20261006
4736,日本ラッド,スタンダード（内国株式）,20261006
473A,ニッセイＥＴＦ　日経２２５インデックス,ETF・ETN,20261006
4743,アイティフォー,プライム（内国株式）,20261006
4746,東計電算,スタンダード（内国株式）,20261006
4750,ダイサン,スタンダード（内国株式）,20261006
4751,サイバーエージェント,プライム（内国株式）,20261006
4752,昭和システムエンジニアリング,スタンダード（内国株式）,20261006
4754,トスネット,スタンダード（内国株式）,20261006
4755,楽天グループ,プライム（内国株式）,20261006
475A,ギミック,スタンダード（内国株式）,20261006
4760,アルファ,スタンダード（内国株式）,20261006
4761,さくらケーシーエス,スタンダード（内国株式）,20261006
4762,エックスネット,スタンダード（内国株式）,20261006
4763,クリーク・アンド・リバー社,プライム（内国株式）,20261006
4765,ＳＢＩグローバルアセットマネジメント,プライム（内国株式）,20261006
4766,ピーエイ,スタンダード（内国株式）,20261006
4767,テー・オー・ダブリュー,スタンダード（内国株式）,20261006
4768,大塚商会,プライム（内国株式）,20261006
4769,ＩＣ,スタンダード（内国株式）,20261006
476A,辻・本郷ＩＴコンサルティング,スタンダード（内国株式）,20261006
4771,エフアンドエム,スタンダード（内国株式）,20261006
4772,ＳＭ　ＥＮＴＥＲＴＡＩＮＭＥＮＴ　ＪＡＰＡＮ,グロース（内国株式）,20261006
4776,サイボウズ,プライム（内国株式）,20261006
4777,ガーラ,スタンダード（内国株式）,20261006
477A,スタートライン,グロース（内国株式）,20261006
4783,ＮＣＤ,スタンダード（内国株式）,20261006
4784,ＧＭＯインターネット,プライム（内国株式）,20261006
478A,フツパー,グロース（内国株式）,20261006
4792,山田コンサルティンググループ,プライム（内国株式）,20261006
479A,ＰＲＯＮＩ,グロース（内国株式）,20261006
4801,セントラルスポーツ,プライム（内国株式）,20261006
4809,パラカ,プライム（内国株式）,20261006
480A,リブ・コンサルティング,グロース（内国株式）,20261006
4811,ドリーム・アーツ,グロース（内国株式）,20261006
4812,電通総研,プライム（内国株式）,20261006
4813,ＡＣＣＥＳＳ,プライム（内国株式）,20261006
4814,ネクストウェア,スタンダード（内国株式）,20261006
4816,東映アニメーション,スタンダード（内国株式）,20261006
4819,デジタルガレージ,プライム（内国株式）,20261006
481A,ＪＳｅｃｕｒｉｔｙ,PRO Market,20261006
4820,イーエムシステムズ,プライム（内国株式）,20261006
4825,ウェザーニューズ,プライム（内国株式）,20261006
4826,ＣＩＪ,プライム（内国株式）,20261006
4828,ビジネスエンジニアリング,プライム（内国株式）,20261006
4829,日本エンタープライズ,スタンダード（内国株式）,20261006
4832,ＪＦＥシステムズ,スタンダード（内国株式）,20261006
4833,Ｄｅｆ　ｃｏｎｓｕｌｔｉｎｇ,グロース（内国株式）,20261006
4838,スペースシャワーＳＫＩＹＡＫＩホールディングス,スタンダード（内国株式）,20261006
4839,ＷＯＷＯＷ,プライム（内国株式）,20261006
483A,テラテクノロジー,スタンダード（内国株式）,20261006
4840,トライアイズ,スタンダード（内国株式）,20261006
4845,スカラ,スタンダード（内国株式）,20261006
4847,インテリジェント　ウェイブ,プライム（内国株式）,20261006
4848,フルキャストホールディングス,プライム（内国株式）,20261006
4849,エン,プライム（内国株式）,20261006
484A,ニューズドテック,PRO Market,20261006
485A,パワーエックス,グロース（内国株式）,20261006
486A,ＮＥＸＴ　ＦＵＮＤＳ　ユーロ・ストックス５０指数（為替ヘッジなし）連動型上場投信,ETF・ETN,20261006
4875,メディシノバ・インク,スタンダード（外国株式）,20261006
487A,ＮＥＸＴ　ＦＵＮＤＳ　ドイツ株式・ＤＡＸ（為替ヘッジなし）連動型上場投信,ETF・ETN,20261006
4880,セルソース,スタンダード（内国株式）,20261006
4881,ファンペップ,グロース（内国株式）,20261006
4882,ペルセウスプロテオミクス,グロース（内国株式）,20261006
4883,モダリス,グロース（内国株式）,20261006
4884,クリングルファーマ,グロース（内国株式）,20261006
4885,室町ケミカル,スタンダード（内国株式）,20261006
4886,あすか製薬ホールディングス,プライム（内国株式）,20261006
4887,サワイグループホールディングス,プライム（内国株式）,20261006
4888,ステラファーマ,グロース（内国株式）,20261006
4889,レナサイエンス,グロース（内国株式）,20261006
488A,ｉシェアーズ　円高フォーカス　ＥＴＦ,ETF・ETN,20261006
4890,坪田ラボ,グロース（内国株式）,20261006
4891,ティムス,グロース（内国株式）,20261006
4892,サイフューズ,グロース（内国株式）,20261006
4893,ノイルイミューン・バイオテック,グロース（内国株式）,20261006
4894,クオリプス,グロース（内国株式）,20261006
4896,ケイファーマ,グロース（内国株式）,20261006
489A,東証ＲＥＩＴ物流フォーカスＥＴＦ,ETF・ETN,20261006
4901,富士フイルムホールディングス,プライム（内国株式）,20261006
4902,コニカミノルタ,プライム（内国株式）,20261006
490A,センス・トラスト,PRO Market,20261006
4911,資生堂,プライム（内国株式）,20261006
4912,ライオン,プライム（内国株式）,20261006
4914,高砂香料工業,プライム（内国株式）,20261006
4918,アイビー化粧品,スタンダード（内国株式）,20261006
4919,ミルボン,プライム（内国株式）,20261006
491A,ｉシェアーズ　Ｓ＆Ｐ　５００　除く金融　ＥＴＦ（為替ヘッジあり）,ETF・ETN,20261006
4920,日本色材工業研究所,スタンダード（内国株式）,20261006
4922,コーセーホールディングス,プライム（内国株式）,20261006
4923,コタ,プライム（内国株式）,20261006
4925,ハーバー研究所,スタンダード（内国株式）,20261006
4926,シーボン,スタンダード（内国株式）,20261006
4927,ポーラ・オルビスホールディングス,プライム（内国株式）,20261006
4928,ノエビアホールディングス,プライム（内国株式）,20261006
4929,アジュバンホールディングス,スタンダード（内国株式）,20261006
492A,Ｏｎｅ　ＥＴＦ　日本国債　高クーポン（平均残存１０年未満）,ETF・ETN,20261006
4931,新日本製薬,プライム（内国株式）,20261006
4932,アルマード,スタンダード（内国株式）,20261006
4933,Ｉ－ｎｅ,プライム（内国株式）,20261006
4934,プレミアアンチエイジング,グロース（内国株式）,20261006
4935,リベルタ,スタンダード（内国株式）,20261006
4936,アクシージア,スタンダード（内国株式）,20261006
4937,Ｗａｑｏｏ,グロース（内国株式）,20261006
493A,Ｏｎｅ　ＥＴＦ　日本国債　１－３年,ETF・ETN,20261006
494A,Ｏｎｅ　ＥＴＦ　日本国債　３－７年,ETF・ETN,20261006
4951,エステー,プライム（内国株式）,20261006
4956,コニシ,プライム（内国株式）,20261006
4958,長谷川香料,プライム（内国株式）,20261006
495A,Ｏｎｅ　ＥＴＦ　日本国債　７－１０年,ETF・ETN,20261006
4960,ケミプロ化成,スタンダード（内国株式）,20261006
4966,上村工業,スタンダード（内国株式）,20261006
4967,小林製薬,プライム（内国株式）,20261006
4968,荒川化学工業,プライム（内国株式）,20261006
496A,Ｏｎｅ　ＥＴＦ　日本国債　１７－２０年,ETF・ETN,20261006
4970,東洋合成工業,スタンダード（内国株式）,20261006
4971,メック,プライム（内国株式）,20261006
4972,綜研化学,スタンダード（内国株式）,20261006
4973,日本高純度化学,プライム（内国株式）,20261006
4975,ＪＣＵ,プライム（内国株式）,20261006
4976,東洋ドライルーブ,スタンダード（内国株式）,20261006
4977,新田ゼラチン,スタンダード（内国株式）,20261006
4978,リプロセル,グロース（内国株式）,20261006
4979,ＯＡＴアグリオ,スタンダード（内国株式）,20261006
497A,インバウンド消費関連　日本株（ネットリターン）ＥＴＮ,ETF・ETN,20261006
4980,デクセリアルズ,プライム（内国株式）,20261006
4985,アース製薬,プライム（内国株式）,20261006
498A,防衛・航空宇宙　欧州株（ネットリターン）ＥＴＮ,ETF・ETN,20261006
4990,昭和化学工業,スタンダード（内国株式）,20261006
4992,北興化学工業,スタンダード（内国株式）,20261006
4994,大成ラミックグループ,スタンダード（内国株式）,20261006
4996,クミアイ化学工業,プライム（内国株式）,20261006
4997,日本農薬,プライム（内国株式）,20261006
4998,フマキラー,スタンダード（内国株式）,20261006
499A,ラグジュアリー厳選１０　欧州株（ネットリターン）ＥＴＮ,ETF・ETN,20261006
500A,ＴＯブックス,スタンダード（内国株式）,20261006
5010,日本精蝋,スタンダード（内国株式）,20261006
5011,ニチレキグループ,プライム（内国株式）,20261006
5013,ユシロ,スタンダード（内国株式）,20261006
5015,ビーピー・カストロール,スタンダード（内国株式）,20261006
5016,ＪＸ金属,プライム（内国株式）,20261006
5018,ＭＯＲＥＳＣＯ,スタンダード（内国株式）,20261006
5019,出光興産,プライム（内国株式）,20261006
501A,プレシャスパートナーズ,PRO Market,20261006
5020,ＥＮＥＯＳホールディングス,プライム（内国株式）,20261006
5021,コスモエネルギーホールディングス,プライム（内国株式）,20261006
5025,マーキュリー,グロース（内国株式）,20261006
5026,トリプルアイズ,グロース（内国株式）,20261006
5027,ＡｎｙＭｉｎｄ　Ｇｒｏｕｐ,グロース（内国株式）,20261006
5028,セカンドサイトアナリティカ,グロース（内国株式）,20261006
5029,サークレイス,グロース（内国株式）,20261006
502A,グローバルＸ　超短期円建て債券　ＥＴＦ,ETF・ETN,20261006
5031,モイ,グロース（内国株式）,20261006
5032,ＡＮＹＣＯＬＯＲ,プライム（内国株式）,20261006
5033,ヌーラボ,グロース（内国株式）,20261006
5034,ｕｎｅｒｒｙ,グロース（内国株式）,20261006
5035,ＨＯＵＳＥＩ,グロース（内国株式）,20261006
5036,日本ビジネスシステムズ,プライム（内国株式）,20261006
5037,フィットワークス,PRO Market,20261006
5038,ｅＷｅＬＬ,グロース（内国株式）,20261006
503A,ベルチャイルド,PRO Market,20261006
504A,イノバセル,グロース（内国株式）,20261006
505A,ギークリー,スタンダード（内国株式）,20261006
506A,シンカナース,PRO Market,20261006
5071,ヴィス,スタンダード（内国株式）,20261006
5072,アートフォースジャパン,PRO Market,20261006
5074,テスホールディングス,プライム（内国株式）,20261006
5076,インフロニア・ホールディングス,プライム（内国株式）,20261006
5077,ハンズ,PRO Market,20261006
5078,セレコーポレーション,スタンダード（内国株式）,20261006
5079,ノバック,スタンダード（内国株式）,20261006
507A,デジタル・ナレッジ,PRO Market,20261006
509A,グリーンライト・再エネインフラ投資法人,REIT・ベンチャーファンド・カントリーファンド・インフラファンド,20261006
5101,横浜ゴム,プライム（内国株式）,20261006
5105,ＴＯＹＯ　ＴＩＲＥ,プライム（内国株式）,20261006
5108,ブリヂストン,プライム（内国株式）,20261006
510A,ハートアップ,PRO Market,20261006
5110,住友ゴム工業,プライム（内国株式）,20261006
511A,ヴァンガードスミス,PRO Market,20261006
5121,藤倉コンポジット,プライム（内国株式）,20261006
5122,オカモト,プライム（内国株式）,20261006
5125,ファインズ,グロース（内国株式）,20261006
5126,ポーターズ,グロース（内国株式）,20261006
5129,ＦＩＸＥＲ,グロース（内国株式）,20261006
512A,グローバルＸ　ステーブルコイン＆トークンビジネス　ＥＴＦ（除く日本）,ETF・ETN,20261006
5130,ヒロホールディングス,PRO Market,20261006
5131,リンカーズ,グロース（内国株式）,20261006
5132,ｐｌｕｓｚｅｒｏ,グロース（内国株式）,20261006
5133,テリロジーホールディングス,スタンダード（内国株式）,20261006
5134,ＰＯＰＥＲ,グロース（内国株式）,20261006
5135,ＡＩＲ－Ｕ,PRO Market,20261006
5136,ｔｒｉｐｌａ,グロース（内国株式）,20261006
5137,スマートドライブ,グロース（内国株式）,20261006
5138,Ｒｅｂａｓｅ,グロース（内国株式）,20261006
5139,オープンワーク,グロース（内国株式）,20261006
513A,グローバルＸ　防衛テック－日本株式　ＥＴＦ,ETF・ETN,20261006
5142,アキレス,プライム（内国株式）,20261006
514A,孫の手,PRO Market,20261006
515A,ｉシェアーズ　高格付け日本円社債　ＥＴＦ,ETF・ETN,20261006
5161,西川ゴム工業,スタンダード（内国株式）,20261006
5162,朝日ラバー,スタンダード（内国株式）,20261006
516A,ｉＦｒｅｅＥＴＦ　米ドル・ブル（１倍）,ETF・ETN,20261006
517A,ｉＦｒｅｅＥＴＦ　米ドル・ベア（１倍）,ETF・ETN,20261006
5184,ニチリン,スタンダード（内国株式）,20261006
5185,フコク,プライム（内国株式）,20261006
5186,ニッタ,プライム（内国株式）,20261006
5187,クリエートメディック,スタンダード（内国株式）,20261006
5189,櫻護謨,スタンダード（内国株式）,20261006
518A,ＮＥＸＴ　ＦＵＮＤＳ　ＦＴＳＥ日本株高配当キャッシュフロー５０指数連動型上場投信,ETF・ETN,20261006
5192,三ツ星ベルト,プライム（内国株式）,20261006
5194,相模ゴム工業,スタンダード（内国株式）,20261006
5195,バンドー化学,プライム（内国株式）,20261006
5199,不二ラテックス,スタンダード（内国株式）,20261006
519A,ベーシック,グロース（内国株式）,20261006
5201,ＡＧＣ,プライム（内国株式）,20261006
5204,石塚硝子,スタンダード（内国株式）,20261006
5208,有沢製作所,プライム（内国株式）,20261006
520A,ジェイファーマ,グロース（内国株式）,20261006
5210,日本山村硝子,スタンダード（内国株式）,20261006
5214,日本電気硝子,プライム（内国株式）,20261006
5216,倉元製作所,スタンダード（内国株式）,20261006
5218,オハラ,スタンダード（内国株式）,20261006
521A,ｉＦｒｅｅＥＴＦ　ＦＡＮＧ＋ゴールド,ETF・ETN,20261006
522A,ＣＯＥＬ,PRO Market,20261006
5232,住友大阪セメント,プライム（内国株式）,20261006
5233,太平洋セメント,プライム（内国株式）,20261006
5237,ノザワ,スタンダード（内国株式）,20261006
523A,セイワホールディングス,グロース（内国株式）,20261006
5240,ｍｏｎｏＡＩ　ｔｅｃｈｎｏｌｏｇｙ,グロース（内国株式）,20261006
5242,アイズ,グロース（内国株式）,20261006
5243,ｎｏｔｅ,グロース（内国株式）,20261006
5244,ｊｉｇ．ｊｐ,グロース（内国株式）,20261006
5246,ＥＬＥＭＥＮＴＳ,グロース（内国株式）,20261006
5247,ＢＴＭ,グロース（内国株式）,20261006
5248,テクノロジーズ,グロース（内国株式）,20261006
5249,あさかわシステムズ,PRO Market,20261006
524A,田村ビルズグループ,PRO Market,20261006
5250,ＧＭＯプライム・ストラテジー,スタンダード（内国株式）,20261006
5251,ウイズ・ワン,PRO Market,20261006
5252,日本ナレッジ,グロース（内国株式）,20261006
5253,カバー,グロース（内国株式）,20261006
5254,Ａｒｅｎｔ,グロース（内国株式）,20261006
5255,モンスターラボ,グロース（内国株式）,20261006
5256,Ｆｕｓｉｃ,グロース（内国株式）,20261006
5257,ノバシステム,スタンダード（内国株式）,20261006
5258,トランザクション・メディア・ネットワークス,グロース（内国株式）,20261006
525A,ｍａｎｅｂｉ,PRO Market,20261006
5261,リソルホールディングス,プライム（内国株式）,20261006
5262,日本ヒューム,プライム（内国株式）,20261006
5268,旭コンクリート工業,スタンダード（内国株式）,20261006
5269,日本コンクリート工業,プライム（内国株式）,20261006
526A,ＪＰＸスタートアップ急成長１００ＥＴＦ,ETF・ETN,20261006
5271,トーヨーアサノ,スタンダード（内国株式）,20261006
5273,三谷セキサン,スタンダード（内国株式）,20261006
5279,日本興業,スタンダード（内国株式）,20261006
527A,ＮＯＳＥ　ＳＨＯＰ,PRO Market,20261006
5280,ヨシコン,スタンダード（内国株式）,20261006
5282,ジオスター,スタンダード（内国株式）,20261006
5283,高見澤,スタンダード（内国株式）,20261006
5284,ヤマウホールディングス,スタンダード（内国株式）,20261006
5285,ヤマックス,スタンダード（内国株式）,20261006
5287,イトーヨーギョー,スタンダード（内国株式）,20261006
5288,アジアパイルホールディングス,プライム（内国株式）,20261006
528A,フリースタイル,PRO Market,20261006
5290,ベルテクスコーポレーション,スタンダード（内国株式）,20261006
5301,東海カーボン,プライム（内国株式）,20261006
5302,日本カーボン,プライム（内国株式）,20261006
5304,ＳＥＣカーボン,スタンダード（内国株式）,20261006
530A,ＮＺＡＭ　上場投信　東証ＲＥＩＴ指数（２・５・８・１１月決算型）,ETF・ETN,20261006
5310,東洋炭素,プライム（内国株式）,20261006
531A,ＮＺＡＭ　上場投信　日経平均高配当株５０,ETF・ETN,20261006
532A,ＮＺＡＭ　上場投信　ＴＯＰＩＸ高配当４０,ETF・ETN,20261006
5331,ノリタケ,プライム（内国株式）,20261006
5332,ＴＯＴＯ,プライム（内国株式）,20261006
5333,ＮＧＫ,プライム（内国株式）,20261006
5334,日本特殊陶業,プライム（内国株式）,20261006
5337,ダントーホールディングス,スタンダード（内国株式）,20261006
533A,ＮＺＡＭ　上場投信　Ｓ＆Ｐ５００（為替ヘッジなし）,ETF・ETN,20261006
5341,ＡＳＡＨＩ　ＥＩＴＯホールディングス,スタンダード（内国株式）,20261006
5344,ＭＡＲＵＷＡ,プライム（内国株式）,20261006
534A,ＮＺＡＭ　上場投信　ＮＡＳＤＡＱ１００（為替ヘッジなし）,ETF・ETN,20261006
5351,品川リフラ,プライム（内国株式）,20261006
5355,日本坩堝,スタンダード（内国株式）,20261006
5356,美濃窯業,スタンダード（内国株式）,20261006
5357,ヨータイ,プライム（内国株式）,20261006
535A,ＮＺＡＭ　上場投信　ＤＡＸ（為替ヘッジなし）,ETF・ETN,20261006
5363,東京窯業,スタンダード（内国株式）,20261006
5367,ニッカトー,スタンダード（内国株式）,20261006
5368,日本インシュレーション,スタンダード（内国株式）,20261006
536A,ＮＺＡＭ　上場投信　先進国株式（ＭＳＣＩ－ＫＯＫＵＳＡＩ）（為替ヘッジなし）,ETF・ETN,20261006
537A,ＮＺＡＭ　上場投信　全世界株式（ＭＳＣＩ　ＡＣＷＩ）（為替ヘッジなし）,ETF・ETN,20261006
5380,新東,スタンダード（内国株式）,20261006
5381,マイポックス,スタンダード（内国株式）,20261006
5384,フジミインコーポレーテッド,プライム（内国株式）,20261006
5388,クニミネ工業,スタンダード（内国株式）,20261006
538A,ＮＺＡＭ　上場投信　米国国債７－１０年（為替ヘッジなし）,ETF・ETN,20261006
5391,エーアンドエーマテリアル,スタンダード（内国株式）,20261006
5393,ニチアス,プライム（内国株式）,20261006
539A,ＮＺＡＭ　上場投信　海外債券（ＦＴＳＥ　ＷＧＢＩ除く日本）（為替ヘッジなし）,ETF・ETN,20261006
5401,日本製鉄,プライム（内国株式）,20261006
5406,神戸製鋼所,プライム（内国株式）,20261006
5408,中山製鋼所,プライム（内国株式）,20261006
540A,上場インデックスファンド日経銀行株トップ１０,ETF・ETN,20261006
5410,合同製鐵,プライム（内国株式）,20261006
5411,ＪＦＥホールディングス,プライム（内国株式）,20261006
541A,Ｏｎｅ　ＥＴＦ　ＴＯＰＩＸ高配当株グロース指数,ETF・ETN,20261006
5423,東京製鐵,プライム（内国株式）,20261006
542A,ビタブリッドジャパン,グロース（内国株式）,20261006
543A,ＡＲＣＨＩＯＮ,プライム（内国株式）,20261006
5440,共英製鋼,プライム（内国株式）,20261006
5444,大和工業,プライム（内国株式）,20261006
5445,東京鐵鋼,プライム（内国株式）,20261006
5446,北越メタル,スタンダード（内国株式）,20261006
5449,大阪製鐵,スタンダード（内国株式）,20261006
544A,ＧＭＳグループ,プライム（内国株式）,20261006
5451,ヨドコウ,プライム（内国株式）,20261006
5458,高砂鐵工,スタンダード（内国株式）,20261006
545A,トランヴィア,プライム（内国株式）,20261006
5461,中部鋼鈑,プライム（内国株式）,20261006
5463,丸一鋼管,プライム（内国株式）,20261006
5464,モリ工業,スタンダード（内国株式）,20261006
546A,ＭＩＲＡＩＮＩホールディングス,プライム（内国株式）,20261006
5471,大同特殊鋼,プライム（内国株式）,20261006
547A,ムニノバホールディングス,プライム（内国株式）,20261006
5480,日本冶金工業,プライム（内国株式）,20261006
5482,愛知製鋼,プライム（内国株式）,20261006
5484,東北特殊鋼,スタンダード（内国株式）,20261006
548A,システムエグゼ,スタンダード（内国株式）,20261006
5491,日本金属,スタンダード（内国株式）,20261006
549A,ヒトトヒトホールディングス,スタンダード（内国株式）,20261006
550A,ソフトテックス,スタンダード（内国株式）,20261006
551A,ＩＺＵＭＩグループ,PRO Market,20261006
5525,フロンティアホールディングス,PRO Market,20261006
5527,ｐｒｏｐｅｒｔｙ　ｔｅｃｈｎｏｌｏｇｉｅｓ,グロース（内国株式）,20261006
5528,フロンティアハウス,PRO Market,20261006
552A,ＭＡＸＩＳ米国ＡＩインフラ株上場投信,ETF・ETN,20261006
5531,エヌバイテクノロジーズ,PRO Market,20261006
5532,リアルゲイト,グロース（内国株式）,20261006
5533,エリッツホールディングス,スタンダード（内国株式）,20261006
5534,エンゼルグループ,PRO Market,20261006
5535,ミガロホールディングス,プライム（内国株式）,20261006
5536,京橋アートレジデンス,PRO Market,20261006
5537,ＡｌｂａＬｉｎｋ,グロース（内国株式）,20261006
5541,大平洋金属,プライム（内国株式）,20261006
5542,新報国マテリアル,スタンダード（内国株式）,20261006
554A,バトンズ,グロース（内国株式）,20261006
555A,北王ＧＲＯＵＰ,PRO Market,20261006
5563,新日本電工,プライム（内国株式）,20261006
556A,犬猫生活,グロース（内国株式）,20261006
5570,ジェノバ,グロース（内国株式）,20261006
5571,エキサイトホールディングス,スタンダード（内国株式）,20261006
5572,Ｒｉｄｇｅ－ｉ,グロース（内国株式）,20261006
5573,働楽ホールディングス,PRO Market,20261006
5574,ＡＢＥＪＡ,グロース（内国株式）,20261006
5575,Ｇｌｏｂｅｅ,グロース（内国株式）,20261006
5576,オービーシステム,スタンダード（内国株式）,20261006
5578,ＡＲアドバンストテクノロジ,グロース（内国株式）,20261006
557A,フェリエスト,PRO Market,20261006
5580,プロディライト,グロース（内国株式）,20261006
5581,カイテクノロジー,PRO Market,20261006
5582,グリッド,グロース（内国株式）,20261006
5584,Ｓｔｒａｗｂｅｒｒｙ　ｊａｍｓ,PRO Market,20261006
5586,Ｌａｂｏｒｏ．ＡＩ,グロース（内国株式）,20261006
5587,インバウンドプラットフォーム,グロース（内国株式）,20261006
5588,ファーストアカウンティング,グロース（内国株式）,20261006
5589,オートサーバー,スタンダード（内国株式）,20261006
558A,ＳＱＵＥＥＺＥ,グロース（内国株式）,20261006
5590,ネットスターズ,グロース（内国株式）,20261006
5591,ＡＶＩＬＥＮ,グロース（内国株式）,20261006
5592,くすりの窓口,グロース（内国株式）,20261006
5594,エム・デー・ビー,PRO Market,20261006
5597,ブルーイノベーション,グロース（内国株式）,20261006
5598,Ｙｏｔｔａｖｉａｓ,PRO Market,20261006
5599,Ｓ＆Ｊ,グロース（内国株式）,20261006
559A,梅乃宿酒造,スタンダード（内国株式）,20261006
5602,栗本鐵工所,プライム（内国株式）,20261006
5603,虹技,スタンダード（内国株式）,20261006
5609,日本鋳造,スタンダード（内国株式）,20261006
560A,オカダコーポレーション,PRO Market,20261006
5612,日本鋳鉄管,スタンダード（内国株式）,20261006
5616,雨風太陽,グロース（内国株式）,20261006
5618,ナイル,グロース（内国株式）,20261006
5619,マーソ,グロース（内国株式）,20261006
561A,マークスライフ,PRO Market,20261006
5620,エスピーオー,PRO Market,20261006
5621,ヒューマンテクノロジーズ,グロース（内国株式）,20261006
5622,ワンビ,PRO Market,20261006
562A,寶結,PRO Market,20261006
5631,日本製鋼所,プライム（内国株式）,20261006
5632,三菱製鋼,プライム（内国株式）,20261006
563A,グローバルＸ　ＮＡＳＤＡＱ１００・デイリー・カバード・コール　ＥＴＦ,ETF・ETN,20261006
5644,メタルアート,スタンダード（内国株式）,20261006
564A,グローバルＸ　Ｓ＆Ｐ先進国キャッシュフロー・トップ１００　ＥＴＦ,ETF・ETN,20261006
5658,日亜鋼業,スタンダード（内国株式）,20261006
5659,日本精線,プライム（内国株式）,20261006
565A,ＦＦＦホールディングス,PRO Market,20261006
566A,ｉＦｒｅｅＥＴＦ　ブルームバーグ日本株（除く金融）高配当５０指数,ETF・ETN,20261006
567A,ディープラス,PRO Market,20261006
568A,ｉシェアーズ　シルバー　ＥＴＦ,ETF・ETN,20261006
5695,パウダーテック,スタンダード（内国株式）,20261006
5697,サンユウ,スタンダード（内国株式）,20261006
5698,エンビプロ・ホールディングス,スタンダード（内国株式）,20261006
5699,イボキン,スタンダード（内国株式）,20261006
569A,ｉシェアーズ　プラチナ　ＥＴＦ,ETF・ETN,20261006
5702,大紀アルミニウム工業所,プライム（内国株式）,20261006
5703,日本軽金属ホールディングス,プライム（内国株式）,20261006
5704,ＪＭＣ,スタンダード（内国株式）,20261006
5706,三井金属,プライム（内国株式）,20261006
5707,東邦亜鉛,プライム（内国株式）,20261006
570A,ｉシェアーズ　日本国債０－１年　ＥＴＦ,ETF・ETN,20261006
5711,三菱マテリアル,プライム（内国株式）,20261006
5713,住友金属鉱山,プライム（内国株式）,20261006
5714,ＤＯＷＡホールディングス,プライム（内国株式）,20261006
5715,古河機械金属,プライム（内国株式）,20261006
571A,ｉシェアーズ　日本国債１－３年　ＥＴＦ,ETF・ETN,20261006
5721,エスクリプトエナジー,スタンダード（内国株式）,20261006
5724,アサカ理研,スタンダード（内国株式）,20261006
5726,大阪チタニウムテクノロジーズ,プライム（内国株式）,20261006
5729,日本精鉱,スタンダード（内国株式）,20261006
572A,ｉシェアーズ　日本国債３－７年　ＥＴＦ,ETF・ETN,20261006
573A,ｉシェアーズ　日本国債２０年超　ＥＴＦ,ETF・ETN,20261006
5741,ＵＡＣＪ,プライム（内国株式）,20261006
5742,エヌアイシ・オートテック,スタンダード（内国株式）,20261006
574A,ＬＡＳＳＩＣ,PRO Market,20261006
5753,日本伸銅,スタンダード（内国株式）,20261006
5757,ＣＫサンエツ,プライム（内国株式）,20261006
575A,前澤ホールディングス,プライム（内国株式）,20261006
576A,グローバルＸ　チャイナテック・カバード・コール　ＥＴＦ,ETF・ETN,20261006
577A,グローバルＸ　シルバー　ＥＴＦ,ETF・ETN,20261006
578A,グローバルＸ　シルバー　ＥＴＦ（為替ヘッジあり）,ETF・ETN,20261006
579A,グローバルＸ　銀ビジネス　ＥＴＦ,ETF・ETN,20261006
5801,古河電気工業,プライム（内国株式）,20261006
5802,住友電気工業,プライム（内国株式）,20261006
5803,フジクラ,プライム（内国株式）,20261006
5805,ＳＷＣＣ,プライム（内国株式）,20261006
580A,グローバルＸ　銅ビジネス　ＥＴＦ,ETF・ETN,20261006
5816,オーナンバ,スタンダード（内国株式）,20261006
5817,ＪＭＡＣＳ,スタンダード（内国株式）,20261006
5819,カナレ電気,スタンダード（内国株式）,20261006
581A,ＧＯ,グロース（内国株式）,20261006
5820,三ッ星,スタンダード（内国株式）,20261006
5821,平河ヒューテック,プライム（内国株式）,20261006
5830,いよぎんホールディングス,プライム（内国株式）,20261006
5831,しずおかフィナンシャルグループ,プライム（内国株式）,20261006
5832,ちゅうぎんフィナンシャルグループ,プライム（内国株式）,20261006
5834,ＳＢＩリーシングサービス,グロース（内国株式）,20261006
5838,楽天銀行,プライム（内国株式）,20261006
583A,不動産流通システム,PRO Market,20261006
5840,日本総険,PRO Market,20261006
5842,インテグラル,グロース（内国株式）,20261006
5843,ニッポンインシュア,スタンダード（内国株式）,20261006
5844,京都フィナンシャルグループ,プライム（内国株式）,20261006
5845,全保連,スタンダード（内国株式）,20261006
584A,ＬｉＮＫＸ,グロース（内国株式）,20261006
5851,リョービ,プライム（内国株式）,20261006
5852,アーレスティ,プライム（内国株式）,20261006
5857,ＡＲＥホールディングス,プライム（内国株式）,20261006
5858,ＳＴＧ,グロース（内国株式）,20261006
585A,日本バリュー・ボトムアップ株式投資戦略アクティブＥＴＦ,ETF・ETN,20261006
5866,ＷｉｚＢｉｚ,PRO Market,20261006
5867,エスネットワークス,グロース（内国株式）,20261006
5868,ロココ,スタンダード（内国株式）,20261006
5869,早稲田学習研究会,スタンダード（内国株式）,20261006
586A,ＮＥＸＴ　ＦＵＮＤＳ　日経エンタメ・コンテンツ株指数連動型上場投信,ETF・ETN,20261006
5870,ナルネットコミュニケーションズ,グロース（内国株式）,20261006
5871,ＳＯＬＩＺＥ　Ｈｏｌｄｉｎｇｓ,スタンダード（内国株式）,20261006
587A,インベスコＱＱＱトラスト　シリーズ１,ETF・ETN,20261006
5884,クラダシ,グロース（内国株式）,20261006
5885,ジーデップ・アドバンス,スタンダード（内国株式）,20261006
5886,ＯＯＫＡＢＥ　ＧＬＡＳＳ,PRO Market,20261006
5887,光響,PRO Market,20261006
5888,ＤＡＩＷＡ　ＣＹＣＬＥ,グロース（内国株式）,20261006
5889,Ｊａｐａｎ　Ｅｙｅｗｅａｒ　Ｈｏｌｄｉｎｇｓ,プライム（内国株式）,20261006
5890,オフィスバスターズ,PRO Market,20261006
5891,ＳＡＫＩＧＡＫＥホールディングス,スタンダード（内国株式）,20261006
5892,ｙｕｔｏｒｉ,グロース（内国株式）,20261006
5893,ＲＡＶＩＰＡ,PRO Market,20261006
589A,ネイス,グロース（内国株式）,20261006
5900,ダイケン,スタンダード（内国株式）,20261006
5901,東洋製罐グループホールディングス,プライム（内国株式）,20261006
5902,ホッカンホールディングス,プライム（内国株式）,20261006
5905,日本製罐,スタンダード（内国株式）,20261006
5906,エムケー精工,スタンダード（内国株式）,20261006
5909,コロナ,スタンダード（内国株式）,20261006
590A,ギフティグループ,プライム（内国株式）,20261006
5911,横河ブリッジホールディングス,プライム（内国株式）,20261006
5915,駒井ハルテック,スタンダード（内国株式）,20261006
5918,瀧上工業,スタンダード（内国株式）,20261006
591A,西條,PRO Market,20261006
5921,川岸工業,スタンダード（内国株式）,20261006
5922,那須電機鉄工,スタンダード（内国株式）,20261006
5923,高田機工,スタンダード（内国株式）,20261006
5928,アルメタックス,スタンダード（内国株式）,20261006
5929,三和ホールディングス,プライム（内国株式）,20261006
5930,文化シヤッター,プライム（内国株式）,20261006
5932,三協立山,プライム（内国株式）,20261006
5933,アルインコ,プライム（内国株式）,20261006
5936,東洋シヤッター,スタンダード（内国株式）,20261006
5938,ＬＩＸＩＬ,プライム（内国株式）,20261006
5939,大谷工業,スタンダード（内国株式）,20261006
593A,ティアフォー,グロース（内国株式）,20261006
5940,不二サッシ,スタンダード（内国株式）,20261006
5941,中西製作所,スタンダード（内国株式）,20261006
5942,日本フイルコン,スタンダード（内国株式）,20261006
5943,ノーリツ,プライム（内国株式）,20261006
5945,天龍製鋸,スタンダード（内国株式）,20261006
5946,長府製作所,プライム（内国株式）,20261006
5947,リンナイ,プライム（内国株式）,20261006
5949,ユニプレス,プライム（内国株式）,20261006
594A,ＰＲＯ　ＨＯＬＤＩＮＧＳ,PRO Market,20261006
5950,日本パワーファスニング,スタンダード（内国株式）,20261006
5951,ダイニチ工業,スタンダード（内国株式）,20261006
5952,アマテイ,スタンダード（内国株式）,20261006
5955,ワイズホールディングス,スタンダード（内国株式）,20261006
5956,トーソー,スタンダード（内国株式）,20261006
5957,日東精工,プライム（内国株式）,20261006
5958,三洋工業,スタンダード（内国株式）,20261006
5959,岡部,プライム（内国株式）,20261006
595A,不二興産,PRO Market,20261006
5962,浅香工業,スタンダード（内国株式）,20261006
5965,フジマック,スタンダード（内国株式）,20261006
5966,京都機械工具,スタンダード（内国株式）,20261006
5967,ＴＯＮＥ,スタンダード（内国株式）,20261006
5969,ロブテックス,スタンダード（内国株式）,20261006
5970,ジーテクト,プライム（内国株式）,20261006
5971,共和工業所,スタンダード（内国株式）,20261006
5973,トーアミ,スタンダード（内国株式）,20261006
5974,中国工業,スタンダード（内国株式）,20261006
5975,東プレ,プライム（内国株式）,20261006
5976,高周波熱錬,プライム（内国株式）,20261006
597A,ａｎｄ　ＵＳ,PRO Market,20261006
5981,東京製綱,プライム（内国株式）,20261006
5982,マルゼン,スタンダード（内国株式）,20261006
5983,イワブチ,スタンダード（内国株式）,20261006
5984,兼房,スタンダード（内国株式）,20261006
5985,サンコール,スタンダード（内国株式）,20261006
5986,モリテック　スチール,スタンダード（内国株式）,20261006
5987,オーネックス,スタンダード（内国株式）,20261006
5988,パイオラックス,プライム（内国株式）,20261006
5989,エイチワン,プライム（内国株式）,20261006
598A,チャットプラス,グロース（内国株式）,20261006
5990,スーパーツール,スタンダード（内国株式）,20261006
5991,日本発條,プライム（内国株式）,20261006
5992,中央発條,スタンダード（内国株式）,20261006
5994,ファインシンター,スタンダード（内国株式）,20261006
5997,協立エアテック,スタンダード（内国株式）,20261006
5998,アドバネクス,スタンダード（内国株式）,20261006
599A,元気な介護,PRO Market,20261006
6005,三浦工業,プライム（内国株式）,20261006
600A,ニッセイＥＴＦ　ラッセル２０００,ETF・ETN,20261006
6013,タクマ,プライム（内国株式）,20261006
6016,ジャパンエンジンコーポレーション,スタンダード（内国株式）,20261006
6018,阪神内燃機工業,スタンダード（内国株式）,20261006
601A,ラックス建設,PRO Market,20261006
6022,赤阪鐵工所,スタンダード（内国株式）,20261006
6023,ダイハツインフィニアース,スタンダード（内国株式）,20261006
6027,弁護士ドットコム,プライム（内国株式）,20261006
6029,アトラグループ,スタンダード（内国株式）,20261006
602A,レックスアドバイザーズ,PRO Market,20261006
6030,アドベンチャー,グロース（内国株式）,20261006
6031,ＺＥＴＡ,スタンダード（内国株式）,20261006
6033,エクストリーム,グロース（内国株式）,20261006
6034,ＭＲＴ,グロース（内国株式）,20261006
6035,アイ・アールジャパンホールディングス,スタンダード（内国株式）,20261006
6036,ＫｅｅＰｅｒ技研,プライム（内国株式）,20261006
6037,楽待,スタンダード（内国株式）,20261006
6038,イード,グロース（内国株式）,20261006
6039,日本動物高度医療センター,グロース（内国株式）,20261006
603A,アイ・グリッド・ソリューションズ,グロース（内国株式）,20261006
6040,日本スキー場開発,グロース（内国株式）,20261006
6042,ニッキ,スタンダード（内国株式）,20261006
6044,三機サービス,スタンダード（内国株式）,20261006
6045,レントラックス,グロース（内国株式）,20261006
6046,リンクバル,スタンダード（内国株式）,20261006
6047,Ｇｕｎｏｓｙ,スタンダード（内国株式）,20261006
6049,イトクロ,グロース（内国株式）,20261006
604A,ビーエイブル,スタンダード（内国株式）,20261006
6050,イー・ガーディアン,プライム（内国株式）,20261006
6054,リブセンス,スタンダード（内国株式）,20261006
6055,ジャパンマテリアル,プライム（内国株式）,20261006
6058,ベクトル,プライム（内国株式）,20261006
6059,ウチヤマホールディングス,スタンダード（内国株式）,20261006
605A,ＮＥＸＴ　ＦＵＮＤＳ　日本株政策フォーカス上場投信,ETF・ETN,20261006
6061,ユニバーサル園芸社,スタンダード（内国株式）,20261006
6062,チャーム・ケア・コーポレーション,プライム（内国株式）,20261006
6063,日本エマージェンシーアシスタンス,スタンダード（内国株式）,20261006
6069,トレンダーズ,グロース（内国株式）,20261006
606A,金２倍ブルＥＴＦ,ETF・ETN,20261006
6070,キャリアリンク,プライム（内国株式）,20261006
6071,ＩＢＪ,プライム（内国株式）,20261006
6072,地盤ネットホールディングス,スタンダード（内国株式）,20261006
6073,アサンテ,プライム（内国株式）,20261006
6074,ジェイエスエス,スタンダード（内国株式）,20261006
6078,バリューＨＲ,プライム（内国株式）,20261006
607A,エブリー,グロース（内国株式）,20261006
6080,Ｍ＆Ａキャピタルパートナーズ,プライム（内国株式）,20261006
6081,アライドアーキテクツ,グロース（内国株式）,20261006
6082,ライドオンエクスプレスホールディングス,スタンダード（内国株式）,20261006
6083,ＥＲＩホールディングス,スタンダード（内国株式）,20261006
6085,アーキテクツ・スタジオ・ジャパン,グロース（内国株式）,20261006
6086,シンメンテホールディングス,グロース（内国株式）,20261006
6087,アビスト,スタンダード（内国株式）,20261006
6088,シグマクシス・ホールディングス,プライム（内国株式）,20261006
6089,ウィルグループ,プライム（内国株式）,20261006
608A,上場インデックスファンド東証ＲＥＩＴ高利回り３０,ETF・ETN,20261006
6090,ヒューマン・メタボローム・テクノロジーズ,スタンダード（内国株式）,20261006
6091,ウエスコホールディングス,スタンダード（内国株式）,20261006
6092,エンバイオ・ホールディングス,スタンダード（内国株式）,20261006
6093,ミトラグループ,スタンダード（内国株式）,20261006
6094,フリークアウト・ホールディングス,グロース（内国株式）,20261006
6098,リクルートホールディングス,プライム（内国株式）,20261006
6099,エラン,プライム（内国株式）,20261006
609A,グローバルＸ　総合商社＆資源ビジネス－日本株式　ＥＴＦ,ETF・ETN,20261006
6101,ツガミ,プライム（内国株式）,20261006
6103,オークマ,プライム（内国株式）,20261006
6104,芝浦機械,プライム（内国株式）,20261006
610A,グローバルＸ　宇宙テック・トップ１０　ＥＴＦ（除く日本）,ETF・ETN,20261006
6113,アマダ,プライム（内国株式）,20261006
6118,アイダエンジニアリング,プライム（内国株式）,20261006
611A,Ｏｎｅ　ＥＴＦ　日本国債　２７－３０年,ETF・ETN,20261006
6125,岡本工作機械製作所,スタンダード（内国株式）,20261006
612A,Ｏｎｅ　ＥＴＦ　日本国債先物逆連動指数,ETF・ETN,20261006
6134,ＦＵＪＩ,プライム（内国株式）,20261006
6135,牧野フライス製作所,プライム（内国株式）,20261006
6136,オーエスジー,プライム（内国株式）,20261006
6137,小池酸素工業,スタンダード（内国株式）,20261006
6138,ダイジェット工業,スタンダード（内国株式）,20261006
613A,ｉＦｒｅｅＥＴＦ　ドイツ０－３カ月短期国債,ETF・ETN,20261006
6140,旭ダイヤモンド工業,プライム（内国株式）,20261006
6141,ＤＭＧ森精機,プライム（内国株式）,20261006
6143,ソディック,プライム（内国株式）,20261006
6144,西部電機,スタンダード（内国株式）,20261006
6145,ＮＩＴＴＯＫＵ,スタンダード（内国株式）,20261006
6146,ディスコ,プライム（内国株式）,20261006
6147,ヤマザキ,スタンダード（内国株式）,20261006
6149,小田原エンジニアリング,スタンダード（内国株式）,20261006
614A,山八商事,PRO Market,20261006
6150,タケダ機械,スタンダード（内国株式）,20261006
6151,日東工器,プライム（内国株式）,20261006
6155,高松機械工業,スタンダード（内国株式）,20261006
6156,エーワン精密,スタンダード（内国株式）,20261006
6157,日進工具,スタンダード（内国株式）,20261006
6158,和井田製作所,スタンダード（内国株式）,20261006
6159,ミクロン精密,スタンダード（内国株式）,20261006
615A,インターパーク,PRO Market,20261006
6161,エスティック,スタンダード（内国株式）,20261006
6165,パンチ工業,スタンダード（内国株式）,20261006
6166,中村超硬,グロース（内国株式）,20261006
6167,冨士ダイス,プライム（内国株式）,20261006
6168,ＯＮＥ　ＧＲＯＵＰ,PRO Market,20261006
616A,数理技研,PRO Market,20261006
6171,土木管理総合試験所,スタンダード（内国株式）,20261006
6174,デンタス,PRO Market,20261006
6176,ブランジスタ,スタンダード（内国株式）,20261006
6177,ＡｐｐＢａｎｋ,グロース（内国株式）,20261006
6178,日本郵政,プライム（内国株式）,20261006
617A,レイシャス,PRO Market,20261006
6180,ＧＭＯメディア,グロース（内国株式）,20261006
6181,タメニー,グロース（内国株式）,20261006
6182,メタリアル,グロース（内国株式）,20261006
6183,ベルシステム２４ホールディングス,プライム（内国株式）,20261006
6184,鎌倉新書,プライム（内国株式）,20261006
6185,ＳＭＮ,スタンダード（内国株式）,20261006
6186,一蔵,スタンダード（内国株式）,20261006
6189,グローバルキッズＣＯＭＰＡＮＹ,スタンダード（内国株式）,20261006
618A,ＫＯＭＰＥＩＴＯ,グロース（内国株式）,20261006
6190,フェニックスバイオ,グロース（内国株式）,20261006
6191,エアトリ,プライム（内国株式）,20261006
6193,バーチャレクス・ホールディングス,グロース（内国株式）,20261006
6194,アトラエ,プライム（内国株式）,20261006
6195,ホープ,グロース（内国株式）,20261006
6196,ストライクグループ,プライム（内国株式）,20261006
6198,キャリア,グロース（内国株式）,20261006
6199,セラク,スタンダード（内国株式）,20261006
619A,オリバー,スタンダード（内国株式）,20261006
6200,インソース,プライム（内国株式）,20261006
6203,豊和工業,スタンダード（内国株式）,20261006
6208,石川製作所,スタンダード（内国株式）,20261006
6209,リケンＮＰＲ,プライム（内国株式）,20261006
620A,応研,PRO Market,20261006
6217,津田駒工業,スタンダード（内国株式）,20261006
6218,エンシュウ,スタンダード（内国株式）,20261006
621A,オーディオストック,グロース（内国株式）,20261006
6222,島精機製作所,プライム（内国株式）,20261006
6223,西部技研,スタンダード（内国株式）,20261006
6224,ＪＲＣ,グロース（内国株式）,20261006
6226,守谷輸送機工業,スタンダード（内国株式）,20261006
6227,ＡＩメカテック,スタンダード（内国株式）,20261006
6228,ジェイ・イー・ティ,スタンダード（内国株式）,20261006
6229,オーケーエム,スタンダード（内国株式）,20261006
622A,テクノクラフト,スタンダード（内国株式）,20261006
6230,ＳＡＮＥＩ,スタンダード（内国株式）,20261006
6231,木村工機,スタンダード（内国株式）,20261006
6232,ＡＣＳＬ,グロース（内国株式）,20261006
6233,ＫＬＡＳＳ,スタンダード（内国株式）,20261006
6235,オプトラン,プライム（内国株式）,20261006
6237,イワキポンプ,プライム（内国株式）,20261006
6238,フリュー,プライム（内国株式）,20261006
6239,ナガオカ,スタンダード（内国株式）,20261006
623A,ベルテックス,スタンダード（内国株式）,20261006
6240,ヤマシンフィルタ,プライム（内国株式）,20261006
6245,ヒラノテクシード,スタンダード（内国株式）,20261006
6246,テクノスマート,スタンダード（内国株式）,20261006
6247,日阪製作所,プライム（内国株式）,20261006
6248,横田製作所,スタンダード（内国株式）,20261006
6249,ゲームカードホールディングス,スタンダード（内国株式）,20261006
6250,やまびこ,プライム（内国株式）,20261006
6254,野村マイクロ・サイエンス,プライム（内国株式）,20261006
6255,エヌ・ピー・シー,グロース（内国株式）,20261006
6257,藤商事,スタンダード（内国株式）,20261006
6258,平田機工,プライム（内国株式）,20261006
625A,Ｓｋｙｆａｌｌ,グロース（内国株式）,20261006
6262,ＰＥＧＡＳＵＳ,スタンダード（内国株式）,20261006
6264,マルマエ,プライム（内国株式）,20261006
6265,コンバム,スタンダード（内国株式）,20261006
6266,タツモ,プライム（内国株式）,20261006
6267,ゼネラルパッカー,スタンダード（内国株式）,20261006
6268,ナブテスコ,プライム（内国株式）,20261006
6269,三井海洋開発,プライム（内国株式）,20261006
626A,ｉＦｒｅｅＥＴＦ　ゴールドプラスインカム,ETF・ETN,20261006
6272,レオン自動機,プライム（内国株式）,20261006
6273,ＳＭＣ,プライム（内国株式）,20261006
6276,シリウスビジョン,スタンダード（内国株式）,20261006
6277,ホソカワミクロン,プライム（内国株式）,20261006
6278,ユニオンツール,プライム（内国株式）,20261006
6279,瑞光,プライム（内国株式）,20261006
627A,ａｋｉｐｐａ,スタンダード（内国株式）,20261006
6282,オイレス工業,プライム（内国株式）,20261006
6284,日精エー・エス・ビー機械,プライム（内国株式）,20261006
6286,靜甲,スタンダード（内国株式）,20261006
6287,サトー,プライム（内国株式）,20261006
6289,技研製作所,プライム（内国株式）,20261006
628A,カドー,PRO Market,20261006
6291,日本エアーテック,スタンダード（内国株式）,20261006
6292,カワタ,スタンダード（内国株式）,20261006
6294,オカダアイヨン,プライム（内国株式）,20261006
6298,ワイエイシイホールディングス,プライム（内国株式）,20261006
6301,小松製作所,プライム（内国株式）,20261006
6302,住友重機械工業,プライム（内国株式）,20261006
6305,日立建機,プライム（内国株式）,20261006
6306,日工,プライム（内国株式）,20261006
6307,サンセイ,スタンダード（内国株式）,20261006
6309,巴工業,プライム（内国株式）,20261006
630A,ニッセイＥＴＦ　ＴＯＰＩＸ（年４回決算型）,ETF・ETN,20261006
6310,井関農機,プライム（内国株式）,20261006
6315,ＴＯＷＡ,プライム（内国株式）,20261006
6316,丸山製作所,スタンダード（内国株式）,20261006
6317,北川鉄工所,スタンダード（内国株式）,20261006
6322,タクミナ,スタンダード（内国株式）,20261006
6323,ローツェ,プライム（内国株式）,20261006
6324,ハーモニック・ドライブ・システムズ,プライム（内国株式）,20261006
6325,タカキタ,スタンダード（内国株式）,20261006
6326,クボタ,プライム（内国株式）,20261006
6327,北川精機,スタンダード（内国株式）,20261006
6328,荏原実業,プライム（内国株式）,20261006
632A,グローバルＸ　日経２２５　ＥＴＦ,ETF・ETN,20261006
6330,東洋エンジニアリング,プライム（内国株式）,20261006
6331,三菱化工機,プライム（内国株式）,20261006
6332,月島ホールディングス,プライム（内国株式）,20261006
6333,ＴＥＩＫＯＫＵ,プライム（内国株式）,20261006
6334,明治機械,スタンダード（内国株式）,20261006
6335,東京機械製作所,スタンダード（内国株式）,20261006
6336,石井表記,スタンダード（内国株式）,20261006
6337,テセック,スタンダード（内国株式）,20261006
6338,タカトリ,スタンダード（内国株式）,20261006
6339,新東工業,プライム（内国株式）,20261006
633A,グローバルＸ　韓国半導体・トップ１０　ＥＴＦ,ETF・ETN,20261006
6340,澁谷工業,プライム（内国株式）,20261006
6342,太平製作所,スタンダード（内国株式）,20261006
6343,フリージア・マクロス,スタンダード（内国株式）,20261006
6345,アイチ　コーポレーション,プライム（内国株式）,20261006
6346,キクカワエンタープライズ,スタンダード（内国株式）,20261006
6347,プラコー,スタンダード（内国株式）,20261006
6349,小森コーポレーション,プライム（内国株式）,20261006
634A,レイヤード,スタンダード（内国株式）,20261006
6351,鶴見製作所,プライム（内国株式）,20261006
6356,日本ギア工業,スタンダード（内国株式）,20261006
6357,三精テクノロジーズ,スタンダード（内国株式）,20261006
6358,酒井重工業,プライム（内国株式）,20261006
635A,ＳＭＢＣ　Ｐｒｉｍｅ　日本短期債券ＥＴＦ（毎月決算型）,ETF・ETN,20261006
6360,東京自働機械製作所,スタンダード（内国株式）,20261006
6361,荏原製作所,プライム（内国株式）,20261006
6363,酉島製作所,プライム（内国株式）,20261006
6364,ＡＩＲＭＡＮ,プライム（内国株式）,20261006
6365,電業社機械製作所,スタンダード（内国株式）,20261006
6366,千代田化工建設,スタンダード（内国株式）,20261006
6367,ダイキン工業,プライム（内国株式）,20261006
6368,オルガノ,プライム（内国株式）,20261006
6369,トーヨーカネツ,プライム（内国株式）,20261006
636A,ＳＭＢＣ　Ｐｒｉｍｅ　日本短期債券ＥＴＦ（年１回決算型）,ETF・ETN,20261006
6370,栗田工業,プライム（内国株式）,20261006
6371,椿本チエイン,プライム（内国株式）,20261006
6376,日機装,プライム（内国株式）,20261006
6378,木村化工機,スタンダード（内国株式）,20261006
6379,レイズネクスト,プライム（内国株式）,20261006
637A,オーリーズ,PRO Market,20261006
6380,オリエンタルチエン工業,スタンダード（内国株式）,20261006
6381,アネスト岩田,プライム（内国株式）,20261006
6382,トリニティ工業,スタンダード（内国株式）,20261006
6383,ダイフク,プライム（内国株式）,20261006
6384,昭和真空,スタンダード（内国株式）,20261006
6387,サムコ,プライム（内国株式）,20261006
6390,加藤製作所,プライム（内国株式）,20261006
6391,加地テック,スタンダード（内国株式）,20261006
6392,ヤマダコーポレーション,スタンダード（内国株式）,20261006
6393,油研工業,スタンダード（内国株式）,20261006
6395,タダノ,プライム（内国株式）,20261006
6396,宇野澤組鐵工所,スタンダード（内国株式）,20261006
639A,ＮＥＸＴ　ＦＵＮＤＳ　Ｓｏｌａｃｔｉｖｅグローバル・メモリ指数連動型上場投信,ETF・ETN,20261006
6400,不二精機,スタンダード（内国株式）,20261006
6402,兼松エンジニアリング,スタンダード（内国株式）,20261006
6405,鈴茂器工,スタンダード（内国株式）,20261006
6407,ＣＫＤ,プライム（内国株式）,20261006
6408,小倉クラッチ,スタンダード（内国株式）,20261006
6412,平和,プライム（内国株式）,20261006
6413,理想科学工業,プライム（内国株式）,20261006
6417,ＳＡＮＫＹＯ,プライム（内国株式）,20261006
6418,日本金銭機械,プライム（内国株式）,20261006
6419,マースグループホールディングス,プライム（内国株式）,20261006
6420,ガリレイホールディングス,プライム（内国株式）,20261006
6424,高見沢サイバネティックス,スタンダード（内国株式）,20261006
6425,ユニバーサルエンターテインメント,スタンダード（内国株式）,20261006
6428,オーイズミ,スタンダード（内国株式）,20261006
6430,ダイコク電機,プライム（内国株式）,20261006
6432,竹内製作所,プライム（内国株式）,20261006
6433,ヒーハイスト,スタンダード（内国株式）,20261006
6436,アマノ,プライム（内国株式）,20261006
643A,データセンターインフラ　日本株（ネットリターン）ＥＴＮ,ETF・ETN,20261006
6440,ＪＵＫＩ,プライム（内国株式）,20261006
6444,サンデン,スタンダード（内国株式）,20261006
6445,ジャノメ,プライム（内国株式）,20261006
6448,ブラザー工業,プライム（内国株式）,20261006
644A,防衛フォーカス　日本株（ネットリターン）ＥＴＮ,ETF・ETN,20261006
6454,マックス,プライム（内国株式）,20261006
6455,モリタホールディングス,プライム（内国株式）,20261006
6457,グローリー,プライム（内国株式）,20261006
6458,新晃工業,プライム（内国株式）,20261006
6459,だいわ,プライム（内国株式）,20261006
6460,セガサミーホールディングス,プライム（内国株式）,20261006
6463,ＴＰＲ,プライム（内国株式）,20261006
6464,ツバキ・ナカシマ,プライム（内国株式）,20261006
6465,ホシザキ,プライム（内国株式）,20261006
6466,ＴＶＥ,スタンダード（内国株式）,20261006
6467,ニチダイ,スタンダード（内国株式）,20261006
6469,放電精密加工研究所,スタンダード（内国株式）,20261006
646A,クラサスケミカル,スタンダード（内国株式）,20261006
6470,大豊工業,スタンダード（内国株式）,20261006
6471,日本精工,プライム（内国株式）,20261006
6472,ＮＴＮ,プライム（内国株式）,20261006
6473,ジェイテクト,プライム（内国株式）,20261006
6474,不二越,プライム（内国株式）,20261006
6479,ミネベアミツミ,プライム（内国株式）,20261006
6480,日本トムソン,プライム（内国株式）,20261006
6481,ＴＨＫ,プライム（内国株式）,20261006
6482,ＹＵＳＨＩＮ,スタンダード（内国株式）,20261006
6484,ＫＶＫ,スタンダード（内国株式）,20261006
6485,前澤給装工業,スタンダード（内国株式）,20261006
6488,ヨシタケ,スタンダード（内国株式）,20261006
6490,ＰＩＬＬＡＲ,プライム（内国株式）,20261006
6492,岡野バルブ製造,スタンダード（内国株式）,20261006
6493,ＮＩＴＴＡＮ,スタンダード（内国株式）,20261006
6494,ＮＦＫホールディングス,スタンダード（内国株式）,20261006
6495,宮入バルブ製作所,スタンダード（内国株式）,20261006
6496,中北製作所,スタンダード（内国株式）,20261006
6497,ハマイ,スタンダード（内国株式）,20261006
6498,キッツ,プライム（内国株式）,20261006
6501,日立製作所,プライム（内国株式）,20261006
6503,三菱電機,プライム（内国株式）,20261006
6504,富士電機,プライム（内国株式）,20261006
6505,東洋電機製造,スタンダード（内国株式）,20261006
6506,安川電機,プライム（内国株式）,20261006
6507,シンフォニアテクノロジー,プライム（内国株式）,20261006
6508,明電舎,プライム（内国株式）,20261006
6513,オリジン,スタンダード（内国株式）,20261006
6516,山洋電気,プライム（内国株式）,20261006
6517,デンヨー,プライム（内国株式）,20261006
6518,三相電機,スタンダード（内国株式）,20261006
6521,オキサイド,グロース（内国株式）,20261006
6522,アスタリスク,グロース（内国株式）,20261006
6523,ＰＨＣホールディングス,プライム（内国株式）,20261006
6524,湖北工業,スタンダード（内国株式）,20261006
6525,ＫＯＫＵＳＡＩ　ＥＬＥＣＴＲＩＣ,プライム（内国株式）,20261006
6526,ソシオネクスト,プライム（内国株式）,20261006
6527,ワカ製作所,PRO Market,20261006
6532,ベイカレント,プライム（内国株式）,20261006
6533,Ｏｒｃｈｅｓｔｒａ　Ｈｏｌｄｉｎｇｓ,プライム（内国株式）,20261006
6535,アイモバイル,プライム（内国株式）,20261006
6537,ＷＡＳＨハウス,グロース（内国株式）,20261006
6538,ディスラプターズ,スタンダード（内国株式）,20261006
6539,ＭＳ－Ｊａｐａｎ,プライム（内国株式）,20261006
6540,船場,スタンダード（内国株式）,20261006
6543,日宣,スタンダード（内国株式）,20261006
6544,ジャパンエレベーターサービスホールディングス,プライム（内国株式）,20261006
6545,インターネットインフィニティー,グロース（内国株式）,20261006
6546,フルテック,スタンダード（内国株式）,20261006
6547,グリーンズ,スタンダード（内国株式）,20261006
6548,旅工房,グロース（内国株式）,20261006
6549,ディーエムソリューションズ,スタンダード（内国株式）,20261006
6551,ツナググループ・ホールディングス,スタンダード（内国株式）,20261006
6552,ＧａｍｅＷｉｔｈ,スタンダード（内国株式）,20261006
6554,エスユーエス,グロース（内国株式）,20261006
6555,ＭＳ＆Ｃｏｎｓｕｌｔｉｎｇ,スタンダード（内国株式）,20261006
6557,ＡＩＡＩグループ,グロース（内国株式）,20261006
6558,クックビズ,グロース（内国株式）,20261006
6560,エル・ティー・エス,プライム（内国株式）,20261006
6561,ＨＡＮＡＴＯＵＲ　ＪＡＰＡＮ,グロース（内国株式）,20261006
6562,ジーニー,グロース（内国株式）,20261006
6563,みらいワークス,グロース（内国株式）,20261006
6564,ミダックホールディングス,プライム（内国株式）,20261006
6566,要興業,スタンダード（内国株式）,20261006
6568,神戸天然物化学,グロース（内国株式）,20261006
6570,共和コーポレーション,スタンダード（内国株式）,20261006
6571,キュービーネットホールディングス,プライム（内国株式）,20261006
6572,オープングループ,プライム（内国株式）,20261006
6573,ＣＲＡＶＩＡ,グロース（内国株式）,20261006
6574,コンヴァノ,グロース（内国株式）,20261006
6576,揚工舎,PRO Market,20261006
6577,ベストワンドットコム,グロース（内国株式）,20261006
6578,コレックホールディングス,スタンダード（内国株式）,20261006
6579,ログリー,グロース（内国株式）,20261006
6580,ライトアップ,グロース（内国株式）,20261006
6584,三櫻工業,プライム（内国株式）,20261006
6586,マキタ,プライム（内国株式）,20261006
6588,東芝テック,プライム（内国株式）,20261006
6590,芝浦メカトロニクス,プライム（内国株式）,20261006
6592,マブチモーター,プライム（内国株式）,20261006
6594,ニデック,プライム（内国株式）,20261006
6596,筑波精工,PRO Market,20261006
6597,ＨＰＣシステムズ,グロース（内国株式）,20261006
6599,エブレン,スタンダード（内国株式）,20261006
6612,バルミューダ,グロース（内国株式）,20261006
6613,ＱＤレーザ,グロース（内国株式）,20261006
6614,シキノハイテック,スタンダード（内国株式）,20261006
6615,ユー・エム・シー・エレクトロニクス,スタンダード（内国株式）,20261006
6616,トレックス・セミコンダクター,プライム（内国株式）,20261006
6617,東光高岳,プライム（内国株式）,20261006
6619,ダブル・スコープ,プライム（内国株式）,20261006
6620,宮越ホールディングス,プライム（内国株式）,20261006
6622,ダイヘン,プライム（内国株式）,20261006
6625,ＪＡＬＣＯホールディングス,スタンダード（内国株式）,20261006
6626,ＳＥＭＩＴＥＣ,スタンダード（内国株式）,20261006
6627,テラプローブ,スタンダード（内国株式）,20261006
6629,テクノホライゾン,スタンダード（内国株式）,20261006
6630,ヤーマン,プライム（内国株式）,20261006
6632,ＪＶＣケンウッド,プライム（内国株式）,20261006
6633,ＣＧＳホールディングス,スタンダード（内国株式）,20261006
6634,ＪＮグループ,スタンダード（内国株式）,20261006
6635,大日光・エンジニアリング,スタンダード（内国株式）,20261006
6637,寺崎電気産業,スタンダード（内国株式）,20261006
6638,ミマキエンジニアリング,プライム（内国株式）,20261006
6643,戸上電機製作所,スタンダード（内国株式）,20261006
6644,大崎電気工業,プライム（内国株式）,20261006
6645,オムロン,プライム（内国株式）,20261006
6647,森尾電機,スタンダード（内国株式）,20261006
6648,かわでん,スタンダード（内国株式）,20261006
6651,日東工業,プライム（内国株式）,20261006
6652,ＩＤＥＣ,プライム（内国株式）,20261006
6653,正興電機製作所,プライム（内国株式）,20261006
6654,不二電機工業,スタンダード（内国株式）,20261006
6656,インスペック,スタンダード（内国株式）,20261006
6658,シライ電子工業,スタンダード（内国株式）,20261006
6659,メディアリンクス,スタンダード（内国株式）,20261006
6662,ユビテック,スタンダード（内国株式）,20261006
6663,太洋テクノレックス,スタンダード（内国株式）,20261006
6664,オプトエレクトロニクス,スタンダード（内国株式）,20261006
6666,リバーエレテック,スタンダード（内国株式）,20261006
6668,アドテック　プラズマ　テクノロジー,スタンダード（内国株式）,20261006
6674,ジーエス・ユアサ　コーポレーション,プライム（内国株式）,20261006
6675,サクサ,スタンダード（内国株式）,20261006
6676,ＢＵＦＦＡＬＯ,スタンダード（内国株式）,20261006
6677,エスケーエレクトロニクス,スタンダード（内国株式）,20261006
6678,テクノメディカ,スタンダード（内国株式）,20261006
6694,ズーム,スタンダード（内国株式）,20261006
6695,キャストリコ,PRO Market,20261006
6696,トラース・オン・プロダクト,グロース（内国株式）,20261006
6699,ダイヤモンドエレクトリックホールディングス,スタンダード（内国株式）,20261006
6701,日本電気,プライム（内国株式）,20261006
6702,富士通,プライム（内国株式）,20261006
6703,沖電気工業,プライム（内国株式）,20261006
6706,電気興業,プライム（内国株式）,20261006
6707,サンケン電気,プライム（内国株式）,20261006
6718,アイホン,プライム（内国株式）,20261006
6721,ウインテスト,スタンダード（内国株式）,20261006
6723,ルネサスエレクトロニクス,プライム（内国株式）,20261006
6724,セイコーエプソン,プライム（内国株式）,20261006
6727,ワコム,プライム（内国株式）,20261006
6728,アルバック,プライム（内国株式）,20261006
6730,アクセル,スタンダード（内国株式）,20261006
6731,ピクセラ,スタンダード（内国株式）,20261006
6736,サン電子,スタンダード（内国株式）,20261006
6737,ＥＩＺＯ,プライム（内国株式）,20261006
6740,ジャパンディスプレイ,プライム（内国株式）,20261006
6741,日本信号,プライム（内国株式）,20261006
6742,京三製作所,プライム（内国株式）,20261006
6743,大同信号,スタンダード（内国株式）,20261006
6744,能美防災,プライム（内国株式）,20261006
6745,ホーチキ,プライム（内国株式）,20261006
6748,星和電機,スタンダード（内国株式）,20261006
6750,エレコム,プライム（内国株式）,20261006
6752,パナソニック　ホールディングス,プライム（内国株式）,20261006
6753,シャープ,プライム（内国株式）,20261006
6754,アンリツ,プライム（内国株式）,20261006
6757,ＯＳＧコーポレーション,スタンダード（内国株式）,20261006
6758,ソニーグループ,プライム（内国株式）,20261006
6762,ＴＤＫ,プライム（内国株式）,20261006
6763,帝国通信工業,プライム（内国株式）,20261006
6768,タムラ製作所,プライム（内国株式）,20261006
6769,ザインエレクトロニクス,スタンダード（内国株式）,20261006
6770,アルプスアルパイン,プライム（内国株式）,20261006
6771,池上通信機,スタンダード（内国株式）,20261006
6772,東京コスモス電機,スタンダード（内国株式）,20261006
6775,ＴＢグループ,スタンダード（内国株式）,20261006
6776,天昇電気工業,スタンダード（内国株式）,20261006
6777,ｓａｎｔｅｃ　Ｈｏｌｄｉｎｇｓ,スタンダード（内国株式）,20261006
6778,アルチザネットワークス,スタンダード（内国株式）,20261006
6779,日本電波工業,プライム（内国株式）,20261006
6785,鈴木,プライム（内国株式）,20261006
6786,ＲＶＨ,スタンダード（内国株式）,20261006
6787,メイコー,プライム（内国株式）,20261006
6788,日本トリム,プライム（内国株式）,20261006
6794,フォスター電機,プライム（内国株式）,20261006
6797,名古屋電機工業,スタンダード（内国株式）,20261006
6798,ＳＭＫ,プライム（内国株式）,20261006
6800,ヨコオ,プライム（内国株式）,20261006
6803,ティアック,スタンダード（内国株式）,20261006
6804,ホシデン,プライム（内国株式）,20261006
6806,ヒロセ電機,プライム（内国株式）,20261006
6807,日本航空電子工業,プライム（内国株式）,20261006
6809,ＴＯＡ,プライム（内国株式）,20261006
6810,マクセル,プライム（内国株式）,20261006
6814,古野電気,プライム（内国株式）,20261006
6817,スミダコーポレーション,プライム（内国株式）,20261006
6819,伊豆シャボテンリゾート,スタンダード（内国株式）,20261006
6820,アイコム,プライム（内国株式）,20261006
6822,大井電気,スタンダード（内国株式）,20261006
6823,リオン,プライム（内国株式）,20261006
6824,新コスモス電機,スタンダード（内国株式）,20261006
6832,アオイ電子,スタンダード（内国株式）,20261006
6834,精工技研,スタンダード（内国株式）,20261006
6835,アライドテレシスホールディングス,スタンダード（内国株式）,20261006
6836,ぷらっとホーム,スタンダード（内国株式）,20261006
6837,京写,スタンダード（内国株式）,20261006
6838,多摩川ホールディングス,スタンダード（内国株式）,20261006
6840,ＡＫＩＢＡホールディングス,スタンダード（内国株式）,20261006
6841,横河電機,プライム（内国株式）,20261006
6844,新電元工業,プライム（内国株式）,20261006
6845,アズビル,プライム（内国株式）,20261006
6848,東亜ディーケーケー,スタンダード（内国株式）,20261006
6849,日本光電工業,プライム（内国株式）,20261006
6850,チノー,プライム（内国株式）,20261006
6853,共和電業,スタンダード（内国株式）,20261006
6855,日本電子材料,スタンダード（内国株式）,20261006
6856,堀場製作所,プライム（内国株式）,20261006
6857,アドバンテスト,プライム（内国株式）,20261006
6858,小野測器,スタンダード（内国株式）,20261006
6859,エスペック,プライム（内国株式）,20261006
6861,キーエンス,プライム（内国株式）,20261006
6862,ミナトホールディングス,スタンダード（内国株式）,20261006
6863,ニレコ,スタンダード（内国株式）,20261006
6864,エヌエフホールディングス,スタンダード（内国株式）,20261006
6866,日置電機,プライム（内国株式）,20261006
6867,リーダー電子,スタンダード（内国株式）,20261006
6869,シスメックス,プライム（内国株式）,20261006
6870,日本フェンオール,スタンダード（内国株式）,20261006
6871,日本マイクロニクス,プライム（内国株式）,20261006
6874,協立電機,スタンダード（内国株式）,20261006
6875,メガチップス,プライム（内国株式）,20261006
6877,ＯＢＡＲＡ　ＧＲＯＵＰ,スタンダード（内国株式）,20261006
6882,三社電機製作所,スタンダード（内国株式）,20261006
6888,アクモス,スタンダード（内国株式）,20261006
6890,フェローテック,スタンダード（内国株式）,20261006
6894,パルステック工業,スタンダード（内国株式）,20261006
6897,ツインバード,スタンダード（内国株式）,20261006
6898,トミタ電機,スタンダード（内国株式）,20261006
6899,ＡＳＴＩ,スタンダード（内国株式）,20261006
6902,デンソー,プライム（内国株式）,20261006
6904,原田工業,スタンダード（内国株式）,20261006
6905,コーセル,プライム（内国株式）,20261006
6907,ジオマテック,スタンダード（内国株式）,20261006
6908,イリソ電子工業,プライム（内国株式）,20261006
6912,菊水ホールディングス,スタンダード（内国株式）,20261006
6914,オプテックスグループ,プライム（内国株式）,20261006
6915,千代田インテグレ,スタンダード（内国株式）,20261006
6918,アバールデータ,スタンダード（内国株式）,20261006
6919,ケル,スタンダード（内国株式）,20261006
6920,レーザーテック,プライム（内国株式）,20261006
6923,スタンレー電気,プライム（内国株式）,20261006
6925,ウシオ電機,プライム（内国株式）,20261006
6926,岡谷電機産業,スタンダード（内国株式）,20261006
6927,ヘリオス　テクノ　ホールディング,スタンダード（内国株式）,20261006
6928,エノモト,スタンダード（内国株式）,20261006
6929,日本セラミック,プライム（内国株式）,20261006
6932,遠藤照明,スタンダード（内国株式）,20261006
6941,山一電機,プライム（内国株式）,20261006
6942,ソフィアホールディングス,スタンダード（内国株式）,20261006
6943,ＮＫＫスイッチズ,スタンダード（内国株式）,20261006
6946,日本アビオニクス,スタンダード（内国株式）,20261006
6947,図研,プライム（内国株式）,20261006
6951,日本電子,プライム（内国株式）,20261006
6952,カシオ計算機,プライム（内国株式）,20261006
6954,ファナック,プライム（内国株式）,20261006
6955,ＦＤＫ,スタンダード（内国株式）,20261006
6958,日本シイエムケイ,プライム（内国株式）,20261006
6960,フクダ電子,スタンダード（内国株式）,20261006
6961,エンプラス,プライム（内国株式）,20261006
6962,大真空,プライム（内国株式）,20261006
6963,ローム,プライム（内国株式）,20261006
6964,サンコー,スタンダード（内国株式）,20261006
6965,浜松ホトニクス,プライム（内国株式）,20261006
6966,三井ハイテック,プライム（内国株式）,20261006
6969,松尾電機,スタンダード（内国株式）,20261006
6971,京セラ,プライム（内国株式）,20261006
6976,太陽誘電,プライム（内国株式）,20261006
6977,日本抵抗器製作所,スタンダード（内国株式）,20261006
6981,村田製作所,プライム（内国株式）,20261006
6982,リード,スタンダード（内国株式）,20261006
6986,双葉電子工業,プライム（内国株式）,20261006
6988,日東電工,プライム（内国株式）,20261006
6989,北陸電気工業,スタンダード（内国株式）,20261006
6993,大黒屋ホールディングス,スタンダード（内国株式）,20261006
6994,指月電機製作所,スタンダード（内国株式）,20261006
6995,東海理化電機製作所,プライム（内国株式）,20261006
6996,ニチコン,プライム（内国株式）,20261006
6997,日本ケミコン,プライム（内国株式）,20261006
6998,日本タングステン,スタンダード（内国株式）,20261006
6999,ＫＯＡ,プライム（内国株式）,20261006
7003,三井Ｅ＆Ｓ,プライム（内国株式）,20261006
7004,カナデビア,プライム（内国株式）,20261006
7011,三菱重工業,プライム（内国株式）,20261006
7012,川崎重工業,プライム（内国株式）,20261006
7013,ＩＨＩ,プライム（内国株式）,20261006
7014,名村造船所,スタンダード（内国株式）,20261006
7018,内海造船,スタンダード（内国株式）,20261006
7021,ニッチツ,スタンダード（内国株式）,20261006
7022,サノヤスホールディングス,スタンダード（内国株式）,20261006
7030,スプリックス,スタンダード（内国株式）,20261006
7031,インバウンドテック,グロース（内国株式）,20261006
7033,マネジメントソリューションズ,プライム（内国株式）,20261006
7034,プロレド・パートナーズ,プライム（内国株式）,20261006
7035,ａｎｄ　ｆａｃｔｏｒｙ,スタンダード（内国株式）,20261006
7036,イーエムネットジャパン,グロース（内国株式）,20261006
7037,テノ．ホールディングス,スタンダード（内国株式）,20261006
7038,フロンティア・マネジメント,プライム（内国株式）,20261006
7039,ブリッジインターナショナルグループ,グロース（内国株式）,20261006
7040,サン・ライフホールディング,スタンダード（内国株式）,20261006
7041,ＣＲＧホールディングス,グロース（内国株式）,20261006
7042,アクセスグループ・ホールディングス,スタンダード（内国株式）,20261006
7043,アルー,グロース（内国株式）,20261006
7044,ピアラ,スタンダード（内国株式）,20261006
7046,ＴＤＳＥ,グロース（内国株式）,20261006
7047,ポート,グロース（内国株式）,20261006
7048,ベルトラ,グロース（内国株式）,20261006
7049,識学,グロース（内国株式）,20261006
7050,フロンティアインターナショナル,グロース（内国株式）,20261006
7057,エヌ・シー・エヌ,スタンダード（内国株式）,20261006
7058,共栄セキュリティーサービス,スタンダード（内国株式）,20261006
7059,コプロ・ホールディングス,プライム（内国株式）,20261006
7060,ギークス,スタンダード（内国株式）,20261006
7061,日本ホスピスホールディングス,グロース（内国株式）,20261006
7062,フレアス,グロース（内国株式）,20261006
7063,Ｂｉｒｄｍａｎ,グロース（内国株式）,20261006
7064,ハウテレビジョン,スタンダード（内国株式）,20261006
7065,ユーピーアール,スタンダード（内国株式）,20261006
7066,ピアズ,グロース（内国株式）,20261006
7067,ブランディングテクノロジー,グロース（内国株式）,20261006
7068,フィードフォースグループ,グロース（内国株式）,20261006
7069,サイバー・バズ,グロース（内国株式）,20261006
7071,アンビスホールディングス,プライム（内国株式）,20261006
7072,インティメート・マージャー,グロース（内国株式）,20261006
7073,ジェイック,グロース（内国株式）,20261006
7074,トゥエンティーフォーセブンホールディングス,グロース（内国株式）,20261006
7075,ＱＬＳホールディングス,グロース（内国株式）,20261006
7077,ＡＬｉＮＫインターネット,グロース（内国株式）,20261006
7078,ＩＮＣＬＵＳＩＶＥ　Ｈｏｌｄｉｎｇｓ,グロース（内国株式）,20261006
7079,ＷＤＢココ,グロース（内国株式）,20261006
7080,スポーツフィールド,グロース（内国株式）,20261006
7081,コーユーレンティア,スタンダード（内国株式）,20261006
7083,ＡＨＣグループ,グロース（内国株式）,20261006
7084,Ｓｍｉｌｅ　Ｈｏｌｄｉｎｇｓ,グロース（内国株式）,20261006
7085,カーブスホールディングス,プライム（内国株式）,20261006
7087,ウイルテック,スタンダード（内国株式）,20261006
7089,フォースタートアップス,グロース（内国株式）,20261006
7090,リグア,グロース（内国株式）,20261006
7091,リビングプラットフォーム,グロース（内国株式）,20261006
7093,アディッシュ,グロース（内国株式）,20261006
7094,ＮｅｘＴｏｎｅ,グロース（内国株式）,20261006
7095,Ｍａｃｂｅｅ　Ｐｌａｎｅｔ,プライム（内国株式）,20261006
7096,ステムセル研究所,グロース（内国株式）,20261006
7097,さくらさくプラス,グロース（内国株式）,20261006
7098,エージェント,PRO Market,20261006
7102,日本車輌製造,プライム（内国株式）,20261006
7110,クラシコム,グロース（内国株式）,20261006
7111,ＩＮＥＳＴ,スタンダード（内国株式）,20261006
7112,キューブ,グロース（内国株式）,20261006
7114,フーディソン,グロース（内国株式）,20261006
7115,アルファパーチェス,スタンダード（内国株式）,20261006
7119,ハルメクホールディングス,グロース（内国株式）,20261006
7120,ＳＨＩＮＫＯ,スタンダード（内国株式）,20261006
7122,近畿車輛,スタンダード（内国株式）,20261006
7126,グローバルスタイル,スタンダード（内国株式）,20261006
7127,一家ホールディングス,スタンダード（内国株式）,20261006
7128,ユニソルホールディングス,プライム（内国株式）,20261006
7129,ミアヘルサホールディングス,スタンダード（内国株式）,20261006
7130,ヤマエグループホールディングス,プライム（内国株式）,20261006
7131,のむら産業,スタンダード（内国株式）,20261006
7132,フローバル,PRO Market,20261006
7133,ＨＹＵＧＡ　ＰＲＩＭＡＲＹ　ＣＡＲＥ,グロース（内国株式）,20261006
7134,アップガレージグループ,スタンダード（内国株式）,20261006
7135,ジャパンクラフトホールディングス,スタンダード（内国株式）,20261006
7137,グラントマト,PRO Market,20261006
7138,ＴＯＲＩＣＯ,グロース（内国株式）,20261006
7139,東京高圧山崎,PRO Market,20261006
7140,ペットゴー,グロース（内国株式）,20261006
7148,ＦＰＧ,プライム（内国株式）,20261006
7150,島根銀行,スタンダード（内国株式）,20261006
7157,ライフネット生命保険,プライム（内国株式）,20261006
7161,じもとホールディングス,スタンダード（内国株式）,20261006
7162,アストマックス,スタンダード（内国株式）,20261006
7164,全国保証,プライム（内国株式）,20261006
7167,めぶきフィナンシャルグループ,プライム（内国株式）,20261006
7170,中央インターナショナルグループ,PRO Market,20261006
7172,ジャパンインベストメントアドバイザー,プライム（内国株式）,20261006
7173,東京きらぼしフィナンシャルグループ,プライム（内国株式）,20261006
7175,今村証券,スタンダード（内国株式）,20261006
7176,シンプレクス・ファイナンシャル・ホールディングス,PRO Market,20261006
7177,ＧＭＯフィナンシャルホールディングス,スタンダード（内国株式）,20261006
7180,九州フィナンシャルグループ,プライム（内国株式）,20261006
7181,かんぽ生命保険,プライム（内国株式）,20261006
7182,ゆうちょ銀行,プライム（内国株式）,20261006
7183,あんしん保証,スタンダード（内国株式）,20261006
7184,富山第一銀行,プライム（内国株式）,20261006
7185,ヒロセ通商,スタンダード（内国株式）,20261006
7186,横浜フィナンシャルグループ,プライム（内国株式）,20261006
7187,ジェイリース,プライム（内国株式）,20261006
7189,西日本フィナンシャルホールディングス,プライム（内国株式）,20261006
7191,イントラスト,スタンダード（内国株式）,20261006
7192,日本モーゲージサービス,スタンダード（内国株式）,20261006
7196,Ｃａｓａ,スタンダード（内国株式）,20261006
7198,ＳＢＩアルヒ,プライム（内国株式）,20261006
7199,プレミアグループ,プライム（内国株式）,20261006
7201,日産自動車,プライム（内国株式）,20261006
7202,いすゞ自動車,プライム（内国株式）,20261006
7203,トヨタ自動車,プライム（内国株式）,20261006
7208,カネミツ,スタンダード（内国株式）,20261006
7211,三菱自動車工業,プライム（内国株式）,20261006
7212,エフテック,スタンダード（内国株式）,20261006
7213,レシップホールディングス,スタンダード（内国株式）,20261006
7214,ＧＭＢ,スタンダード（内国株式）,20261006
7215,ファルテック,スタンダード（内国株式）,20261006
7217,テイン,スタンダード（内国株式）,20261006
7218,田中精密工業,スタンダード（内国株式）,20261006
7219,エッチ・ケー・エス,スタンダード（内国株式）,20261006
7220,武蔵精密工業,プライム（内国株式）,20261006
7222,日産車体,スタンダード（内国株式）,20261006
7224,新明和工業,プライム（内国株式）,20261006
7226,極東開発工業,プライム（内国株式）,20261006
7228,デイトナ,スタンダード（内国株式）,20261006
7231,トピー工業,プライム（内国株式）,20261006
7235,東京ラヂエーター製造,スタンダード（内国株式）,20261006
7236,ティラド,プライム（内国株式）,20261006
7238,曙ブレーキ工業,プライム（内国株式）,20261006
7239,タチエス,プライム（内国株式）,20261006
7241,フタバ産業,プライム（内国株式）,20261006
7242,カヤバ,プライム（内国株式）,20261006
7244,市光工業,プライム（内国株式）,20261006
7245,大同メタル工業,プライム（内国株式）,20261006
7246,プレス工業,プライム（内国株式）,20261006
7247,ミクニ,スタンダード（内国株式）,20261006
7254,ユニバンス,スタンダード（内国株式）,20261006
7255,桜井製作所,スタンダード（内国株式）,20261006
7256,河西工業,スタンダード（内国株式）,20261006
7259,アイシン,プライム（内国株式）,20261006
7261,マツダ,プライム（内国株式）,20261006
7264,ムロコーポレーション,スタンダード（内国株式）,20261006
7265,エイケン工業,スタンダード（内国株式）,20261006
7266,今仙電機製作所,スタンダード（内国株式）,20261006
7267,本田技研工業,プライム（内国株式）,20261006
7269,スズキ,プライム（内国株式）,20261006
7270,ＳＵＢＡＲＵ,プライム（内国株式）,20261006
7271,安永,スタンダード（内国株式）,20261006
7272,ヤマハ発動機,プライム（内国株式）,20261006
7273,イクヨ,スタンダード（内国株式）,20261006
7276,小糸製作所,プライム（内国株式）,20261006
7277,ＴＢＫ,スタンダード（内国株式）,20261006
7278,エクセディ,プライム（内国株式）,20261006
7279,ハイレックスコーポレーション,スタンダード（内国株式）,20261006
7280,ミツバ,プライム（内国株式）,20261006
7282,豊田合成,プライム（内国株式）,20261006
7283,愛三工業,プライム（内国株式）,20261006
7284,盟和産業,スタンダード（内国株式）,20261006
7287,日本精機,スタンダード（内国株式）,20261006
7291,日本プラスト,スタンダード（内国株式）,20261006
7292,村上開明堂,スタンダード（内国株式）,20261006
7294,ヨロズ,プライム（内国株式）,20261006
7296,エフ・シー・シー,プライム（内国株式）,20261006
7297,カーメイト,スタンダード（内国株式）,20261006
7299,フジオーゼックス,スタンダード（内国株式）,20261006
7305,新家工業,スタンダード（内国株式）,20261006
7309,シマノ,プライム（内国株式）,20261006
7313,テイ・エス　テック,プライム（内国株式）,20261006
7314,小田原機器,スタンダード（内国株式）,20261006
7318,セレンディップ・ホールディングス,グロース（内国株式）,20261006
7320,Ｓｏｌｖｖｙ,グロース（内国株式）,20261006
7322,三十三フィナンシャルグループ,プライム（内国株式）,20261006
7325,アイリックコーポレーション,グロース（内国株式）,20261006
7326,ＳＢＩインシュアランスグループ,グロース（内国株式）,20261006
7327,第四北越フィナンシャルグループ,プライム（内国株式）,20261006
7337,ひろぎんホールディングス,プライム（内国株式）,20261006
7343,ブロードマインド,グロース（内国株式）,20261006
7345,アイ・パートナーズフィナンシャル,グロース（内国株式）,20261006
7347,マーキュリアホールディングス,プライム（内国株式）,20261006
7350,おきなわフィナンシャルグループ,プライム（内国株式）,20261006
7351,グッドパッチ,グロース（内国株式）,20261006
7352,ＴＷＯＳＴＯＮＥ＆Ｓｏｎｓ,グロース（内国株式）,20261006
7353,ＫＩＹＯラーニング,グロース（内国株式）,20261006
7354,ダイレクトマーケティングミックス,スタンダード（内国株式）,20261006
7355,一寸房,PRO Market,20261006
7356,Ｒｅｔｔｙ,グロース（内国株式）,20261006
7357,ジオコード,スタンダード（内国株式）,20261006
7358,ポピンズ,スタンダード（内国株式）,20261006
7359,東京通信グループ,グロース（内国株式）,20261006
7360,オンデック,グロース（内国株式）,20261006
7361,ヒューマンクリエイションホールディングス,グロース（内国株式）,20261006
7362,Ｔ．Ｓ．Ｉ,グロース（内国株式）,20261006
7363,ベビーカレンダー,グロース（内国株式）,20261006
7364,琉球アスティーダスポーツクラブ,PRO Market,20261006
7366,ＬＩＴＡＬＩＣＯ,プライム（内国株式）,20261006
7367,セルム,スタンダード（内国株式）,20261006
7368,表示灯,スタンダード（内国株式）,20261006
7369,メイホーホールディングス,グロース（内国株式）,20261006
7370,Ｅｎｊｉｎ,グロース（内国株式）,20261006
7371,Ｚｅｎｋｅｎ,グロース（内国株式）,20261006
7372,デコルテ・ホールディングス,グロース（内国株式）,20261006
7373,アイドマ・ホールディングス,グロース（内国株式）,20261006
7374,コンフィデンス・インターワークス,グロース（内国株式）,20261006
7375,リファインバースグループ,グロース（内国株式）,20261006
7376,ＢＣＣ,グロース（内国株式）,20261006
7377,ＤＮホールディングス,スタンダード（内国株式）,20261006
7378,アシロ,グロース（内国株式）,20261006
7380,十六フィナンシャルグループ,プライム（内国株式）,20261006
7381,ＣＣＩグループ,プライム（内国株式）,20261006
7383,ネットプロテクションズホールディングス,プライム（内国株式）,20261006
7384,プロクレアホールディングス,プライム（内国株式）,20261006
7388,ＦＰパートナー,プライム（内国株式）,20261006
7389,あいちフィナンシャルグループ,プライム（内国株式）,20261006
7399,ナンシン,スタンダード（内国株式）,20261006
7409,ＡｅｒｏＥｄｇｅ,グロース（内国株式）,20261006
7412,アトム,スタンダード（内国株式）,20261006
7413,創健社,スタンダード（内国株式）,20261006
7414,小野建,プライム（内国株式）,20261006
7416,はるやまホールディングス,スタンダード（内国株式）,20261006
7417,南陽,スタンダード（内国株式）,20261006
7419,ノジマ,プライム（内国株式）,20261006
7421,カッパ・クリエイト,プライム（内国株式）,20261006
7422,東邦レマック,スタンダード（内国株式）,20261006
7425,初穂商事,スタンダード（内国株式）,20261006
7427,エコートレーディング,スタンダード（内国株式）,20261006
7433,伯東,プライム（内国株式）,20261006
7434,オータケ,スタンダード（内国株式）,20261006
7435,ナ・デックス,スタンダード（内国株式）,20261006
7438,コンドーテック,プライム（内国株式）,20261006
7442,中山福,スタンダード（内国株式）,20261006
7443,横浜魚類,スタンダード（内国株式）,20261006
7444,ハリマ共和物産,スタンダード（内国株式）,20261006
7446,東北化学薬品,スタンダード（内国株式）,20261006
7447,ナガイレーベン,プライム（内国株式）,20261006
7453,良品計画,プライム（内国株式）,20261006
7456,松田産業,プライム（内国株式）,20261006
7458,第一興商,プライム（内国株式）,20261006
7459,メディパルホールディングス,プライム（内国株式）,20261006
7460,ヤギ,スタンダード（内国株式）,20261006
7461,キムラ,スタンダード（内国株式）,20261006
7462,ＣＡＰＩＴＡ,スタンダード（内国株式）,20261006
7463,アドヴァングループ,スタンダード（内国株式）,20261006
7464,セフテック,スタンダード（内国株式）,20261006
7466,ＳＰＫ,プライム（内国株式）,20261006
7472,鳥羽洋行,スタンダード（内国株式）,20261006
7475,アルビス,プライム（内国株式）,20261006
7476,アズワン,プライム（内国株式）,20261006
7477,ムラキ,スタンダード（内国株式）,20261006
7480,スズデン,スタンダード（内国株式）,20261006
7481,尾家産業,スタンダード（内国株式）,20261006
7482,シモジマ,プライム（内国株式）,20261006
7483,ドウシシャ,プライム（内国株式）,20261006
7486,サンリン,スタンダード（内国株式）,20261006
7487,小津産業,スタンダード（内国株式）,20261006
7490,日新商事,スタンダード（内国株式）,20261006
7494,コナカ,スタンダード（内国株式）,20261006
7500,西川計測,スタンダード（内国株式）,20261006
7501,ティムコ,スタンダード（内国株式）,20261006
7502,プラザホールディングス,スタンダード（内国株式）,20261006
7504,高速,プライム（内国株式）,20261006
7505,扶桑電通,スタンダード（内国株式）,20261006
7506,ハウス　オブ　ローゼ,スタンダード（内国株式）,20261006
7508,Ｇ‐７ホールディングス,プライム（内国株式）,20261006
7509,アイエーグループ,スタンダード（内国株式）,20261006
7510,たけびし,プライム（内国株式）,20261006
7512,イオン北海道,スタンダード（内国株式）,20261006
7513,コジマ,プライム（内国株式）,20261006
7514,ヒマラヤ,スタンダード（内国株式）,20261006
7515,マルヨシセンター,スタンダード（内国株式）,20261006
7516,コーナン商事,プライム（内国株式）,20261006
7520,エコス,プライム（内国株式）,20261006
7521,ムサシ,スタンダード（内国株式）,20261006
7522,ワタミ,プライム（内国株式）,20261006
7523,アールビバン,スタンダード（内国株式）,20261006
7524,マルシェ,スタンダード（内国株式）,20261006
7525,リックス,プライム（内国株式）,20261006
7527,システムソフト,スタンダード（内国株式）,20261006
7531,清和中央ホールディングス,スタンダード（内国株式）,20261006
7532,パン・パシフィック・インターナショナルホールディングス,プライム（内国株式）,20261006
7537,丸文,プライム（内国株式）,20261006
7538,大水,スタンダード（内国株式）,20261006
7539,アイナボホールディングス,スタンダード（内国株式）,20261006
7544,スリーエフ,スタンダード（内国株式）,20261006
7545,西松屋チェーン,プライム（内国株式）,20261006
7550,ゼンショーホールディングス,プライム（内国株式）,20261006
7551,ウェッズ,スタンダード（内国株式）,20261006
7552,ハピネット,プライム（内国株式）,20261006
7554,幸楽苑,プライム（内国株式）,20261006
7555,大田花き,スタンダード（内国株式）,20261006
7561,ハークスレイホールディングス,スタンダード（内国株式）,20261006
7562,安楽亭,スタンダード（内国株式）,20261006
7564,ワークマン,スタンダード（内国株式）,20261006
7565,萬世電機,スタンダード（内国株式）,20261006
7567,栄電子,スタンダード（内国株式）,20261006
7570,橋本総業ホールディングス,スタンダード（内国株式）,20261006
7571,ヤマノホールディングス,スタンダード（内国株式）,20261006
7575,日本ライフライン,プライム（内国株式）,20261006
7578,ニチリョク,スタンダード（内国株式）,20261006
7581,サイゼリヤ,プライム（内国株式）,20261006
7585,かんなん丸,スタンダード（内国株式）,20261006
7590,タカショー,スタンダード（内国株式）,20261006
7593,ＶＴホールディングス,プライム（内国株式）,20261006
7595,アルゴグラフィックス,プライム（内国株式）,20261006
7596,魚力,プライム（内国株式）,20261006
7599,ＩＤＯＭ,プライム（内国株式）,20261006
7600,日本エム・ディ・エム,プライム（内国株式）,20261006
7601,ポプラ,スタンダード（内国株式）,20261006
7602,レダックス,スタンダード（内国株式）,20261006
7603,ジーイエット,スタンダード（内国株式）,20261006
7604,梅の花グループ,スタンダード（内国株式）,20261006
7606,ユナイテッドアローズ,プライム（内国株式）,20261006
7607,進和,プライム（内国株式）,20261006
7608,エスケイジャパン,スタンダード（内国株式）,20261006
7609,ダイトロン,プライム（内国株式）,20261006
7610,テイツー,スタンダード（内国株式）,20261006
7611,ハイデイ日高,プライム（内国株式）,20261006
7613,シークス,プライム（内国株式）,20261006
7614,オーエムツーネットワーク,スタンダード（内国株式）,20261006
7615,京都きもの友禅ホールディングス,スタンダード（内国株式）,20261006
7616,コロワイド,プライム（内国株式）,20261006
7619,田中商事,スタンダード（内国株式）,20261006
7621,うかい,スタンダード（内国株式）,20261006
7624,ＮａＩＴＯ,スタンダード（内国株式）,20261006
7625,グローバルダイニング,スタンダード（内国株式）,20261006
7628,オーハシテクニカ,プライム（内国株式）,20261006
7630,壱番屋,プライム（内国株式）,20261006
7634,星医療酸器,スタンダード（内国株式）,20261006
7636,ハンズマン,スタンダード（内国株式）,20261006
7637,白銅,プライム（内国株式）,20261006
7638,ＮＥＷ　ＡＲＴ　ＨＯＬＤＩＮＧＳ,スタンダード（内国株式）,20261006
7640,トップカルチャー,スタンダード（内国株式）,20261006
7643,ダイイチ,スタンダード（内国株式）,20261006
7646,ＰＬＡＮＴ,スタンダード（内国株式）,20261006
7649,スギホールディングス,プライム（内国株式）,20261006
7670,オーウエル,スタンダード（内国株式）,20261006
7673,ダイコー通産,スタンダード（内国株式）,20261006
7674,ＮＡＴＴＹ　ＳＷＡＮＫＹホールディングス,グロース（内国株式）,20261006
7677,ヤシマキザイ,スタンダード（内国株式）,20261006
7678,あさくま,スタンダード（内国株式）,20261006
7679,薬王堂ホールディングス,プライム（内国株式）,20261006
7680,軽自動車館,PRO Market,20261006
7681,レオクラン,スタンダード（内国株式）,20261006
7682,浜木綿,スタンダード（内国株式）,20261006
7683,ダブルエー,プライム（内国株式）,20261006
7685,ＢｕｙＳｅｌｌ　Ｔｅｃｈｎｏｌｏｇｉｅｓ,グロース（内国株式）,20261006
7686,ひとまいる,スタンダード（内国株式）,20261006
7687,ミクリード,グロース（内国株式）,20261006
7689,コパ・コーポレーション,グロース（内国株式）,20261006
7690,カレント自動車,PRO Market,20261006
7691,Ｃ　Ｃｈａｎｎｅｌ,PRO Market,20261006
7692,アースインフィニティ,スタンダード（内国株式）,20261006
7693,北海道歯科産業,PRO Market,20261006
7694,いつも,グロース（内国株式）,20261006
7695,交換できるくん,グロース（内国株式）,20261006
7698,アイスコ,スタンダード（内国株式）,20261006
7699,オムニ・プラス・システム・リミテッド　ＪＤＲ,グロース（外国株式）,20261006
7701,島津製作所,プライム（内国株式）,20261006
7702,ＪＭＳ,スタンダード（内国株式）,20261006
7707,プレシジョン・システム・サイエンス,グロース（内国株式）,20261006
7709,クボテック,スタンダード（内国株式）,20261006
7711,助川電気工業,スタンダード（内国株式）,20261006
7713,シグマ光機,スタンダード（内国株式）,20261006
7715,長野計器,プライム（内国株式）,20261006
7716,ナカニシ,スタンダード（内国株式）,20261006
7717,ブイ・テクノロジー,プライム（内国株式）,20261006
7719,東京衡機,スタンダード（内国株式）,20261006
7721,東京計器,プライム（内国株式）,20261006
7722,国際計測器,スタンダード（内国株式）,20261006
7723,愛知時計電機,プライム（内国株式）,20261006
7725,インターアクション,プライム（内国株式）,20261006
7726,黒田精工,スタンダード（内国株式）,20261006
7727,オーバル,スタンダード（内国株式）,20261006
7729,東京精密,プライム（内国株式）,20261006
7730,マニー,プライム（内国株式）,20261006
7731,ニコン,プライム（内国株式）,20261006
7733,オリンパス,プライム（内国株式）,20261006
7734,理研計器,プライム（内国株式）,20261006
7735,ＳＣＲＥＥＮホールディングス,プライム（内国株式）,20261006
7740,タムロン,プライム（内国株式）,20261006
7741,ＨＯＹＡ,プライム（内国株式）,20261006
7743,シード,スタンダード（内国株式）,20261006
7744,ノーリツ鋼機,プライム（内国株式）,20261006
7745,Ａ＆Ｄホロンホールディングス,プライム（内国株式）,20261006
7746,岡本硝子,スタンダード（内国株式）,20261006
7747,朝日インテック,プライム（内国株式）,20261006
7749,メディキット,スタンダード（内国株式）,20261006
7751,キヤノン,プライム（内国株式）,20261006
7752,リコー,プライム（内国株式）,20261006
7760,ＩＭＶ,スタンダード（内国株式）,20261006
7762,シチズン時計,プライム（内国株式）,20261006
7769,リズム,プライム（内国株式）,20261006
7771,日本精密,スタンダード（内国株式）,20261006
7774,ジャパン・ティッシュエンジニアリング,グロース（内国株式）,20261006
7775,大研医器,スタンダード（内国株式）,20261006
7776,セルシード,グロース（内国株式）,20261006
7777,スリー・ディー・マトリックス,グロース（内国株式）,20261006
7779,ＣＹＢＥＲＤＹＮＥ,グロース（内国株式）,20261006
7780,メニコン,プライム（内国株式）,20261006
7781,平山ホールディングス,スタンダード（内国株式）,20261006
7782,シンシア,スタンダード（内国株式）,20261006
7791,ドリームベッド,スタンダード（内国株式）,20261006
7792,コラントッテ,グロース（内国株式）,20261006
7793,イメージ・マジック,グロース（内国株式）,20261006
7794,イーディーピー,グロース（内国株式）,20261006
7795,ＫＹＯＲＩＴＳＵ,スタンダード（内国株式）,20261006
7800,アミファ,スタンダード（内国株式）,20261006
7803,ブシロード,グロース（内国株式）,20261006
7804,ビーアンドピー,スタンダード（内国株式）,20261006
7805,プリントネット,スタンダード（内国株式）,20261006
7806,ＭＴＧ,グロース（内国株式）,20261006
7807,幸和製作所,スタンダード（内国株式）,20261006
7808,シー・エス・ランバー,スタンダード（内国株式）,20261006
7809,壽屋,スタンダード（内国株式）,20261006
7810,クロスフォー,スタンダード（内国株式）,20261006
7811,中本パックス,スタンダード（内国株式）,20261006
7812,クレステック,スタンダード（内国株式）,20261006
7813,プラッツ,スタンダード（内国株式）,20261006
7814,日本創発グループ,スタンダード（内国株式）,20261006
7815,東京ボード工業,スタンダード（内国株式）,20261006
7818,トランザクション,プライム（内国株式）,20261006
7819,粧美堂,スタンダード（内国株式）,20261006
7820,ニホンフラッシュ,プライム（内国株式）,20261006
7821,前田工繊,プライム（内国株式）,20261006
7822,永大産業,スタンダード（内国株式）,20261006
7823,アートネイチャー,スタンダード（内国株式）,20261006
7826,フルヤ金属,プライム（内国株式）,20261006
7827,オービス,スタンダード（内国株式）,20261006
7831,ウイルコホールディングス,スタンダード（内国株式）,20261006
7832,バンダイナムコホールディングス,プライム（内国株式）,20261006
7833,アイフィスジャパン,スタンダード（内国株式）,20261006
7836,アビックス,スタンダード（内国株式）,20261006
7837,アールシーコア,スタンダード（内国株式）,20261006
7839,ＳＨＯＥＩ,プライム（内国株式）,20261006
7840,フランスベッドホールディングス,プライム（内国株式）,20261006
7841,遠藤製作所,スタンダード（内国株式）,20261006
7844,マーベラス,プライム（内国株式）,20261006
7846,パイロットコーポレーション,プライム（内国株式）,20261006
7847,グラファイトデザイン,スタンダード（内国株式）,20261006
7849,スターツ出版,スタンダード（内国株式）,20261006
7850,総合商研,スタンダード（内国株式）,20261006
7851,カワセコンピュータサプライ,スタンダード（内国株式）,20261006
7856,萩原工業,プライム（内国株式）,20261006
7857,セキ,スタンダード（内国株式）,20261006
7859,アルメディオ,スタンダード（内国株式）,20261006
7860,エイベックス,プライム（内国株式）,20261006
7863,平賀,スタンダード（内国株式）,20261006
7864,フジシールインターナショナル,プライム（内国株式）,20261006
7865,ピープル,スタンダード（内国株式）,20261006
7867,タカラトミー,プライム（内国株式）,20261006
7868,広済堂ホールディングス,プライム（内国株式）,20261006
7871,フクビ化学工業,スタンダード（内国株式）,20261006
7872,エステールホールディングス,スタンダード（内国株式）,20261006
7874,レック,プライム（内国株式）,20261006
7875,竹田ｉＰホールディングス,スタンダード（内国株式）,20261006
7877,永大化工,スタンダード（内国株式）,20261006
7878,光・彩,スタンダード（内国株式）,20261006
7879,ノダ,スタンダード（内国株式）,20261006
7883,サンメッセ,スタンダード（内国株式）,20261006
7885,タカノ,スタンダード（内国株式）,20261006
7886,ヤマト　モビリティ　＆　Ｍｆｇ．,スタンダード（内国株式）,20261006
7887,南海プライウッド,スタンダード（内国株式）,20261006
7888,三光合成,プライム（内国株式）,20261006
7893,プロネクサス,プライム（内国株式）,20261006
7896,セブン工業,スタンダード（内国株式）,20261006
7897,ホクシン,スタンダード（内国株式）,20261006
7898,ウッドワン,スタンダード（内国株式）,20261006
7901,マツモト,スタンダード（内国株式）,20261006
7902,ソノコム,スタンダード（内国株式）,20261006
7906,ヨネックス,スタンダード（内国株式）,20261006
7908,きもと,スタンダード（内国株式）,20261006
7911,ＴＯＰＰＡＮホールディングス,プライム（内国株式）,20261006
7912,大日本印刷,プライム（内国株式）,20261006
7914,共同印刷,プライム（内国株式）,20261006
7915,ＮＩＳＳＨＡ,プライム（内国株式）,20261006
7916,光村印刷,スタンダード（内国株式）,20261006
7917,ＺＡＣＲＯＳ,プライム（内国株式）,20261006
7918,ヴィア・ホールディングス,スタンダード（内国株式）,20261006
7919,野崎印刷紙業,スタンダード（内国株式）,20261006
7921,ＴＡＫＡＲＡ　＆　ＣＯＭＰＡＮＹ,プライム（内国株式）,20261006
7927,ムトー精工,スタンダード（内国株式）,20261006
7928,旭化学工業,スタンダード（内国株式）,20261006
7931,未来工業,プライム（内国株式）,20261006
7932,ニッピ,スタンダード（内国株式）,20261006
7936,アシックス,プライム（内国株式）,20261006
7937,ツツミ,スタンダード（内国株式）,20261006
7938,リーガルコーポレーション,スタンダード（内国株式）,20261006
7939,研創,スタンダード（内国株式）,20261006
7942,ＪＳＰ,プライム（内国株式）,20261006
7943,ニチハ,プライム（内国株式）,20261006
7944,ローランド,プライム（内国株式）,20261006
7946,光陽社,スタンダード（内国株式）,20261006
7947,エフピコ,プライム（内国株式）,20261006
7949,小松ウオール工業,プライム（内国株式）,20261006
7951,ヤマハ,プライム（内国株式）,20261006
7952,河合楽器製作所,プライム（内国株式）,20261006
7953,菊水化学工業,スタンダード（内国株式）,20261006
7955,クリナップ,プライム（内国株式）,20261006
7956,ピジョン,プライム（内国株式）,20261006
7957,フジコピアン,スタンダード（内国株式）,20261006
7962,キングジム,プライム（内国株式）,20261006
7963,興研,スタンダード（内国株式）,20261006
7965,象印マホービン,プライム（内国株式）,20261006
7966,リンテック,プライム（内国株式）,20261006
7970,信越ポリマー,プライム（内国株式）,20261006
7971,東リ,スタンダード（内国株式）,20261006
7972,イトーキ,プライム（内国株式）,20261006
7974,任天堂,プライム（内国株式）,20261006
7975,リヒトラブ,スタンダード（内国株式）,20261006
7976,三菱鉛筆,プライム（内国株式）,20261006
7979,松風,プライム（内国株式）,20261006
7980,重松製作所,スタンダード（内国株式）,20261006
7981,タカラスタンダード,プライム（内国株式）,20261006
7983,ミロク,スタンダード（内国株式）,20261006
7984,コクヨ,プライム（内国株式）,20261006
7985,ネポン,スタンダード（内国株式）,20261006
7986,日本アイ・エス・ケイ,スタンダード（内国株式）,20261006
7987,ナカバヤシ,スタンダード（内国株式）,20261006
7988,ニフコ,プライム（内国株式）,20261006
7989,立川ブラインド工業,プライム（内国株式）,20261006
7990,グローブライド,プライム（内国株式）,20261006
7991,マミヤ・オーピー,スタンダード（内国株式）,20261006
7992,セーラー万年筆,スタンダード（内国株式）,20261006
7994,オカムラ,プライム（内国株式）,20261006
7995,バルカー,プライム（内国株式）,20261006
7997,くろがね工作所,スタンダード（内国株式）,20261006
8001,伊藤忠商事,プライム（内国株式）,20261006
8002,丸紅,プライム（内国株式）,20261006
8005,スクロール,プライム（内国株式）,20261006
8006,ユアサ・フナショク,スタンダード（内国株式）,20261006
8007,高島,プライム（内国株式）,20261006
8008,ヨンドシーホールディングス,プライム（内国株式）,20261006
8011,三陽商会,プライム（内国株式）,20261006
8012,長瀬産業,プライム（内国株式）,20261006
8013,ナイガイ,スタンダード（内国株式）,20261006
8014,蝶理,プライム（内国株式）,20261006
8015,豊田通商,プライム（内国株式）,20261006
8016,オンワードホールディングス,プライム（内国株式）,20261006
8018,三共生興,スタンダード（内国株式）,20261006
8020,兼松,プライム（内国株式）,20261006
8022,美津濃,プライム（内国株式）,20261006
8023,ＤＡＩＫＯ　ＸＴＥＣＨ,スタンダード（内国株式）,20261006
8025,ツカモトコーポレーション,スタンダード（内国株式）,20261006
8029,ルックホールディングス,スタンダード（内国株式）,20261006
8030,中央魚類,スタンダード（内国株式）,20261006
8031,三井物産,プライム（内国株式）,20261006
8032,日本紙パルプ商事,プライム（内国株式）,20261006
8035,東京エレクトロン,プライム（内国株式）,20261006
8037,カメイ,プライム（内国株式）,20261006
8039,築地魚市場,スタンダード（内国株式）,20261006
8040,東京ソワール,スタンダード（内国株式）,20261006
8041,ＯＵＧホールディングス,スタンダード（内国株式）,20261006
8043,スターゼン,プライム（内国株式）,20261006
8045,横浜丸魚,スタンダード（内国株式）,20261006
8046,丸藤シートパイル,スタンダード（内国株式）,20261006
8050,セイコーグループ,プライム（内国株式）,20261006
8051,山善,プライム（内国株式）,20261006
8052,椿本興業,プライム（内国株式）,20261006
8053,住友商事,プライム（内国株式）,20261006
8056,ＢＩＰＲＯＧＹ,プライム（内国株式）,20261006
8057,内田洋行,プライム（内国株式）,20261006
8058,三菱商事,プライム（内国株式）,20261006
8059,第一実業,プライム（内国株式）,20261006
8060,キヤノンマーケティングジャパン,プライム（内国株式）,20261006
8061,西華産業,プライム（内国株式）,20261006
8065,佐藤商事,プライム（内国株式）,20261006
8066,三谷商事,スタンダード（内国株式）,20261006
8070,東京産業,プライム（内国株式）,20261006
8074,ＹＵＡＳＡ,プライム（内国株式）,20261006
8075,神鋼商事,プライム（内国株式）,20261006
8076,カノークス,スタンダード（内国株式）,20261006
8077,トルク,スタンダード（内国株式）,20261006
8078,阪和興業,プライム（内国株式）,20261006
8079,正栄食品工業,プライム（内国株式）,20261006
8081,カナデン,プライム（内国株式）,20261006
8084,ＲＹＯＤＥＮ,プライム（内国株式）,20261006
8085,ナラサキ産業,スタンダード（内国株式）,20261006
8086,ニプロ,プライム（内国株式）,20261006
8088,岩谷産業,プライム（内国株式）,20261006
8089,ナイス,スタンダード（内国株式）,20261006
8091,ニチモウ,プライム（内国株式）,20261006
8093,極東貿易,プライム（内国株式）,20261006
8095,アステナホールディングス,プライム（内国株式）,20261006
8097,三愛オブリ,プライム（内国株式）,20261006
8098,稲畑産業,プライム（内国株式）,20261006
8101,ＧＳＩクレオス,プライム（内国株式）,20261006
8103,明和産業,プライム（内国株式）,20261006
8104,クワザワホールディングス,スタンダード（内国株式）,20261006
8105,Ｂｉｔｃｏｉｎ　Ｊａｐａｎ,スタンダード（内国株式）,20261006
8107,キムラタン,スタンダード（内国株式）,20261006
8111,ゴールドウイン,プライム（内国株式）,20261006
8113,ユニ・チャーム,プライム（内国株式）,20261006
8115,ムーンバット,スタンダード（内国株式）,20261006
8117,中央自動車工業,スタンダード（内国株式）,20261006
8118,キング,スタンダード（内国株式）,20261006
8119,三栄コーポレーション,スタンダード（内国株式）,20261006
8123,川辺,スタンダード（内国株式）,20261006
8125,ワキタ,プライム（内国株式）,20261006
8127,ヤマトインターナショナル,スタンダード（内国株式）,20261006
8129,東邦ホールディングス,プライム（内国株式）,20261006
8130,サンゲツ,プライム（内国株式）,20261006
8131,ミツウロコグループホールディングス,スタンダード（内国株式）,20261006
8132,シナネンホールディングス,プライム（内国株式）,20261006
8133,伊藤忠エネクス,プライム（内国株式）,20261006
8135,ゼット,スタンダード（内国株式）,20261006
8136,サンリオ,プライム（内国株式）,20261006
8137,サンワテクノス,プライム（内国株式）,20261006
8138,三京化成,スタンダード（内国株式）,20261006
8139,ナガホリ,スタンダード（内国株式）,20261006
8141,新光商事,プライム（内国株式）,20261006
8142,トーホー,プライム（内国株式）,20261006
8143,ラピーヌ,スタンダード（内国株式）,20261006
8144,デンキョーグループホールディングス,スタンダード（内国株式）,20261006
8147,トミタ,スタンダード（内国株式）,20261006
8150,三信電気,プライム（内国株式）,20261006
8151,東陽テクニカ,プライム（内国株式）,20261006
8152,ソマール,スタンダード（内国株式）,20261006
8153,モスフードサービス,プライム（内国株式）,20261006
8154,加賀電子,プライム（内国株式）,20261006
8157,都築電気,プライム（内国株式）,20261006
8158,ソーダニッカ,プライム（内国株式）,20261006
8159,立花エレテック,プライム（内国株式）,20261006
8160,木曽路,プライム（内国株式）,20261006
8163,ＳＲＳホールディングス,プライム（内国株式）,20261006
8165,千趣会,スタンダード（内国株式）,20261006
8166,タカキュー,スタンダード（内国株式）,20261006
8167,リテールパートナーズ,プライム（内国株式）,20261006
8173,Ｊｏｓｈｉｎ,プライム（内国株式）,20261006
8174,日本瓦斯,プライム（内国株式）,20261006
8179,ロイヤルホールディングス,プライム（内国株式）,20261006
8181,東天紅,スタンダード（内国株式）,20261006
8185,チヨダ,プライム（内国株式）,20261006
8194,ライフコーポレーション,プライム（内国株式）,20261006
8198,マックスバリュ東海,スタンダード（内国株式）,20261006
8200,リンガーハット,プライム（内国株式）,20261006
8202,ラオックスホールディングス,スタンダード（内国株式）,20261006
8203,ＭｒＭａｘＨＤ,プライム（内国株式）,20261006
8207,テンアライド,スタンダード（内国株式）,20261006
8214,ＡＯＫＩホールディングス,プライム（内国株式）,20261006
8217,オークワ,プライム（内国株式）,20261006
8218,コメリ,プライム（内国株式）,20261006
8219,青山商事,プライム（内国株式）,20261006
8225,タカチホ,スタンダード（内国株式）,20261006
8226,理経,スタンダード（内国株式）,20261006
8227,しまむら,プライム（内国株式）,20261006
8230,はせがわ,スタンダード（内国株式）,20261006
8233,高島屋,プライム（内国株式）,20261006
8237,松屋,プライム（内国株式）,20261006
8242,エイチ・ツー・オー　リテイリング,プライム（内国株式）,20261006
8244,近鉄百貨店,スタンダード（内国株式）,20261006
8247,大和,スタンダード（内国株式）,20261006
8252,丸井グループ,プライム（内国株式）,20261006
8253,クレディセゾン,プライム（内国株式）,20261006
8254,さいか屋,スタンダード（内国株式）,20261006
8255,アクシアル　リテイリング,プライム（内国株式）,20261006
8260,井筒屋,スタンダード（内国株式）,20261006
8267,イオン,プライム（内国株式）,20261006
8273,イズミ,プライム（内国株式）,20261006
8275,フォーバル,スタンダード（内国株式）,20261006
8276,平和堂,プライム（内国株式）,20261006
8278,フジ,プライム（内国株式）,20261006
8281,ゼビオホールディングス,プライム（内国株式）,20261006
8282,ケーズホールディングス,プライム（内国株式）,20261006
8285,三谷産業,スタンダード（内国株式）,20261006
8291,日産東京販売ホールディングス,スタンダード（内国株式）,20261006
8301,日本銀行　出資証券,出資証券,20261006
8303,ＳＢＩ新生銀行,プライム（内国株式）,20261006
8304,あおぞら銀行,プライム（内国株式）,20261006
8306,三菱ＵＦＪフィナンシャル・グループ,プライム（内国株式）,20261006
8308,りそなホールディングス,プライム（内国株式）,20261006
8309,三井住友トラストグループ,プライム（内国株式）,20261006
8316,三井住友フィナンシャルグループ,プライム（内国株式）,20261006
8331,千葉銀行,プライム（内国株式）,20261006
8334,群馬銀行,プライム（内国株式）,20261006
8336,武蔵野銀行,プライム（内国株式）,20261006
8337,千葉興業銀行,プライム（内国株式）,20261006
8338,筑波銀行,プライム（内国株式）,20261006
8341,七十七銀行,プライム（内国株式）,20261006
8343,秋田銀行,プライム（内国株式）,20261006
8344,山形銀行,プライム（内国株式）,20261006
8345,岩手銀行,プライム（内国株式）,20261006
8346,東邦銀行,プライム（内国株式）,20261006
8349,東北銀行,スタンダード（内国株式）,20261006
8354,ふくおかフィナンシャルグループ,プライム（内国株式）,20261006
8358,スルガ銀行,プライム（内国株式）,20261006
8359,八十二長野銀行,プライム（内国株式）,20261006
8360,山梨中央銀行,プライム（内国株式）,20261006
8361,大垣共立銀行,プライム（内国株式）,20261006
8362,福井銀行,プライム（内国株式）,20261006
8364,清水銀行,プライム（内国株式）,20261006
8365,富山銀行,スタンダード（内国株式）,20261006
8366,滋賀銀行,プライム（内国株式）,20261006
8367,南都銀行,プライム（内国株式）,20261006
8368,百五銀行,プライム（内国株式）,20261006
8370,紀陽銀行,プライム（内国株式）,20261006
8377,ほくほくフィナンシャルグループ,プライム（内国株式）,20261006
8381,山陰合同銀行,プライム（内国株式）,20261006
8383,鳥取銀行,スタンダード（内国株式）,20261006
8386,百十四銀行,プライム（内国株式）,20261006
8387,四国銀行,プライム（内国株式）,20261006
8388,阿波銀行,プライム（内国株式）,20261006
8392,大分銀行,プライム（内国株式）,20261006
8393,宮崎銀行,プライム（内国株式）,20261006
8395,佐賀銀行,プライム（内国株式）,20261006
8399,琉球銀行,プライム（内国株式）,20261006
8410,セブン銀行,プライム（内国株式）,20261006
8411,みずほフィナンシャルグループ,プライム（内国株式）,20261006
8416,高知銀行,スタンダード（内国株式）,20261006
8418,山口フィナンシャルグループ,プライム（内国株式）,20261006
8421,信金中央金庫　優先出資証券,出資証券,20261006
8424,芙蓉総合リース,プライム（内国株式）,20261006
8425,みずほリース,プライム（内国株式）,20261006
8439,東京センチュリー,プライム（内国株式）,20261006
8473,ＳＢＩホールディングス,プライム（内国株式）,20261006
8508,Ｊトラスト,スタンダード（内国株式）,20261006
8511,日本証券金融,プライム（内国株式）,20261006
8518,日本アジア投資,スタンダード（内国株式）,20261006
8522,名古屋銀行,プライム（内国株式）,20261006
8524,北洋銀行,プライム（内国株式）,20261006
8537,大光銀行,スタンダード（内国株式）,20261006
8541,愛媛銀行,プライム（内国株式）,20261006
8542,トマト銀行,スタンダード（内国株式）,20261006
8544,京葉銀行,プライム（内国株式）,20261006
8550,栃木銀行,プライム（内国株式）,20261006
8551,北日本銀行,プライム（内国株式）,20261006
8558,東和銀行,プライム（内国株式）,20261006
8562,福島銀行,スタンダード（内国株式）,20261006
8563,大東銀行,スタンダード（内国株式）,20261006
8566,リコーリース,プライム（内国株式）,20261006
8570,イオンフィナンシャルサービス,プライム（内国株式）,20261006
8572,アコム,スタンダード（内国株式）,20261006
8584,ジャックス,プライム（内国株式）,20261006
8585,オリエントコーポレーション,プライム（内国株式）,20261006
8591,オリックス,プライム（内国株式）,20261006
8593,三菱ＨＣキャピタル,プライム（内国株式）,20261006
8595,ジャフコ　グループ,プライム（内国株式）,20261006
8596,九州リースサービス,スタンダード（内国株式）,20261006
8600,トモニホールディングス,プライム（内国株式）,20261006
8601,大和証券グループ本社,プライム（内国株式）,20261006
8604,野村ホールディングス,プライム（内国株式）,20261006
8609,岡三証券グループ,プライム（内国株式）,20261006
8613,丸三証券,プライム（内国株式）,20261006
8614,東洋証券,プライム（内国株式）,20261006
8616,東海東京フィナンシャル・ホールディングス,プライム（内国株式）,20261006
8617,光世証券,スタンダード（内国株式）,20261006
8622,水戸証券,プライム（内国株式）,20261006
8624,いちよし証券,プライム（内国株式）,20261006
8628,松井証券,プライム（内国株式）,20261006
8630,ＳＯＭＰＯホールディングス,プライム（内国株式）,20261006
8697,日本取引所グループ,プライム（内国株式）,20261006
8698,マネックスグループ,プライム（内国株式）,20261006
8699,ＨＳホールディングス,スタンダード（内国株式）,20261006
8700,丸八証券,スタンダード（内国株式）,20261006
8704,トレイダーズホールディングス,スタンダード（内国株式）,20261006
8705,日産証券グループ,スタンダード（内国株式）,20261006
8706,極東証券,プライム（内国株式）,20261006
8707,岩井コスモホールディングス,プライム（内国株式）,20261006
8708,アイザワ証券グループ,プライム（内国株式）,20261006
8713,フィデアホールディングス,プライム（内国株式）,20261006
8714,池田泉州ホールディングス,プライム（内国株式）,20261006
8715,アニコム　ホールディングス,プライム（内国株式）,20261006
8725,ＭＳ＆ＡＤインシュアランスグループホールディングス,プライム（内国株式）,20261006
8729,ソニーフィナンシャルグループ,プライム（内国株式）,20261006
8737,あかつき本社,スタンダード（内国株式）,20261006
8739,スパークス・グループ,プライム（内国株式）,20261006
8742,小林洋行,スタンダード（内国株式）,20261006
8746,ｕｎｂａｎｋｅｄ,スタンダード（内国株式）,20261006
8747,豊トラスティ証券,スタンダード（内国株式）,20261006
8750,第一ライフグループ,プライム（内国株式）,20261006
8766,東京海上ホールディングス,プライム（内国株式）,20261006
8769,アドバンテッジリスクマネジメント,スタンダード（内国株式）,20261006
8771,イー・ギャランティ,プライム（内国株式）,20261006
8772,アサックス,スタンダード（内国株式）,20261006
8783,ａｂｃ,スタンダード（内国株式）,20261006
8789,フィンテック　グローバル,スタンダード（内国株式）,20261006
8793,ＮＥＣキャピタルソリューション,プライム（内国株式）,20261006
8795,Ｔ＆Ｄホールディングス,プライム（内国株式）,20261006
8798,アドバンスクリエイト,プライム（内国株式）,20261006
8801,三井不動産,プライム（内国株式）,20261006
8802,三菱地所,プライム（内国株式）,20261006
8803,平和不動産,プライム（内国株式）,20261006
8804,東京建物,プライム（内国株式）,20261006
8818,京阪神ビルディング,プライム（内国株式）,20261006
8830,住友不動産,プライム（内国株式）,20261006
8835,太平洋興発,スタンダード（内国株式）,20261006
8836,ＲＩＳＥ,スタンダード（内国株式）,20261006
8841,テーオーシー,スタンダード（内国株式）,20261006
8844,コスモスイニシア,スタンダード（内国株式）,20261006
8848,レオパレス２１,プライム（内国株式）,20261006
8850,スターツコーポレーション,プライム（内国株式）,20261006
8860,フジ住宅,プライム（内国株式）,20261006
8864,空港施設,スタンダード（内国株式）,20261006
8869,明和地所,スタンダード（内国株式）,20261006
8871,ゴールドクレスト,スタンダード（内国株式）,20261006
8876,リログループ,プライム（内国株式）,20261006
8877,エスリード,プライム（内国株式）,20261006
8881,日神グループホールディングス,プライム（内国株式）,20261006
8887,シーラホールディングス,スタンダード（内国株式）,20261006
8891,ＡＭＧホールディングス,スタンダード（内国株式）,20261006
8892,エスコン,プライム（内国株式）,20261006
8894,ＲＥＶＯＬＵＴＩＯＮ,スタンダード（内国株式）,20261006
8897,ＭＩＲＡＲＴＨホールディングス,プライム（内国株式）,20261006
8898,センチュリー２１・ジャパン,スタンダード（内国株式）,20261006
8904,ＡＶＡＮＴＩＡ,スタンダード（内国株式）,20261006
8908,毎日コムネット,スタンダード（内国株式）,20261006
8912,エリアクエスト,スタンダード（内国株式）,20261006
8914,エリアリンク,スタンダード（内国株式）,20261006
8917,ファースト住建,スタンダード（内国株式）,20261006
8918,ランド,スタンダード（内国株式）,20261006
8919,カチタス,プライム（内国株式）,20261006
8920,東祥,スタンダード（内国株式）,20261006
8921,シーズクリエイト,PRO Market,20261006
8923,トーセイ,プライム（内国株式）,20261006
8927,明豊エンタープライズ,スタンダード（内国株式）,20261006
8928,穴吹興産,スタンダード（内国株式）,20261006
8929,青山財産ネットワークス,スタンダード（内国株式）,20261006
8931,和田興産,スタンダード（内国株式）,20261006
8934,サンフロンティア不動産,プライム（内国株式）,20261006
8935,ＦＪネクストホールディングス,プライム（内国株式）,20261006
8938,グローム・ホールディングス,グロース（内国株式）,20261006
8944,ランドビジネス,スタンダード（内国株式）,20261006
8945,サンネクスタグループ,スタンダード（内国株式）,20261006
8946,ＡＳＩＡＮ　ＳＴＡＲ,スタンダード（内国株式）,20261006
8951,日本ビルファンド投資法人,REIT・ベンチャーファンド・カントリーファンド・インフラファンド,20261006
8952,ジャパンリアルエステイト投資法人,REIT・ベンチャーファンド・カントリーファンド・インフラファンド,20261006
8953,日本都市ファンド投資法人,REIT・ベンチャーファンド・カントリーファンド・インフラファンド,20261006
8954,オリックス不動産投資法人,REIT・ベンチャーファンド・カントリーファンド・インフラファンド,20261006
8955,日本プライムリアルティ投資法人,REIT・ベンチャーファンド・カントリーファンド・インフラファンド,20261006
8956,ＮＴＴ都市開発リート投資法人,REIT・ベンチャーファンド・カントリーファンド・インフラファンド,20261006
8957,東急リアル・エステート投資法人,REIT・ベンチャーファンド・カントリーファンド・インフラファンド,20261006
8958,グローバル・ワン不動産投資法人,REIT・ベンチャーファンド・カントリーファンド・インフラファンド,20261006
8960,ユナイテッド・アーバン投資法人,REIT・ベンチャーファンド・カントリーファンド・インフラファンド,20261006
8961,森トラストリート投資法人,REIT・ベンチャーファンド・カントリーファンド・インフラファンド,20261006
8963,インヴィンシブル投資法人,REIT・ベンチャーファンド・カントリーファンド・インフラファンド,20261006
8964,三井不動産商業ファンド投資法人,REIT・ベンチャーファンド・カントリーファンド・インフラファンド,20261006
8966,平和不動産リート投資法人,REIT・ベンチャーファンド・カントリーファンド・インフラファンド,20261006
8967,日本ロジスティクスファンド投資法人,REIT・ベンチャーファンド・カントリーファンド・インフラファンド,20261006
8968,福岡リート投資法人,REIT・ベンチャーファンド・カントリーファンド・インフラファンド,20261006
8972,ＫＤＸ不動産投資法人,REIT・ベンチャーファンド・カントリーファンド・インフラファンド,20261006
8975,いちごオフィスリート投資法人,REIT・ベンチャーファンド・カントリーファンド・インフラファンド,20261006
8976,大和証券オフィス投資法人,REIT・ベンチャーファンド・カントリーファンド・インフラファンド,20261006
8977,阪急阪神リート投資法人,REIT・ベンチャーファンド・カントリーファンド・インフラファンド,20261006
8979,スターツプロシード投資法人,REIT・ベンチャーファンド・カントリーファンド・インフラファンド,20261006
8984,大和ハウスリート投資法人,REIT・ベンチャーファンド・カントリーファンド・インフラファンド,20261006
8985,ジャパン・ホテル・リート投資法人,REIT・ベンチャーファンド・カントリーファンド・インフラファンド,20261006
8986,大和証券リビング投資法人,REIT・ベンチャーファンド・カントリーファンド・インフラファンド,20261006
8987,ジャパンエクセレント投資法人,REIT・ベンチャーファンド・カントリーファンド・インフラファンド,20261006
8995,誠建設工業,スタンダード（内国株式）,20261006
8996,ハウスフリーダム,スタンダード（内国株式）,20261006
8999,グランディハウス,プライム（内国株式）,20261006
9001,東武鉄道,プライム（内国株式）,20261006
9003,相鉄ホールディングス,プライム（内国株式）,20261006
9005,東急,プライム（内国株式）,20261006
9006,京浜急行電鉄,プライム（内国株式）,20261006
9007,小田急電鉄,プライム（内国株式）,20261006
9008,京王電鉄,プライム（内国株式）,20261006
9009,京成電鉄,プライム（内国株式）,20261006
9010,富士急行,プライム（内国株式）,20261006
9012,秩父鉄道,スタンダード（内国株式）,20261006
9017,新潟交通,スタンダード（内国株式）,20261006
9020,東日本旅客鉄道,プライム（内国株式）,20261006
9021,西日本旅客鉄道,プライム（内国株式）,20261006
9022,東海旅客鉄道,プライム（内国株式）,20261006
9023,東京地下鉄,プライム（内国株式）,20261006
9024,西武ホールディングス,プライム（内国株式）,20261006
9025,鴻池運輸,プライム（内国株式）,20261006
9028,ゼロ,スタンダード（内国株式）,20261006
9029,ヒガシホールディングス,スタンダード（内国株式）,20261006
9031,西日本鉄道,プライム（内国株式）,20261006
9033,広島電鉄,スタンダード（内国株式）,20261006
9034,南総通運,スタンダード（内国株式）,20261006
9036,東部ネットワーク,スタンダード（内国株式）,20261006
9037,ハマキョウレックス,プライム（内国株式）,20261006
9039,サカイ引越センター,プライム（内国株式）,20261006
9041,近鉄グループホールディングス,プライム（内国株式）,20261006
9042,阪急阪神ホールディングス,プライム（内国株式）,20261006
9044,ＮＡＮＫＡＩ,プライム（内国株式）,20261006
9045,京阪ホールディングス,プライム（内国株式）,20261006
9046,神戸電鉄,スタンダード（内国株式）,20261006
9048,名古屋鉄道,プライム（内国株式）,20261006
9049,京福電気鉄道,スタンダード（内国株式）,20261006
9051,センコン物流,スタンダード（内国株式）,20261006
9052,山陽電気鉄道,プライム（内国株式）,20261006
9057,遠州トラック,スタンダード（内国株式）,20261006
9059,カンダホールディングス,スタンダード（内国株式）,20261006
9060,日本ロジテム,スタンダード（内国株式）,20261006
9063,岡山県貨物運送,スタンダード（内国株式）,20261006
9064,ヤマトホールディングス,プライム（内国株式）,20261006
9065,山九,プライム（内国株式）,20261006
9068,丸全昭和運輸,プライム（内国株式）,20261006
9069,センコーグループホールディングス,プライム（内国株式）,20261006
9072,ニッコンホールディングス,プライム（内国株式）,20261006
9073,京極運輸商事,スタンダード（内国株式）,20261006
9074,日本石油輸送,スタンダード（内国株式）,20261006
9075,福山通運,プライム（内国株式）,20261006
9076,セイノーホールディングス,プライム（内国株式）,20261006
9081,神奈川中央交通,プライム（内国株式）,20261006
9082,大和自動車交通,スタンダード（内国株式）,20261006
9083,神姫バス,スタンダード（内国株式）,20261006
9087,タカセ,スタンダード（内国株式）,20261006
9090,ＡＺ－ＣＯＭ丸和ホールディングス,プライム（内国株式）,20261006
9101,日本郵船,プライム（内国株式）,20261006
9104,商船三井,プライム（内国株式）,20261006
9107,川崎汽船,プライム（内国株式）,20261006
9110,ＮＳユナイテッド海運,プライム（内国株式）,20261006
9115,明海グループ,スタンダード（内国株式）,20261006
9119,飯野海運,プライム（内国株式）,20261006
9127,玉井商船,スタンダード（内国株式）,20261006
9130,共栄タンカー,スタンダード（内国株式）,20261006
9142,九州旅客鉄道,プライム（内国株式）,20261006
9143,ＳＧホールディングス,プライム（内国株式）,20261006
9145,ビーイングホールディングス,スタンダード（内国株式）,20261006
9146,五健堂ホールディングス,PRO Market,20261006
9147,ＮＩＰＰＯＮ　ＥＸＰＲＥＳＳホールディングス,プライム（内国株式）,20261006
9149,大友ロジスティクスサービス,PRO Market,20261006
9156,はなホールディングス,PRO Market,20261006
9158,シーユーシー,グロース（内国株式）,20261006
9159,Ｗ　ＴＯＫＹＯ,グロース（内国株式）,20261006
9160,オンザページ,スタンダード（内国株式）,20261006
9162,ブリーチ,グロース（内国株式）,20261006
9163,ナレルグループ,グロース（内国株式）,20261006
9165,クオルテック,グロース（内国株式）,20261006
9166,ＧＥＮＤＡ,グロース（内国株式）,20261006
9168,ライズ・コンサルティング・グループ,グロース（内国株式）,20261006
9169,大伸社,PRO Market,20261006
9171,栗林商船,スタンダード（内国株式）,20261006
9173,東海汽船,スタンダード（内国株式）,20261006
9193,東京汽船,スタンダード（内国株式）,20261006
9201,日本航空,プライム（内国株式）,20261006
9202,ＡＮＡホールディングス,プライム（内国株式）,20261006
9204,スカイマーク,グロース（内国株式）,20261006
9206,スターフライヤー,スタンダード（内国株式）,20261006
9211,エフ・コード,グロース（内国株式）,20261006
9212,Ｇｒｅｅｎ　Ｅａｒｔｈ　Ｉｎｓｔｉｔｕｔｅ,スタンダード（内国株式）,20261006
9213,セイファート,スタンダード（内国株式）,20261006
9214,Ｒｅｃｏｖｅｒｙ　Ｉｎｔｅｒｎａｔｉｏｎａｌ,グロース（内国株式）,20261006
9215,ＣａＳｙ,グロース（内国株式）,20261006
9216,ビーウィズ,プライム（内国株式）,20261006
9218,メンタルヘルステクノロジーズ,グロース（内国株式）,20261006
9219,ギックス,グロース（内国株式）,20261006
9220,エフビー介護サービス,スタンダード（内国株式）,20261006
9221,フルハシＥＰＯ,スタンダード（内国株式）,20261006
9222,ｍａｎａｂｙ,PRO Market,20261006
9225,ブリッジコンサルティンググループ,グロース（内国株式）,20261006
9226,アイガー,PRO Market,20261006
9227,マイクロ波化学,グロース（内国株式）,20261006
9229,サンウェルズ,プライム（内国株式）,20261006
9233,アジア航測,スタンダード（内国株式）,20261006
9235,売れるネット広告社グループ,グロース（内国株式）,20261006
9236,ジャパンＭ＆Ａソリューション,グロース（内国株式）,20261006
9237,笑美面,グロース（内国株式）,20261006
9238,バリュークリエーション,グロース（内国株式）,20261006
9239,ケーイーティ,PRO Market,20261006
9240,デリバリーコンサルティング,グロース（内国株式）,20261006
9241,フューチャーリンクネットワーク,グロース（内国株式）,20261006
9242,メディア総研,グロース（内国株式）,20261006
9243,富士テクノホールディングス,PRO Market,20261006
9244,デジタリフト,グロース（内国株式）,20261006
9245,リベロ,グロース（内国株式）,20261006
9246,プロジェクトホールディングス,グロース（内国株式）,20261006
9247,ＴＲＥホールディングス,プライム（内国株式）,20261006
9248,人・夢・技術グループ,スタンダード（内国株式）,20261006
9249,日本エコシステム,スタンダード（内国株式）,20261006
9250,ＧＲＣＳ,グロース（内国株式）,20261006
9251,ＡＢ＆Ｃｏｍｐａｎｙ,グロース（内国株式）,20261006
9252,ラストワンマイル,グロース（内国株式）,20261006
9253,スローガン,グロース（内国株式）,20261006
9254,ラバブルマーケティンググループ,グロース（内国株式）,20261006
9256,サクシード,グロース（内国株式）,20261006
9257,ＹＣＰホールディングス（グローバル）リミテッド　ＪＤＲ,グロース（外国株式）,20261006
9258,ＣＳ－Ｃ,グロース（内国株式）,20261006
9259,タカヨシホールディングス,グロース（内国株式）,20261006
9262,シルバーライフ,スタンダード（内国株式）,20261006
9264,ポエック,スタンダード（内国株式）,20261006
9265,ヤマシタヘルスケアホールディングス,スタンダード（内国株式）,20261006
9267,Ｇｅｎｋｙ　ＤｒｕｇＳｔｏｒｅｓ,プライム（内国株式）,20261006
9268,オプティマスグループ,スタンダード（内国株式）,20261006
9270,バリュエンスホールディングス,グロース（内国株式）,20261006
9271,和心,グロース（内国株式）,20261006
9272,ブティックス,グロース（内国株式）,20261006
9273,コーア商事ホールディングス,プライム（内国株式）,20261006
9274,ＫＰＰグループホールディングス,プライム（内国株式）,20261006
9278,ブックオフグループホールディングス,プライム（内国株式）,20261006
9279,ギフトホールディングス,プライム（内国株式）,20261006
9282,いちごグリーンインフラ投資法人,REIT・ベンチャーファンド・カントリーファンド・インフラファンド,20261006
9284,カナディアン・ソーラー・インフラ投資法人,REIT・ベンチャーファンド・カントリーファンド・インフラファンド,20261006
9285,東京インフラ・エネルギー投資法人,REIT・ベンチャーファンド・カントリーファンド・インフラファンド,20261006
9286,エネクス・インフラ投資法人,REIT・ベンチャーファンド・カントリーファンド・インフラファンド,20261006
9301,三菱倉庫,プライム（内国株式）,20261006
9302,三井倉庫ホールディングス,プライム（内国株式）,20261006
9303,住友倉庫,プライム（内国株式）,20261006
9304,澁澤倉庫,プライム（内国株式）,20261006
9305,ヤマタネ,プライム（内国株式）,20261006
9306,東陽倉庫,スタンダード（内国株式）,20261006
9307,杉村倉庫,スタンダード（内国株式）,20261006
9308,乾汽船,スタンダード（内国株式）,20261006
9310,日本トランスシティ,プライム（内国株式）,20261006
9311,アサガミ,スタンダード（内国株式）,20261006
9312,ケイヒン,スタンダード（内国株式）,20261006
9313,丸八倉庫,スタンダード（内国株式）,20261006
9319,中央倉庫,プライム（内国株式）,20261006
9322,川西倉庫,スタンダード（内国株式）,20261006
9324,安田倉庫,プライム（内国株式）,20261006
9325,ファイズホールディングス,スタンダード（内国株式）,20261006
9326,関通ホールディングス,グロース（内国株式）,20261006
9327,イー・ロジット,スタンダード（内国株式）,20261006
9330,揚羽,グロース（内国株式）,20261006
9331,キャスター,グロース（内国株式）,20261006
9332,ＮＩＳＳＯホールディングス,プライム（内国株式）,20261006
9334,アイビスホールディングス,PRO Market,20261006
9335,テクノクリエイティブ,PRO Market,20261006
9336,大栄環境,プライム（内国株式）,20261006
9337,トリドリ,グロース（内国株式）,20261006
9339,コーチ・エィ,スタンダード（内国株式）,20261006
9340,アソインターナショナル,スタンダード（内国株式）,20261006
9341,ＧＥＮＯＶＡ,プライム（内国株式）,20261006
9342,スマサポ,グロース（内国株式）,20261006
9343,アイビス,グロース（内国株式）,20261006
9344,アクシスコンサルティング,グロース（内国株式）,20261006
9345,ビズメイツ,グロース（内国株式）,20261006
9346,ココルポート,グロース（内国株式）,20261006
9347,日本管財ホールディングス,プライム（内国株式）,20261006
9348,ｉｓｐａｃｅ,グロース（内国株式）,20261006
9351,東洋埠頭,スタンダード（内国株式）,20261006
9353,櫻島埠頭,スタンダード（内国株式）,20261006
9355,リンコーコーポレーション,スタンダード（内国株式）,20261006
9360,鈴与シンワート,スタンダード（内国株式）,20261006
9361,伏木海陸運送,スタンダード（内国株式）,20261006
9362,兵機海運,スタンダード（内国株式）,20261006
9363,大運,スタンダード（内国株式）,20261006
9364,上組,プライム（内国株式）,20261006
9365,トレーディア,スタンダード（内国株式）,20261006
9366,サンリツ,スタンダード（内国株式）,20261006
9367,大東港運,スタンダード（内国株式）,20261006
9368,キムラユニティー,スタンダード（内国株式）,20261006
9369,キユーソー流通システム,スタンダード（内国株式）,20261006
9376,ユーラシア旅行社,スタンダード（内国株式）,20261006
9380,東海運,スタンダード（内国株式）,20261006
9381,エーアイテイー,プライム（内国株式）,20261006
9385,ショーエイコーポレーション,スタンダード（内国株式）,20261006
9399,ビート・ホールディングス・リミテッド,スタンダード（外国株式）,20261006
9401,ＴＢＳホールディングス,プライム（内国株式）,20261006
9404,日本テレビホールディングス,プライム（内国株式）,20261006
9405,朝日放送グループホールディングス,プライム（内国株式）,20261006
9408,ＢＳＮメディアホールディングス,スタンダード（内国株式）,20261006
9409,テレビ朝日ホールディングス,プライム（内国株式）,20261006
9412,スカパーＪＳＡＴ,プライム（内国株式）,20261006
9413,テレビ東京ホールディングス,プライム（内国株式）,20261006
9414,日本ＢＳ放送,スタンダード（内国株式）,20261006
9416,ビジョン,プライム（内国株式）,20261006
9417,スマートバリュー,スタンダード（内国株式）,20261006
9418,Ｕ－ＮＥＸＴ　ＨＯＬＤＩＮＧＳ,プライム（内国株式）,20261006
9419,ワイヤレスゲート,スタンダード（内国株式）,20261006
9421,エヌジェイホールディングス,スタンダード（内国株式）,20261006
9423,フォーバル・リアルストレート,スタンダード（内国株式）,20261006
9424,日本通信,プライム（内国株式）,20261006
9425,ＲｅＹｕｕ　Ｊａｐａｎ,スタンダード（内国株式）,20261006
9428,クロップス,スタンダード（内国株式）,20261006
9432,ＮＴＴ,プライム（内国株式）,20261006
9433,ＫＤＤＩ,プライム（内国株式）,20261006
9434,ソフトバンク,プライム（内国株式）,20261006
9435,光通信,プライム（内国株式）,20261006
9436,沖縄セルラー電話,スタンダード（内国株式）,20261006
9438,エムティーアイ,プライム（内国株式）,20261006
9439,エム・エイチ・グループ,スタンダード（内国株式）,20261006
9441,ベルパーク,スタンダード（内国株式）,20261006
9444,トーシンホールディングス,スタンダード（内国株式）,20261006
9445,フォーバルテレコム,スタンダード（内国株式）,20261006
9446,サカイホールディングス,スタンダード（内国株式）,20261006
9449,ＧＭＯインターネットグループ,プライム（内国株式）,20261006
9450,ファイバーゲート,スタンダード（内国株式）,20261006
9466,アイドママーケティングコミュニケーション,スタンダード（内国株式）,20261006
9467,アルファポリス,グロース（内国株式）,20261006
9468,ＫＡＤＯＫＡＷＡ,プライム（内国株式）,20261006
9470,学研ホールディングス,プライム（内国株式）,20261006
9474,ゼンリン,プライム（内国株式）,20261006
9475,昭文社ホールディングス,スタンダード（内国株式）,20261006
9476,中央経済社ホールディングス,スタンダード（内国株式）,20261006
9478,ＳＥホールディングス・アンド・インキュベーションズ,スタンダード（内国株式）,20261006
9501,東京電力ホールディングス,プライム（内国株式）,20261006
9502,中部電力,プライム（内国株式）,20261006
9503,関西電力,プライム（内国株式）,20261006
9504,中国電力,プライム（内国株式）,20261006
9505,北陸電力,プライム（内国株式）,20261006
9506,東北電力,プライム（内国株式）,20261006
9507,四国電力,プライム（内国株式）,20261006
9509,北海道電力,プライム（内国株式）,20261006
9511,沖縄電力,プライム（内国株式）,20261006
9513,電源開発,プライム（内国株式）,20261006
9514,エフオン,スタンダード（内国株式）,20261006
9517,イーレックス,プライム（内国株式）,20261006
9519,レノバ,プライム（内国株式）,20261006
9531,東京瓦斯,プライム（内国株式）,20261006
9532,大阪瓦斯,プライム（内国株式）,20261006
9533,東邦瓦斯,プライム（内国株式）,20261006
9534,北海道瓦斯,プライム（内国株式）,20261006
9535,広島ガス,プライム（内国株式）,20261006
9536,西部ガスホールディングス,プライム（内国株式）,20261006
9537,北陸瓦斯,スタンダード（内国株式）,20261006
9539,京葉瓦斯,スタンダード（内国株式）,20261006
9543,静岡ガス,プライム（内国株式）,20261006
9551,メタウォーター,プライム（内国株式）,20261006
9552,クオンツ総研ホールディングス,プライム（内国株式）,20261006
9553,マイクロアド,グロース（内国株式）,20261006
9554,ＡＶｉＣ,グロース（内国株式）,20261006
9556,ＩＮＴＬＯＯＰ,グロース（内国株式）,20261006
9557,エアークローゼット,グロース（内国株式）,20261006
9558,ジャパニアス,グロース（内国株式）,20261006
9560,プログリット,グロース（内国株式）,20261006
9561,グラッドキューブ,グロース（内国株式）,20261006
9562,ビジネスコーチ,グロース（内国株式）,20261006
9563,Ａｔｌａｓ　Ｔｅｃｈｎｏｌｏｇｉｅｓ,グロース（内国株式）,20261006
9564,ＦＣＥ,スタンダード（内国株式）,20261006
9565,ＧＬＯＥ,グロース（内国株式）,20261006
9601,松竹,プライム（内国株式）,20261006
9602,東宝,プライム（内国株式）,20261006
9603,エイチ・アイ・エス,プライム（内国株式）,20261006
9605,東映,プライム（内国株式）,20261006
9610,ウィルソン・ラーニング　ワールドワイド,スタンダード（内国株式）,20261006
9612,ラックランド,プライム（内国株式）,20261006
9616,共立メンテナンス,プライム（内国株式）,20261006
9619,イチネンホールディングス,プライム（内国株式）,20261006
9621,建設技術研究所,プライム（内国株式）,20261006
9622,スペース,プライム（内国株式）,20261006
9625,セレスポ,スタンダード（内国株式）,20261006
9627,アインホールディングス,プライム（内国株式）,20261006
9628,燦ホールディングス,プライム（内国株式）,20261006
9629,ピー・シー・エー,プライム（内国株式）,20261006
9632,スバル興業,スタンダード（内国株式）,20261006
9633,東京テアトル,スタンダード（内国株式）,20261006
9635,武蔵野興業,スタンダード（内国株式）,20261006
9636,きんえい,スタンダード（内国株式）,20261006
9639,三協フロンテア,スタンダード（内国株式）,20261006
9640,セゾンテクノロジー,スタンダード（内国株式）,20261006
9644,タナベコンサルティンググループ,プライム（内国株式）,20261006
9647,協和コンサルタンツ,スタンダード（内国株式）,20261006
9651,日本プロセス,スタンダード（内国株式）,20261006
9656,グリーンランドリゾート,スタンダード（内国株式）,20261006
9658,ビジネスブレイン太田昭和,プライム（内国株式）,20261006
9661,歌舞伎座,スタンダード（内国株式）,20261006
9663,ナガワ,プライム（内国株式）,20261006
9672,東京都競馬,プライム（内国株式）,20261006
9678,カナモト,プライム（内国株式）,20261006
9679,ホウライ,スタンダード（内国株式）,20261006
9682,ＤＴＳ,プライム（内国株式）,20261006
9684,スクウェア・エニックス・ホールディングス,プライム（内国株式）,20261006
9685,ＫＹＣＯＭホールディングス,スタンダード（内国株式）,20261006
9686,東洋テック,スタンダード（内国株式）,20261006
9687,ＫＳＫ,スタンダード（内国株式）,20261006
9691,両毛システムズ,スタンダード（内国株式）,20261006
9692,シーイーシー,プライム（内国株式）,20261006
9697,カプコン,プライム（内国株式）,20261006
9698,クレオ,スタンダード（内国株式）,20261006
9699,ニシオホールディングス,プライム（内国株式）,20261006
9701,東京會舘,スタンダード（内国株式）,20261006
9702,アイ・エス・ビー,プライム（内国株式）,20261006
9704,アゴーラ　ホスピタリティー　グループ,スタンダード（内国株式）,20261006
9706,日本空港ビルデング,プライム（内国株式）,20261006
9708,帝国ホテル,スタンダード（内国株式）,20261006
9709,ＮＣＳ＆Ａ,スタンダード（内国株式）,20261006
9713,ロイヤルホテル,スタンダード（内国株式）,20261006
9715,トランス・コスモス,プライム（内国株式）,20261006
9716,乃村工藝社,プライム（内国株式）,20261006
9720,ホテル、ニューグランド,スタンダード（内国株式）,20261006
9722,藤田観光,プライム（内国株式）,20261006
9723,京都ホテル,スタンダード（内国株式）,20261006
9726,ＫＮＴ－ＣＴホールディングス,スタンダード（内国株式）,20261006
9729,トーカイ,プライム（内国株式）,20261006
9731,白洋舎,スタンダード（内国株式）,20261006
9733,ナガセ,スタンダード（内国株式）,20261006
9735,セコム,プライム（内国株式）,20261006
9739,ＮＳＷ,プライム（内国株式）,20261006
9740,セントラル警備保障,プライム（内国株式）,20261006
9742,アイネス,プライム（内国株式）,20261006
9743,丹青社,プライム（内国株式）,20261006
9744,メイテックグループホールディングス,プライム（内国株式）,20261006
9746,ＴＫＣ,プライム（内国株式）,20261006
9753,アイエックス・ナレッジ,スタンダード（内国株式）,20261006
9755,応用地質,プライム（内国株式）,20261006
9757,船井総研ホールディングス,プライム（内国株式）,20261006
9759,ＮＳＤ,プライム（内国株式）,20261006
9760,進学会ホールディングス,スタンダード（内国株式）,20261006
9761,東海リース,スタンダード（内国株式）,20261006
9763,丸建リース,スタンダード（内国株式）,20261006
9765,オオバ,プライム（内国株式）,20261006
9766,コナミグループ,プライム（内国株式）,20261006
9767,日建工学,スタンダード（内国株式）,20261006
9768,いであ,スタンダード（内国株式）,20261006
9769,学究社,プライム（内国株式）,20261006
9778,昴,スタンダード（内国株式）,20261006
9780,ハリマビステム,スタンダード（内国株式）,20261006
9782,ディーエムエス,スタンダード（内国株式）,20261006
9788,ナック,プライム（内国株式）,20261006
9790,福井コンピュータホールディングス,プライム（内国株式）,20261006
9791,ビケンテクノ,スタンダード（内国株式）,20261006
9793,ダイセキ,プライム（内国株式）,20261006
9795,ステップ,プライム（内国株式）,20261006
9799,旭情報サービス,スタンダード（内国株式）,20261006
9812,テーオーホールディングス,スタンダード（内国株式）,20261006
9816,ストライダーズ,スタンダード（内国株式）,20261006
9818,大丸エナウィン,スタンダード（内国株式）,20261006
9820,エムティジェネックス,スタンダード（内国株式）,20261006
9823,マミーマートホールディングス,スタンダード（内国株式）,20261006
9824,泉州電業,プライム（内国株式）,20261006
9827,リリカラ,スタンダード（内国株式）,20261006
9828,Ｇｅｎｋｉ　Ｇｌｏｂａｌ　Ｄｉｎｉｎｇ　Ｃｏｎｃｅｐｔｓ,スタンダード（内国株式）,20261006
9830,トラスコ中山,プライム（内国株式）,20261006
9831,ヤマダホールディングス,プライム（内国株式）,20261006
9832,オートバックスセブン,プライム（内国株式）,20261006
9835,ジュンテンドー,スタンダード（内国株式）,20261006
9837,モリト,プライム（内国株式）,20261006
9842,アークランズ,プライム（内国株式）,20261006
9843,ニトリホールディングス,プライム（内国株式）,20261006
9845,パーカーコーポレーション,スタンダード（内国株式）,20261006
9846,天満屋ストア,スタンダード（内国株式）,20261006
9849,共同紙販ホールディングス,スタンダード（内国株式）,20261006
9850,グルメ杵屋,プライム（内国株式）,20261006
9853,銀座ルノアール,スタンダード（内国株式）,20261006
9854,愛眼,スタンダード（内国株式）,20261006
9856,ケーユーホールディングス,スタンダード（内国株式）,20261006
9857,英和,スタンダード（内国株式）,20261006
9861,吉野家ホールディングス,プライム（内国株式）,20261006
9867,ソレキア,スタンダード（内国株式）,20261006
9869,加藤産業,プライム（内国株式）,20261006
9872,北恵,スタンダード（内国株式）,20261006
9876,コックス,スタンダード（内国株式）,20261006
9878,セキド,スタンダード（内国株式）,20261006
9880,イノテック,プライム（内国株式）,20261006
9882,イエローハット,プライム（内国株式）,20261006
9885,シャルレ,スタンダード（内国株式）,20261006
9887,松屋フーズホールディングス,プライム（内国株式）,20261006
9888,ＵＥＸ,スタンダード（内国株式）,20261006
9889,ＪＢＣＣホールディングス,プライム（内国株式）,20261006
9890,マキヤ,スタンダード（内国株式）,20261006
9895,コンセック,スタンダード（内国株式）,20261006
9896,ＪＫホールディングス,スタンダード（内国株式）,20261006
9900,サガミホールディングス,プライム（内国株式）,20261006
9902,日伝,プライム（内国株式）,20261006
9903,カンセキ,スタンダード（内国株式）,20261006
9904,ベリテ,スタンダード（内国株式）,20261006
9906,藤井産業,スタンダード（内国株式）,20261006
9908,日本電計,スタンダード（内国株式）,20261006
9913,日邦産業,スタンダード（内国株式）,20261006
9928,ミロク情報サービス,プライム（内国株式）,20261006
9929,平和紙業,スタンダード（内国株式）,20261006
9930,北沢産業,スタンダード（内国株式）,20261006
9932,杉本商事,プライム（内国株式）,20261006
9934,因幡電機産業,プライム（内国株式）,20261006
9936,王将フードサービス,プライム（内国株式）,20261006
9941,太洋物産,スタンダード（内国株式）,20261006
9946,ミニストップ,プライム（内国株式）,20261006
9948,アークス,プライム（内国株式）,20261006
9950,ハチバン,スタンダード（内国株式）,20261006
9955,ヨンキュウ,スタンダード（内国株式）,20261006
9956,バローホールディングス,プライム（内国株式）,20261006
9959,アシードホールディングス,スタンダード（内国株式）,20261006
9960,東テク,プライム（内国株式）,20261006
9962,ミスミグループ本社,プライム（内国株式）,20261006
9969,ショクブン,スタンダード（内国株式）,20261006
9972,アルテック,スタンダード（内国株式）,20261006
9973,ＫＯＺＯホールディングス,スタンダード（内国株式）,20261006
9974,ベルク,プライム（内国株式）,20261006
9976,セキチュー,スタンダード（内国株式）,20261006
9978,文教堂グループホールディングス,スタンダード（内国株式）,20261006
9979,大庄,スタンダード（内国株式）,20261006
9980,ＭＲＫホールディングス,スタンダード（内国株式）,20261006
9982,タキヒヨー,スタンダード（内国株式）,20261006
9983,ファーストリテイリング,プライム（内国株式）,20261006
9984,ソフトバンクグループ,プライム（内国株式）,20261006
9986,蔵王産業,スタンダード（内国株式）,20261006
9987,スズケン,プライム（内国株式）,20261006
9989,サンドラッグ,プライム（内国株式）,20261006
9990,サックスバー　ホールディングス,プライム（内国株式）,20261006
9991,ジェコス,プライム（内国株式）,20261006
9993,ヤマザワ,スタンダード（内国株式）,20261006
9994,やまや,スタンダード（内国株式）,20261006
9996,サトー商会,スタンダード（内国株式）,20261006
9997,ベルーナ,プライム（内国株式）,20261006
3670,協立情報通信,スタンダード（内国株式）,20261006
